LANDLORD_RANK,OWNER,ADDRESS,BUILDING_NAME,ZIP,APT_UNITS,APT_YR_BUILT,APT_STORIES,TOTAL_COMPLAINTS,COMPLAINTS_90D,OPEN_UNRESOLVED,FIRST_COMPLAINT,LAST_COMPLAINT,WORST_90D_WINDOW,FLAGS,KNOWN_CASE,LAND_VALUE,IMPROVEMENT_VALUE,TOTAL_ASSESSED_VALUE,LAST_SALE_DATE,LAST_SALE_PRICE,PREVIOUS_OWNER,SALE_HISTORY,PIN
1,UNKNOWN / NOT IN SALE RECORDS,2000 3RD AVE,,,,,,117,34,0,2009-11-17,2024-10-20,2023-03-22 to 2023-06-20,NO_PARCEL_RECORD | EXTREME_VOLUME,,,,,,,,,
1,UNKNOWN / NOT IN SALE RECORDS,901 NW MARKET ST,,,,,,102,94,0,2021-10-11,2025-04-14,2024-09-09 to 2024-12-08,NO_PARCEL_RECORD | EXTREME_VOLUME,,,,,,,,,
1,UNKNOWN / NOT IN SALE RECORDS,700 5TH AVE,SEATTLE MUNICIPAL TOWER,98104,,,,84,14,0,2005-10-27,2025-10-09,2018-09-13 to 2018-12-12,,,24576000,,24576000,,,,,942000710
1,UNKNOWN / NOT IN SALE RECORDS,1820 MINOR AVE,BALFOUR PLACE APARTMENTS-HUD governed,98101,,,,83,11,0,2005-11-07,2025-11-05,2018-09-13 to 2018-12-12,,,36540000,16500000,53040000,,,,,660002340
1,UNKNOWN / NOT IN SALE RECORDS,8640 25TH AVE SW,,,,,,74,62,0,2016-07-26,2025-08-21,2025-01-13 to 2025-04-13,NO_PARCEL_RECORD | EXTREME_VOLUME,,,,,,,,,
1,UNKNOWN / NOT IN SALE RECORDS,14100 LINDEN AVE N,,,,,,73,7,0,2010-12-20,2025-06-27,2022-08-03 to 2022-11-01,NO_PARCEL_RECORD,,,,,,,,,
1,UNKNOWN / NOT IN SALE RECORDS,4545 42ND AVE SW,ALASKA HOUSE,98116,,,,69,9,0,2006-02-15,2024-12-20,2021-05-25 to 2021-08-23,,,4577500,12599000,17176500,,,,,952006465
1,UNKNOWN / NOT IN SALE RECORDS,2224 2ND AVE,,,,,,68,20,0,2005-11-10,2025-05-21,2024-09-16 to 2024-12-15,NO_PARCEL_RECORD | EXTREME_VOLUME,,,,,,,,,
1,UNKNOWN / NOT IN SALE RECORDS,1103 NW MARKET ST,,,,,,67,18,0,2018-06-26,2025-05-07,2020-02-14 to 2020-05-14,NO_PARCEL_RECORD,,,,,,,,,
1,UNKNOWN / NOT IN SALE RECORDS,8856 20TH AVE SW,,,,,,67,9,0,2005-03-31,2025-08-30,2024-08-03 to 2024-11-01,NO_PARCEL_RECORD,,,,,,,,,
1,UNKNOWN / NOT IN SALE RECORDS,1020 BELLEVUE CT E,,,,,,65,16,0,2008-02-08,2025-07-30,2023-06-01 to 2023-08-30,NO_PARCEL_RECORD,,,,,,,,,
1,UNKNOWN / NOT IN SALE RECORDS,3005 1ST AVE,ECONET BUILDING,98121,,,,63,10,0,2004-11-16,2024-11-23,2020-04-22 to 2020-07-21,,,11488500,29075400,40563900,,,,,695000135
1,UNKNOWN / NOT IN SALE RECORDS,823 MADISON ST,,,,,,63,8,0,2005-12-29,2024-01-18,2022-06-10 to 2022-09-08,NO_PARCEL_RECORD,,,,,,,,,
1,UNKNOWN / NOT IN SALE RECORDS,1622 SUNSET AVE SW,1622 SUNSET AVE SW,98116,,,,61,22,0,2021-02-19,2022-08-16,2021-09-01 to 2021-11-30,EXTREME_VOLUME,,171200,1161800,1333000,,,,,7804490000
1,UNKNOWN / NOT IN SALE RECORDS,2911 2ND AVE,GALLERY BELLTOWN,98121,,2009,1,57,16,0,2008-04-14,2025-03-03,2021-05-15 to 2021-08-13,,,51500,218500,270000,,,,,2688700000
1,UNKNOWN / NOT IN SALE RECORDS,4208 RAINIER AVE S,,,,,,57,13,0,2004-02-12,2024-03-25,2024-02-21 to 2024-05-21,NO_PARCEL_RECORD,,,,,,,,,
1,UNKNOWN / NOT IN SALE RECORDS,800 JEFFERSON ST,JEFFERSON TERRACE,98104,,1967,17,57,8,0,2006-05-05,2025-10-26,2025-04-04 to 2025-07-03,,,14441000,40013600,54454600,,,,,3682500000
1,UNKNOWN / NOT IN SALE RECORDS,809 OLIVE WAY,The Olivian,98101,,,,55,13,0,2006-09-25,2025-03-05,2024-05-07 to 2024-08-05,,,20398000,84602000,105000000,,,,,660000835
1,UNKNOWN / NOT IN SALE RECORDS,14002 LINDEN AVE N,INTERURBAN SENIOR LIVING,98133,,2012,7,55,13,0,2012-05-01,2025-04-07,2024-09-24 to 2024-12-23,,,359300,5807000,6166300,,,,,3603900000
1,UNKNOWN / NOT IN SALE RECORDS,1116 15TH AVE E,,98112,,,,54,43,0,2023-02-08,2025-05-18,2023-02-08 to 2023-05-09,EXTREME_VOLUME,,896000,877000,1773000,,,,,1337800720
1,UNKNOWN / NOT IN SALE RECORDS,1823 TERRY AVE,ASPIRA APARTMENTS,98101,,,,54,14,0,2008-07-17,2025-10-31,2023-10-30 to 2024-01-28,,,30621000,134611000,165232000,,,,,660001170
1,UNKNOWN / NOT IN SALE RECORDS,2106 RAINIER AVE S,,,,,,54,8,0,2004-06-07,2025-10-21,2024-10-08 to 2025-01-06,NO_PARCEL_RECORD,,,,,,,,,
1,UNKNOWN / NOT IN SALE RECORDS,8842 NESBIT AVE N,,,,,,53,12,0,2008-05-28,2025-06-13,2023-05-17 to 2023-08-15,NO_PARCEL_RECORD,,,,,,,,,
1,UNKNOWN / NOT IN SALE RECORDS,913 S JACKSON ST,THAI BINH APARTMENTS - RENT RESTRICTED,98104,,2018,6,53,10,0,2013-10-14,2025-08-03,2023-03-31 to 2023-06-29,,,77100,378600,455700,,,,,8594200000
1,UNKNOWN / NOT IN SALE RECORDS,5960 M L KING JR WAY S,,,,,,52,12,0,2017-06-20,2025-10-29,2024-12-23 to 2025-03-23,NO_PARCEL_RECORD | NAMED_INSPECTOR,,,,,,,,,
1,UNKNOWN / NOT IN SALE RECORDS,509 QUEEN ANNE AVE N,,,,,,51,43,0,2024-12-20,2025-05-06,2025-01-31 to 2025-05-01,NO_PARCEL_RECORD | EXTREME_VOLUME,,,,,,,,,
1,UNKNOWN / NOT IN SALE RECORDS,2420 SW TRENTON ST,,,,,,51,14,0,2014-07-24,2025-09-03,2025-05-30 to 2025-08-28,NO_PARCEL_RECORD,,,,,,,,,
1,UNKNOWN / NOT IN SALE RECORDS,9400 RAINIER AVE S,POLARIS AT RAINIER BEACH APARTMENTS,98118,,2021,5,50,14,0,2007-07-11,2025-09-10,2025-03-24 to 2025-06-22,,,314100,3941300,4255400,,,,,6838650000
1,UNKNOWN / NOT IN SALE RECORDS,8022 FAUNTLEROY WAY SW,,98136,,,,50,9,0,2004-11-01,2025-11-07,2019-01-03 to 2019-04-03,,,327000,,327000,,,,,34000020
1,UNKNOWN / NOT IN SALE RECORDS,1225 S CLOVERDALE ST,,,,,,49,7,0,2004-02-23,2023-05-29,2016-05-03 to 2016-08-01,NO_PARCEL_RECORD,,,,,,,,,
1,UNKNOWN / NOT IN SALE RECORDS,9805 35TH AVE SW,,98126,,,,49,7,0,2004-06-08,2025-07-18,2021-05-20 to 2021-08-18,SUSPICIOUS_IMPR_VALUE_1000,,524000,1000,525000,,,,,37000215
1,UNKNOWN / NOT IN SALE RECORDS,9103 8TH AVE S,,,,,,49,7,0,2005-04-04,2025-10-18,2021-01-10 to 2021-04-10,NO_PARCEL_RECORD,,,,,,,,,
1,UNKNOWN / NOT IN SALE RECORDS,536 N 102ND ST,102nd and Evanston,98133,,,,48,4,0,2004-05-24,2020-04-02,2004-05-24 to 2004-08-22,,,151200,229800,381000,,,,,6391530000
1,UNKNOWN / NOT IN SALE RECORDS,1400 HUBBELL PL,ELEKTRA CONDOMINIUM,98101,,,,46,26,0,2006-12-29,2024-09-02,2007-10-10 to 2008-01-08,EXTREME_VOLUME,,40200,180800,221000,,,,,2248900000
1,UNKNOWN / NOT IN SALE RECORDS,609 FEDERAL AVE E,,,,,,45,21,0,2020-04-21,2025-08-07,2020-04-21 to 2020-07-20,NO_PARCEL_RECORD | EXTREME_VOLUME,,,,,,,,,
1,UNKNOWN / NOT IN SALE RECORDS,3500 NE 125TH ST,,,,,,45,14,0,2016-08-19,2023-07-31,2022-01-14 to 2022-04-14,NO_PARCEL_RECORD,,,,,,,,,
1,UNKNOWN / NOT IN SALE RECORDS,10046 CALIFORNIA AVE SW,,98146,,,,45,7,0,2004-06-18,2025-10-07,2019-01-25 to 2019-04-25,,,402000,280000,682000,,,,,254000280
1,UNKNOWN / NOT IN SALE RECORDS,843 HIAWATHA PL S,,,,,,44,17,0,2007-01-23,2025-09-15,2024-10-23 to 2025-01-21,NO_PARCEL_RECORD,,,,,,,,,
1,UNKNOWN / NOT IN SALE RECORDS,6416 15TH AVE NW,,,,,,44,17,0,2019-07-23,2025-10-22,2025-05-16 to 2025-08-14,NO_PARCEL_RECORD,,,,,,,,,
1,UNKNOWN / NOT IN SALE RECORDS,120 WESTLAKE AVE N,,,,,,44,9,0,2010-09-21,2025-10-22,2025-04-30 to 2025-07-29,NO_PARCEL_RECORD,,,,,,,,,
1,UNKNOWN / NOT IN SALE RECORDS,2351 24TH AVE S,,98144,,,,44,7,0,2004-06-16,2024-12-24,2023-01-23 to 2023-04-23,,,449000,,449000,,,,,9122000960
1,UNKNOWN / NOT IN SALE RECORDS,6211 RAINIER AVE S,,,,,,44,5,0,2003-11-10,2025-09-16,2020-10-13 to 2021-01-11,NO_PARCEL_RECORD,,,,,,,,,
1,UNKNOWN / NOT IN SALE RECORDS,5050 M L KING JR WAY S,,,,,,43,9,0,2006-04-11,2025-02-13,2018-11-30 to 2019-02-28,NO_PARCEL_RECORD,,,,,,,,,
1,UNKNOWN / NOT IN SALE RECORDS,7332 15TH AVE NW,,,,,,42,22,0,2016-01-29,2022-06-08,2019-05-30 to 2019-08-28,NO_PARCEL_RECORD | EXTREME_VOLUME,,,,,,,,,
1,UNKNOWN / NOT IN SALE RECORDS,2121 6TH AVE,,,,,,42,6,0,2013-09-19,2025-09-05,2025-06-05 to 2025-09-03,NO_PARCEL_RECORD,,,,,,,,,
1,UNKNOWN / NOT IN SALE RECORDS,1414 E YESLER WAY,Sorento Flats,98122,,,,42,5,0,2014-10-01,2025-08-28,2021-05-19 to 2021-08-17,,,2940100,19239900,22180000,,,,,7600122
1,UNKNOWN / NOT IN SALE RECORDS,5314 17TH AVE NW,,,,,,41,28,0,2022-12-06,2025-08-24,2025-02-21 to 2025-05-22,NO_PARCEL_RECORD | EXTREME_VOLUME,,,,,,,,,
1,UNKNOWN / NOT IN SALE RECORDS,9050 SEWARD PARK AVE S,PARKSHORE MARINA CONDOMINIUM Boat Slips,98118,,,,41,17,0,2003-12-23,2025-08-08,2004-03-09 to 2004-06-07,,,62900,137100,200000,,,,,6667800000
1,UNKNOWN / NOT IN SALE RECORDS,3201 BEACON AVE S,,,,,,41,7,0,2009-02-24,2025-08-25,2025-02-14 to 2025-05-15,NO_PARCEL_RECORD,,,,,,,,,
1,UNKNOWN / NOT IN SALE RECORDS,1530 POST AL,,,,,,40,30,0,2006-03-30,2025-06-06,2024-05-10 to 2024-08-08,NO_PARCEL_RECORD | EXTREME_VOLUME,,,,,,,,,
1,UNKNOWN / NOT IN SALE RECORDS,600 4TH AVE,SEATTLE CITY HALL (SEATTLE MUNICIPAL BUILDING),98104,,,,40,16,0,2020-01-14,2025-05-01,2023-07-10 to 2023-10-08,,,94848000,86163800,181011800,,,,,942000810
1,UNKNOWN / NOT IN SALE RECORDS,1016 BELLEVUE CT E,,,,,,40,10,0,2019-05-15,2025-04-25,2023-04-26 to 2023-07-25,NO_PARCEL_RECORD,,,,,,,,,
1,UNKNOWN / NOT IN SALE RECORDS,1501 17TH AVE,COUNCIL HOUSE-Senior Housing,98122,164,1972,12,40,8,0,2011-01-18,2025-07-21,2018-04-24 to 2018-07-23,,,8640000,27999100,36639100,,,,,7234600600
1,UNKNOWN / NOT IN SALE RECORDS,121 STEWART ST,EMERALD THE,98101,,,,39,11,0,2019-03-07,2025-11-05,2020-02-21 to 2020-05-21,,,34800,501200,536000,,,,,2329710000
1,UNKNOWN / NOT IN SALE RECORDS,7004 RAVENNA AVE NE,,98115,,,,39,9,0,2009-06-30,2023-09-19,2022-07-18 to 2022-10-16,,,638000,1236000,1874000,,,,,9000060
1,UNKNOWN / NOT IN SALE RECORDS,1808 MINOR AVE,NEXUS CONDOMINIUM,98101,,,,39,9,0,2017-04-21,2025-05-08,2018-06-18 to 2018-09-16,,,18000,227000,245000,,,,,6075500000
1,UNKNOWN / NOT IN SALE RECORDS,2721 NE 127TH ST,duplex,98125,,,,39,7,0,2012-07-25,2025-10-11,2021-03-05 to 2021-06-03,,,476000,138000,614000,,,,,3834500623
1,UNKNOWN / NOT IN SALE RECORDS,1814 MINOR AVE,ARION COURT-LIHI,98101,,,,39,6,0,2008-04-28,2025-08-04,2018-03-01 to 2018-05-30,,,4320000,1622000,5942000,,,,,660002335
1,UNKNOWN / NOT IN SALE RECORDS,2031 WESTLAKE AVE N,,,,,,38,9,0,2010-06-30,2025-10-04,2024-07-26 to 2024-10-24,NO_PARCEL_RECORD,,,,,,,,,
1,UNKNOWN / NOT IN SALE RECORDS,525 14TH AVE E,CAPITOL PARK APTS,98112,126,1971,11,38,6,0,2004-08-11,2025-10-07,2024-01-10 to 2024-04-09,,,9022500,19907500,28930000,,,,,6851700060
1,UNKNOWN / NOT IN SALE RECORDS,1503 S PEARL ST,,98108,,,,38,6,0,2004-09-09,2025-04-28,2023-06-30 to 2023-09-28,,,240000,209000,449000,,,,,3732800194
1,UNKNOWN / NOT IN SALE RECORDS,4047 25TH AVE W,,98199,,,,37,18,0,2020-10-21,2023-08-21,2021-05-07 to 2021-08-05,,,89000,383000,472000,,,,,369000766
1,UNKNOWN / NOT IN SALE RECORDS,212 E BOSTON ST,,,,,,37,8,0,2005-05-26,2022-04-05,2020-08-28 to 2020-11-26,NO_PARCEL_RECORD,,,,,,,,,
1,UNKNOWN / NOT IN SALE RECORDS,6620 ROOSEVELT WAY NE,,,,,,37,8,0,2022-11-29,2025-10-01,2025-04-03 to 2025-07-02,NO_PARCEL_RECORD,,,,,,,,,
1,UNKNOWN / NOT IN SALE RECORDS,1118 5TH AVE,YWCA 1118-5TH AVE BUILDING CONDOMINIUM,98101,,1913,9,37,6,0,2007-01-09,2023-07-11,2020-08-19 to 2020-11-17,,,15626500,7799800,23426300,,,,,2301950000
1,UNKNOWN / NOT IN SALE RECORDS,11038 LAKE CITY WAY NE,LAKE CITY PLACE,98125,,1997,4,37,6,0,2007-01-10,2025-08-04,2023-12-29 to 2024-03-28,,,47400,220200,267600,,,,,3997700000
1,UNKNOWN / NOT IN SALE RECORDS,1601 19TH AVE,,,,,,36,13,0,2020-09-08,2025-07-30,2022-03-04 to 2022-06-02,NO_PARCEL_RECORD,,,,,,,,,
1,UNKNOWN / NOT IN SALE RECORDS,2024 3RD AVE,2024 THIRD AVE/YWCA,98121,,2003,7,36,6,0,2005-10-28,2025-02-21,2023-08-01 to 2023-10-30,,,623300,696750,1320050,,,,,8729690000
1,UNKNOWN / NOT IN SALE RECORDS,6901 M L KING JR WAY S,,,,,,36,6,0,2012-08-27,2025-10-02,2024-06-11 to 2024-09-09,NO_PARCEL_RECORD,,,,,,,,,
1,UNKNOWN / NOT IN SALE RECORDS,1219 S CLOVERDALE ST,,,,,,36,5,0,2004-02-05,2023-07-20,2022-01-24 to 2022-04-24,NO_PARCEL_RECORD,,,,,,,,,
1,UNKNOWN / NOT IN SALE RECORDS,7359 33RD AVE NE,,98115,,,,36,3,0,2008-08-06,2025-04-11,2015-04-21 to 2015-07-20,,,596000,136000,732000,,,,,425049085
1,UNKNOWN / NOT IN SALE RECORDS,704 SPRING ST,,,,,,35,14,0,2023-07-18,2025-08-28,2024-04-04 to 2024-07-03,NO_PARCEL_RECORD,,,,,,,,,
1,UNKNOWN / NOT IN SALE RECORDS,5217 42ND AVE S,,,,,,35,11,0,2008-10-30,2023-12-08,2022-04-17 to 2022-07-16,NO_PARCEL_RECORD,,,,,,,,,
1,UNKNOWN / NOT IN SALE RECORDS,2929 1ST AVE,CONCORD CONDOMINIUM,98121,,2000,1,35,10,0,2018-06-19,2025-01-24,2023-04-14 to 2023-07-13,,,78800,743600,822400,,,,,1734800000
1,UNKNOWN / NOT IN SALE RECORDS,75 VINE ST,WALTON LOFTS,98121,,,,35,7,0,2017-01-11,2025-10-17,2025-09-11 to 2025-12-10,,,9558000,,9558000,,,,,653000195
1,UNKNOWN / NOT IN SALE RECORDS,3100 AIRPORT WAY S,RAINIER COMMONS,98134,,2017,7,35,6,0,2005-01-12,2025-09-03,2025-03-04 to 2025-06-02,NAMED_INSPECTOR,,262200,162600,424800,,,,,7135400000
1,UNKNOWN / NOT IN SALE RECORDS,8850 9TH AVE SW,,,,,,35,6,0,2007-06-07,2025-09-16,2022-07-05 to 2022-10-03,NO_PARCEL_RECORD,,,,,,,,,
1,UNKNOWN / NOT IN SALE RECORDS,507 NE NORTHGATE WAY,THE ENCLAVE (MIXED-USE),98125,,2008,5,35,6,0,2010-12-08,2025-06-25,2019-07-17 to 2019-10-15,,,9156900,33006800,42163700,,,,,2569830000
1,UNKNOWN / NOT IN SALE RECORDS,1823 MINOR AVE,KINECTS,98101,,,,35,6,0,2015-02-17,2025-09-03,2018-12-28 to 2019-03-28,,,21240000,171377000,192617000,,,,,660002125
1,UNKNOWN / NOT IN SALE RECORDS,65 S WASHINGTON ST,,,,,,35,5,0,2014-07-07,2025-05-20,2022-05-02 to 2022-07-31,NO_PARCEL_RECORD,,,,,,,,,
1,UNKNOWN / NOT IN SALE RECORDS,13739 LINDEN AVE N,Amesbury Court Apts,98133,,,,35,4,0,2003-11-12,2024-01-15,2017-04-19 to 2017-07-18,,,5060700,17674300,22735000,,,,,164000222
1,UNKNOWN / NOT IN SALE RECORDS,7101 62ND AVE NE,MERCY MAGNUSON PLACE - BUILDING 9 - SAND POINT,98115,,1935,3,35,4,0,2016-03-10,2025-11-05,2018-05-16 to 2018-08-14,,,,3757422,3757422,,,,,1197000000
1,UNKNOWN / NOT IN SALE RECORDS,2602 4TH AVE,STONECLIFF APTS,98121,,,,35,3,0,2009-04-21,2025-05-07,2011-01-24 to 2011-04-24,,,4212000,2814000,7026000,,,,,696000300
1,UNKNOWN / NOT IN SALE RECORDS,10200 GREENWOOD AVE N,,,,,,34,14,0,2005-04-18,2024-05-09,2023-02-03 to 2023-05-04,NO_PARCEL_RECORD,,,,,,,,,
1,UNKNOWN / NOT IN SALE RECORDS,4015 5TH AVE NE,,,,,,34,11,0,2013-05-30,2023-03-20,2021-09-27 to 2021-12-26,NO_PARCEL_RECORD,,,,,,,,,
1,UNKNOWN / NOT IN SALE RECORDS,1200 STEWART ST,WB1200 formerly 1200 STEWART-primary,98101,,,,34,9,0,2019-03-27,2025-08-26,2021-08-18 to 2021-11-16,,,16272000,480484500,496756500,,,,,660002264
1,UNKNOWN / NOT IN SALE RECORDS,2500 SW TRENTON ST,WESTWOOD COURT APTS,98106,,,,34,8,0,2004-01-20,2025-05-02,2025-01-30 to 2025-04-30,,,3066900,9783100,12850000,,,,,859000025
1,UNKNOWN / NOT IN SALE RECORDS,107 CHERRY ST,Lowman Building-low income,98104,,,,34,5,0,2004-08-04,2024-08-02,2017-10-09 to 2018-01-07,,,2262100,11426800,13688900,,,,,939000120
1,UNKNOWN / NOT IN SALE RECORDS,4726 15TH AVE NE,,,,,,33,23,0,2017-06-13,2025-10-31,2025-07-24 to 2025-10-22,NO_PARCEL_RECORD | EXTREME_VOLUME,,,,,,,,,
1,UNKNOWN / NOT IN SALE RECORDS,1520 EASTLAKE AVE E,,,,,,33,11,0,2005-12-08,2025-10-03,2024-02-16 to 2024-05-16,NO_PARCEL_RECORD,,,,,,,,,
1,UNKNOWN / NOT IN SALE RECORDS,401 2ND AVE W,,,,,,33,11,0,2012-09-06,2025-06-17,2023-09-13 to 2023-12-12,NO_PARCEL_RECORD,,,,,,,,,
1,UNKNOWN / NOT IN SALE RECORDS,109 23RD AVE E,ELIZABETH JAMES HOUSE-CHH,98112,,,,33,10,0,2005-01-03,2025-03-04,2019-06-05 to 2019-09-03,,,10608000,3335800,13943800,,,,,955000480
1,UNKNOWN / NOT IN SALE RECORDS,4106 DELRIDGE WAY SW,,,,,,33,6,0,2007-07-16,2025-10-14,2019-08-28 to 2019-11-26,NO_PARCEL_RECORD,,,,,,,,,
1,UNKNOWN / NOT IN SALE RECORDS,6900 EAST GREEN LAKE WAY N,,,,,,33,5,0,2012-11-15,2025-08-05,2024-06-05 to 2024-09-03,NO_PARCEL_RECORD,,,,,,,,,
1,UNKNOWN / NOT IN SALE RECORDS,609 YESLER WAY,,,,,,33,4,0,2005-06-24,2025-07-11,2016-10-26 to 2017-01-24,NO_PARCEL_RECORD,,,,,,,,,
1,UNKNOWN / NOT IN SALE RECORDS,3830 M L KING JR WAY S,,,,,,32,28,0,2022-06-15,2025-06-20,2025-03-31 to 2025-06-29,NO_PARCEL_RECORD | EXTREME_VOLUME,,,,,,,,,
1,UNKNOWN / NOT IN SALE RECORDS,916 32ND AVE S,,98144,,,,32,22,0,2019-02-24,2025-04-09,2021-04-15 to 2021-07-14,EXTREME_VOLUME,,1107000,2241000,3348000,,,,,424049293
1,UNKNOWN / NOT IN SALE RECORDS,5812 SW SPOKANE ST,,98116,,,,32,13,0,2008-06-27,2024-10-17,2021-09-01 to 2021-11-30,,,621000,677000,1298000,,,,,148000555
1,UNKNOWN / NOT IN SALE RECORDS,3026 18TH AVE S,,,,,,32,12,0,2004-08-31,2025-03-24,2023-01-18 to 2023-04-18,NO_PARCEL_RECORD,,,,,,,,,
1,UNKNOWN / NOT IN SALE RECORDS,115 PREFONTAINE PL S,,,,,,32,12,0,2014-05-14,2025-09-25,2023-12-27 to 2024-03-26,NO_PARCEL_RECORD,,,,,,,,,
1,UNKNOWN / NOT IN SALE RECORDS,450 S MAIN ST,KODA,98104,,,,32,12,0,2018-03-29,2022-03-08,2020-11-30 to 2021-02-28,,,84600,1262700,1347300,,,,,3925500000
1,UNKNOWN / NOT IN SALE RECORDS,80 STEWART ST,STEWART HOUSE CONDOMINIUM,98101,,1904,3,32,8,0,2007-09-07,2025-11-05,2025-08-29 to 2025-11-27,,,,967300,967300,,,,,8008550000
1,UNKNOWN / NOT IN SALE RECORDS,1120 JOHN ST,,,,,,32,8,0,2013-02-06,2025-06-21,2017-03-23 to 2017-06-21,NO_PARCEL_RECORD,,,,,,,,,
1,UNKNOWN / NOT IN SALE RECORDS,2301 E UNION ST,MIDTOWN SQUARE,98122,,2020,7,32,8,0,2014-10-28,2025-08-01,2023-05-03 to 2023-08-01,,,223100,933426,1156526,,,,,5512200000
1,UNKNOWN / NOT IN SALE RECORDS,526 YALE AVE N,UNION BAY APTS,98109,,,,32,7,0,2005-07-08,2025-07-13,2017-08-09 to 2017-11-07,,,10198700,18111300,28310000,,,,,209000005
1,UNKNOWN / NOT IN SALE RECORDS,420 BLANCHARD ST,WINDHAM APTS-low income,98121,,,,32,5,0,2006-03-24,2025-08-05,2023-04-14 to 2023-07-13,,,3871500,279300,4150800,,,,,696000135
1,UNKNOWN / NOT IN SALE RECORDS,4801 24TH AVE NE,TRAILSIDE (imps on -9396),98105,,,,32,5,0,2017-09-12,2025-11-04,2023-03-10 to 2023-06-08,,,18104500,,18104500,,,,,925049398
1,UNKNOWN / NOT IN SALE RECORDS,8820 AURORA AVE N,MIDTOWN FLATS - WAREHOUSE/OFFICE/APT,98103,,,,32,4,0,2004-02-25,2022-11-02,2008-08-11 to 2008-11-09,,,3135000,2194700,5329700,,,,,993000645
1,UNKNOWN / NOT IN SALE RECORDS,4750 15TH AVE NE,Arbora Court-Bellwether Housing,98105,,,,32,4,0,2008-10-14,2025-09-16,2021-02-23 to 2021-05-24,,,1542900,3944400,5487300,,,,,255150000
1,UNKNOWN / NOT IN SALE RECORDS,1407 E ALDER ST,1407 E ALDER ST,98122,,,,32,4,0,2009-02-09,2022-05-31,2021-05-26 to 2021-08-24,,,119700,479300,599000,,,,,6390790000
1,UNKNOWN / NOT IN SALE RECORDS,4755 FAUNTLEROY WAY SW,WHITTAKER THE,98116,,2016,7,32,4,0,2010-05-07,2025-10-08,2016-01-06 to 2016-04-05,,,,34048100,34048100,,,,,9379700000
1,UNKNOWN / NOT IN SALE RECORDS,920 16TH AVE,,,,,,32,3,0,2005-05-06,2025-02-21,2017-09-22 to 2017-12-21,NO_PARCEL_RECORD,,,,,,,,,
1,UNKNOWN / NOT IN SALE RECORDS,100 MELROSE AVE E,DENNY TERRACE,98102,222,1969,10,32,3,0,2006-02-03,2025-09-26,2019-07-11 to 2019-10-09,,,14326000,48302000,62628000,,,,,7449000010
1,UNKNOWN / NOT IN SALE RECORDS,906 E JOHN ST,,,,,,31,14,0,2019-07-19,2025-08-05,2024-04-12 to 2024-07-11,NO_PARCEL_RECORD,,,,,,,,,
1,UNKNOWN / NOT IN SALE RECORDS,9244 37TH AVE S,,98118,,,,31,13,0,2016-10-19,2025-07-15,2020-05-08 to 2020-08-06,,,327000,233000,560000,,,,,603000305
1,UNKNOWN / NOT IN SALE RECORDS,1227 S CLOVERDALE ST,,,,,,31,7,0,2004-02-05,2023-11-16,2015-10-16 to 2016-01-14,NO_PARCEL_RECORD,,,,,,,,,
1,UNKNOWN / NOT IN SALE RECORDS,8320 46TH AVE SW,,98136,,,,31,6,0,2007-08-24,2025-06-06,2018-11-28 to 2019-02-26,,,418000,1519000,1937000,,,,,34001150
1,UNKNOWN / NOT IN SALE RECORDS,8733 GREENWOOD AVE N,,,,,,31,4,0,2009-06-23,2025-01-17,2009-06-23 to 2009-09-21,NO_PARCEL_RECORD,,,,,,,,,
1,UNKNOWN / NOT IN SALE RECORDS,311 27TH AVE,,,,,,31,3,0,2005-03-22,2019-06-12,2005-03-22 to 2005-06-20,NO_PARCEL_RECORD,,,,,,,,,
1,UNKNOWN / NOT IN SALE RECORDS,4504 BAGLEY AVE N,,,,,,30,22,0,2015-05-13,2024-01-08,2022-12-17 to 2023-03-17,NO_PARCEL_RECORD | EXTREME_VOLUME,,,,,,,,,
1,UNKNOWN / NOT IN SALE RECORDS,910 LENORA ST,,,,,,30,17,0,2018-07-12,2024-03-06,2020-01-25 to 2020-04-24,NO_PARCEL_RECORD,,,,,,,,,
1,UNKNOWN / NOT IN SALE RECORDS,2421 SW TRENTON ST,WESTWOOD PLAZA,98106,,,,30,17,0,2019-02-21,2025-07-11,2025-02-27 to 2025-05-28,,,51200,171800,223000,,,,,9325000000
1,UNKNOWN / NOT IN SALE RECORDS,619 MALDEN AVE E,,98112,,,,30,14,0,2010-05-18,2025-08-05,2021-11-04 to 2022-02-02,,,638000,931000,1569000,,,,,3303700501
1,UNKNOWN / NOT IN SALE RECORDS,6515 16TH AVE NE,,,,,,30,9,0,2005-04-01,2015-02-23,2014-11-24 to 2015-02-22,NO_PARCEL_RECORD,,,,,,,,,
1,UNKNOWN / NOT IN SALE RECORDS,7971 M L KING JR WAY S,,,,,,30,5,0,2004-12-22,2024-02-13,2018-08-08 to 2018-11-06,NO_PARCEL_RECORD,,,,,,,,,
1,UNKNOWN / NOT IN SALE RECORDS,6420 CALIFORNIA AVE SW,CAL-MORE CIRCLE APTS,98136,,,,30,5,0,2005-12-16,2025-09-08,2022-05-04 to 2022-08-02,,,5400000,12218000,17618000,,,,,826000040
1,UNKNOWN / NOT IN SALE RECORDS,2230 4TH AVE,CHARLESGATE APTS,98121,,,,30,5,0,2006-02-08,2025-07-24,2016-10-18 to 2017-01-16,SUSPICIOUS_IMPR_VALUE_1000,,12830400,1000,12831400,,,,,696000095
1,UNKNOWN / NOT IN SALE RECORDS,1420 WESTERN AVE,ROSS MANOR-SHA,98101,,1984,12,30,5,0,2007-05-16,2025-08-08,2022-07-12 to 2022-10-10,,,120600,392500,513100,,,,,7442700000
1,UNKNOWN / NOT IN SALE RECORDS,5116 9TH AVE NW,,98107,,,,30,4,0,2005-12-14,2023-01-20,2020-07-29 to 2020-10-27,,,272000,654000,926000,,,,,2768301256
1,UNKNOWN / NOT IN SALE RECORDS,13524 LAKE CITY WAY NE,,,,,,30,4,0,2007-01-31,2025-01-28,2023-03-08 to 2023-06-06,NO_PARCEL_RECORD,,,,,,,,,
1,UNKNOWN / NOT IN SALE RECORDS,14200 LINDEN AVE N,Tressa,98133,,2010,6,30,4,0,2010-12-13,2025-01-14,2016-08-18 to 2016-11-16,,,283400,3581300,3864700,,,,,4340200000
1,UNKNOWN / NOT IN SALE RECORDS,588 BELL ST,INSIGNIA,98121,,,,30,4,0,2015-11-12,2025-07-07,2020-09-20 to 2020-12-19,,,178200,710000,888200,,,,,3589000000
1,UNKNOWN / NOT IN SALE RECORDS,3849 NE 88TH ST,3849 NE 88TH ST,98115,,,,29,23,0,2023-05-20,2024-05-06,2023-06-27 to 2023-09-25,EXTREME_VOLUME,,373800,832200,1206000,,,,,8637330000
1,UNKNOWN / NOT IN SALE RECORDS,506 12TH AVE E,,,,,,29,15,0,2016-10-25,2025-05-12,2025-04-22 to 2025-07-21,NO_PARCEL_RECORD,,,,,,,,,
1,UNKNOWN / NOT IN SALE RECORDS,2030 8TH AVE,Windsor Cirrus,98121,,,,29,10,0,2007-04-03,2025-08-05,2025-05-06 to 2025-08-04,,,18432000,170807000,189239000,,,,,660000575
1,UNKNOWN / NOT IN SALE RECORDS,2300 6TH AVE,,,,,,29,7,0,2019-10-28,2025-05-16,2019-10-28 to 2020-01-26,NO_PARCEL_RECORD,,,,,,,,,
1,UNKNOWN / NOT IN SALE RECORDS,110 VINE ST,,,,,,29,6,0,2004-03-08,2025-04-09,2019-04-11 to 2019-07-10,NO_PARCEL_RECORD,,,,,,,,,
1,UNKNOWN / NOT IN SALE RECORDS,1115 M L KING JR WAY,,,,,,29,6,0,2004-05-18,2025-07-15,2019-08-13 to 2019-11-11,NO_PARCEL_RECORD,,,,,,,,,
1,UNKNOWN / NOT IN SALE RECORDS,1922 9TH AVE,JULIE APARTMENTS-LIHI,98101,,,,29,5,0,2007-05-11,2024-05-23,2021-09-02 to 2021-12-01,,,8640000,3988000,12628000,,,,,660001235
1,UNKNOWN / NOT IN SALE RECORDS,505 NE 70TH ST,GREENLAKE PLAZA APTS,98115,130,1969,11,29,5,0,2007-07-26,2025-06-30,2022-09-16 to 2022-12-15,,,8979000,22083000,31062000,,,,,9528101850
1,UNKNOWN / NOT IN SALE RECORDS,10502 LAKE CITY WAY NE,,,,,,29,5,0,2007-09-26,2025-05-15,2010-04-26 to 2010-07-25,NO_PARCEL_RECORD,,,,,,,,,
1,UNKNOWN / NOT IN SALE RECORDS,101 W OLYMPIC PL,THE QUEENSBOROUGH,98119,145,1950,8,29,5,0,2012-12-06,2025-10-08,2025-07-03 to 2025-10-01,,,5850000,27561000,33411000,,,,,3879900620
1,UNKNOWN / NOT IN SALE RECORDS,215 10TH AVE E,LYRIC THE,98102,,2012,6,29,5,0,2015-09-29,2025-09-11,2024-05-15 to 2024-08-13,,,820700,1798300,2619000,,,,,4700000000
1,UNKNOWN / NOT IN SALE RECORDS,1525 9TH AVE,PREMIERE ON PINE,98101,,,,29,5,0,2015-12-15,2025-07-12,2025-04-16 to 2025-07-15,,,16000800,195984200,211985000,,,,,660000915
1,UNKNOWN / NOT IN SALE RECORDS,2939 S MOUNT BAKER BLVD,LINK STUDIOS,98144,,,,29,4,0,2004-03-09,2024-11-26,2014-07-03 to 2014-10-01,,,1196300,7731700,8928000,,,,,3600028
1,UNKNOWN / NOT IN SALE RECORDS,110 W OLYMPIC PL,OLYMPIC WEST APTS-SHA,98119,76,1970,9,29,3,0,2005-01-26,2025-03-06,2013-04-09 to 2013-07-08,,,3731800,13677200,17409000,,,,,3879900720
1,UNKNOWN / NOT IN SALE RECORDS,4238 12TH AVE NE,,,,,,29,3,0,2008-02-11,2019-07-08,2010-06-28 to 2010-09-26,NO_PARCEL_RECORD,,,,,,,,,
1,UNKNOWN / NOT IN SALE RECORDS,1624 BOREN AVE,,,,,,29,3,0,2009-01-30,2025-09-29,2023-10-13 to 2024-01-11,NO_PARCEL_RECORD,,,,,,,,,
1,UNKNOWN / NOT IN SALE RECORDS,4722 15TH AVE NE,,,,,,28,13,0,2016-12-14,2025-11-06,2025-08-08 to 2025-11-06,NO_PARCEL_RECORD,,,,,,,,,
1,UNKNOWN / NOT IN SALE RECORDS,5021 35TH AVE SW,,98126,,,,28,8,0,2009-08-04,2025-11-08,2023-10-27 to 2024-01-25,,,450000,175000,625000,,,,,3095000030
1,UNKNOWN / NOT IN SALE RECORDS,2014 NW 57TH ST,Cheryl Chow Court-LIHI BALLARD,98107,,2014,6,28,6,0,2004-07-01,2021-11-11,2009-04-03 to 2009-07-02,,,2753200,10557200,13310400,,,,,4311050000
1,UNKNOWN / NOT IN SALE RECORDS,10215 EVANSTON AVE N,,,,,,28,5,0,2004-08-31,2025-02-24,2019-02-14 to 2019-05-15,NO_PARCEL_RECORD,,,,,,,,,
1,UNKNOWN / NOT IN SALE RECORDS,801 SPRING ST,,,,,,28,5,0,2011-08-10,2025-04-04,2025-01-05 to 2025-04-05,NO_PARCEL_RECORD,,,,,,,,,
1,UNKNOWN / NOT IN SALE RECORDS,2302 4TH AVE,FRANKLIN APTS,98121,,,,28,4,0,2004-04-05,2024-03-07,2006-05-23 to 2006-08-21,SUSPICIOUS_IMPR_VALUE_1000,,6408200,1000,6409200,,,,,696000140
1,UNKNOWN / NOT IN SALE RECORDS,2801 WESTERN AVE,Olympus Apts,98121,,,,28,4,0,2004-12-15,2025-11-03,2024-02-09 to 2024-05-09,,,39936000,118299000,158235000,,,,,653000480
1,UNKNOWN / NOT IN SALE RECORDS,2121 26TH AVE S,CENTER PARK APTS,98144,150,1969,7,28,4,0,2016-08-22,2025-06-17,2023-07-10 to 2023-10-08,,,17549400,12108600,29658000,,,,,1498303190
1,UNKNOWN / NOT IN SALE RECORDS,1700 17TH AVE,OLIVE RIDGE-SHA,98122,107,1969,7,28,3,0,2004-04-22,2025-06-04,2023-02-27 to 2023-05-28,,,8640000,18300000,26940000,,,,,7234601120
1,UNKNOWN / NOT IN SALE RECORDS,2721 4TH AVE,THE VERMONT INN,98121,,,,28,3,0,2006-10-10,2025-09-09,2006-10-10 to 2007-01-08,,,8268000,19365300,27633300,,,,,656000360
1,UNKNOWN / NOT IN SALE RECORDS,2215 1ST AVE,BELL TOWER APARTMENTS (SHA),98121,120,1970,16,28,3,0,2008-10-23,2025-08-14,2018-07-02 to 2018-09-30,,,8058600,18989400,27048000,,,,,1977200590
1,UNKNOWN / NOT IN SALE RECORDS,12040 AURORA AVE N,,,,,,27,14,0,2023-08-04,2025-09-09,2025-05-14 to 2025-08-12,NO_PARCEL_RECORD,,,,,,,,,
1,UNKNOWN / NOT IN SALE RECORDS,6601 ROOSEVELT WAY NE,,,,,,27,13,0,2022-07-21,2025-04-08,2023-09-29 to 2023-12-28,NO_PARCEL_RECORD,,,,,,,,,
1,UNKNOWN / NOT IN SALE RECORDS,1516 MELROSE AVE,,,,,,27,11,0,2021-06-01,2025-08-12,2025-04-07 to 2025-07-06,NO_PARCEL_RECORD,,,,,,,,,
1,UNKNOWN / NOT IN SALE RECORDS,800 28TH AVE S,,,,,,27,8,0,2007-12-24,2024-05-09,2023-08-03 to 2023-11-01,NO_PARCEL_RECORD,,,,,,,,,
1,UNKNOWN / NOT IN SALE RECORDS,330 NW 85TH ST,,,,,,27,8,0,2014-02-18,2024-04-16,2024-02-06 to 2024-05-06,NO_PARCEL_RECORD,,,,,,,,,
1,UNKNOWN / NOT IN SALE RECORDS,1408 30TH AVE,,,,,,27,8,0,2014-10-07,2020-01-21,2019-07-17 to 2019-10-15,NO_PARCEL_RECORD,,,,,,,,,
1,UNKNOWN / NOT IN SALE RECORDS,2400 ELLIOTT AVE,Griffis Belltown Apartments,98121,,,,27,7,0,2012-02-21,2025-05-28,2018-09-05 to 2018-12-04,,,17407600,20205400,37613000,,,,,653000026
1,UNKNOWN / NOT IN SALE RECORDS,1821 N 57TH ST,,,,,,27,7,0,2017-06-02,2024-04-26,2021-03-23 to 2021-06-21,NO_PARCEL_RECORD,,,,,,,,,
1,UNKNOWN / NOT IN SALE RECORDS,1032 S JACKSON ST,,,,,,27,6,0,2004-11-23,2025-08-01,2025-04-28 to 2025-07-27,NO_PARCEL_RECORD,,,,,,,,,
1,UNKNOWN / NOT IN SALE RECORDS,708 NE 42ND ST,,,,,,27,5,0,2005-10-14,2025-03-12,2020-06-17 to 2020-09-15,NO_PARCEL_RECORD,,,,,,,,,
1,UNKNOWN / NOT IN SALE RECORDS,2614 4TH AVE,BAYVIEW TOWER-SHA,98121,,,,27,5,0,2008-12-12,2025-10-16,2025-03-21 to 2025-06-19,,,8424000,19014000,27438000,,,,,696000305
1,UNKNOWN / NOT IN SALE RECORDS,910 MARION ST,CHANCERY PLACE APTS,98104,,1982,15,27,5,0,2009-09-02,2025-05-27,2023-10-16 to 2024-01-14,,,8285700,14015300,22301000,,,,,1510600000
1,UNKNOWN / NOT IN SALE RECORDS,6940 62ND AVE NE,Santo's Place,98115,,,,27,5,0,2013-01-03,2025-07-24,2024-12-16 to 2025-03-16,,,475800,1000,476800,,,,,225049066
1,UNKNOWN / NOT IN SALE RECORDS,1526 NW 53RD ST,,98107,,,,27,5,0,2013-09-27,2025-03-14,2018-03-05 to 2018-06-03,SUSPICIOUS_IMPR_VALUE_1000,,1646000,1000,1647000,,,,,2767701425
1,UNKNOWN / NOT IN SALE RECORDS,2510 WESTERN AVE,ELLIS COURT,98121,,,,27,5,0,2016-04-28,2025-10-31,2023-07-16 to 2023-10-14,,,8910000,6745000,15655000,,,,,653000130
1,UNKNOWN / NOT IN SALE RECORDS,9230 2ND AVE SW,,,,,,27,3,0,2012-06-05,2025-03-20,2019-12-16 to 2020-03-15,NO_PARCEL_RECORD,,,,,,,,,
1,UNKNOWN / NOT IN SALE RECORDS,8855 29TH AVE SW,8855 29TH AVE SW,98126,,,,26,22,0,2004-12-17,2022-10-31,2022-07-29 to 2022-10-27,EXTREME_VOLUME,,143900,723100,867000,,,,,2286050000
1,UNKNOWN / NOT IN SALE RECORDS,205 NE 94TH ST,,,,,,26,15,0,2023-01-17,2025-10-20,2024-03-12 to 2024-06-10,NO_PARCEL_RECORD,,,,,,,,,
1,UNKNOWN / NOT IN SALE RECORDS,1819 23RD AVE,SUMMIT AT MADISON PARK CONDOMINIUM,98122,,2004,1,26,12,0,2012-10-31,2025-07-07,2024-01-22 to 2024-04-21,,,16427900,20601300,37029200,,,,,8080930000
1,UNKNOWN / NOT IN SALE RECORDS,4732 BROOKLYN AVE NE,HERE STUDENT HOUSING AND SAFEWAY,98105,,2021,7,26,7,0,2021-02-27,2025-10-25,2022-11-18 to 2023-02-16,,,3983600,4731500,8715100,,,,,2607940000
1,UNKNOWN / NOT IN SALE RECORDS,1621 N 39TH ST,,98103,,,,26,6,0,2005-07-29,2025-06-20,2021-06-07 to 2021-09-05,,,492000,266000,758000,,,,,495500315
1,UNKNOWN / NOT IN SALE RECORDS,3010 1ST AVE,Encore Apartments-(50% AMI),98121,,,,26,6,0,2018-02-08,2025-05-02,2023-08-03 to 2023-11-01,,,3023800,11493200,14517000,,,,,695000205
1,UNKNOWN / NOT IN SALE RECORDS,2473 AURORA AVE N,,,,,,26,5,0,2009-04-02,2024-07-10,2021-07-20 to 2021-10-18,NO_PARCEL_RECORD,,,,,,,,,
1,UNKNOWN / NOT IN SALE RECORDS,7070 EAST MARGINAL WAY S,,,,,,26,5,0,2012-02-08,2025-09-19,2022-09-20 to 2022-12-19,NO_PARCEL_RECORD,,,,,,,,,
1,UNKNOWN / NOT IN SALE RECORDS,1915 WARREN AVE N,,98109,,,,26,4,0,2004-04-28,2023-10-19,2004-04-28 to 2004-07-27,SUSPICIOUS_IMPR_VALUE_1000,,1030000,1000,1031000,,,,,809001780
1,UNKNOWN / NOT IN SALE RECORDS,2519 1ST AVE,First and Vine-Bellwether Housing,98121,,,,26,4,0,2007-06-12,2025-08-06,2024-03-22 to 2024-06-20,,,398300,607900,1006200,,,,,653000150
1,UNKNOWN / NOT IN SALE RECORDS,2701 3RD AVE W,The Parker-Bellwether,98119,,,,26,4,0,2017-10-25,2025-07-25,2020-01-17 to 2020-04-16,,,5716000,7827000,13543000,,,,,976000335
1,UNKNOWN / NOT IN SALE RECORDS,2870 S HANFORD ST,Gardner House (by Mercy Housing)/ Allen Family Cen,98144,,2019,8,26,4,0,2020-05-28,2025-10-09,2020-09-10 to 2020-12-09,,,2242000,26926700,29168700,,,,,5699600000
1,UNKNOWN / NOT IN SALE RECORDS,2217 3RD AVE,EMMONS ON 3RD,98121,,,,26,3,0,2004-03-16,2025-04-23,2004-08-02 to 2004-10-31,,,4134000,4691000,8825000,,,,,694000055
1,UNKNOWN / NOT IN SALE RECORDS,838 28TH AVE S,,,,,,26,3,0,2004-04-30,2016-05-31,2009-04-28 to 2009-07-27,NO_PARCEL_RECORD,,,,,,,,,
1,UNKNOWN / NOT IN SALE RECORDS,948 N 77TH ST,,,,,,26,3,0,2006-02-09,2018-03-13,2017-01-30 to 2017-04-30,NO_PARCEL_RECORD,,,,,,,,,
1,UNKNOWN / NOT IN SALE RECORDS,4101 UNIVERSITY WAY NE,,,,,,25,23,0,2020-10-16,2025-09-25,2025-07-10 to 2025-10-08,NO_PARCEL_RECORD | EXTREME_VOLUME,,,,,,,,,
1,UNKNOWN / NOT IN SALE RECORDS,820 JOHN ST,,,,,,25,20,0,2016-08-30,2025-09-08,2025-08-17 to 2025-11-15,NO_PARCEL_RECORD | EXTREME_VOLUME,,,,,,,,,
1,UNKNOWN / NOT IN SALE RECORDS,130 BOREN AVE N,,,,,,25,12,0,2022-10-03,2025-09-29,2023-02-14 to 2023-05-15,NO_PARCEL_RECORD,,,,,,,,,
1,UNKNOWN / NOT IN SALE RECORDS,2234 2ND AVE,,,,,,25,9,0,2010-04-15,2025-05-16,2024-01-11 to 2024-04-10,NO_PARCEL_RECORD,,,,,,,,,
1,UNKNOWN / NOT IN SALE RECORDS,817 A 13TH AVE,,,,,,25,9,0,2017-10-04,2025-10-02,2023-02-10 to 2023-05-11,NO_PARCEL_RECORD,,,,,,,,,
1,UNKNOWN / NOT IN SALE RECORDS,6512 35TH AVE SW,WEST SEATTLE COMM. RESOURCE CENTER/FOOD BANK,98126,,2007,4,25,8,0,2008-03-19,2025-04-11,2024-03-14 to 2024-06-12,,,746600,2489200,3235800,,,,,9271000000
1,UNKNOWN / NOT IN SALE RECORDS,125 15TH AVE,,98122,,,,25,8,0,2019-09-03,2024-06-26,2024-01-17 to 2024-04-16,,,1139000,,1139000,,,,,7600124
1,UNKNOWN / NOT IN SALE RECORDS,11300 3RD AVE NE,The Court at Northgate,98125,,1978,3,25,7,0,2005-10-21,2025-06-06,2019-12-18 to 2020-03-17,,,19461300,13281700,32743000,,,,,8565100000
1,UNKNOWN / NOT IN SALE RECORDS,8517 AURORA AVE N,,,,,,25,6,0,2008-01-28,2025-10-22,2025-08-13 to 2025-11-11,NO_PARCEL_RECORD,,,,,,,,,
1,UNKNOWN / NOT IN SALE RECORDS,6526 15TH AVE NE,,,,,,25,5,0,2007-02-13,2018-03-19,2012-10-01 to 2012-12-30,NO_PARCEL_RECORD,,,,,,,,,
1,UNKNOWN / NOT IN SALE RECORDS,3016 E HOWELL ST,,,,,,25,5,0,2010-06-11,2024-07-03,2011-10-24 to 2012-01-22,NO_PARCEL_RECORD,,,,,,,,,
1,UNKNOWN / NOT IN SALE RECORDS,1037 S CLOVERDALE ST,,,,,,25,4,0,2007-04-17,2019-06-13,2016-11-09 to 2017-02-07,NO_PARCEL_RECORD,,,,,,,,,
1,UNKNOWN / NOT IN SALE RECORDS,5247 UNIVERSITY WAY NE,,,,,,25,4,0,2011-02-09,2024-12-03,2018-08-21 to 2018-11-19,NO_PARCEL_RECORD,,,,,,,,,
1,UNKNOWN / NOT IN SALE RECORDS,5947 M L KING JR WAY S,,,,,,25,4,0,2019-10-07,2024-12-05,2020-03-26 to 2020-06-24,NO_PARCEL_RECORD,,,,,,,,,
1,UNKNOWN / NOT IN SALE RECORDS,7711 15TH AVE NW,,,,,,25,3,0,2019-03-05,2025-10-14,2020-08-16 to 2020-11-14,NO_PARCEL_RECORD,,,,,,,,,
1,UNKNOWN / NOT IN SALE RECORDS,827 NE 98TH ST,827 NE 98TH ST,98115,,,,24,13,0,2022-05-27,2024-05-03,2023-09-27 to 2023-12-26,,,177600,538400,716000,,,,,2286200000
1,UNKNOWN / NOT IN SALE RECORDS,5948 28TH AVE S,,98108,,,,24,10,0,2009-05-14,2019-05-14,2017-12-08 to 2018-03-08,,,316000,582000,898000,,,,,829000030
1,UNKNOWN / NOT IN SALE RECORDS,931 11TH AVE E,HIGHLAND(0005) CONDOMINIUM,98102,,1924,4,24,8,0,2017-10-03,2025-01-29,2023-07-01 to 2023-09-29,,,3800400,993600,4794000,,,,,3295200000
1,UNKNOWN / NOT IN SALE RECORDS,2909 13TH AVE S,2909 13TH AVENUE SOUTH,98144,,,,24,8,0,2022-05-06,2023-11-05,2023-03-06 to 2023-06-04,,,88600,543400,632000,,,,,8729970000
1,UNKNOWN / NOT IN SALE RECORDS,9218 18TH AVE SW,,,,,,24,7,0,2010-04-12,2025-09-23,2025-07-07 to 2025-10-05,NO_PARCEL_RECORD,,,,,,,,,
1,UNKNOWN / NOT IN SALE RECORDS,1717 NE 145TH ST,,,,,,24,5,0,2003-12-23,2019-05-15,2007-01-23 to 2007-04-23,NO_PARCEL_RECORD,,,,,,,,,
1,UNKNOWN / NOT IN SALE RECORDS,420 WALL ST,DEVONSHIRE APTS-CRH,98121,,,,24,5,0,2007-10-15,2024-12-05,2023-08-18 to 2023-11-16,,,12699500,19963800,32663300,,,,,696000290
1,UNKNOWN / NOT IN SALE RECORDS,610 HARVARD AVE E,HARVARD COURT,98102,81,1968,8,24,5,0,2012-09-12,2025-09-18,2025-04-11 to 2025-07-10,,,9352300,7156700,16509000,,,,,6850700230
1,UNKNOWN / NOT IN SALE RECORDS,1257 S CLOVERDALE ST,,,,,,24,5,0,2013-03-07,2016-08-04,2013-08-07 to 2013-11-05,NO_PARCEL_RECORD,,,,,,,,,
1,UNKNOWN / NOT IN SALE RECORDS,2305 1ST AVE,,,,,,24,5,0,2017-09-29,2025-11-07,2024-03-22 to 2024-06-20,NO_PARCEL_RECORD,,,,,,,,,
1,UNKNOWN / NOT IN SALE RECORDS,1106 PIKE ST,,,,,,24,5,0,2019-05-06,2025-08-01,2025-01-28 to 2025-04-28,NO_PARCEL_RECORD,,,,,,,,,
1,UNKNOWN / NOT IN SALE RECORDS,1235 S CLOVERDALE ST,,,,,,24,4,0,2004-02-05,2024-09-17,2022-02-14 to 2022-05-15,NO_PARCEL_RECORD,,,,,,,,,
1,UNKNOWN / NOT IN SALE RECORDS,2540 34TH AVE S,,98144,,,,24,4,0,2004-08-20,2025-06-09,2023-12-10 to 2024-03-09,,,934000,283000,1217000,,,,,5700001905
1,UNKNOWN / NOT IN SALE RECORDS,819 VIRGINIA ST,COSMOPOLITAN,98101,,2007,1,24,4,0,2005-10-14,2025-05-27,2018-07-09 to 2018-10-07,,,100300,591700,692000,,,,,1766000000
1,UNKNOWN / NOT IN SALE RECORDS,1741 26TH AVE S,,,,,,24,4,0,2014-01-14,2024-07-10,2023-11-28 to 2024-02-26,NO_PARCEL_RECORD | NAMED_INSPECTOR,,,,,,,,,
1,UNKNOWN / NOT IN SALE RECORDS,9150 RAINIER AVE S,,,,,,24,4,0,2014-01-17,2024-08-27,2019-11-08 to 2020-02-06,NO_PARCEL_RECORD,,,,,,,,,
1,UNKNOWN / NOT IN SALE RECORDS,550 BROADWAY,,,,,,24,4,0,2016-05-03,2025-09-18,2019-03-06 to 2019-06-04,NO_PARCEL_RECORD,,,,,,,,,
1,UNKNOWN / NOT IN SALE RECORDS,2609 E JOHN ST,2609 E JOHN,98112,,,,24,3,0,2004-08-12,2017-09-28,2006-01-04 to 2006-04-04,,,408500,577500,986000,,,,,8728530000
1,UNKNOWN / NOT IN SALE RECORDS,2312 3RD AVE,MODA APTS,98121,,,,24,3,0,2005-08-04,2025-09-07,2005-12-07 to 2006-03-07,,,16536000,55456000,71992000,,,,,656000550
1,UNKNOWN / NOT IN SALE RECORDS,210 WALL ST,AVALON BELLTOWN TOWERS,98121,,,,24,3,0,2008-11-19,2025-03-04,2020-07-24 to 2020-10-22,,,23707500,126440500,150148000,,,,,656000141
1,UNKNOWN / NOT IN SALE RECORDS,109 22ND AVE,,,,,,24,3,0,2012-06-12,2024-06-10,2015-07-30 to 2015-10-28,NO_PARCEL_RECORD,,,,,,,,,
1,UNKNOWN / NOT IN SALE RECORDS,1234 E FIR ST,,,,,,23,11,0,2009-07-13,2025-05-09,2024-10-01 to 2024-12-30,NO_PARCEL_RECORD,,,,,,,,,
1,UNKNOWN / NOT IN SALE RECORDS,2629 NW 54TH ST,STABBERT YACHT & SHIPYARD,98107,,,,23,10,0,2006-05-08,2023-04-11,2023-01-16 to 2023-04-16,,,5582300,567500,6149800,,,,,467000715
1,UNKNOWN / NOT IN SALE RECORDS,2820 NE 127TH ST,,,,,,23,10,0,2019-02-27,2025-10-30,2025-05-01 to 2025-07-30,NO_PARCEL_RECORD,,,,,,,,,
1,UNKNOWN / NOT IN SALE RECORDS,900 28TH AVE S,,98144,,,,23,9,0,2004-06-02,2025-08-20,2025-06-24 to 2025-09-22,,,315000,,315000,,,,,3274800006
1,UNKNOWN / NOT IN SALE RECORDS,714 N 95TH ST,CUBIX 95,98103,,,,23,8,0,2014-09-10,2025-01-23,2017-05-30 to 2017-08-28,,,1215000,,1215000,,,,,263000324
1,UNKNOWN / NOT IN SALE RECORDS,1230 E FIR ST,,,,,,23,8,0,2017-04-13,2025-04-23,2024-11-05 to 2025-02-03,NO_PARCEL_RECORD,,,,,,,,,
1,UNKNOWN / NOT IN SALE RECORDS,520 12TH AVE E,,,,,,23,7,0,2019-07-11,2025-04-12,2023-07-06 to 2023-10-04,NO_PARCEL_RECORD,,,,,,,,,
1,UNKNOWN / NOT IN SALE RECORDS,500 WALL ST,SKYE AT BELLTOWN formerly Archstone Belltown/Grosv,98121,,,,23,6,0,2004-12-17,2025-11-02,2025-08-26 to 2025-11-24,,,36192000,66508000,102700000,,,,,697000025
1,UNKNOWN / NOT IN SALE RECORDS,818 NE 42ND ST,,,,,,23,6,0,2008-11-18,2025-08-28,2023-02-27 to 2023-05-28,NO_PARCEL_RECORD,,,,,,,,,
1,UNKNOWN / NOT IN SALE RECORDS,306 6TH AVE S,NP HOTEL CONDOMINIUM,98104,,1914,6,23,5,0,2012-01-11,2025-06-23,2019-08-08 to 2019-11-06,,,378300,1143900,1522200,,,,,6208600000
1,UNKNOWN / NOT IN SALE RECORDS,701 S CLOVERDALE ST,,,,,,23,4,0,2003-11-14,2018-01-24,2003-11-14 to 2004-02-12,NO_PARCEL_RECORD,,,,,,,,,
1,UNKNOWN / NOT IN SALE RECORDS,2822 BOYER AVE E,DNR LEASE 20 013538 (BOYER ON THE BAY),98102,,,,23,4,0,2005-02-22,2024-08-02,2005-02-22 to 2005-05-23,,,1417500,,1417500,,,,,4088800526
1,UNKNOWN / NOT IN SALE RECORDS,4730 21ST AVE NE,Ivy Ridge,98105,,,,23,4,0,2007-02-09,2025-05-21,2021-08-11 to 2021-11-09,,,21331800,16029200,37361000,,,,,925049079
1,UNKNOWN / NOT IN SALE RECORDS,1942 WESTLAKE AVE,Metropolitan Tower,98101,,,,23,4,0,2008-08-27,2025-07-16,2023-02-15 to 2023-05-16,,,38688000,153700000,192388000,,,,,659000610
1,UNKNOWN / NOT IN SALE RECORDS,1011 BELMONT AVE E,4 PLEX,98102,,,,23,4,0,2011-05-11,2025-04-09,2011-05-11 to 2011-08-09,,,777000,461000,1238000,,,,,676000105
1,UNKNOWN / NOT IN SALE RECORDS,62 CEDAR ST,Joseph Arnold Lofts - Associated Parcel is Minor 0,98121,,,,23,4,0,2014-08-21,2025-11-05,2019-09-27 to 2019-12-26,,,4779000,50123000,54902000,,,,,653000395
1,UNKNOWN / NOT IN SALE RECORDS,1401 BROADWAY,HARVARD MARKET CONDOMINIUM,98122,,1996,3,23,4,0,2015-04-14,2025-06-03,2023-09-21 to 2023-12-20,,,974000,630000,1604000,,,,,3148650000
1,UNKNOWN / NOT IN SALE RECORDS,206 BELL ST,206 Bell,98121,,,,23,4,0,2017-07-20,2025-09-17,2023-06-30 to 2023-09-28,,,7695600,38227400,45923000,,,,,656000220
1,UNKNOWN / NOT IN SALE RECORDS,1626 S LANE ST,,,,,,23,3,0,2005-10-05,2019-12-11,2015-03-16 to 2015-06-14,NO_PARCEL_RECORD,,,,,,,,,
1,UNKNOWN / NOT IN SALE RECORDS,9240 2ND AVE SW,,,,,,23,3,0,2011-12-27,2025-07-14,2021-07-01 to 2021-09-29,NO_PARCEL_RECORD,,,,,,,,,
1,UNKNOWN / NOT IN SALE RECORDS,817 13TH AVE,,,,,,23,3,0,2013-02-07,2024-10-30,2013-02-07 to 2013-05-08,NO_PARCEL_RECORD | NAMED_INSPECTOR,,,,,,,,,
1,UNKNOWN / NOT IN SALE RECORDS,1017 E REPUBLICAN ST,,,,,,22,13,0,2007-04-05,2025-09-15,2025-07-07 to 2025-10-05,NO_PARCEL_RECORD,,,,,,,,,
1,UNKNOWN / NOT IN SALE RECORDS,3617 WOODLAND PARK AVE N,,,,,,22,12,0,2008-02-04,2023-12-12,2022-03-02 to 2022-05-31,NO_PARCEL_RECORD,,,,,,,,,
1,UNKNOWN / NOT IN SALE RECORDS,900 LENORA ST,,,,,,22,8,0,2008-02-20,2025-09-18,2024-04-26 to 2024-07-25,NO_PARCEL_RECORD,,,,,,,,,
1,UNKNOWN / NOT IN SALE RECORDS,1114 AURORA AVE N,,,,,,22,8,0,2009-07-06,2025-03-25,2022-05-05 to 2022-08-03,NO_PARCEL_RECORD,,,,,,,,,
1,UNKNOWN / NOT IN SALE RECORDS,7531 S TAFT ST,,,,,,22,7,0,2015-07-20,2025-05-16,2021-09-14 to 2021-12-13,NO_PARCEL_RECORD,,,,,,,,,
1,UNKNOWN / NOT IN SALE RECORDS,6615 ROOSEVELT WAY NE,,,,,,22,7,0,2018-01-12,2024-08-20,2023-09-05 to 2023-12-04,NO_PARCEL_RECORD,,,,,,,,,
1,UNKNOWN / NOT IN SALE RECORDS,2210 NE 135TH ST,,98125,,,,22,7,0,2022-04-29,2025-10-29,2024-09-06 to 2024-12-05,,,508000,122000,630000,,,,,6381501890
1,UNKNOWN / NOT IN SALE RECORDS,1431 24TH AVE,,,,,,22,6,0,2004-08-11,2020-07-28,2019-05-03 to 2019-08-01,NO_PARCEL_RECORD,,,,,,,,,
1,UNKNOWN / NOT IN SALE RECORDS,13530 LINDEN AVE N,COOPER APARTMENTS,98133,,,,22,6,0,2009-05-18,2025-05-12,2019-12-30 to 2020-03-29,,,6548200,39855800,46404000,,,,,164000035
1,UNKNOWN / NOT IN SALE RECORDS,225 CEDAR ST,Dimension,98121,,,,22,6,0,2015-08-03,2025-01-19,2022-10-14 to 2023-01-12,,,11828600,97924400,109753000,,,,,656000120
1,UNKNOWN / NOT IN SALE RECORDS,3816 13TH AVE W,,,,,,22,6,0,2016-04-28,2024-01-04,2020-06-18 to 2020-09-16,NO_PARCEL_RECORD,,,,,,,,,
1,UNKNOWN / NOT IN SALE RECORDS,827 S CLOVERDALE ST,,,,,,22,5,0,2004-10-14,2019-04-24,2015-08-28 to 2015-11-26,NO_PARCEL_RECORD,,,,,,,,,
1,UNKNOWN / NOT IN SALE RECORDS,923 29TH AVE S,,98144,,,,22,5,0,2005-08-25,2019-06-06,2013-05-20 to 2013-08-18,,,315000,491000,806000,,,,,567000700
1,UNKNOWN / NOT IN SALE RECORDS,300 W KINNEAR PL,,,,,,22,5,0,2010-06-22,2024-04-23,2010-06-22 to 2010-09-20,NO_PARCEL_RECORD,,,,,,,,,
1,UNKNOWN / NOT IN SALE RECORDS,583 BATTERY ST,,,,,,22,5,0,2018-07-12,2025-01-05,2019-04-08 to 2019-07-07,NO_PARCEL_RECORD,,,,,,,,,
1,UNKNOWN / NOT IN SALE RECORDS,1209 N 88TH ST,,,,,,22,4,0,2004-05-17,2015-08-18,2014-08-01 to 2014-10-30,NO_PARCEL_RECORD,,,,,,,,,
1,UNKNOWN / NOT IN SALE RECORDS,2327 HUGHES AVE SW,,98116,,,,22,4,0,2005-03-16,2025-10-21,2008-01-22 to 2008-04-21,,,766000,900000,1666000,,,,,913000415
1,UNKNOWN / NOT IN SALE RECORDS,8600 AURORA AVE N,WAY WEST APARTMENTS,98103,,,,22,4,0,2005-03-31,2024-11-15,2015-04-07 to 2015-07-06,,,2790600,228400,3019000,,,,,993001685
1,UNKNOWN / NOT IN SALE RECORDS,2204 W EMERSON ST,,,,,,22,4,0,2009-06-30,2022-09-22,2020-03-06 to 2020-06-04,NO_PARCEL_RECORD,,,,,,,,,
1,UNKNOWN / NOT IN SALE RECORDS,607 3RD AVE,,,,,,22,4,0,2010-01-28,2025-04-24,2023-01-12 to 2023-04-12,NO_PARCEL_RECORD,,,,,,,,,
1,UNKNOWN / NOT IN SALE RECORDS,8844 9TH AVE SW,,,,,,22,4,0,2015-10-30,2024-01-02,2022-03-14 to 2022-06-12,NO_PARCEL_RECORD,,,,,,,,,
1,UNKNOWN / NOT IN SALE RECORDS,1407 NW 54TH ST,,,,,,22,3,0,2004-10-08,2024-07-11,2014-06-09 to 2014-09-07,NO_PARCEL_RECORD,,,,,,,,,
1,UNKNOWN / NOT IN SALE RECORDS,1415 S LANDER ST,METRO,98144,,,,21,21,0,2025-08-04,2025-10-23,2025-08-04 to 2025-11-02,EXTREME_VOLUME,,336000,,336000,,,,,3086002496
1,UNKNOWN / NOT IN SALE RECORDS,1022 7TH AVE,FIRST PRESBYTERIAN CHURCH,98104,,,,21,18,0,2025-03-27,2025-10-15,2025-08-05 to 2025-11-03,,,5376000,,5376000,,,,,1979200120
1,UNKNOWN / NOT IN SALE RECORDS,2105 5TH AVE,The Martin,98121,,,,21,12,0,2012-07-24,2025-07-09,2025-04-07 to 2025-07-06,,,15264000,83746000,99010000,,,,,696000055
1,UNKNOWN / NOT IN SALE RECORDS,8849 NESBIT AVE N,,,,,,21,12,0,2022-12-11,2025-07-15,2025-04-20 to 2025-07-19,NO_PARCEL_RECORD,,,,,,,,,
1,UNKNOWN / NOT IN SALE RECORDS,1801 HARVARD AVE,,,,,,21,11,0,2021-06-16,2024-12-31,2024-11-21 to 2025-02-19,NO_PARCEL_RECORD,,,,,,,,,
1,UNKNOWN / NOT IN SALE RECORDS,3809 RAINIER AVE S,,,,,,21,10,0,2004-12-28,2024-08-23,2024-01-19 to 2024-04-18,NO_PARCEL_RECORD,,,,,,,,,
1,UNKNOWN / NOT IN SALE RECORDS,1422 SENECA ST,,,,,,21,8,0,2006-07-14,2025-10-16,2022-07-06 to 2022-10-04,NO_PARCEL_RECORD,,,,,,,,,
1,UNKNOWN / NOT IN SALE RECORDS,6538 15TH AVE NE,,,,,,21,7,0,2004-03-01,2024-07-24,2014-12-01 to 2015-03-01,NO_PARCEL_RECORD,,,,,,,,,
1,UNKNOWN / NOT IN SALE RECORDS,1823 E MADISON ST,,,,,,21,7,0,2015-12-17,2025-06-27,2023-07-19 to 2023-10-17,NO_PARCEL_RECORD,,,,,,,,,
1,UNKNOWN / NOT IN SALE RECORDS,6418 BROOKLYN AVE NE,,,,,,21,6,0,2004-11-18,2012-12-11,2004-11-18 to 2005-02-16,NO_PARCEL_RECORD,,,,,,,,,
1,UNKNOWN / NOT IN SALE RECORDS,2321 4TH AVE,FLEMING APTS-CHH (low income),98121,,,,21,6,0,2012-04-11,2025-10-09,2024-09-27 to 2024-12-26,,,6415200,1159800,7575000,,,,,656000600
1,UNKNOWN / NOT IN SALE RECORDS,4215 S TRENTON ST,,,,,,21,6,0,2012-11-14,2022-10-04,2019-11-23 to 2020-02-21,NO_PARCEL_RECORD,,,,,,,,,
1,UNKNOWN / NOT IN SALE RECORDS,6400 8TH AVE NW,,,,,,21,5,0,2004-07-12,2025-08-13,2025-05-05 to 2025-08-03,NO_PARCEL_RECORD,,,,,,,,,
1,UNKNOWN / NOT IN SALE RECORDS,716 16TH AVE,,,,,,21,5,0,2006-02-02,2018-09-19,2015-02-23 to 2015-05-24,NO_PARCEL_RECORD,,,,,,,,,
1,UNKNOWN / NOT IN SALE RECORDS,7316 18TH AVE NE,,98115,,,,21,5,0,2006-02-28,2025-08-24,2021-04-19 to 2021-07-18,,,667000,151000,818000,,,,,9547204480
1,UNKNOWN / NOT IN SALE RECORDS,128 24TH AVE,,98122,,,,21,5,0,2006-04-04,2020-07-02,2010-05-10 to 2010-08-08,,,384000,974000,1358000,,,,,7600088
1,UNKNOWN / NOT IN SALE RECORDS,1138 10TH AVE E,,,,,,21,5,0,2007-06-01,2018-07-23,2015-07-28 to 2015-10-26,NO_PARCEL_RECORD,,,,,,,,,
1,UNKNOWN / NOT IN SALE RECORDS,4040 DELRIDGE WAY SW,,,,,,21,5,0,2007-07-16,2025-08-01,2019-06-11 to 2019-09-09,NO_PARCEL_RECORD,,,,,,,,,
1,UNKNOWN / NOT IN SALE RECORDS,420 VINE ST,THE DAVENPORT,98121,,,,21,5,0,2008-06-17,2025-11-04,2019-05-28 to 2019-08-26,,,6318000,4169000,10487000,,,,,696000335
1,UNKNOWN / NOT IN SALE RECORDS,2019 S MAIN ST,,,,,,21,5,0,2010-03-04,2017-11-21,2013-06-26 to 2013-09-24,NO_PARCEL_RECORD,,,,,,,,,
1,UNKNOWN / NOT IN SALE RECORDS,9059 16TH AVE SW,,,,,,21,5,0,2010-06-01,2025-08-28,2016-04-18 to 2016-07-17,NO_PARCEL_RECORD,,,,,,,,,
1,UNKNOWN / NOT IN SALE RECORDS,123 26TH AVE E,,,,,,21,4,0,2003-12-12,2023-06-15,2012-05-01 to 2012-07-30,NO_PARCEL_RECORD,,,,,,,,,
1,UNKNOWN / NOT IN SALE RECORDS,7713 RAINIER AVE S,,,,,,21,4,0,2005-01-28,2025-07-21,2005-01-28 to 2005-04-28,NO_PARCEL_RECORD,,,,,,,,,
1,UNKNOWN / NOT IN SALE RECORDS,10547 2ND AVE NW,BV300,98177,,,,21,4,0,2005-03-09,2023-11-17,2019-04-15 to 2019-07-14,,,286600,1349400,1636000,,,,,1278900000
1,UNKNOWN / NOT IN SALE RECORDS,7708 GREENWOOD AVE N,,,,,,21,4,0,2007-08-30,2022-09-21,2014-05-20 to 2014-08-18,NO_PARCEL_RECORD,,,,,,,,,
1,UNKNOWN / NOT IN SALE RECORDS,1410 NE 125TH ST,,,,,,21,4,0,2012-09-25,2024-09-30,2021-08-16 to 2021-11-14,NO_PARCEL_RECORD,,,,,,,,,
1,UNKNOWN / NOT IN SALE RECORDS,808 HOWELL ST,HYATT REGENCY SEATTLE,98101,,,,21,4,0,2015-09-30,2021-05-19,2018-05-14 to 2018-08-12,,,99631300,293627400,393258700,,,,,660000708
1,UNKNOWN / NOT IN SALE RECORDS,8603 22ND AVE SW,,98106,,,,21,3,0,2006-10-17,2019-11-18,2018-01-26 to 2018-04-26,,,447000,593000,1040000,,,,,880000145
1,UNKNOWN / NOT IN SALE RECORDS,1053 25TH AVE E,,,,,,21,3,0,2006-10-25,2019-04-16,2018-11-09 to 2019-02-07,NO_PARCEL_RECORD,,,,,,,,,
1,UNKNOWN / NOT IN SALE RECORDS,12707 35TH AVE NE,,,,,,21,3,0,2007-04-25,2025-09-13,2013-11-06 to 2014-02-04,NO_PARCEL_RECORD,,,,,,,,,
1,UNKNOWN / NOT IN SALE RECORDS,1112 21ST AVE S,,,,,,21,3,0,2007-12-31,2023-09-12,2011-02-14 to 2011-05-15,NO_PARCEL_RECORD,,,,,,,,,
1,UNKNOWN / NOT IN SALE RECORDS,1114 26TH AVE,,,,,,21,3,0,2011-05-13,2025-05-22,2012-03-20 to 2012-06-18,NO_PARCEL_RECORD,,,,,,,,,
1,UNKNOWN / NOT IN SALE RECORDS,8333 55TH AVE NE,SAND POINT COUNTRY CLUB,98115,,,,21,3,0,2012-07-12,2025-11-05,2017-05-18 to 2017-08-16,,,3643200,13634800,17278000,,,,,325049004
1,UNKNOWN / NOT IN SALE RECORDS,3014 E HOWELL ST,3014 E HOWELL ST,98122,,,,21,3,0,2013-06-07,2022-07-29,2014-12-15 to 2015-03-15,,,168700,992300,1161000,,,,,8601790000
1,UNKNOWN / NOT IN SALE RECORDS,4435 35TH AVE SW,"AURA WEST SEATTLE (Associated Minors -4285, -4300,",98126,,,,21,3,0,2014-08-13,2025-06-04,2019-08-06 to 2019-11-04,,,2655500,2269000,4924500,,,,,952004280
1,UNKNOWN / NOT IN SALE RECORDS,1600 2ND AVE,THE CHARTER HOTEL & HELIOS,98101,,2015,16,21,3,0,2017-11-21,2025-10-02,2020-02-21 to 2020-05-21,,,29850100,176259900,206110000,,,,,7683890000
1,UNKNOWN / NOT IN SALE RECORDS,1911 22ND AVE S,HOBSON PLACE,98144,,2019,6,21,3,0,2018-05-31,2025-04-16,2022-04-20 to 2022-07-19,,,1544400,4768900,6313300,,,,,3388500000
1,UNKNOWN / NOT IN SALE RECORDS,1144 NW LEARY WAY,,,,,,20,14,0,2022-06-28,2025-07-16,2024-10-28 to 2025-01-26,NO_PARCEL_RECORD,,,,,,,,,
1,UNKNOWN / NOT IN SALE RECORDS,631 QUEEN ANNE AVE N,,,,,,20,13,0,2020-08-01,2023-03-08,2020-08-01 to 2020-10-30,NO_PARCEL_RECORD,,,,,,,,,
1,UNKNOWN / NOT IN SALE RECORDS,7334 15TH AVE NW,Vacant Commercial Unit & SFR House,98117,,,,20,9,0,2016-01-08,2022-02-03,2019-04-05 to 2019-07-04,SUSPICIOUS_IMPR_VALUE_1000,,586500,1000,587500,,,,,461002780
1,UNKNOWN / NOT IN SALE RECORDS,3422 CLAREMONT AVE S,,,,,,20,9,0,2023-05-17,2025-10-25,2024-11-02 to 2025-01-31,NO_PARCEL_RECORD,,,,,,,,,
1,UNKNOWN / NOT IN SALE RECORDS,927 NW 57TH ST,,,,,,20,8,0,2005-05-03,2024-04-15,2021-11-29 to 2022-02-27,NO_PARCEL_RECORD,,,,,,,,,
1,UNKNOWN / NOT IN SALE RECORDS,301 MERCER ST,,,,,,20,8,0,2020-03-27,2021-07-08,2020-07-22 to 2020-10-20,NO_PARCEL_RECORD,,,,,,,,,
1,UNKNOWN / NOT IN SALE RECORDS,2307 RAINIER AVE S,,,,,,20,8,0,2022-02-28,2022-12-13,2022-09-15 to 2022-12-14,NO_PARCEL_RECORD,,,,,,,,,
1,UNKNOWN / NOT IN SALE RECORDS,2369 FAIRVIEW AVE E,FAIRVIEW LANDING - HOUSEBOAT MOORAGE CONDOMINIUM,98102,,,,20,7,0,2006-09-15,2016-08-02,2008-08-05 to 2008-11-03,,,1790600,1722600,3513200,,,,,2468390000
1,UNKNOWN / NOT IN SALE RECORDS,1301 5TH AVE,,,,,,20,7,0,2007-09-20,2020-12-09,2017-11-13 to 2018-02-11,NO_PARCEL_RECORD,,,,,,,,,
1,UNKNOWN / NOT IN SALE RECORDS,2545 DEXTER AVE N,,,,,,20,6,0,2008-05-13,2021-07-05,2016-06-01 to 2016-08-30,NO_PARCEL_RECORD,,,,,,,,,
1,UNKNOWN / NOT IN SALE RECORDS,1601 9TH AVE,Nine and Pine Apartments,98101,,,,20,6,0,2013-09-26,2023-01-12,2021-07-17 to 2021-10-15,,,3292200,1400100,4692300,,,,,660000860
1,UNKNOWN / NOT IN SALE RECORDS,10139 3RD AVE NW,,98177,,,,20,6,0,2018-07-08,2025-10-06,2025-04-13 to 2025-07-12,,,530000,115000,645000,,,,,767000170
1,UNKNOWN / NOT IN SALE RECORDS,1919 24TH AVE S,,,,,,20,5,0,2004-03-15,2019-10-22,2015-08-31 to 2015-11-29,NO_PARCEL_RECORD,,,,,,,,,
1,UNKNOWN / NOT IN SALE RECORDS,533 3RD AVE W,CENTER WEST-SHA,98119,92,1969,9,20,5,0,2005-12-19,2025-06-19,2023-11-27 to 2024-02-25,,,9348000,9946000,19294000,,,,,1990200190
1,UNKNOWN / NOT IN SALE RECORDS,308 20TH AVE,,,,,,20,5,0,2006-06-13,2025-10-16,2025-08-24 to 2025-11-22,NO_PARCEL_RECORD,,,,,,,,,
1,UNKNOWN / NOT IN SALE RECORDS,2773 44TH AVE SW,VISTA VERDE,98116,,,,20,5,0,2006-12-05,2024-11-28,2019-09-18 to 2019-12-17,,,157300,563700,721000,,,,,8961700000
1,UNKNOWN / NOT IN SALE RECORDS,419 21ST AVE,BLEU CONDOMINIUM,98122,,,,20,5,0,2007-05-24,2024-07-30,2023-03-30 to 2023-06-28,,,1716900,175100,1892000,,,,,855800000
1,UNKNOWN / NOT IN SALE RECORDS,6007 M L KING JR WAY S,,,,,,20,5,0,2014-09-12,2025-07-17,2025-07-17 to 2025-10-15,NO_PARCEL_RECORD,,,,,,,,,
1,UNKNOWN / NOT IN SALE RECORDS,1401 S BAYVIEW ST,,,,,,20,5,0,2019-09-23,2025-04-29,2020-06-05 to 2020-09-03,NO_PARCEL_RECORD,,,,,,,,,
1,UNKNOWN / NOT IN SALE RECORDS,4755 22ND AVE NE,5 UNITS,98105,,,,20,4,0,2003-12-19,2025-08-28,2003-12-19 to 2004-03-18,SUSPICIOUS_IMPR_VALUE_1000,,1403300,1000,1404300,,,,,925049236
1,UNKNOWN / NOT IN SALE RECORDS,5206 DELRIDGE WAY SW,,,,,,20,4,0,2004-03-04,2019-08-05,2004-03-04 to 2004-06-02,NO_PARCEL_RECORD,,,,,,,,,
1,UNKNOWN / NOT IN SALE RECORDS,2031 FAIRVIEW AVE E,DNR LEASE 20-010012 (THE LAKE UNION COOP),98102,,,,20,4,0,2004-07-19,2024-08-23,2015-07-17 to 2015-10-15,,,6237000,,6237000,,,,,4088802427
1,UNKNOWN / NOT IN SALE RECORDS,3838 AURORA AVE N,,,,,,20,4,0,2006-06-22,2021-08-26,2013-05-09 to 2013-08-07,NO_PARCEL_RECORD,,,,,,,,,
1,UNKNOWN / NOT IN SALE RECORDS,1000 VIRGINIA ST,,,,,,20,4,0,2006-07-07,2023-01-26,2008-07-24 to 2008-10-22,NO_PARCEL_RECORD,,,,,,,,,
1,UNKNOWN / NOT IN SALE RECORDS,2400 4TH AVE,Fountain Court,98121,,,,20,4,0,2008-09-09,2024-05-01,2020-11-19 to 2021-02-17,,,55123200,44706800,99830000,,,,,696000250
1,UNKNOWN / NOT IN SALE RECORDS,4502 42ND AVE SW,"Oregon 42 (econ. unit w/-6510, -6530, -6540)",98116,,,,20,4,0,2009-06-15,2025-10-14,2022-06-09 to 2022-09-07,,,1356000,,1356000,,,,,952006520
1,UNKNOWN / NOT IN SALE RECORDS,9004 BEACON AVE S,,98118,,,,20,4,0,2011-12-12,2023-11-01,2020-06-08 to 2020-09-06,,,318000,,318000,,,,,603000995
1,UNKNOWN / NOT IN SALE RECORDS,1900 1ST AVE,,,,,,20,4,0,2013-06-24,2024-12-28,2019-03-28 to 2019-06-26,NO_PARCEL_RECORD,,,,,,,,,
1,UNKNOWN / NOT IN SALE RECORDS,111 CEDAR ST,,,,,,20,4,0,2014-11-25,2025-09-02,2021-12-15 to 2022-03-15,NO_PARCEL_RECORD,,,,,,,,,
1,UNKNOWN / NOT IN SALE RECORDS,737 OLIVE WAY,OLIVE 8,98101,,,,20,4,0,2015-04-28,2025-07-25,2020-11-03 to 2021-02-01,,,131900,356100,488000,,,,,6364000000
1,UNKNOWN / NOT IN SALE RECORDS,337 NE THORNTON PL,,,,,,20,4,0,2016-01-25,2025-06-25,2021-02-18 to 2021-05-19,NO_PARCEL_RECORD,,,,,,,,,
1,UNKNOWN / NOT IN SALE RECORDS,3921 S AMERICUS ST,,98118,,,,20,3,0,2004-01-28,2024-08-15,2021-05-04 to 2021-08-02,SUSPICIOUS_IMPR_VALUE_1000,,725000,1000,726000,,,,,1702900216
1,UNKNOWN / NOT IN SALE RECORDS,721 24TH AVE,Apartment,98122,,,,20,3,0,2004-02-05,2022-08-23,2019-04-14 to 2019-07-13,,,1540800,147200,1688000,,,,,519000260
1,UNKNOWN / NOT IN SALE RECORDS,5210 18TH AVE SW,18TH AVENUE COTTAGES,98106,,,,20,3,0,2004-04-15,2018-12-04,2016-03-22 to 2016-06-20,,,119100,678650,797750,,,,,6391750000
1,UNKNOWN / NOT IN SALE RECORDS,9921 64TH AVE S,,,,,,20,3,0,2004-05-17,2024-06-06,2024-04-16 to 2024-07-15,NO_PARCEL_RECORD,,,,,,,,,
1,UNKNOWN / NOT IN SALE RECORDS,2900 1ST AVE,TWENTY NINE HUNDRED ON FIRST,98121,,,,20,3,0,2005-07-22,2025-07-29,2012-11-02 to 2013-01-31,,,26973000,18674000,45647000,,,,,695000245
1,UNKNOWN / NOT IN SALE RECORDS,306 BLANCHARD ST,CORNELIUS APTS,98121,,,,20,3,0,2006-11-27,2025-07-28,2024-05-01 to 2024-07-30,,,8424000,21313000,29737000,,,,,694000080
1,UNKNOWN / NOT IN SALE RECORDS,1751 19TH AVE S,,,,,,20,3,0,2009-06-11,2018-06-16,2011-05-31 to 2011-08-29,NO_PARCEL_RECORD,,,,,,,,,
1,UNKNOWN / NOT IN SALE RECORDS,9034 3RD AVE S,,98108,,,,20,3,0,2014-04-15,2024-05-22,2024-03-16 to 2024-06-14,,,352000,93000,445000,,,,,13002395
1,UNKNOWN / NOT IN SALE RECORDS,1015 8TH AVE,,,,,,19,16,0,2025-04-09,2025-11-04,2025-07-28 to 2025-10-26,NO_PARCEL_RECORD,,,,,,,,,
1,UNKNOWN / NOT IN SALE RECORDS,650 S DEARBORN ST,,,,,,19,10,0,2022-12-16,2025-10-02,2025-07-24 to 2025-10-22,NO_PARCEL_RECORD,,,,,,,,,
1,UNKNOWN / NOT IN SALE RECORDS,909 N 143RD ST,,,,,,19,9,0,2003-11-12,2008-10-31,2006-07-13 to 2006-10-11,NO_PARCEL_RECORD,,,,,,,,,
1,UNKNOWN / NOT IN SALE RECORDS,1019 CALIFORNIA LN SW,,,,,,19,9,0,2007-03-23,2022-08-11,2022-07-06 to 2022-10-04,NO_PARCEL_RECORD,,,,,,,,,
1,UNKNOWN / NOT IN SALE RECORDS,1727 14TH AVE,ANNARON CONDOMINIUM,98122,,,,19,9,0,2016-07-19,2025-03-13,2024-04-06 to 2024-07-05,,,185700,52000,237700,,,,,242200000
1,UNKNOWN / NOT IN SALE RECORDS,523 15TH AVE E,,,,,,19,9,0,2019-06-04,2024-03-08,2023-04-29 to 2023-07-28,NO_PARCEL_RECORD,,,,,,,,,
1,UNKNOWN / NOT IN SALE RECORDS,1203 N ALLEN PL,,,,,,19,9,0,2022-10-31,2025-04-07,2025-01-17 to 2025-04-17,NO_PARCEL_RECORD,,,,,,,,,
1,UNKNOWN / NOT IN SALE RECORDS,536 N 84TH ST,536 N 84TH ST CONDOMINIUM,98103,,,,19,8,0,2021-09-11,2023-05-22,2022-08-09 to 2022-11-07,,,275100,1172900,1448000,,,,,2570430000
1,UNKNOWN / NOT IN SALE RECORDS,2204 SW TRENTON ST,,,,,,19,7,0,2007-03-26,2024-09-29,2024-07-03 to 2024-10-01,NO_PARCEL_RECORD,,,,,,,,,
1,UNKNOWN / NOT IN SALE RECORDS,3424 CLAREMONT AVE S,,,,,,19,7,0,2021-01-14,2025-02-25,2024-10-16 to 2025-01-14,NO_PARCEL_RECORD,,,,,,,,,
1,UNKNOWN / NOT IN SALE RECORDS,206 N 100TH ST,206 N 100TH ST CONDOMINIUM,98133,,,,19,7,0,2021-02-16,2022-05-17,2021-02-16 to 2021-05-17,,,145100,892900,1038000,,,,,8732530000
1,UNKNOWN / NOT IN SALE RECORDS,8409 9TH AVE SW,8409 9TH AVE SW,98106,,,,19,6,0,2006-03-07,2021-09-13,2020-02-04 to 2020-05-04,,,86400,547600,634000,,,,,2285940000
1,UNKNOWN / NOT IN SALE RECORDS,2900 S JUDKINS ST,,98144,,,,19,6,0,2010-05-25,2020-10-25,2019-04-03 to 2019-07-02,,,315000,305000,620000,,,,,567000375
1,UNKNOWN / NOT IN SALE RECORDS,3930 MORSE AVE S,,,,,,19,6,0,2014-03-10,2025-05-16,2019-08-27 to 2019-11-25,NO_PARCEL_RECORD,,,,,,,,,
1,UNKNOWN / NOT IN SALE RECORDS,5000 25TH AVE NE,NORDHEIM CT/ BLAKELEY VILLAGE,98105,,,,19,6,0,2018-11-29,2025-09-30,2021-11-06 to 2022-02-04,,,28182000,52618000,80800000,,,,,925049382
1,UNKNOWN / NOT IN SALE RECORDS,4732 20TH AVE NE,CONGREGATE HOUSING,98105,,,,19,5,0,2003-11-24,2025-10-23,2004-06-02 to 2004-08-31,,,1309800,1910200,3220000,,,,,925049188
1,UNKNOWN / NOT IN SALE RECORDS,918 2ND AVE W,,,,,,19,5,0,2004-01-06,2011-06-10,2009-12-04 to 2010-03-04,NO_PARCEL_RECORD,,,,,,,,,
1,UNKNOWN / NOT IN SALE RECORDS,7700 RAINIER AVE S,Emerald City Commons,98118,,2013,4,19,5,0,2004-06-29,2025-07-14,2004-06-29 to 2004-09-27,,,277400,1476800,1754200,,,,,3565400000
1,UNKNOWN / NOT IN SALE RECORDS,3016 1ST AVE,CENTERVIEW APTS,98121,,,,19,5,0,2004-07-01,2025-03-14,2008-09-04 to 2008-12-03,,,2284800,4491200,6776000,,,,,695000215
1,UNKNOWN / NOT IN SALE RECORDS,918 28TH AVE S,,,,,,19,5,0,2007-08-10,2025-03-05,2025-01-15 to 2025-04-15,NO_PARCEL_RECORD,,,,,,,,,
1,UNKNOWN / NOT IN SALE RECORDS,1014 BOYLSTON AVE,,,,,,19,5,0,2007-09-18,2025-07-09,2022-11-12 to 2023-02-10,NO_PARCEL_RECORD,,,,,,,,,
1,UNKNOWN / NOT IN SALE RECORDS,2525 14TH AVE S,Westview Apartment Homes,98144,,,,19,5,0,2010-12-08,2025-10-29,2022-06-13 to 2022-09-11,,,18913700,14049300,32963000,,,,,570000295
1,UNKNOWN / NOT IN SALE RECORDS,2005 NE 130TH ST,,98125,,,,19,4,0,2004-01-14,2024-09-03,2023-09-08 to 2023-12-07,SUSPICIOUS_IMPR_VALUE_1000,,508000,1000,509000,,,,,2126049247
1,UNKNOWN / NOT IN SALE RECORDS,3924 LINDEN AVE N,,,,,,19,4,0,2004-03-24,2015-03-25,2004-09-08 to 2004-12-07,NO_PARCEL_RECORD,,,,,,,,,
1,UNKNOWN / NOT IN SALE RECORDS,529 20TH AVE,529 20TH AVE CONDOMINIUM,98122,,,,19,4,0,2004-09-10,2022-11-08,2020-06-30 to 2020-09-28,,,329300,850700,1180000,,,,,2570070000
1,UNKNOWN / NOT IN SALE RECORDS,11502 6TH AVE NW,11502 6TH AVE NW,98177,,,,19,4,0,2007-06-14,2025-07-10,2017-03-30 to 2017-06-28,,,658100,875900,1534000,,,,,6391360000
1,UNKNOWN / NOT IN SALE RECORDS,1711 31ST AVE S,,98144,,,,19,4,0,2007-07-17,2014-08-05,2007-07-17 to 2007-10-15,,,388000,405000,793000,,,,,161000040
1,UNKNOWN / NOT IN SALE RECORDS,10430 LAKE CITY WAY NE,,,,,,19,4,0,2009-04-13,2025-06-20,2014-07-08 to 2014-10-06,NO_PARCEL_RECORD,,,,,,,,,
1,UNKNOWN / NOT IN SALE RECORDS,3939 S OTHELLO ST,Orenda Condominium,98118,,2020,7,19,4,0,2021-02-11,2025-09-29,2022-03-28 to 2022-06-26,,,1259900,15545100,16805000,,,,,6404700000
1,UNKNOWN / NOT IN SALE RECORDS,10001 61ST AVE S,,98178,,,,19,3,0,2004-06-16,2025-04-01,2009-07-17 to 2009-10-15,,,388000,200000,588000,,,,,8067000036
1,UNKNOWN / NOT IN SALE RECORDS,2720 3RD AVE,MOSLER LOFTS CONDOMINIUM,98121,,2008,1,19,3,0,2006-01-27,2025-10-04,2023-07-20 to 2023-10-18,,,112800,515400,628200,,,,,5677000000
1,UNKNOWN / NOT IN SALE RECORDS,4129 AURORA AVE N,,,,,,19,3,0,2007-12-20,2021-09-02,2011-10-12 to 2012-01-10,NO_PARCEL_RECORD,,,,,,,,,
1,UNKNOWN / NOT IN SALE RECORDS,4541 9TH AVE NE,,,,,,19,3,0,2008-07-31,2022-10-17,2018-02-28 to 2018-05-29,NO_PARCEL_RECORD,,,,,,,,,
1,UNKNOWN / NOT IN SALE RECORDS,2401 SW HOLDEN ST,,,,,,19,3,0,2008-08-28,2025-09-04,2025-05-27 to 2025-08-25,NO_PARCEL_RECORD,,,,,,,,,
1,UNKNOWN / NOT IN SALE RECORDS,3255 21ST AVE W,,98199,,,,19,3,0,2013-10-14,2025-04-03,2024-07-08 to 2024-10-06,SUSPICIOUS_IMPR_VALUE_1000,,1140000,1000,1141000,,,,,2770601940
1,UNKNOWN / NOT IN SALE RECORDS,14025 23RD AVE NE,14025 23RD AVE NE,98125,,,,18,16,0,2024-10-28,2025-07-15,2025-01-20 to 2025-04-20,,,158600,732400,891000,,,,,6398790000
1,UNKNOWN / NOT IN SALE RECORDS,341 NE 90TH ST,341 NE 90TH ST,98115,,,,18,15,0,2022-09-02,2025-05-05,2023-08-05 to 2023-11-03,,,288400,1155600,1444000,,,,,8637280000
1,UNKNOWN / NOT IN SALE RECORDS,9025 RAVENNA AVE NE,,,,,,18,12,0,2008-10-07,2024-03-18,2023-10-10 to 2024-01-08,NO_PARCEL_RECORD,,,,,,,,,
1,UNKNOWN / NOT IN SALE RECORDS,6220 CORSON AVE S,,,,,,18,11,0,2005-06-10,2025-06-03,2025-05-23 to 2025-08-21,NO_PARCEL_RECORD,,,,,,,,,
1,UNKNOWN / NOT IN SALE RECORDS,820 LENORA ST,STRATUS APARTMENTS,98121,,,,18,10,0,2018-05-29,2025-08-08,2024-03-14 to 2024-06-12,,,25704000,216993000,242697000,,,,,660000545
1,UNKNOWN / NOT IN SALE RECORDS,8655 39TH AVE S,,,,,,18,10,0,2020-01-26,2022-09-30,2020-01-26 to 2020-04-25,NO_PARCEL_RECORD,,,,,,,,,
1,UNKNOWN / NOT IN SALE RECORDS,1036 NE 102ND ST,1036 NE 102ND STREET,98125,,,,18,10,0,2020-06-19,2025-11-07,2020-07-13 to 2020-10-11,,,287100,490900,778000,,,,,8579200000
1,UNKNOWN / NOT IN SALE RECORDS,3028 1ST AVE,,,,,,18,8,0,2018-08-10,2024-08-21,2021-10-26 to 2022-01-24,NO_PARCEL_RECORD,,,,,,,,,
1,UNKNOWN / NOT IN SALE RECORDS,6514 15TH AVE NE,,,,,,18,7,0,2006-05-02,2018-01-03,2014-11-24 to 2015-02-22,NO_PARCEL_RECORD,,,,,,,,,
1,UNKNOWN / NOT IN SALE RECORDS,909 9TH AVE,,,,,,18,7,0,2024-01-09,2025-10-16,2024-01-09 to 2024-04-08,NO_PARCEL_RECORD,,,,,,,,,
1,UNKNOWN / NOT IN SALE RECORDS,801 NW 50TH ST,,,,,,18,6,0,2005-10-06,2020-09-14,2018-07-15 to 2018-10-13,NO_PARCEL_RECORD,,,,,,,,,
1,UNKNOWN / NOT IN SALE RECORDS,1427 3RD AVE,,,,,,18,6,0,2009-12-11,2021-04-22,2019-04-06 to 2019-07-05,NO_PARCEL_RECORD,,,,,,,,,
1,UNKNOWN / NOT IN SALE RECORDS,817 N 50TH ST,,,,,,18,6,0,2018-12-05,2022-11-20,2018-12-05 to 2019-03-05,NO_PARCEL_RECORD,,,,,,,,,
1,UNKNOWN / NOT IN SALE RECORDS,1123 M L KING JR WAY,,,,,,18,5,0,2004-12-08,2017-08-03,2014-09-22 to 2014-12-21,NO_PARCEL_RECORD,,,,,,,,,
1,UNKNOWN / NOT IN SALE RECORDS,3100 PORTAGE BAY PL E,,,,,,18,5,0,2008-01-23,2022-08-17,2021-07-07 to 2021-10-05,NO_PARCEL_RECORD,,,,,,,,,
1,UNKNOWN / NOT IN SALE RECORDS,1405 S BAYVIEW ST,,,,,,18,4,0,2004-03-24,2021-03-03,2019-06-26 to 2019-09-24,NO_PARCEL_RECORD,,,,,,,,,
1,UNKNOWN / NOT IN SALE RECORDS,2302 NE NORTHGATE WAY,,,,,,18,4,0,2004-05-14,2021-08-19,2015-11-25 to 2016-02-23,NO_PARCEL_RECORD,,,,,,,,,
1,UNKNOWN / NOT IN SALE RECORDS,11840 BEACON AVE S,,,,,,18,4,0,2004-10-13,2025-07-25,2021-06-21 to 2021-09-19,NO_PARCEL_RECORD,,,,,,,,,
1,UNKNOWN / NOT IN SALE RECORDS,811 S WARSAW ST,,98108,,,,18,4,0,2004-11-19,2025-02-06,2019-05-29 to 2019-08-27,,,194000,610000,804000,,,,,2734100319
1,UNKNOWN / NOT IN SALE RECORDS,2121 N 45TH ST,THE IRON BULL TAVERN (formerly Goldies),98103,,,,18,4,0,2006-02-07,2025-10-30,2022-11-18 to 2023-02-16,SUSPICIOUS_IMPR_VALUE_1000,,1315300,1000,1316300,,,,,510002340
1,UNKNOWN / NOT IN SALE RECORDS,2014 TERRY AVE,GRAHAM APTS-low income,98121,,,,18,4,0,2008-06-03,2024-02-20,2018-01-30 to 2018-04-30,SUSPICIOUS_IMPR_VALUE_1000,,1478100,1000,1479100,,,,,660001455
1,UNKNOWN / NOT IN SALE RECORDS,901 NW 64TH ST,,,,,,18,4,0,2010-01-11,2022-03-15,2020-01-21 to 2020-04-20,NO_PARCEL_RECORD,,,,,,,,,
1,UNKNOWN / NOT IN SALE RECORDS,6511 35TH AVE SW,Palm Apartments,98126,,,,18,4,0,2010-10-13,2025-06-09,2023-11-30 to 2024-02-28,,,634600,1093400,1728000,,,,,65000015
1,UNKNOWN / NOT IN SALE RECORDS,11050 8TH AVE NE,CEDARVALE HOUSE & VILLAGE,98125,118,1970,7,18,4,0,2011-12-19,2025-01-07,2024-10-09 to 2025-01-07,,,6099900,19436100,25536000,,,,,2926049178
1,UNKNOWN / NOT IN SALE RECORDS,3817 FREMONT AVE N,,,,,,18,4,0,2014-03-20,2025-06-09,2021-01-20 to 2021-04-20,NO_PARCEL_RECORD,,,,,,,,,
1,UNKNOWN / NOT IN SALE RECORDS,120 REPUBLICAN ST,,,,,,18,4,0,2016-01-15,2025-05-14,2021-05-23 to 2021-08-21,NO_PARCEL_RECORD,,,,,,,,,
1,UNKNOWN / NOT IN SALE RECORDS,1617 YALE AVE,EL CAPITAN APTS,98101,,,,18,4,0,2019-09-21,2025-05-12,2022-02-14 to 2022-05-15,,,14336000,4705000,19041000,,,,,660002545
1,UNKNOWN / NOT IN SALE RECORDS,1601 S LANE ST,,,,,,18,4,0,2020-02-14,2025-09-09,2024-08-21 to 2024-11-19,NO_PARCEL_RECORD,,,,,,,,,
1,UNKNOWN / NOT IN SALE RECORDS,4717 22ND AVE NE,SFR - Rooming House,98105,,,,18,3,0,2004-02-19,2025-02-28,2025-01-24 to 2025-04-24,SUSPICIOUS_IMPR_VALUE_1000,,1707400,1000,1708400,,,,,925049263
1,UNKNOWN / NOT IN SALE RECORDS,1601 2ND AVE,TwoPine (formerly Broadacres Building),98101,,1908,10,18,3,0,2004-03-22,2024-05-14,2010-04-15 to 2010-07-14,,,13374300,3269700,16644000,,,,,1117080000
1,UNKNOWN / NOT IN SALE RECORDS,203 24TH AVE E,,,,,,18,3,0,2004-05-19,2023-04-27,2016-05-25 to 2016-08-23,NO_PARCEL_RECORD,,,,,,,,,
1,UNKNOWN / NOT IN SALE RECORDS,4100 SW ALASKA ST,CAPCO PLAZA,98116,,2011,5,18,3,0,2005-05-23,2013-05-16,2006-08-31 to 2006-11-29,,,2504700,13143000,15647700,,,,,1333100000
1,UNKNOWN / NOT IN SALE RECORDS,2204 12TH AVE W,,,,,,18,3,0,2005-07-19,2020-04-13,2017-10-03 to 2018-01-01,NO_PARCEL_RECORD,,,,,,,,,
1,UNKNOWN / NOT IN SALE RECORDS,801 PINE ST,TOWER 801 APARTMENTS,98101,,,,18,3,0,2006-05-31,2025-08-05,2018-12-11 to 2019-03-11,,,16116000,43015000,59131000,,,,,660000900
1,UNKNOWN / NOT IN SALE RECORDS,311 CEDAR ST,Dorian Belltown- formerly the ALTO APARTMENTS,98121,,,,18,3,0,2011-01-04,2025-08-27,2011-01-04 to 2011-04-04,,,11829600,51907400,63737000,,,,,656000400
1,UNKNOWN / NOT IN SALE RECORDS,7031 RAINIER AVE S,,,,,,18,3,0,2011-04-01,2024-11-08,2015-06-12 to 2015-09-10,NO_PARCEL_RECORD,,,,,,,,,
1,UNKNOWN / NOT IN SALE RECORDS,85 PIKE ST,,,,,,18,3,0,2011-04-06,2025-07-16,2023-10-30 to 2024-01-28,NO_PARCEL_RECORD,,,,,,,,,
1,UNKNOWN / NOT IN SALE RECORDS,4204 NE 88TH ST,,98115,,,,18,3,0,2012-11-21,2024-07-23,2023-10-06 to 2024-01-04,,,752000,112000,864000,,,,,5071400665
1,UNKNOWN / NOT IN SALE RECORDS,8558 NESBIT AVE N,BODE 88 APARTMENT,98103,,,,18,3,0,2017-06-19,2025-07-05,2020-11-24 to 2021-02-22,,,3151800,,3151800,,,,,993001655
1,UNKNOWN / NOT IN SALE RECORDS,76 CEDAR ST,,,,,,18,3,0,2019-01-25,2025-05-02,2022-03-13 to 2022-06-11,NO_PARCEL_RECORD,,,,,,,,,
1,UNKNOWN / NOT IN SALE RECORDS,5302 SW GENESEE ST,,98116,,,,18,3,0,2020-02-20,2025-10-16,2020-02-20 to 2020-05-20,,,522000,453000,975000,,,,,142000130
1,UNKNOWN / NOT IN SALE RECORDS,512 12TH AVE E,,,,,,17,14,0,2019-07-11,2025-05-21,2025-03-31 to 2025-06-29,NO_PARCEL_RECORD,,,,,,,,,
1,UNKNOWN / NOT IN SALE RECORDS,4426 A 44TH AVE SW,,,,,,17,11,0,2019-04-04,2025-03-13,2024-11-05 to 2025-02-03,NO_PARCEL_RECORD,,,,,,,,,
1,UNKNOWN / NOT IN SALE RECORDS,4021 44TH AVE SW,4021 44TH AVE SW,98116,,,,17,9,0,2014-03-24,2024-03-13,2023-12-30 to 2024-03-29,,,139900,531100,671000,,,,,2539560000
1,UNKNOWN / NOT IN SALE RECORDS,6534 15TH AVE NE,,,,,,17,8,0,2004-02-04,2012-02-01,2008-04-29 to 2008-07-28,NO_PARCEL_RECORD,,,,,,,,,
1,UNKNOWN / NOT IN SALE RECORDS,11224 35TH AVE SW,,98146,,,,17,8,0,2007-03-08,2025-10-29,2025-07-03 to 2025-10-01,,,452000,332000,784000,,,,,387000015
1,UNKNOWN / NOT IN SALE RECORDS,1202 W DRAVUS ST,,,,,,17,8,0,2010-04-23,2022-12-30,2022-03-01 to 2022-05-30,NO_PARCEL_RECORD,,,,,,,,,
1,UNKNOWN / NOT IN SALE RECORDS,5514 11TH AVE NE,,98105,,,,17,7,0,2004-03-22,2009-03-05,2004-03-22 to 2004-06-20,,,585000,499000,1084000,,,,,69000045
1,UNKNOWN / NOT IN SALE RECORDS,8156 30TH AVE SW,8156 30TH AVE SW,98126,,,,17,7,0,2008-06-04,2024-10-01,2024-07-30 to 2024-10-28,,,321100,461900,783000,,,,,2286040000
1,UNKNOWN / NOT IN SALE RECORDS,2119 RAINIER AVE S,,,,,,17,7,0,2013-07-22,2025-10-03,2025-09-16 to 2025-12-15,NO_PARCEL_RECORD,,,,,,,,,
1,UNKNOWN / NOT IN SALE RECORDS,748 S CLOVERDALE ST,HANES HOUSE CONDOMINIUM,98108,,,,17,6,0,2004-03-03,2025-09-09,2019-10-08 to 2020-01-06,,,47100,133900,181000,,,,,3075000000
1,UNKNOWN / NOT IN SALE RECORDS,1403 NE 65TH ST,,,,,,17,6,0,2004-12-13,2019-01-29,2004-12-13 to 2005-03-13,NO_PARCEL_RECORD,,,,,,,,,
1,UNKNOWN / NOT IN SALE RECORDS,2906 E DENNY WAY,,,,,,17,6,0,2005-12-08,2021-10-20,2020-09-24 to 2020-12-23,NO_PARCEL_RECORD,,,,,,,,,
1,UNKNOWN / NOT IN SALE RECORDS,717 4TH AVE,FOURTH AND COLUMBIA PARKING GARAGE,98104,,,,17,6,0,2008-10-17,2024-01-03,2023-08-31 to 2023-11-29,SUSPICIOUS_IMPR_VALUE_1000,,22848000,1000,22849000,,,,,942000595
1,UNKNOWN / NOT IN SALE RECORDS,1819 NAGLE PL,,,,,,17,6,0,2021-03-29,2025-02-28,2021-03-29 to 2021-06-27,NO_PARCEL_RECORD,,,,,,,,,
1,UNKNOWN / NOT IN SALE RECORDS,2317 S EDDY ST,,98108,,,,17,5,0,2004-01-12,2013-08-19,2006-03-30 to 2006-06-28,,,417000,519000,936000,,,,,555000305
1,UNKNOWN / NOT IN SALE RECORDS,1019 STURGUS AVE S,,,,,,17,5,0,2007-06-21,2020-10-07,2020-08-20 to 2020-11-18,NO_PARCEL_RECORD,,,,,,,,,
1,UNKNOWN / NOT IN SALE RECORDS,5007 37TH AVE S,,,,,,17,5,0,2007-10-26,2024-07-25,2024-06-03 to 2024-09-01,NO_PARCEL_RECORD,,,,,,,,,
1,UNKNOWN / NOT IN SALE RECORDS,7544 43RD AVE S,,,,,,17,5,0,2016-01-19,2023-03-13,2020-05-22 to 2020-08-20,NO_PARCEL_RECORD,,,,,,,,,
1,UNKNOWN / NOT IN SALE RECORDS,6654 CARLETON AVE S,,,,,,17,5,0,2016-08-17,2019-08-06,2018-04-30 to 2018-07-29,NO_PARCEL_RECORD,,,,,,,,,
1,UNKNOWN / NOT IN SALE RECORDS,11503 6TH AVE NW,,,,,,17,5,0,2017-06-07,2025-10-08,2024-03-01 to 2024-05-30,NO_PARCEL_RECORD,,,,,,,,,
1,UNKNOWN / NOT IN SALE RECORDS,4710 40TH AVE SW,,,,,,17,5,0,2019-01-30,2025-11-05,2023-03-31 to 2023-06-29,NO_PARCEL_RECORD,,,,,,,,,
1,UNKNOWN / NOT IN SALE RECORDS,910 8TH AVE,,,,,,17,5,0,2020-01-12,2025-06-30,2023-12-19 to 2024-03-18,NO_PARCEL_RECORD,,,,,,,,,
1,UNKNOWN / NOT IN SALE RECORDS,329 23RD AVE S,,,,,,17,5,0,2020-11-04,2025-05-17,2023-05-19 to 2023-08-17,NO_PARCEL_RECORD,,,,,,,,,
1,UNKNOWN / NOT IN SALE RECORDS,8447 DELRIDGE WAY SW,,,,,,17,4,0,2004-06-17,2023-08-22,2008-11-26 to 2009-02-24,NO_PARCEL_RECORD,,,,,,,,,
1,UNKNOWN / NOT IN SALE RECORDS,2333 W NEWTON ST,Duplex,98199,,,,17,4,0,2006-08-22,2024-09-04,2006-08-22 to 2006-11-20,SUSPICIOUS_IMPR_VALUE_1000,,846000,1000,847000,,,,,2771604380
1,UNKNOWN / NOT IN SALE RECORDS,6609 SW ADMIRAL WAY,SOUNDCREST APTS,98116,,,,17,4,0,2007-04-23,2025-07-30,2025-05-13 to 2025-08-11,,,2310300,4674700,6985000,,,,,148000335
1,UNKNOWN / NOT IN SALE RECORDS,8835 ASHWORTH AVE N,,98103,,,,17,4,0,2011-06-08,2024-10-31,2023-07-19 to 2023-10-17,,,518000,51000,569000,,,,,993000015
1,UNKNOWN / NOT IN SALE RECORDS,6200 RAINIER AVE S,,98118,,,,17,4,0,2014-11-24,2022-05-18,2019-06-07 to 2019-09-05,,,382000,554000,936000,,,,,883000055
1,UNKNOWN / NOT IN SALE RECORDS,1280 HARRISON ST,,,,,,17,4,0,2016-10-28,2025-03-25,2020-08-26 to 2020-11-24,NO_PARCEL_RECORD,,,,,,,,,
1,UNKNOWN / NOT IN SALE RECORDS,9016 18TH AVE SW,,,,,,17,4,0,2017-08-18,2023-06-14,2021-05-05 to 2021-08-03,NO_PARCEL_RECORD,,,,,,,,,
1,UNKNOWN / NOT IN SALE RECORDS,103 VINE ST,,,,,,17,4,0,2019-03-01,2025-07-14,2024-07-11 to 2024-10-09,NO_PARCEL_RECORD,,,,,,,,,
1,UNKNOWN / NOT IN SALE RECORDS,2300 8TH AVE,,,,,,17,4,0,2019-06-26,2025-10-16,2020-09-21 to 2020-12-20,NO_PARCEL_RECORD,,,,,,,,,
1,UNKNOWN / NOT IN SALE RECORDS,2415 S HOLGATE ST,,,,,,17,3,0,2005-05-03,2013-09-05,2007-07-19 to 2007-10-17,NO_PARCEL_RECORD,,,,,,,,,
1,UNKNOWN / NOT IN SALE RECORDS,2200 NE 88TH ST,,,,,,17,3,0,2005-05-18,2018-05-02,2012-10-24 to 2013-01-22,NO_PARCEL_RECORD,,,,,,,,,
1,UNKNOWN / NOT IN SALE RECORDS,901 6TH AVE,DOVER APTS,98104,,,,17,3,0,2005-09-23,2025-10-04,2025-08-25 to 2025-11-23,,,8520000,6885000,15405000,,,,,942000460
1,UNKNOWN / NOT IN SALE RECORDS,6202 52ND AVE NE,,,,,,17,3,0,2006-03-21,2020-03-11,2017-06-15 to 2017-09-13,NO_PARCEL_RECORD,,,,,,,,,
1,UNKNOWN / NOT IN SALE RECORDS,758 N 72ND ST,,,,,,17,3,0,2006-07-28,2022-11-20,2006-07-28 to 2006-10-26,NO_PARCEL_RECORD,,,,,,,,,
1,UNKNOWN / NOT IN SALE RECORDS,1315 14TH AVE S,,,,,,17,3,0,2006-10-04,2022-06-06,2017-10-06 to 2018-01-04,NO_PARCEL_RECORD,,,,,,,,,
1,UNKNOWN / NOT IN SALE RECORDS,2755 E YESLER WAY,,98122,,,,17,3,0,2008-08-04,2021-04-28,2019-08-05 to 2019-11-03,SUSPICIOUS_IMPR_VALUE_1000,,1068000,1000,1069000,,,,,7600199
1,UNKNOWN / NOT IN SALE RECORDS,1212 QUEEN ANNE AVE N,QUEEN ANNE HEIGHTS-SHA,98109,53,1970,9,17,3,0,2008-11-12,2025-09-16,2025-08-25 to 2025-11-23,,,4625000,8024000,12649000,,,,,1731800620
1,UNKNOWN / NOT IN SALE RECORDS,2020 TERRY AVE,TERRY AVENUE HOUSING-low income,98121,,,,17,3,0,2008-12-02,2025-10-20,2025-09-04 to 2025-12-03,SUSPICIOUS_IMPR_VALUE_1000,,15629900,1000,15630900,,,,,660001460
1,UNKNOWN / NOT IN SALE RECORDS,607 EASTLAKE AVE E,,,,,,17,3,0,2009-11-10,2024-09-27,2021-10-08 to 2022-01-06,NO_PARCEL_RECORD,,,,,,,,,
1,UNKNOWN / NOT IN SALE RECORDS,4533 9TH AVE NE,,,,,,17,3,0,2010-02-10,2021-10-05,2017-07-13 to 2017-10-11,NO_PARCEL_RECORD,,,,,,,,,
1,UNKNOWN / NOT IN SALE RECORDS,94 BAY ST,Plymouth Place-low income,98121,,,,17,3,0,2010-05-20,2025-10-08,2025-02-07 to 2025-05-08,,,5026600,20400,5047000,,,,,695000180
1,UNKNOWN / NOT IN SALE RECORDS,7705 RAINIER AVE S,,,,,,17,3,0,2011-09-13,2025-10-09,2022-08-05 to 2022-11-03,NO_PARCEL_RECORD,,,,,,,,,
1,UNKNOWN / NOT IN SALE RECORDS,4100 SW EDMUNDS ST,,,,,,17,3,0,2014-05-13,2025-09-24,2014-10-20 to 2015-01-18,NO_PARCEL_RECORD,,,,,,,,,
1,UNKNOWN / NOT IN SALE RECORDS,525 NE NORTHGATE WAY,525 AT THE ENCLAVE (MIXED-USE),98125,,2014,5,17,3,0,2014-12-04,2025-09-14,2025-04-29 to 2025-07-28,,,1984100,9114400,11098500,,,,,2569970000
1,UNKNOWN / NOT IN SALE RECORDS,8600 25TH AVE SW,Westwood Park Villa,98106,,,,17,3,0,2015-10-15,2024-08-01,2016-12-27 to 2017-03-27,,,2766000,7329000,10095000,,,,,880000055
1,UNKNOWN / NOT IN SALE RECORDS,201 TAYLOR AVE N,,,,,,16,11,0,2022-04-19,2023-07-21,2022-04-19 to 2022-07-18,NO_PARCEL_RECORD,,,,,,,,,
1,UNKNOWN / NOT IN SALE RECORDS,580 GALER ST,,,,,,16,11,0,2024-04-03,2025-10-17,2025-01-23 to 2025-04-23,NO_PARCEL_RECORD,,,,,,,,,
1,UNKNOWN / NOT IN SALE RECORDS,8316 MARY AVE NW,,,,,,16,10,0,2024-10-28,2025-06-10,2025-01-03 to 2025-04-03,NO_PARCEL_RECORD,,,,,,,,,
1,UNKNOWN / NOT IN SALE RECORDS,4817 DELRIDGE WAY SW,,,,,,16,9,0,2004-01-14,2023-08-23,2004-01-14 to 2004-04-13,NO_PARCEL_RECORD,,,,,,,,,
1,UNKNOWN / NOT IN SALE RECORDS,1613 2ND AVE,,,,,,16,9,0,2010-08-17,2022-08-17,2018-11-16 to 2019-02-14,NO_PARCEL_RECORD,,,,,,,,,
1,UNKNOWN / NOT IN SALE RECORDS,2627 13TH AVE W,,,,,,16,9,0,2016-08-19,2025-10-14,2025-07-12 to 2025-10-10,NO_PARCEL_RECORD,,,,,,,,,
1,UNKNOWN / NOT IN SALE RECORDS,7121 R DELRIDGE WAY SW,,,,,,16,9,0,2022-08-16,2025-06-02,2022-08-16 to 2022-11-14,NO_PARCEL_RECORD,,,,,,,,,
1,UNKNOWN / NOT IN SALE RECORDS,3819 LETITIA AVE S,3819 LETITIA,98118,,,,16,9,0,2023-07-25,2025-10-21,2023-10-23 to 2024-01-21,,,56200,497800,554000,,,,,8607130000
1,UNKNOWN / NOT IN SALE RECORDS,2904 NW 80TH ST,,,,,,16,8,0,2016-09-20,2024-06-21,2019-09-11 to 2019-12-10,NO_PARCEL_RECORD,,,,,,,,,
1,UNKNOWN / NOT IN SALE RECORDS,12317 15TH AVE NE,VILLA FLORA APTS,98125,,,,16,7,0,2007-02-22,2025-07-07,2024-08-19 to 2024-11-17,,,2499000,8982000,11481000,,,,,820000038
1,UNKNOWN / NOT IN SALE RECORDS,7718 35TH AVE SW,,,,,,16,7,0,2015-07-31,2018-03-06,2017-09-14 to 2017-12-13,NO_PARCEL_RECORD,,,,,,,,,
1,UNKNOWN / NOT IN SALE RECORDS,1370 STEWART ST,,,,,,16,7,0,2019-03-18,2024-11-04,2024-08-08 to 2024-11-06,NO_PARCEL_RECORD,,,,,,,,,
1,UNKNOWN / NOT IN SALE RECORDS,1318 NE 65TH ST,,,,,,16,6,0,2005-03-15,2012-12-12,2008-07-29 to 2008-10-27,NO_PARCEL_RECORD,,,,,,,,,
1,UNKNOWN / NOT IN SALE RECORDS,633 35TH AVE,,98122,,,,16,6,0,2007-12-07,2025-05-16,2025-03-13 to 2025-06-11,SUSPICIOUS_IMPR_VALUE_1000,,1136000,1000,1137000,,,,,345000005
1,UNKNOWN / NOT IN SALE RECORDS,1601 E JEFFERSON ST,1601 E JEFFERSON ST,98122,,,,16,6,0,2008-09-04,2021-09-28,2018-07-16 to 2018-10-14,,,142700,866300,1009000,,,,,7802990000
1,UNKNOWN / NOT IN SALE RECORDS,923 N 105TH ST,,,,,,16,6,0,2008-09-22,2021-10-13,2019-11-16 to 2020-02-14,NO_PARCEL_RECORD,,,,,,,,,
1,UNKNOWN / NOT IN SALE RECORDS,910 29TH AVE,,,,,,16,6,0,2021-01-05,2024-11-12,2021-10-16 to 2022-01-14,NO_PARCEL_RECORD,,,,,,,,,
1,UNKNOWN / NOT IN SALE RECORDS,1214 8TH AVE,,,,,,16,5,0,2004-03-05,2025-04-17,2006-09-20 to 2006-12-19,NO_PARCEL_RECORD,,,,,,,,,
1,UNKNOWN / NOT IN SALE RECORDS,3855 BEACH DR SW,12 UNIT APT,98116,,,,16,5,0,2004-06-17,2025-10-17,2014-12-09 to 2015-03-09,,,2587700,1430300,4018000,,,,,78000035
1,UNKNOWN / NOT IN SALE RECORDS,8124 RAINIER AVE S,ROSE STREET APARTMENTS,98118,,2010,4,16,5,0,2005-05-26,2025-07-01,2022-01-21 to 2022-04-21,,,2702600,7174400,9877000,,,,,7422000000
1,UNKNOWN / NOT IN SALE RECORDS,1300 NE 65TH ST,,,,,,16,5,0,2005-07-05,2020-11-04,2005-07-05 to 2005-10-03,NO_PARCEL_RECORD,,,,,,,,,
1,UNKNOWN / NOT IN SALE RECORDS,109 M L KING JR WAY E,,,,,,16,5,0,2005-07-27,2007-10-12,2005-11-06 to 2006-02-04,NO_PARCEL_RECORD,,,,,,,,,
1,UNKNOWN / NOT IN SALE RECORDS,840 POPLAR PL S,,,,,,16,5,0,2005-10-07,2014-10-20,2014-08-12 to 2014-11-10,NO_PARCEL_RECORD,,,,,,,,,
1,UNKNOWN / NOT IN SALE RECORDS,5052 RENTON AVE S,,,,,,16,5,0,2005-12-30,2023-05-09,2018-07-10 to 2018-10-08,NO_PARCEL_RECORD,,,,,,,,,
1,UNKNOWN / NOT IN SALE RECORDS,2601 ELLIOTT AVE,2601 ELLIOTT (SEATTLE TRADE AND TECHNOLOGY CENTER),98121,,,,16,5,0,2006-03-17,2023-06-03,2018-08-06 to 2018-11-04,SUSPICIOUS_IMPR_VALUE_1000,,42869700,1000,42870700,,,,,653000250
1,UNKNOWN / NOT IN SALE RECORDS,12705 35TH AVE NE,,,,,,16,5,0,2007-04-25,2025-10-23,2025-07-28 to 2025-10-26,NO_PARCEL_RECORD,,,,,,,,,
1,UNKNOWN / NOT IN SALE RECORDS,800 YAKIMA AVE S,,98144,,,,16,5,0,2007-06-04,2010-07-12,2008-09-09 to 2008-12-08,,,386000,652000,1038000,,,,,567000100
1,UNKNOWN / NOT IN SALE RECORDS,1206 NE 50TH ST,,,,,,16,5,0,2007-07-13,2018-09-19,2013-03-22 to 2013-06-20,NO_PARCEL_RECORD,,,,,,,,,
1,UNKNOWN / NOT IN SALE RECORDS,6056 M L KING JR WAY S,,,,,,16,5,0,2007-08-27,2025-07-15,2025-06-17 to 2025-09-15,NO_PARCEL_RECORD,,,,,,,,,
1,UNKNOWN / NOT IN SALE RECORDS,307 NE THORNTON PL,,,,,,16,5,0,2015-07-08,2025-08-28,2025-07-03 to 2025-10-01,NO_PARCEL_RECORD,,,,,,,,,
1,UNKNOWN / NOT IN SALE RECORDS,3623 27TH AVE S,,,,,,16,5,0,2017-06-26,2025-03-05,2023-08-08 to 2023-11-06,NO_PARCEL_RECORD,,,,,,,,,
1,UNKNOWN / NOT IN SALE RECORDS,750 11TH AVE E,750 ON THE HILL CONDOMINIUM,98102,,,,16,5,0,2018-01-09,2023-06-15,2018-07-12 to 2018-10-10,,,71200,229800,301000,,,,,7697990000
1,UNKNOWN / NOT IN SALE RECORDS,111 FAIRVIEW AVE N,,,,,,16,5,0,2022-08-28,2025-10-09,2022-12-09 to 2023-03-09,NO_PARCEL_RECORD,,,,,,,,,
1,UNKNOWN / NOT IN SALE RECORDS,801 M L KING JR WAY,,,,,,16,4,0,2004-03-09,2025-06-02,2004-03-09 to 2004-06-07,NO_PARCEL_RECORD,,,,,,,,,
1,UNKNOWN / NOT IN SALE RECORDS,3920 STONE WAY N,Prescott Wallingford,98103,,2011,6,16,4,0,2004-06-30,2025-10-12,2012-04-04 to 2012-07-03,,,9984000,31046700,41030700,,,,,8029850000
1,UNKNOWN / NOT IN SALE RECORDS,339 16TH AVE E,,,,,,16,4,0,2006-01-24,2017-05-04,2014-02-20 to 2014-05-21,NO_PARCEL_RECORD,,,,,,,,,
1,UNKNOWN / NOT IN SALE RECORDS,155 23RD AVE,,,,,,16,4,0,2006-03-27,2025-10-15,2025-08-26 to 2025-11-24,NO_PARCEL_RECORD,,,,,,,,,
1,UNKNOWN / NOT IN SALE RECORDS,2364 W HOWE ST,,98199,,,,16,4,0,2006-04-06,2020-09-23,2010-10-25 to 2011-01-23,SUSPICIOUS_IMPR_VALUE_1000,,638000,1000,639000,,,,,2771604820
1,UNKNOWN / NOT IN SALE RECORDS,11425 69TH PL S,,98178,,,,16,4,0,2006-08-17,2024-12-26,2024-12-19 to 2025-03-19,,,310000,1000,311000,,,,,4060000125
1,UNKNOWN / NOT IN SALE RECORDS,4544 7TH AVE NE,HOUSING AUTHORITY,98105,96,1971,10,16,4,0,2007-04-06,2023-10-26,2023-04-27 to 2023-07-26,,,8228300,16833700,25062000,,,,,8812400315
1,UNKNOWN / NOT IN SALE RECORDS,2727 FAIRVIEW AVE E,DNR LEASE 20-010009 (HAMLIN),98102,,,,16,4,0,2009-07-15,2025-07-02,2012-11-01 to 2013-01-30,,,6452500,,6452500,,,,,4088802081
1,UNKNOWN / NOT IN SALE RECORDS,8839 MIDVALE AVE N,,,,,,16,4,0,2009-12-22,2019-12-09,2018-08-08 to 2018-11-06,NO_PARCEL_RECORD,,,,,,,,,
1,UNKNOWN / NOT IN SALE RECORDS,400 MELROSE AVE E,SAHALI CONDOMINIUM,98102,,,,16,4,0,2010-11-17,2025-07-25,2020-05-06 to 2020-08-04,,,211400,329600,541000,,,,,7504440000
1,UNKNOWN / NOT IN SALE RECORDS,323 QUEEN ANNE AVE N,ATHENA CONDOMINIUM,98109,,,,16,4,0,2011-12-14,2024-03-28,2018-02-09 to 2018-05-10,,,79700,176300,256000,,,,,294200000
1,UNKNOWN / NOT IN SALE RECORDS,121 12TH AVE E,EDISON CAPHILL CONDOMINIUM,98102,,,,16,4,0,2015-01-14,2024-09-14,2015-07-20 to 2015-10-18,,,150700,170300,321000,,,,,2268700000
1,UNKNOWN / NOT IN SALE RECORDS,2401 3RD AVE,O2 APARTMENTS,98121,,,,16,4,0,2016-09-21,2024-11-14,2023-02-17 to 2023-05-18,,,8268000,43721000,51989000,,,,,656000215
1,UNKNOWN / NOT IN SALE RECORDS,2202 8TH AVE,MCKENZIE,98121,,,,16,4,0,2019-01-24,2025-10-30,2023-10-02 to 2023-12-31,,,28620000,195934000,224554000,,,,,660000405
1,UNKNOWN / NOT IN SALE RECORDS,4220 S OTHELLO ST,,,,,,16,4,0,2021-10-01,2025-09-11,2025-06-16 to 2025-09-14,NO_PARCEL_RECORD,,,,,,,,,
1,UNKNOWN / NOT IN SALE RECORDS,2321 FRANKLIN AVE E,,,,,,16,3,0,2004-04-13,2015-02-05,2013-04-22 to 2013-07-21,NO_PARCEL_RECORD,,,,,,,,,
1,UNKNOWN / NOT IN SALE RECORDS,5231 RAINIER AVE S,,,,,,16,3,0,2004-06-15,2025-09-04,2021-05-24 to 2021-08-22,NO_PARCEL_RECORD,,,,,,,,,
1,UNKNOWN / NOT IN SALE RECORDS,2216 18TH AVE S,BEACON VISTA OWNERS ASSOCIATION,98144,,,,16,3,0,2004-07-15,2025-09-12,2013-06-27 to 2013-09-25,,,117100,523900,641000,,,,,613410000
1,UNKNOWN / NOT IN SALE RECORDS,6511 16TH AVE NE,,,,,,16,3,0,2005-11-16,2015-04-13,2007-11-02 to 2008-01-31,NO_PARCEL_RECORD,,,,,,,,,
1,UNKNOWN / NOT IN SALE RECORDS,4117 AURORA AVE N,,,,,,16,3,0,2007-12-12,2024-05-15,2007-12-12 to 2008-03-11,NO_PARCEL_RECORD,,,,,,,,,
1,UNKNOWN / NOT IN SALE RECORDS,2601 NW 57TH ST,,,,,,16,3,0,2007-01-09,2021-10-18,2019-03-08 to 2019-06-06,NO_PARCEL_RECORD,,,,,,,,,
1,UNKNOWN / NOT IN SALE RECORDS,358 NW 85TH ST,STUDIO 85TH,98117,,,,16,3,0,2008-02-18,2024-03-19,2009-07-06 to 2009-10-04,,,1078600,3141400,4220000,,,,,945000590
1,UNKNOWN / NOT IN SALE RECORDS,505 BELMONT AVE E,LAMPLIGHTER THE CONDOMINIUM,98102,,,,16,3,0,2010-02-16,2025-08-14,2010-12-22 to 2011-03-22,NAMED_INSPECTOR,,99300,331700,431000,,,,,4176500000
1,UNKNOWN / NOT IN SALE RECORDS,13520 LINDEN AVE N,,,,,,16,3,0,2011-11-16,2025-05-21,2024-04-23 to 2024-07-22,NO_PARCEL_RECORD,,,,,,,,,
1,UNKNOWN / NOT IN SALE RECORDS,2518 6TH AVE N,,,,,,16,3,0,2012-06-22,2024-09-26,2013-06-05 to 2013-09-03,NO_PARCEL_RECORD,,,,,,,,,
1,UNKNOWN / NOT IN SALE RECORDS,4825 S MYRTLE ST,,,,,,16,3,0,2015-08-28,2025-07-02,2017-09-08 to 2017-12-07,NO_PARCEL_RECORD,,,,,,,,,
1,UNKNOWN / NOT IN SALE RECORDS,4700 12TH AVE NE,UNIVERSITY HOUSE,98105,102,1971,11,16,3,0,2015-11-25,2025-06-30,2023-08-17 to 2023-11-15,,,12621000,10835000,23456000,,,,,6746700055
1,UNKNOWN / NOT IN SALE RECORDS,318 1ST AVE S,,,,,,16,3,0,2018-04-19,2024-06-25,2019-08-02 to 2019-10-31,NO_PARCEL_RECORD,,,,,,,,,
1,UNKNOWN / NOT IN SALE RECORDS,4715 25TH AVE NE,ARISTA RESIDENCES - PRIMARY,98105,,,,16,3,0,2019-10-16,2025-10-24,2025-10-02 to 2025-12-31,,,10941000,80997000,91938000,,,,,925049070
1,UNKNOWN / NOT IN SALE RECORDS,2301 S JACKSON ST,,,,,,15,8,0,2011-05-10,2020-08-08,2020-06-12 to 2020-09-10,NO_PARCEL_RECORD,,,,,,,,,
1,UNKNOWN / NOT IN SALE RECORDS,1420 TERRY AVE,MERIDIAN,98101,,2002,1,15,8,0,2018-05-09,2025-04-10,2023-11-02 to 2024-01-31,,,36200,354800,391000,,,,,5464100000
1,UNKNOWN / NOT IN SALE RECORDS,216 10TH AVE E,,,,,,15,7,0,2011-02-10,2021-01-21,2019-09-05 to 2019-12-04,NO_PARCEL_RECORD,,,,,,,,,
1,UNKNOWN / NOT IN SALE RECORDS,518 FEDERAL AVE E,,,,,,15,7,0,2018-11-16,2024-03-13,2023-06-15 to 2023-09-13,NO_PARCEL_RECORD,,,,,,,,,
1,UNKNOWN / NOT IN SALE RECORDS,2300 S MASSACHUSETTS ST,URBAN LEAGUE VILLAGE,98144,,1900,3,15,6,0,2006-09-13,2025-03-05,2020-11-03 to 2021-02-01,,,3450800,2482290,5933090,,,,,8847700000
1,UNKNOWN / NOT IN SALE RECORDS,7330 15TH AVE NW,LITTLE HOUSE ANTIQUES,98117,,,,15,6,0,2012-11-27,2023-08-15,2020-10-12 to 2021-01-10,SUSPICIOUS_IMPR_VALUE_1000,,1368500,1000,1369500,,,,,461002765
1,UNKNOWN / NOT IN SALE RECORDS,5408 26TH AVE NE,,,,,,15,6,0,2017-05-16,2025-10-12,2017-05-16 to 2017-08-14,NO_PARCEL_RECORD,,,,,,,,,
1,UNKNOWN / NOT IN SALE RECORDS,4144 UNIVERSITY WAY NE,,,,,,15,6,0,2018-04-20,2025-04-10,2023-04-01 to 2023-06-30,NO_PARCEL_RECORD,,,,,,,,,
1,UNKNOWN / NOT IN SALE RECORDS,605 FEDERAL AVE E,,,,,,15,6,0,2019-12-17,2021-06-18,2020-05-06 to 2020-08-04,NO_PARCEL_RECORD,,,,,,,,,
1,UNKNOWN / NOT IN SALE RECORDS,10535 INTERLAKE AVE N,,98133,,,,15,5,0,2004-01-27,2025-07-17,2016-03-30 to 2016-06-28,SUSPICIOUS_IMPR_VALUE_1000,,601000,1000,602000,,,,,6300000395
1,UNKNOWN / NOT IN SALE RECORDS,304 16TH AVE E,,,,,,15,5,0,2005-05-31,2015-09-21,2015-05-27 to 2015-08-25,NO_PARCEL_RECORD,,,,,,,,,
1,UNKNOWN / NOT IN SALE RECORDS,14038 PALATINE AVE N,,98133,,,,15,5,0,2005-12-30,2011-06-07,2010-07-20 to 2010-10-18,,,585000,699000,1284000,,,,,748000085
1,UNKNOWN / NOT IN SALE RECORDS,3613 2ND AVE NW,,,,,,15,5,0,2006-04-20,2017-01-24,2006-04-20 to 2006-07-19,NO_PARCEL_RECORD,,,,,,,,,
1,UNKNOWN / NOT IN SALE RECORDS,4702 FREMONT AVE N,,,,,,15,5,0,2007-02-20,2019-09-09,2009-07-06 to 2009-10-04,NO_PARCEL_RECORD,,,,,,,,,
1,UNKNOWN / NOT IN SALE RECORDS,2314 E SPRING ST,,,,,,15,5,0,2008-08-11,2017-02-27,2016-12-12 to 2017-03-12,NO_PARCEL_RECORD,,,,,,,,,
1,UNKNOWN / NOT IN SALE RECORDS,717 BELMONT PL E,,,,,,15,5,0,2010-04-15,2023-02-21,2021-05-30 to 2021-08-28,NO_PARCEL_RECORD,,,,,,,,,
1,UNKNOWN / NOT IN SALE RECORDS,937 N 96TH ST,CLEMENT PLACE,98103,,,,15,5,0,2020-04-30,2025-10-20,2022-06-01 to 2022-08-30,,,2025000,15393000,17418000,,,,,263000015
1,UNKNOWN / NOT IN SALE RECORDS,1405 24TH AVE,,,,,,15,5,0,2021-04-08,2025-02-26,2024-11-16 to 2025-02-14,NO_PARCEL_RECORD,,,,,,,,,
1,UNKNOWN / NOT IN SALE RECORDS,4827 S GRAHAM ST,,98118,,,,15,4,0,2005-05-03,2016-02-29,2010-05-10 to 2010-08-08,,,467000,230000,697000,,,,,1105000050
1,UNKNOWN / NOT IN SALE RECORDS,14004 3RD AVE NW,,,,,,15,4,0,2005-05-10,2014-07-01,2005-05-10 to 2005-08-08,NO_PARCEL_RECORD,,,,,,,,,
1,UNKNOWN / NOT IN SALE RECORDS,3821 24TH AVE W,,98199,,,,15,4,0,2005-09-08,2016-12-13,2008-06-19 to 2008-09-17,,,694000,361000,1055000,,,,,369000960
1,UNKNOWN / NOT IN SALE RECORDS,3857 25TH AVE W,,98199,,,,15,4,0,2005-10-14,2025-07-01,2022-01-14 to 2022-04-14,SUSPICIOUS_IMPR_VALUE_1000,,890000,1000,891000,,,,,369000640
1,UNKNOWN / NOT IN SALE RECORDS,1250 DENNY WAY,,,,,,15,4,0,2006-10-17,2019-11-05,2017-03-15 to 2017-06-13,NO_PARCEL_RECORD,,,,,,,,,
1,UNKNOWN / NOT IN SALE RECORDS,10501 8TH AVE NE,NORTHGATE VILLA CONDOMINIUM,98125,,,,15,4,0,2008-03-10,2025-06-23,2023-02-01 to 2023-05-02,,,120600,234400,355000,,,,,6174300000
1,UNKNOWN / NOT IN SALE RECORDS,9222 DELRIDGE WAY SW,,,,,,15,4,0,2010-04-12,2018-11-05,2015-02-23 to 2015-05-24,NO_PARCEL_RECORD,,,,,,,,,
1,UNKNOWN / NOT IN SALE RECORDS,1231 E SPRUCE ST,,,,,,15,4,0,2014-09-17,2025-01-22,2019-10-23 to 2020-01-21,NO_PARCEL_RECORD,,,,,,,,,
1,UNKNOWN / NOT IN SALE RECORDS,1006 S DONOVAN ST,,,,,,15,4,0,2016-01-20,2019-12-03,2016-01-20 to 2016-04-19,NO_PARCEL_RECORD,,,,,,,,,
1,UNKNOWN / NOT IN SALE RECORDS,2706 WESTLAKE AVE N,,,,,,15,4,0,2017-05-18,2025-08-28,2024-09-05 to 2024-12-04,NO_PARCEL_RECORD,,,,,,,,,
1,UNKNOWN / NOT IN SALE RECORDS,2014 FAIRVIEW AVE,REN at Denny Centre,98121,,,,15,4,0,2017-06-15,2025-10-27,2023-10-29 to 2024-01-27,,,38250000,217496000,255746000,,,,,660002230
1,UNKNOWN / NOT IN SALE RECORDS,417 8TH AVE S,UNCLE BOB'S PLACE CONDOMINIUM-50% AMI,98104,,2023,8,15,4,0,2023-08-10,2025-04-16,2023-08-10 to 2023-11-08,,,118000,219100,337100,,,,,8801750000
1,UNKNOWN / NOT IN SALE RECORDS,6311 FAUNTLEROY WAY SW,,,,,,15,3,0,2004-06-04,2024-07-23,2024-06-11 to 2024-09-09,NO_PARCEL_RECORD,,,,,,,,,
1,UNKNOWN / NOT IN SALE RECORDS,4427 49TH AVE S,,98118,,,,15,3,0,2004-06-16,2023-07-13,2016-06-01 to 2016-08-30,,,498000,105000,603000,,,,,4154303470
1,UNKNOWN / NOT IN SALE RECORDS,2800 WESTERN AVE,Wes on Western-AVA BELLTOWN APTS,98121,,,,15,3,0,2005-06-06,2025-09-20,2019-04-12 to 2019-07-11,,,18687500,15312500,34000000,,,,,653000520
1,UNKNOWN / NOT IN SALE RECORDS,1270 ALKI AVE SW,,98116,,,,15,3,0,2005-07-28,2025-08-25,2005-07-28 to 2005-10-26,SUSPICIOUS_IMPR_VALUE_1000,,2931000,1000,2932000,,,,,3867400165
1,UNKNOWN / NOT IN SALE RECORDS,7047 EAST MARGINAL WAY S,,,,,,15,3,0,2005-09-07,2021-11-04,2014-03-03 to 2014-06-01,NO_PARCEL_RECORD | NAMED_INSPECTOR,,,,,,,,,
1,UNKNOWN / NOT IN SALE RECORDS,13524 LINDEN AVE N,,,,,,15,3,0,2006-02-09,2020-08-25,2008-12-08 to 2009-03-08,NO_PARCEL_RECORD,,,,,,,,,
1,UNKNOWN / NOT IN SALE RECORDS,4303 7TH AVE NE,,,,,,15,3,0,2006-05-11,2023-07-21,2019-01-15 to 2019-04-15,NO_PARCEL_RECORD,,,,,,,,,
1,UNKNOWN / NOT IN SALE RECORDS,231 BELMONT AVE E,BELMONT LOFTS,98102,,,,15,3,0,2007-01-03,2023-09-06,2007-04-12 to 2007-07-11,,,110200,211800,322000,,,,,704600000
1,UNKNOWN / NOT IN SALE RECORDS,10321 MERIDIAN AVE N,Arabelle Apartments,98133,44,1988,4,15,3,0,2007-04-02,2025-03-26,2007-04-02 to 2007-07-01,,,2745700,6844300,9590000,,,,,5464300051
1,UNKNOWN / NOT IN SALE RECORDS,830 16TH AVE,,,,,,15,3,0,2007-08-16,2017-03-06,2017-02-07 to 2017-05-08,NO_PARCEL_RECORD,,,,,,,,,
1,UNKNOWN / NOT IN SALE RECORDS,8558 18TH AVE NW,,,,,,15,3,0,2009-06-02,2019-07-30,2019-05-20 to 2019-08-18,NO_PARCEL_RECORD,,,,,,,,,
1,UNKNOWN / NOT IN SALE RECORDS,4550 38TH AVE SW,Link Apartments (Imps on 7715),98126,,,,15,3,0,2010-10-11,2025-08-15,2023-04-20 to 2023-07-19,,,1327700,,1327700,,,,,952007695
1,UNKNOWN / NOT IN SALE RECORDS,1213 E SHELBY ST,DNR LEASE # 20-013415 (SHELBY GROUP),98102,,,,15,3,0,2010-01-12,2024-02-06,2015-08-05 to 2015-11-03,,,5920000,,5920000,,,,,4088800556
1,UNKNOWN / NOT IN SALE RECORDS,4425 CORLISS AVE N,FV SFR,98103,,,,15,3,0,2012-12-12,2024-07-24,2012-12-12 to 2013-03-12,SUSPICIOUS_IMPR_VALUE_1000,,1410700,1000,1411700,,,,,510002185
1,UNKNOWN / NOT IN SALE RECORDS,2921 S AUSTIN ST,,,,,,15,3,0,2013-11-20,2021-10-12,2020-02-11 to 2020-05-11,NO_PARCEL_RECORD,,,,,,,,,
1,UNKNOWN / NOT IN SALE RECORDS,204 3RD AVE S,,,,,,15,3,0,2013-12-06,2025-01-23,2023-01-31 to 2023-05-01,NO_PARCEL_RECORD,,,,,,,,,
1,UNKNOWN / NOT IN SALE RECORDS,820 YESLER WAY,RAVEN TERRACE-SHA,98104,83,2015,6,15,3,0,2014-03-05,2023-12-07,2016-12-02 to 2017-03-02,,,6875700,18550300,25426000,,,,,9822000070
1,UNKNOWN / NOT IN SALE RECORDS,4206 7TH AVE NE,,,,,,15,3,0,2015-06-24,2025-03-13,2021-01-12 to 2021-04-12,NO_PARCEL_RECORD,,,,,,,,,
1,UNKNOWN / NOT IN SALE RECORDS,2515 4TH AVE,CENTENNIAL TOWER APTS,98121,,,,15,3,0,2015-08-18,2024-05-13,2018-01-17 to 2018-04-17,,,25660800,60324200,85985000,,,,,656000450
1,UNKNOWN / NOT IN SALE RECORDS,4017 EASTERN AVE N,,98103,,,,15,3,0,2016-04-11,2025-09-01,2020-07-12 to 2020-10-10,SUSPICIOUS_IMPR_VALUE_1000,,925000,1000,926000,,,,,9178601295
1,UNKNOWN / NOT IN SALE RECORDS,1301 4TH AVE,,,,,,15,3,0,2017-12-28,2023-07-15,2017-12-28 to 2018-03-28,NO_PARCEL_RECORD,,,,,,,,,
1,UNKNOWN / NOT IN SALE RECORDS,8316 RENTON AVE S,,,,,,14,14,0,2022-06-16,2022-07-28,2022-06-16 to 2022-09-14,NO_PARCEL_RECORD,,,,,,,,,
1,UNKNOWN / NOT IN SALE RECORDS,2230 BONAIR PL SW,,98116,,,,14,13,0,2021-09-28,2023-05-12,2021-09-28 to 2021-12-27,,,395000,832000,1227000,,,,,914000090
1,UNKNOWN / NOT IN SALE RECORDS,911 24TH AVE,,98122,,,,14,11,0,2018-04-19,2023-10-25,2019-05-28 to 2019-08-26,,,707000,377000,1084000,,,,,519000005
1,UNKNOWN / NOT IN SALE RECORDS,1105 23RD AVE S,,,,,,14,10,0,2006-04-06,2015-09-22,2009-06-10 to 2009-09-08,NO_PARCEL_RECORD,,,,,,,,,
1,UNKNOWN / NOT IN SALE RECORDS,210 FAIRVIEW AVE N,,,,,,14,10,0,2018-07-30,2023-06-30,2018-07-30 to 2018-10-28,NO_PARCEL_RECORD,,,,,,,,,
1,UNKNOWN / NOT IN SALE RECORDS,2334 FRANKLIN AVE E,,,,,,14,9,0,2018-10-22,2025-03-11,2022-12-01 to 2023-03-01,NO_PARCEL_RECORD,,,,,,,,,
1,UNKNOWN / NOT IN SALE RECORDS,1010 BOYLSTON AVE,,,,,,14,9,0,2020-08-17,2025-04-24,2025-02-21 to 2025-05-22,NO_PARCEL_RECORD,,,,,,,,,
1,UNKNOWN / NOT IN SALE RECORDS,720 LAKESIDE AVE S,LESCHI SHORES CONDOMINIUM,98144,,,,14,8,0,2017-03-07,2025-11-05,2019-05-16 to 2019-08-14,,,132600,488400,621000,,,,,4279100000
1,UNKNOWN / NOT IN SALE RECORDS,4746 20TH AVE NE,Greta Apartments-32 SEDU units,98105,,,,14,8,0,2019-12-23,2025-11-03,2024-08-21 to 2024-11-19,,,1260000,5400000,6660000,,,,,925049046
1,UNKNOWN / NOT IN SALE RECORDS,2415 S NORMAN ST,Vacant,98144,,,,14,7,0,2005-03-14,2007-02-26,2005-06-28 to 2005-09-26,,,315000,266000,581000,,,,,424049046
1,UNKNOWN / NOT IN SALE RECORDS,6312 9TH AVE NE,,,,,,14,6,0,2004-04-30,2019-06-10,2004-04-30 to 2004-07-29,NO_PARCEL_RECORD,,,,,,,,,
1,UNKNOWN / NOT IN SALE RECORDS,3601 WEST MARGINAL WAY SW,,,,,,14,6,0,2005-03-16,2022-12-20,2005-03-16 to 2005-06-14,NO_PARCEL_RECORD,,,,,,,,,
1,UNKNOWN / NOT IN SALE RECORDS,4624 S DIRECTOR ST,,,,,,14,6,0,2005-06-27,2025-09-03,2025-08-04 to 2025-11-02,NO_PARCEL_RECORD,,,,,,,,,
1,UNKNOWN / NOT IN SALE RECORDS,1809 MINOR AVE,RETAIL/RESIDENTIAL BUILDING,98101,,,,14,6,0,2005-07-13,2021-07-18,2005-07-13 to 2005-10-11,SUSPICIOUS_IMPR_VALUE_1000,,8640000,1000,8641000,,,,,660002140
1,UNKNOWN / NOT IN SALE RECORDS,2001 43RD AVE E,KLAIPEDA CONDOMINIUM,98112,,,,14,6,0,2006-11-13,2022-01-31,2021-11-19 to 2022-02-17,,,319400,368600,688000,,,,,3905600000
1,UNKNOWN / NOT IN SALE RECORDS,2031 3RD AVE,The Modern formerly Third & Lenora Condominium,98121,,2018,35,14,6,0,2007-03-27,2021-12-02,2018-10-02 to 2018-12-31,,,9539000,461000,10000000,,,,,8596000000
1,UNKNOWN / NOT IN SALE RECORDS,1301 N NORTHLAKE WAY,CITY DOCK - LAKE DELI-MART,98103,,1950,1,14,6,0,2007-12-11,2015-07-24,2014-12-22 to 2015-03-22,,,895700,123700,1019400,,,,,4088804530
1,UNKNOWN / NOT IN SALE RECORDS,5634 BROOKLYN AVE NE,5634 BROOKLYN AVE NE,98105,,,,14,6,0,2008-04-01,2021-11-20,2017-10-20 to 2018-01-18,,,185300,1069900,1255200,,,,,2539270000
1,UNKNOWN / NOT IN SALE RECORDS,1126 29TH AVE S,,98144,,,,14,6,0,2008-07-08,2018-09-05,2018-06-13 to 2018-09-11,,,315000,225000,540000,,,,,567000384
1,UNKNOWN / NOT IN SALE RECORDS,14001 LAKE CITY WAY NE,,,,,,14,6,0,2011-07-13,2023-06-21,2023-03-02 to 2023-05-31,NO_PARCEL_RECORD,,,,,,,,,
1,UNKNOWN / NOT IN SALE RECORDS,8034 MARY AVE NW,,,,,,14,6,0,2013-04-03,2022-06-22,2020-07-15 to 2020-10-13,NO_PARCEL_RECORD,,,,,,,,,
1,UNKNOWN / NOT IN SALE RECORDS,13522 LAKE CITY WAY NE,,,,,,14,6,0,2018-06-11,2025-10-17,2024-03-13 to 2024-06-11,NO_PARCEL_RECORD,,,,,,,,,
1,UNKNOWN / NOT IN SALE RECORDS,1732 M L KING JR WAY S,,,,,,14,5,0,2004-03-02,2024-12-18,2023-07-05 to 2023-10-03,NO_PARCEL_RECORD,,,,,,,,,
1,UNKNOWN / NOT IN SALE RECORDS,5001 36TH AVE SW,,,,,,14,5,0,2004-06-28,2018-10-28,2018-09-02 to 2018-12-01,NO_PARCEL_RECORD,,,,,,,,,
1,UNKNOWN / NOT IN SALE RECORDS,1608 2ND AVE,,,,,,14,5,0,2004-07-20,2019-06-14,2019-05-19 to 2019-08-17,NO_PARCEL_RECORD,,,,,,,,,
1,UNKNOWN / NOT IN SALE RECORDS,3217 EASTLAKE AVE E,"EASTLAKE, THE",98102,,2004,4,14,5,0,2004-12-02,2025-07-26,2025-03-31 to 2025-06-29,,,235600,593500,829100,,,,,2207600000
1,UNKNOWN / NOT IN SALE RECORDS,3829 M L KING JR WAY S,,,,,,14,5,0,2005-05-19,2025-05-19,2023-02-23 to 2023-05-24,NO_PARCEL_RECORD,,,,,,,,,
1,UNKNOWN / NOT IN SALE RECORDS,9127 ROOSEVELT WAY NE,,,,,,14,5,0,2005-05-25,2008-01-22,2006-12-04 to 2007-03-04,NO_PARCEL_RECORD,,,,,,,,,
1,UNKNOWN / NOT IN SALE RECORDS,2466 WESTLAKE AVE N,DNR LEASE (2460 INC. HOUSEBOAT MOORAGE),98109,,,,14,5,0,2006-02-09,2021-11-16,2008-06-20 to 2008-09-18,,,9897500,,9897500,,,,,4088804116
1,UNKNOWN / NOT IN SALE RECORDS,731 S SULLIVAN ST,,,,,,14,5,0,2011-07-01,2013-09-25,2012-05-22 to 2012-08-20,NO_PARCEL_RECORD,,,,,,,,,
1,UNKNOWN / NOT IN SALE RECORDS,306 M L KING JR WAY E,,,,,,14,5,0,2011-07-12,2016-11-04,2016-08-22 to 2016-11-20,NO_PARCEL_RECORD,,,,,,,,,
1,UNKNOWN / NOT IN SALE RECORDS,6100 26TH AVE NW,,98107,,,,14,5,0,2018-07-17,2025-09-08,2019-12-11 to 2020-03-10,SUSPICIOUS_IMPR_VALUE_1000,,1292000,1000,1293000,,,,,2767602750
1,UNKNOWN / NOT IN SALE RECORDS,7720 16TH AVE NW,,,,,,14,5,0,2018-04-24,2025-06-20,2024-10-31 to 2025-01-29,NO_PARCEL_RECORD,,,,,,,,,
1,UNKNOWN / NOT IN SALE RECORDS,217 N 125TH ST,,,,,,14,5,0,2019-03-02,2025-05-18,2023-08-02 to 2023-10-31,NO_PARCEL_RECORD,,,,,,,,,
1,UNKNOWN / NOT IN SALE RECORDS,4221 SW MYRTLE ST,4221 SW MYRTLE ST,98136,,,,14,5,0,2020-03-06,2024-11-26,2023-04-18 to 2023-07-17,,,161000,522900,683900,,,,,2608230000
1,UNKNOWN / NOT IN SALE RECORDS,5319 RAVENNA PL NE,,,,,,14,5,0,2021-04-26,2023-11-04,2023-09-07 to 2023-12-06,NO_PARCEL_RECORD,,,,,,,,,
1,UNKNOWN / NOT IN SALE RECORDS,4630 49TH AVE S,,,,,,14,5,0,2022-03-23,2025-02-26,2024-02-12 to 2024-05-12,NO_PARCEL_RECORD,,,,,,,,,
1,UNKNOWN / NOT IN SALE RECORDS,4827 S ORCAS ST,,98118,,,,14,4,0,2003-12-29,2023-09-08,2003-12-29 to 2004-03-28,,,334000,119000,453000,,,,,3332000490
1,UNKNOWN / NOT IN SALE RECORDS,811 NE 73RD ST,,98115,,,,14,4,0,2004-01-05,2021-01-30,2006-05-10 to 2006-08-08,,,658000,77000,735000,,,,,9137101100
1,UNKNOWN / NOT IN SALE RECORDS,1900 QUEEN ANNE AVE N,,,,,,14,4,0,2004-03-08,2024-07-25,2014-08-13 to 2014-11-11,NO_PARCEL_RECORD,,,,,,,,,
1,UNKNOWN / NOT IN SALE RECORDS,2201 4TH AVE,Shelby Apts,98121,,,,14,4,0,2004-05-11,2025-05-29,2023-02-24 to 2023-05-25,,,19245600,15740400,34986000,,,,,694000130
1,UNKNOWN / NOT IN SALE RECORDS,2331 FAIRVIEW AVE E,,,,,,14,4,0,2004-06-18,2019-09-17,2017-06-30 to 2017-09-28,NO_PARCEL_RECORD,,,,,,,,,
1,UNKNOWN / NOT IN SALE RECORDS,1207 NE 55TH ST,,98105,,,,14,4,0,2004-12-09,2014-08-19,2014-07-02 to 2014-09-30,,,942000,374000,1316000,,,,,6746700381
1,UNKNOWN / NOT IN SALE RECORDS,6370 RAINIER AVE S,,,,,,14,4,0,2005-09-08,2016-05-23,2015-07-08 to 2015-10-06,NO_PARCEL_RECORD,,,,,,,,,
1,UNKNOWN / NOT IN SALE RECORDS,9701 AURORA AVE N,PUBLIC STORAGE,98103,,,,14,4,0,2006-07-28,2022-06-20,2006-07-28 to 2006-10-26,,,8162200,31342700,39504900,,,,,306000570
1,UNKNOWN / NOT IN SALE RECORDS,10036 44TH AVE SW,,98146,,,,14,4,0,2006-07-28,2023-12-11,2023-09-26 to 2023-12-25,,,414000,1189000,1603000,,,,,254000120
1,UNKNOWN / NOT IN SALE RECORDS,1701 NW 85TH ST,"GARAGE, SERVICE REPAIR",98117,,,,14,4,0,2009-08-06,2024-12-05,2016-10-12 to 2017-01-10,SUSPICIOUS_IMPR_VALUE_1000,,1602000,1000,1603000,,,,,546000560
1,UNKNOWN / NOT IN SALE RECORDS,8255 WALLINGFORD AVE N,,98103,,,,14,4,0,2009-10-09,2024-06-07,2024-05-15 to 2024-08-13,,,647000,422000,1069000,,,,,625049337
1,UNKNOWN / NOT IN SALE RECORDS,1550 E OLIVE WAY,,,,,,14,4,0,2010-03-18,2025-02-06,2024-12-12 to 2025-03-12,NO_PARCEL_RECORD,,,,,,,,,
1,UNKNOWN / NOT IN SALE RECORDS,7573 LAKE CITY WAY NE,,,,,,14,4,0,2010-06-17,2025-10-22,2023-11-16 to 2024-02-14,NO_PARCEL_RECORD,,,,,,,,,
1,UNKNOWN / NOT IN SALE RECORDS,2703 A S MASSACHUSETTS ST,,,,,,14,4,0,2011-09-15,2025-06-17,2025-04-24 to 2025-07-23,NO_PARCEL_RECORD,,,,,,,,,
1,UNKNOWN / NOT IN SALE RECORDS,2213 NW 63RD ST,,,,,,14,4,0,2011-10-20,2020-05-27,2018-11-28 to 2019-02-26,NO_PARCEL_RECORD,,,,,,,,,
1,UNKNOWN / NOT IN SALE RECORDS,952 NW 62ND ST,,98107,,,,14,3,0,2003-12-16,2025-07-07,2014-07-09 to 2014-10-07,,,653000,246000,899000,,,,,452002125
1,UNKNOWN / NOT IN SALE RECORDS,7721 16TH AVE SW,,,,,,14,3,0,2004-06-01,2020-10-15,2019-09-02 to 2019-12-01,NO_PARCEL_RECORD,,,,,,,,,
1,UNKNOWN / NOT IN SALE RECORDS,4808 26TH AVE SW,,,,,,14,3,0,2005-08-12,2021-04-15,2008-12-18 to 2009-03-18,NO_PARCEL_RECORD | NAMED_INSPECTOR,,,,,,,,,
1,UNKNOWN / NOT IN SALE RECORDS,1717 S ANGELINE ST,,98108,,,,14,3,0,2005-11-14,2020-01-27,2005-11-14 to 2006-02-12,,,402000,280000,682000,,,,,600000545
1,UNKNOWN / NOT IN SALE RECORDS,1320 E PINE ST,,,,,,14,3,0,2005-11-16,2023-02-10,2005-11-16 to 2006-02-14,NO_PARCEL_RECORD,,,,,,,,,
1,UNKNOWN / NOT IN SALE RECORDS,3620 36TH AVE S,,,,,,14,3,0,2006-06-06,2016-10-20,2008-02-20 to 2008-05-20,NO_PARCEL_RECORD,,,,,,,,,
1,UNKNOWN / NOT IN SALE RECORDS,1313 14TH AVE S,,,,,,14,3,0,2006-08-03,2023-06-26,2006-08-03 to 2006-11-01,NO_PARCEL_RECORD,,,,,,,,,
1,UNKNOWN / NOT IN SALE RECORDS,3116 SW WEBSTER ST,3116 SW WEBSTER ST CONDOMINIUM,98126,,,,14,3,0,2007-04-17,2021-02-25,2009-01-02 to 2009-04-02,,,75400,366600,442000,,,,,8602360000
1,UNKNOWN / NOT IN SALE RECORDS,4056 DELRIDGE WAY SW,,,,,,14,3,0,2007-07-16,2024-07-12,2019-07-30 to 2019-10-28,NO_PARCEL_RECORD,,,,,,,,,
1,UNKNOWN / NOT IN SALE RECORDS,120 23RD AVE E,Madison Place,98112,,,,14,3,0,2007-12-05,2025-01-17,2025-01-14 to 2025-04-14,,,2696000,1149000,3845000,,,,,955000600
1,UNKNOWN / NOT IN SALE RECORDS,1909 25TH AVE S,,,,,,14,3,0,2007-07-19,2015-12-09,2008-02-21 to 2008-05-21,NO_PARCEL_RECORD,,,,,,,,,
1,UNKNOWN / NOT IN SALE RECORDS,2145 NW 95TH ST,,98117,,,,14,3,0,2008-04-21,2024-07-02,2013-05-01 to 2013-07-30,,,732000,926000,1658000,,,,,579003945
1,UNKNOWN / NOT IN SALE RECORDS,6559 35TH AVE NE,MOD APARTMENTS,98115,,,,14,3,0,2008-04-30,2024-02-13,2016-07-08 to 2016-10-06,,,14249800,11859200,26109000,,,,,425049047
1,UNKNOWN / NOT IN SALE RECORDS,9010 3RD AVE S,,98108,,,,14,3,0,2008-06-09,2023-01-19,2019-07-19 to 2019-10-17,,,269000,139000,408000,,,,,13002280
1,UNKNOWN / NOT IN SALE RECORDS,2301 FAIRVIEW AVE E,UNION HARBOR CONDOMINIUM,98102,,,,14,3,0,2008-07-09,2025-10-07,2009-05-20 to 2009-08-18,,,106200,612800,719000,,,,,8807200000
1,UNKNOWN / NOT IN SALE RECORDS,1904 23RD AVE S,,,,,,14,3,0,2008-10-08,2023-09-14,2023-06-21 to 2023-09-19,NO_PARCEL_RECORD,,,,,,,,,
1,UNKNOWN / NOT IN SALE RECORDS,12548 LAKE CITY WAY NE,POLARIS AT LAKE CITY CONDOMINIUM,98125,,2023,6,14,3,0,2008-10-17,2025-04-30,2018-06-29 to 2018-09-27,,,190400,1276500,1466900,,,,,6838620000
1,UNKNOWN / NOT IN SALE RECORDS,6251 5TH AVE NW,,98107,,,,14,3,0,2008-11-17,2023-03-24,2010-08-09 to 2010-11-07,SUSPICIOUS_IMPR_VALUE_1000,,522000,1000,523000,,,,,2769602170
1,UNKNOWN / NOT IN SALE RECORDS,2320 HOBART AVE SW,,98116,,,,14,3,0,2009-02-05,2021-11-10,2018-02-09 to 2018-05-10,,,481000,642000,1123000,,,,,913000405
1,UNKNOWN / NOT IN SALE RECORDS,305 HARRISON ST,SEATTLE CENTER HOUSE & CHILULY GARDEN & GLASS,98109,,1998,1,14,3,0,2009-05-04,2023-09-03,2020-09-10 to 2020-12-09,,,78873900,36310700,115184600,,,,,1985200305
1,UNKNOWN / NOT IN SALE RECORDS,556 S CLOVERDALE ST,,,,,,14,3,0,2009-11-17,2017-04-18,2015-03-02 to 2015-05-31,NO_PARCEL_RECORD,,,,,,,,,
1,UNKNOWN / NOT IN SALE RECORDS,12709 1ST AVE NW,,,,,,14,3,0,2011-04-26,2023-11-16,2011-04-26 to 2011-07-25,NO_PARCEL_RECORD,,,,,,,,,
1,UNKNOWN / NOT IN SALE RECORDS,3651 34TH AVE S,,,,,,14,3,0,2011-07-18,2025-01-10,2015-08-04 to 2015-11-02,NO_PARCEL_RECORD,,,,,,,,,
1,UNKNOWN / NOT IN SALE RECORDS,5500 UNIVERSITY WAY NE,,,,,,14,3,0,2012-07-18,2022-12-14,2012-07-18 to 2012-10-16,NO_PARCEL_RECORD,,,,,,,,,
1,UNKNOWN / NOT IN SALE RECORDS,12023 33RD AVE NE,,,,,,14,3,0,2013-05-24,2025-07-22,2023-04-21 to 2023-07-20,NO_PARCEL_RECORD,,,,,,,,,
1,UNKNOWN / NOT IN SALE RECORDS,8125 48TH AVE S,,,,,,14,3,0,2013-06-18,2021-11-30,2017-03-29 to 2017-06-27,NO_PARCEL_RECORD,,,,,,,,,
1,UNKNOWN / NOT IN SALE RECORDS,706 UNION ST,,,,,,14,3,0,2013-09-23,2025-08-08,2021-10-05 to 2022-01-03,NO_PARCEL_RECORD,,,,,,,,,
1,UNKNOWN / NOT IN SALE RECORDS,6800 62ND AVE NE,,,,,,14,3,0,2014-07-03,2025-09-30,2025-01-17 to 2025-04-17,NO_PARCEL_RECORD,,,,,,,,,
1,UNKNOWN / NOT IN SALE RECORDS,2116 4TH AVE,Arrive/Sound Hotel,98121,,2018,43,14,3,0,2014-10-07,2024-03-02,2015-07-13 to 2015-10-11,,,3470700,23876200,27346900,,,,,7656000000
1,UNKNOWN / NOT IN SALE RECORDS,1660 12TH AVE,,,,,,14,3,0,2014-10-30,2025-08-07,2018-09-24 to 2018-12-23,NO_PARCEL_RECORD,,,,,,,,,
1,UNKNOWN / NOT IN SALE RECORDS,330 NW 50TH ST,,98107,,,,14,3,0,2015-09-28,2021-12-01,2016-05-05 to 2016-08-03,,,687000,327000,1014000,,,,,475001305
1,UNKNOWN / NOT IN SALE RECORDS,1523 17TH AVE S,,,,,,14,3,0,2017-09-21,2022-06-16,2017-09-21 to 2017-12-20,NO_PARCEL_RECORD,,,,,,,,,
1,UNKNOWN / NOT IN SALE RECORDS,12724 LAKE CITY WAY NE,,,,,,14,3,0,2017-10-16,2025-10-23,2017-10-16 to 2018-01-14,NO_PARCEL_RECORD,,,,,,,,,
1,UNKNOWN / NOT IN SALE RECORDS,11556 MERIDIAN AVE N,11556 MERIDIAN AVE N,98133,,,,14,3,0,2018-04-30,2024-02-16,2022-05-18 to 2022-08-16,,,71100,558900,630000,,,,,6398910000
1,UNKNOWN / NOT IN SALE RECORDS,1136 31ST AVE S,,98144,,,,14,3,0,2018-08-02,2024-02-12,2023-03-15 to 2023-06-13,,,570000,1306000,1876000,,,,,357000080
1,UNKNOWN / NOT IN SALE RECORDS,11907 LAKESIDE AVE NE,,98125,,,,14,3,0,2019-03-15,2025-10-16,2019-03-15 to 2019-06-13,,,637000,123000,760000,,,,,8820901969
1,UNKNOWN / NOT IN SALE RECORDS,4728 15TH AVE NE,,,,,,14,3,0,2019-10-23,2025-10-14,2019-10-29 to 2020-01-27,NO_PARCEL_RECORD,,,,,,,,,
1,UNKNOWN / NOT IN SALE RECORDS,3003 NE 88TH ST,,,,,,13,10,0,2020-01-28,2024-10-13,2024-02-22 to 2024-05-22,NO_PARCEL_RECORD,,,,,,,,,
1,UNKNOWN / NOT IN SALE RECORDS,2021 NW 56TH ST,,,,,,13,10,0,2024-09-30,2025-08-07,2024-09-30 to 2024-12-29,NO_PARCEL_RECORD,,,,,,,,,
1,UNKNOWN / NOT IN SALE RECORDS,1539 14TH AVE S,,,,,,13,9,0,2018-02-27,2018-11-29,2018-08-31 to 2018-11-29,NO_PARCEL_RECORD,,,,,,,,,
1,UNKNOWN / NOT IN SALE RECORDS,1210 NE 96TH ST,1210 NE 96TH ST,98115,,,,13,9,0,2018-01-25,2024-10-21,2023-05-28 to 2023-08-26,,,98400,585600,684000,,,,,6389860000
1,UNKNOWN / NOT IN SALE RECORDS,811 7TH AVE S,,,,,,13,9,0,2024-09-26,2025-08-12,2025-04-24 to 2025-07-23,NO_PARCEL_RECORD,,,,,,,,,
1,UNKNOWN / NOT IN SALE RECORDS,1406 WESTERN AVE,,,,,,13,8,0,2009-06-30,2024-09-20,2023-10-15 to 2024-01-13,NO_PARCEL_RECORD,,,,,,,,,
1,UNKNOWN / NOT IN SALE RECORDS,92 STEWART ST,,,,,,13,8,0,2010-08-19,2019-08-05,2019-01-16 to 2019-04-16,NO_PARCEL_RECORD,,,,,,,,,
1,UNKNOWN / NOT IN SALE RECORDS,112 13TH AVE,,98122,,,,13,7,0,2012-05-11,2024-03-07,2012-05-11 to 2012-08-09,,,520000,421000,941000,,,,,7600208
1,UNKNOWN / NOT IN SALE RECORDS,3824 S MYRTLE ST,,,,,,13,7,0,2014-06-18,2025-03-19,2022-01-06 to 2022-04-06,NO_PARCEL_RECORD,,,,,,,,,
1,UNKNOWN / NOT IN SALE RECORDS,6556 35TH AVE NE,UNIVERSITY UNITARIAN CHURCH,98115,,,,13,7,0,2015-11-09,2020-02-21,2019-09-18 to 2019-12-17,,,10743400,4571200,15314600,,,,,431000005
1,UNKNOWN / NOT IN SALE RECORDS,5610 20TH AVE NW,,,,,,13,7,0,2021-06-21,2022-12-05,2021-06-21 to 2021-09-19,NO_PARCEL_RECORD,,,,,,,,,
1,UNKNOWN / NOT IN SALE RECORDS,2021 RAINIER AVE S,,,,,,13,7,0,2023-01-17,2023-07-11,2023-04-27 to 2023-07-26,NO_PARCEL_RECORD,,,,,,,,,
1,UNKNOWN / NOT IN SALE RECORDS,10001 51ST AVE SW,,98146,,,,13,6,0,2003-11-10,2006-03-01,2005-12-13 to 2006-03-13,NAMED_INSPECTOR,,1903000,2643000,4546000,,,,,223039309
1,UNKNOWN / NOT IN SALE RECORDS,105 W MERCER ST,,,,,,13,6,0,2009-09-04,2025-01-01,2021-10-24 to 2022-01-22,NO_PARCEL_RECORD,,,,,,,,,
1,UNKNOWN / NOT IN SALE RECORDS,2315 4TH AVE,,,,,,13,6,0,2022-08-22,2024-09-14,2024-06-13 to 2024-09-11,NO_PARCEL_RECORD,,,,,,,,,
1,UNKNOWN / NOT IN SALE RECORDS,219 15TH AVE,,,,,,13,6,0,2023-04-23,2025-03-28,2025-02-13 to 2025-05-14,NO_PARCEL_RECORD,,,,,,,,,
1,UNKNOWN / NOT IN SALE RECORDS,5951 M L KING JR WAY S,,,,,,13,6,0,2023-06-26,2025-03-26,2024-09-20 to 2024-12-19,NO_PARCEL_RECORD,,,,,,,,,
1,UNKNOWN / NOT IN SALE RECORDS,1411 N 48TH ST,,,,,,13,6,0,2024-07-15,2025-10-27,2025-05-30 to 2025-08-28,NO_PARCEL_RECORD,,,,,,,,,
1,UNKNOWN / NOT IN SALE RECORDS,1515 S ATLANTIC ST,,,,,,13,5,0,2004-01-02,2018-07-17,2005-06-03 to 2005-09-01,NO_PARCEL_RECORD,,,,,,,,,
1,UNKNOWN / NOT IN SALE RECORDS,8401 M L KING JR WAY S,,,,,,13,5,0,2004-06-01,2023-07-11,2014-03-14 to 2014-06-12,NO_PARCEL_RECORD,,,,,,,,,
1,UNKNOWN / NOT IN SALE RECORDS,4505 42ND AVE SW,THE AJ APARTMENTS,98116,,,,13,5,0,2005-03-08,2024-08-23,2023-06-30 to 2023-09-28,,,,14816200,14816200,,,,,952006385
1,UNKNOWN / NOT IN SALE RECORDS,2372 FRANKLIN AVE E,,98102,,,,13,5,0,2005-10-31,2023-12-07,2023-06-06 to 2023-09-04,,,472000,553000,1025000,,,,,2902200794
1,UNKNOWN / NOT IN SALE RECORDS,8602 7TH AVE S,,98108,,,,13,5,0,2007-10-18,2023-06-30,2016-06-21 to 2016-09-19,,,245000,,245000,,,,,7883602641
1,UNKNOWN / NOT IN SALE RECORDS,2017 FAIRVIEW AVE E,DNR LEASE #A20-012146 (LOG FOUNDATION),98102,,,,13,5,0,2010-09-17,2022-08-23,2015-07-15 to 2015-10-13,,,23434300,,23434300,,,,,4088802407
1,UNKNOWN / NOT IN SALE RECORDS,3418 NE 65TH ST,Raleigh Court Apts,98115,,,,13,5,0,2012-07-19,2024-10-28,2014-08-07 to 2014-11-05,,,3593700,2600300,6194000,,,,,425049065
1,UNKNOWN / NOT IN SALE RECORDS,1227 NW 85TH ST,,,,,,13,5,0,2015-08-07,2024-04-15,2018-05-10 to 2018-08-08,NO_PARCEL_RECORD,,,,,,,,,
1,UNKNOWN / NOT IN SALE RECORDS,3143 WEST LAURELHURST DR NE,,,,,,13,5,0,2015-06-09,2021-05-11,2016-12-09 to 2017-03-09,NO_PARCEL_RECORD,,,,,,,,,
1,UNKNOWN / NOT IN SALE RECORDS,4711 WALLINGFORD AVE N,,,,,,13,5,0,2018-02-13,2023-04-14,2018-02-13 to 2018-05-14,NO_PARCEL_RECORD,,,,,,,,,
1,UNKNOWN / NOT IN SALE RECORDS,2915 RAINIER AVE S,ARTSPACE MT BAKER LOFTS,98144,,,,13,5,0,2020-09-21,2025-09-16,2023-05-01 to 2023-07-30,,,2847500,,2847500,,,,,290150000
1,UNKNOWN / NOT IN SALE RECORDS,7504 31ST AVE NE,7504 31ST AVE NE,98115,,,,13,4,0,2004-06-15,2025-04-09,2024-08-30 to 2024-11-28,,,198000,908000,1106000,,,,,7698960000
1,UNKNOWN / NOT IN SALE RECORDS,1223 TAYLOR AVE N,,,,,,13,4,0,2004-06-23,2023-03-07,2021-06-25 to 2021-09-23,NO_PARCEL_RECORD,,,,,,,,,
1,UNKNOWN / NOT IN SALE RECORDS,121 LAKESIDE AVE,LAKESIDE AT LESCHI RESIDENTIAL CONDOMINIUM,98122,,,,13,4,0,2004-12-21,2021-10-07,2007-02-09 to 2007-05-10,,,155800,779200,935000,,,,,4141940000
1,UNKNOWN / NOT IN SALE RECORDS,6027 38TH AVE SW,,98126,,,,13,4,0,2005-01-04,2023-10-12,2007-06-25 to 2007-09-23,,,527000,941000,1468000,,,,,66000275
1,UNKNOWN / NOT IN SALE RECORDS,4617 S AUSTIN ST,4617 S AUSTIN ST CONDOMINIUM,98118,,,,13,4,0,2005-04-18,2022-01-24,2020-12-08 to 2021-03-08,,,127600,471400,599000,,,,,2608010000
1,UNKNOWN / NOT IN SALE RECORDS,5700 24TH AVE NW,,,,,,13,4,0,2008-02-21,2025-08-20,2008-02-21 to 2008-05-21,NO_PARCEL_RECORD,,,,,,,,,
1,UNKNOWN / NOT IN SALE RECORDS,1903 NE NORTHGATE WAY,,98125,,,,13,4,0,2008-06-05,2021-08-24,2008-06-05 to 2008-09-03,,,503000,194000,697000,,,,,8901000906
1,UNKNOWN / NOT IN SALE RECORDS,1772 ALKI AVE SW,,,,,,13,4,0,2008-07-18,2023-12-13,2023-10-23 to 2024-01-21,NO_PARCEL_RECORD,,,,,,,,,
1,UNKNOWN / NOT IN SALE RECORDS,2337 10TH AVE E,,,,,,13,4,0,2008-11-12,2025-09-03,2021-03-21 to 2021-06-19,NO_PARCEL_RECORD,,,,,,,,,
1,UNKNOWN / NOT IN SALE RECORDS,4208 37TH AVE S,,,,,,13,4,0,2010-02-04,2023-07-11,2010-02-04 to 2010-05-05,NO_PARCEL_RECORD,,,,,,,,,
1,UNKNOWN / NOT IN SALE RECORDS,2016 18TH AVE S,,,,,,13,4,0,2010-02-23,2022-07-22,2018-06-06 to 2018-09-04,NO_PARCEL_RECORD,,,,,,,,,
1,UNKNOWN / NOT IN SALE RECORDS,159 DENNY WAY,MATAE BELLTOWN,98109,,2006,1,13,4,0,2010-03-16,2024-04-16,2022-05-20 to 2022-08-18,,,83200,297300,380500,,,,,5201700000
1,UNKNOWN / NOT IN SALE RECORDS,1044 S THISTLE ST,,,,,,13,4,0,2010-06-16,2019-03-07,2015-07-13 to 2015-10-11,NO_PARCEL_RECORD,,,,,,,,,
1,UNKNOWN / NOT IN SALE RECORDS,1790 ALKI AVE SW,,98116,,,,13,4,0,2012-09-26,2025-06-11,2025-05-13 to 2025-08-11,,,1600000,,1600000,,,,,139000225
1,UNKNOWN / NOT IN SALE RECORDS,304 BELL ST,THE ADAMS APTS,98121,,,,13,4,0,2012-11-07,2025-10-16,2012-11-07 to 2013-02-05,,,4212000,1206000,5418000,,,,,656000540
1,UNKNOWN / NOT IN SALE RECORDS,1017 6TH AVE N,,,,,,13,4,0,2015-05-26,2022-06-09,2021-09-02 to 2021-12-01,NO_PARCEL_RECORD,,,,,,,,,
1,UNKNOWN / NOT IN SALE RECORDS,9220 1ST AVE NE,9220 1ST AVE NE,98115,,,,13,4,0,2017-04-13,2021-12-22,2020-09-24 to 2020-12-23,,,159500,894500,1054000,,,,,6094570000
1,UNKNOWN / NOT IN SALE RECORDS,127 BELLEVUE AVE E,,,,,,13,4,0,2017-06-19,2023-07-15,2021-03-03 to 2021-06-01,NO_PARCEL_RECORD,,,,,,,,,
1,UNKNOWN / NOT IN SALE RECORDS,1728 E OLIVE ST,,,,,,13,4,0,2017-08-01,2022-12-20,2017-08-01 to 2017-10-30,NO_PARCEL_RECORD,,,,,,,,,
1,UNKNOWN / NOT IN SALE RECORDS,6940 M L KING JR WAY S,,,,,,13,4,0,2018-05-25,2025-02-25,2019-10-21 to 2020-01-19,NO_PARCEL_RECORD,,,,,,,,,
1,UNKNOWN / NOT IN SALE RECORDS,2011 5TH AVE,SHERIDAN APTS,98121,,,,13,4,0,2018-06-12,2025-10-29,2022-02-25 to 2022-05-26,,,7776000,3305000,11081000,,,,,659001015
1,UNKNOWN / NOT IN SALE RECORDS,6103 S NORFOLK ST,6103 S NORFOLK ST,98118,,,,13,4,0,2019-05-08,2023-07-27,2022-06-06 to 2022-09-04,,,21200,383800,405000,,,,,7803550000
1,UNKNOWN / NOT IN SALE RECORDS,715 HIGHLAND DR,,,,,,13,4,0,2019-06-27,2025-05-07,2019-09-11 to 2019-12-10,NO_PARCEL_RECORD,,,,,,,,,
1,UNKNOWN / NOT IN SALE RECORDS,2019 BOREN AVE,THE IVEY ON BOREN,98121,,,,13,4,0,2019-12-02,2025-06-21,2020-12-14 to 2021-03-14,,,292800,2164800,2457600,,,,,939750000
1,UNKNOWN / NOT IN SALE RECORDS,2123 10TH AVE W,,,,,,13,3,0,2003-12-26,2012-02-28,2007-02-09 to 2007-05-10,NO_PARCEL_RECORD,,,,,,,,,
1,UNKNOWN / NOT IN SALE RECORDS,719 4TH AVE,,,,,,13,3,0,2004-03-24,2024-02-16,2023-09-15 to 2023-12-14,NO_PARCEL_RECORD,,,,,,,,,
1,UNKNOWN / NOT IN SALE RECORDS,552 S CLOVERDALE ST,,,,,,13,3,0,2004-04-02,2014-04-25,2005-12-05 to 2006-03-05,NO_PARCEL_RECORD,,,,,,,,,
1,UNKNOWN / NOT IN SALE RECORDS,2720 FAIRMOUNT AVE SW,,98116,,,,13,3,0,2004-04-09,2024-01-11,2024-01-10 to 2024-04-09,,,515000,683000,1198000,,,,,513000075
1,UNKNOWN / NOT IN SALE RECORDS,3515 W COMMODORE WAY,,,,,,13,3,0,2004-06-23,2009-07-02,2005-07-27 to 2005-10-25,NO_PARCEL_RECORD,,,,,,,,,
1,UNKNOWN / NOT IN SALE RECORDS,4912 S WILLOW ST,,,,,,13,3,0,2004-07-08,2017-01-31,2007-09-05 to 2007-12-04,NO_PARCEL_RECORD,,,,,,,,,
1,UNKNOWN / NOT IN SALE RECORDS,6021 CALIFORNIA AVE SW,,,,,,13,3,0,2004-09-03,2008-09-05,2004-09-03 to 2004-12-02,NO_PARCEL_RECORD,,,,,,,,,
1,UNKNOWN / NOT IN SALE RECORDS,2445 NW 57TH ST,BALLARD HOUSE,98107,80,1969,7,13,3,0,2004-10-13,2025-07-28,2023-07-18 to 2023-10-16,,,7950000,10438000,18388000,,,,,2767700100
1,UNKNOWN / NOT IN SALE RECORDS,2323 E COLUMBIA ST,,98122,,,,13,3,0,2004-12-09,2009-09-24,2004-12-09 to 2005-03-09,,,636000,611000,1247000,,,,,519000256
1,UNKNOWN / NOT IN SALE RECORDS,1794 ALKI AVE SW,,98116,,,,13,3,0,2004-06-01,2025-06-11,2024-04-22 to 2024-07-21,,,2049000,,2049000,,,,,139000228
1,UNKNOWN / NOT IN SALE RECORDS,10318 STONE AVE N,,,,,,13,3,0,2005-03-14,2025-09-12,2007-09-04 to 2007-12-03,NO_PARCEL_RECORD,,,,,,,,,
1,UNKNOWN / NOT IN SALE RECORDS,1703 18TH AVE,,,,,,13,3,0,2005-04-28,2022-11-22,2011-06-20 to 2011-09-18,NO_PARCEL_RECORD,,,,,,,,,
1,UNKNOWN / NOT IN SALE RECORDS,10019 BEACON AVE S,,98178,,,,13,3,0,2005-05-23,2011-08-16,2005-05-23 to 2005-08-21,,,376000,687000,1063000,,,,,323049130
1,UNKNOWN / NOT IN SALE RECORDS,11310 LAKE CITY WAY NE,,,,,,13,3,0,2006-04-18,2024-11-05,2023-03-15 to 2023-06-13,NO_PARCEL_RECORD,,,,,,,,,
1,UNKNOWN / NOT IN SALE RECORDS,10201 GREENWOOD AVE N,,,,,,13,3,0,2006-08-02,2013-05-29,2007-02-26 to 2007-05-27,NO_PARCEL_RECORD,,,,,,,,,
1,UNKNOWN / NOT IN SALE RECORDS,5336 ROOSEVELT WAY NE,,,,,,13,3,0,2006-09-27,2016-10-13,2008-04-09 to 2008-07-08,NO_PARCEL_RECORD,,,,,,,,,
1,UNKNOWN / NOT IN SALE RECORDS,7035 DELRIDGE WAY SW,,98106,,,,13,3,0,2006-07-28,2022-01-03,2009-06-19 to 2009-09-17,,,,,,,,,,3438502462
1,UNKNOWN / NOT IN SALE RECORDS,6715 CALIFORNIA AVE SW,,,,,,13,3,0,2007-03-05,2016-04-19,2007-08-26 to 2007-11-24,NO_PARCEL_RECORD,,,,,,,,,
1,UNKNOWN / NOT IN SALE RECORDS,3615 S GRAHAM ST,,,,,,13,3,0,2007-03-08,2024-05-21,2013-06-13 to 2013-09-11,NO_PARCEL_RECORD,,,,,,,,,
1,UNKNOWN / NOT IN SALE RECORDS,1504 AURORA AVE N,CITISCAPE CONDOMINIUM,98109,,,,13,3,0,2007-06-25,2024-06-18,2007-06-25 to 2007-09-23,,,81700,344300,426000,,,,,1594300000
1,UNKNOWN / NOT IN SALE RECORDS,3603 WHITMAN AVE N,,,,,,13,3,0,2007-07-13,2019-04-11,2012-06-22 to 2012-09-20,NO_PARCEL_RECORD,,,,,,,,,
1,UNKNOWN / NOT IN SALE RECORDS,2802 S MCCLELLAN ST,,,,,,13,3,0,2007-10-04,2019-09-03,2019-08-28 to 2019-11-26,NO_PARCEL_RECORD,,,,,,,,,
1,UNKNOWN / NOT IN SALE RECORDS,1515 FAIRVIEW AVE E,LAKE UNION DRY DOCK,98102,,1920,2,13,3,0,2007-03-23,2025-07-16,2017-05-17 to 2017-08-15,SUSPICIOUS_IMPR_VALUE_1000,,6803300,1000,6804300,,,,,4088802755
1,UNKNOWN / NOT IN SALE RECORDS,1906 24TH AVE S,,,,,,13,3,0,2007-07-19,2013-09-05,2010-03-23 to 2010-06-21,NO_PARCEL_RECORD,,,,,,,,,
1,UNKNOWN / NOT IN SALE RECORDS,1819 N 135TH ST,INGRAHAM HIGH SCHOOL,98133,,1959,1,13,3,0,2008-05-07,2021-10-07,2010-11-08 to 2011-02-06,,,17179100,16579400,33758500,,,,,1926049321
1,UNKNOWN / NOT IN SALE RECORDS,2535 DEXTER AVE N,,,,,,13,3,0,2008-05-13,2023-09-27,2015-06-05 to 2015-09-03,NO_PARCEL_RECORD,,,,,,,,,
1,UNKNOWN / NOT IN SALE RECORDS,4712 45TH AVE SW,4712 45TH AVE SW,98116,,,,13,3,0,2008-07-17,2024-04-17,2022-07-07 to 2022-10-05,,,189300,549700,739000,,,,,2608140000
1,UNKNOWN / NOT IN SALE RECORDS,4073 GILMAN AVE W,MAGNOLIA MANOR,98199,,,,13,3,0,2009-03-05,2025-05-23,2014-10-15 to 2015-01-13,,,3866400,3638600,7505000,,,,,369000780
1,UNKNOWN / NOT IN SALE RECORDS,2009 NE 102ND ST,2009 NE 102nd St,98125,,,,13,3,0,2011-07-06,2022-04-05,2012-08-16 to 2012-11-14,,,176000,487000,663000,,,,,8729120000
1,UNKNOWN / NOT IN SALE RECORDS,1801 E YESLER WAY,BRYANT MANOR I,98122,,2023,7,13,3,0,2011-11-10,2025-10-03,2022-12-05 to 2023-03-05,,,157200,655840,813040,,,,,1172900000
1,UNKNOWN / NOT IN SALE RECORDS,9016 12TH AVE SW,9016 12TH AVE SW CONDOMINIUM,98106,,,,13,3,0,2012-07-02,2022-08-11,2013-05-10 to 2013-08-08,,,96500,268500,365000,,,,,6094390000
1,UNKNOWN / NOT IN SALE RECORDS,5158 S MORGAN ST,5158 S MORGAN ST,98118,,,,13,3,0,2013-02-15,2023-09-27,2017-07-11 to 2017-10-09,,,127500,827500,955000,,,,,2539580000
1,UNKNOWN / NOT IN SALE RECORDS,2500 ELLIOTT AVE,,,,,,13,3,0,2013-03-12,2025-09-18,2024-03-25 to 2024-06-23,NO_PARCEL_RECORD,,,,,,,,,
1,UNKNOWN / NOT IN SALE RECORDS,1730 22ND AVE,,,,,,13,3,0,2013-12-09,2024-12-13,2019-09-16 to 2019-12-15,NO_PARCEL_RECORD,,,,,,,,,
1,UNKNOWN / NOT IN SALE RECORDS,9500 RAINIER AVE S,,,,,,13,3,0,2014-06-24,2025-02-24,2025-02-16 to 2025-05-17,NO_PARCEL_RECORD,,,,,,,,,
1,UNKNOWN / NOT IN SALE RECORDS,1200 WESTERN AVE,,,,,,13,3,0,2016-01-21,2024-08-06,2022-04-06 to 2022-07-05,NO_PARCEL_RECORD,,,,,,,,,
1,UNKNOWN / NOT IN SALE RECORDS,4529 9TH AVE NE,,,,,,13,3,0,2016-10-13,2022-12-13,2017-04-19 to 2017-07-18,NO_PARCEL_RECORD,,,,,,,,,
1,UNKNOWN / NOT IN SALE RECORDS,820 BLANCHARD ST,,,,,,13,3,0,2016-11-07,2024-05-14,2018-06-14 to 2018-09-12,NO_PARCEL_RECORD,,,,,,,,,
1,UNKNOWN / NOT IN SALE RECORDS,4536 20TH AVE NE,U20 APARTMENTS - (Econ Unit -9119),98105,,,,13,3,0,2017-06-29,2024-12-02,2024-05-14 to 2024-08-12,,,1120000,10028000,11148000,,,,,925049120
1,UNKNOWN / NOT IN SALE RECORDS,8501 15TH AVE NW,,,,,,13,3,0,2017-12-15,2025-01-15,2018-05-09 to 2018-08-07,NO_PARCEL_RECORD,,,,,,,,,
1,UNKNOWN / NOT IN SALE RECORDS,140 23RD AVE S,MONICA'S VILLAGE PLACE ONE - CATHOLIC HOUSING SERV,98144,,2010,4,13,3,0,2018-05-01,2025-09-29,2018-05-01 to 2018-07-30,,,4735000,12535500,17270500,,,,,5569640000
1,UNKNOWN / NOT IN SALE RECORDS,2319 1ST AVE,POMEROY CONDOMINIUM,98121,,2000,8,13,3,0,2020-08-21,2024-10-06,2023-03-02 to 2023-05-31,,,117200,542800,660000,,,,,6839900000
1,UNKNOWN / NOT IN SALE RECORDS,171 12TH AVE,Bertha Pitts Campbell Place-Plymouth Housing,98122,,2022,7,13,3,0,2022-10-04,2025-11-06,2025-07-31 to 2025-10-29,,,2578100,9741900,12320000,,,,,8725830000
1,UNKNOWN / NOT IN SALE RECORDS,1520 NE 113TH ST,,,,,,12,12,0,2025-07-21,2025-08-13,2025-07-21 to 2025-10-19,NO_PARCEL_RECORD,,,,,,,,,
1,UNKNOWN / NOT IN SALE RECORDS,415 BELL ST,BELLTOWN COMMUNITY CENTER (former ZUM Fitness),98121,,,,12,11,0,2012-07-02,2025-04-10,2025-03-20 to 2025-06-18,SUSPICIOUS_IMPR_VALUE_1000,,6415200,1000,6416200,,,,,696000105
1,UNKNOWN / NOT IN SALE RECORDS,4238 RAINIER AVE S,,,,,,12,11,0,2023-11-20,2024-03-27,2024-01-25 to 2024-04-24,NO_PARCEL_RECORD,,,,,,,,,
1,UNKNOWN / NOT IN SALE RECORDS,4311 SUNNYSIDE AVE N,,98103,,,,12,9,0,2005-06-09,2022-09-09,2022-05-31 to 2022-08-29,,,548000,596000,1144000,,,,,510003095
1,UNKNOWN / NOT IN SALE RECORDS,9823 57TH AVE S,,98118,,,,12,9,0,2016-09-06,2024-06-24,2016-09-06 to 2016-12-05,,,330000,326000,656000,,,,,770000075
1,UNKNOWN / NOT IN SALE RECORDS,8823 ASHWORTH AVE N,8823 ASHWORTH AVE N,98103,,,,12,9,0,2023-07-13,2024-09-03,2024-01-24 to 2024-04-23,,,137000,530000,667000,,,,,2286160000
1,UNKNOWN / NOT IN SALE RECORDS,8517 3RD AVE NW,,98117,,,,12,8,0,2011-12-20,2024-02-20,2020-06-15 to 2020-09-13,,,419000,323000,742000,,,,,945000470
1,UNKNOWN / NOT IN SALE RECORDS,1800 E SHELBY ST,,98112,,,,12,8,0,2015-07-31,2019-05-26,2019-04-05 to 2019-07-04,,,1579000,498000,2077000,,,,,5605000005
1,UNKNOWN / NOT IN SALE RECORDS,4805 DELRIDGE WAY SW,,,,,,12,8,0,2020-03-06,2022-05-23,2021-06-15 to 2021-09-13,NO_PARCEL_RECORD,,,,,,,,,
1,UNKNOWN / NOT IN SALE RECORDS,818 JOHN ST,,,,,,12,8,0,2024-06-10,2025-09-03,2025-08-18 to 2025-11-16,NO_PARCEL_RECORD,,,,,,,,,
1,UNKNOWN / NOT IN SALE RECORDS,1453 NW 65TH ST,,,,,,12,8,0,2025-01-03,2025-09-07,2025-04-17 to 2025-07-16,NO_PARCEL_RECORD,,,,,,,,,
1,UNKNOWN / NOT IN SALE RECORDS,811 NW 49TH ST,,,,,,12,8,0,2025-01-30,2025-09-20,2025-04-05 to 2025-07-04,NO_PARCEL_RECORD,,,,,,,,,
1,UNKNOWN / NOT IN SALE RECORDS,706 S MONROE ST,,98108,,,,12,7,0,2010-09-21,2019-06-28,2018-08-21 to 2018-11-19,,,112000,,112000,,,,,7327902197
1,UNKNOWN / NOT IN SALE RECORDS,2119 6TH AVE,,,,,,12,6,0,2004-03-03,2010-11-16,2005-05-10 to 2005-08-08,NO_PARCEL_RECORD,,,,,,,,,
1,UNKNOWN / NOT IN SALE RECORDS,2256 HARBOR AVE SW,,,,,,12,6,0,2014-08-08,2025-10-08,2025-08-18 to 2025-11-16,NO_PARCEL_RECORD,,,,,,,,,
1,UNKNOWN / NOT IN SALE RECORDS,6538 LATONA AVE NE,,,,,,12,6,0,2021-01-20,2024-07-26,2023-07-20 to 2023-10-18,NO_PARCEL_RECORD,,,,,,,,,
1,UNKNOWN / NOT IN SALE RECORDS,6508 3RD AVE NW,,,,,,12,6,0,2024-12-13,2025-09-25,2025-08-30 to 2025-11-28,NO_PARCEL_RECORD,,,,,,,,,
1,UNKNOWN / NOT IN SALE RECORDS,3312 RAINIER AVE S,,,,,,12,5,0,2004-05-07,2023-09-30,2010-01-07 to 2010-04-07,NO_PARCEL_RECORD,,,,,,,,,
1,UNKNOWN / NOT IN SALE RECORDS,4723 21ST AVE NE,REDEVELOPMENT prior ROOMIING HOUSE,98105,,,,12,5,0,2007-02-05,2024-02-14,2023-03-07 to 2023-06-05,,,1120000,378000,1498000,,,,,925049186
1,UNKNOWN / NOT IN SALE RECORDS,10058 8TH AVE NW,,98177,,,,12,5,0,2007-02-21,2011-07-06,2009-01-05 to 2009-04-05,SUSPICIOUS_IMPR_VALUE_1000,,1223000,1000,1224000,,,,,107000121
1,UNKNOWN / NOT IN SALE RECORDS,1120 8TH AVE,SENECA 8,98101,,,,12,5,0,2008-12-05,2024-11-26,2024-09-01 to 2024-11-30,,,91700,375300,467000,,,,,7691850000
1,UNKNOWN / NOT IN SALE RECORDS,8022 15TH AVE NW,NOBA,98117,,,,12,5,0,2008-09-05,2020-09-23,2010-01-14 to 2010-04-14,,,3118800,11633200,14752000,,,,,458000030
1,UNKNOWN / NOT IN SALE RECORDS,4013 EASTERN AVE N,,98103,,,,12,5,0,2009-08-20,2024-06-21,2020-07-12 to 2020-10-10,,,925000,291000,1216000,,,,,9178601300
1,UNKNOWN / NOT IN SALE RECORDS,6870 62ND AVE NE,Brettler Place & Lowery Comm. Center,98115,,,,12,5,0,2010-05-07,2025-07-29,2010-05-07 to 2010-08-05,SUSPICIOUS_IMPR_VALUE_1000,,892100,1000,893100,,,,,225049067
1,UNKNOWN / NOT IN SALE RECORDS,9031 VALDEZ AVE S,,,,,,12,5,0,2010-08-23,2021-02-11,2010-08-23 to 2010-11-21,NO_PARCEL_RECORD,,,,,,,,,
1,UNKNOWN / NOT IN SALE RECORDS,9201 M L KING JR WAY S,,,,,,12,5,0,2011-02-15,2025-02-12,2017-03-03 to 2017-06-01,NO_PARCEL_RECORD,,,,,,,,,
1,UNKNOWN / NOT IN SALE RECORDS,3815 S LUCILE ST,3815 S LUCILE ST,98118,,,,12,5,0,2011-03-18,2024-08-14,2020-03-03 to 2020-06-01,,,52100,625900,678000,,,,,8603250000
1,UNKNOWN / NOT IN SALE RECORDS,414 STEWART ST,FUTURE HOTEL SITE (SURFACE PARKING LOT/VACANT LAND,98101,,,,12,5,0,2012-02-03,2022-11-08,2012-02-03 to 2012-05-03,,,19716000,,19716000,,,,,659000455
1,UNKNOWN / NOT IN SALE RECORDS,525 S BRIGHTON ST,,,,,,12,5,0,2013-03-29,2020-01-17,2019-08-05 to 2019-11-03,NO_PARCEL_RECORD,,,,,,,,,
1,UNKNOWN / NOT IN SALE RECORDS,8700 AURORA AVE N,JOHN FOX PLACE APARTMENTS,98103,,,,12,5,0,2014-08-19,2025-08-13,2025-02-12 to 2025-05-13,,,2660000,25837000,28497000,,,,,993001715
1,UNKNOWN / NOT IN SALE RECORDS,911 NE 50TH ST,,,,,,12,5,0,2017-09-28,2020-12-30,2020-11-05 to 2021-02-03,NO_PARCEL_RECORD,,,,,,,,,
1,UNKNOWN / NOT IN SALE RECORDS,66 BELL ST,BELLTOWN LOFTS CONDOMINIUM,98121,,,,12,5,0,2022-04-25,2025-02-10,2024-01-29 to 2024-04-28,,,209200,327400,536600,,,,,699800000
1,UNKNOWN / NOT IN SALE RECORDS,1520 25TH AVE S,,98144,,,,12,5,0,2022-06-28,2024-10-22,2022-06-28 to 2022-09-26,SUSPICIOUS_IMPR_VALUE_1000,,818000,1000,819000,,,,,272000160
1,UNKNOWN / NOT IN SALE RECORDS,5259 BROOKLYN AVE NE,,98105,,,,12,4,0,2003-12-29,2019-06-21,2019-04-11 to 2019-07-10,,,425000,590000,1015000,,,,,8817400201
1,UNKNOWN / NOT IN SALE RECORDS,4050 39TH AVE SW,,98116,,,,12,4,0,2004-03-09,2024-05-20,2007-07-05 to 2007-10-03,,,649000,265000,914000,,,,,952001070
1,UNKNOWN / NOT IN SALE RECORDS,6550 32ND AVE SW,,98126,,,,12,4,0,2004-07-22,2006-07-11,2004-07-22 to 2004-10-20,NAMED_INSPECTOR,,263000,279000,542000,,,,,3278610850
1,UNKNOWN / NOT IN SALE RECORDS,1201 BOYLSTON AVE,CHARBONNEAU CONDOMINIUM,98101,,1989,5,12,4,0,2005-06-28,2022-11-08,2019-03-30 to 2019-06-28,,,117500,92800,210300,,,,,1522500000
1,UNKNOWN / NOT IN SALE RECORDS,9500 INTERLAKE AVE N,,,,,,12,4,0,2005-10-06,2020-11-02,2005-10-06 to 2006-01-04,NO_PARCEL_RECORD,,,,,,,,,
1,UNKNOWN / NOT IN SALE RECORDS,6557 15TH AVE NW,,,,,,12,4,0,2005-06-02,2012-03-30,2008-10-09 to 2009-01-07,NO_PARCEL_RECORD,,,,,,,,,
1,UNKNOWN / NOT IN SALE RECORDS,2600 FRANKLIN AVE E,,,,,,12,4,0,2006-05-30,2013-11-04,2006-05-30 to 2006-08-28,NO_PARCEL_RECORD,,,,,,,,,
1,UNKNOWN / NOT IN SALE RECORDS,1311 N 79TH ST,,98103,,,,12,4,0,2006-08-18,2017-06-16,2016-04-13 to 2016-07-12,,,892000,1420000,2312000,,,,,625049269
1,UNKNOWN / NOT IN SALE RECORDS,1202 NE 50TH ST,,,,,,12,4,0,2007-06-29,2023-08-17,2007-06-29 to 2007-09-27,NO_PARCEL_RECORD,,,,,,,,,
1,UNKNOWN / NOT IN SALE RECORDS,6314 41ST AVE SW,,,,,,12,4,0,2007-07-11,2019-04-10,2014-03-06 to 2014-06-04,NO_PARCEL_RECORD,,,,,,,,,
1,UNKNOWN / NOT IN SALE RECORDS,629 W EMERSON ST,,,,,,12,4,0,2007-07-13,2023-07-28,2007-07-13 to 2007-10-11,NO_PARCEL_RECORD,,,,,,,,,
1,UNKNOWN / NOT IN SALE RECORDS,8752 DAYTON AVE N,8752 DAYTON AVENUE NORTH CONDOMINIUM,98103,,,,12,4,0,2007-10-26,2022-01-05,2020-06-28 to 2020-09-26,,,126500,909500,1036000,,,,,2285710000
1,UNKNOWN / NOT IN SALE RECORDS,3202 NE 75TH ST,,,,,,12,4,0,2007-11-15,2018-03-28,2014-07-30 to 2014-10-28,NO_PARCEL_RECORD,,,,,,,,,
1,UNKNOWN / NOT IN SALE RECORDS,6135 SEAVIEW AVE NW,SHILSHOLE PLACE,98107,,,,12,4,0,2009-07-10,2025-08-04,2025-05-13 to 2025-08-11,SUSPICIOUS_IMPR_VALUE_1000,,12322400,1000,12323400,,,,,467000925
1,UNKNOWN / NOT IN SALE RECORDS,2701 S BRADFORD ST,,,,,,12,4,0,2010-01-12,2025-05-14,2025-04-23 to 2025-07-22,NO_PARCEL_RECORD,,,,,,,,,
1,UNKNOWN / NOT IN SALE RECORDS,1810 24TH AVE S,1810 24TH AVE S,98144,,,,12,4,0,2010-07-19,2025-05-26,2023-10-20 to 2024-01-18,,,97100,529900,627000,,,,,6390720000
1,UNKNOWN / NOT IN SALE RECORDS,4423 CORLISS AVE N,APT,98103,,,,12,4,0,2010-08-10,2024-07-23,2019-07-03 to 2019-10-01,,,1410700,261300,1672000,,,,,510002195
1,UNKNOWN / NOT IN SALE RECORDS,4526 DELRIDGE WAY SW,,,,,,12,4,0,2011-08-11,2022-07-01,2019-06-17 to 2019-09-15,NO_PARCEL_RECORD,,,,,,,,,
1,UNKNOWN / NOT IN SALE RECORDS,2721 25TH AVE S,,,,,,12,4,0,2012-04-18,2020-12-29,2014-12-12 to 2015-03-12,NO_PARCEL_RECORD,,,,,,,,,
1,UNKNOWN / NOT IN SALE RECORDS,11224 MERIDIAN AVE N,,,,,,12,4,0,2016-03-04,2025-07-16,2017-08-08 to 2017-11-06,NO_PARCEL_RECORD | NAMED_INSPECTOR,,,,,,,,,
1,UNKNOWN / NOT IN SALE RECORDS,521 STADIUM PL S,,,,,,12,4,0,2016-10-10,2025-10-28,2025-10-07 to 2026-01-05,NO_PARCEL_RECORD,,,,,,,,,
1,UNKNOWN / NOT IN SALE RECORDS,9445 17TH AVE SW,,,,,,12,4,0,2017-03-07,2024-04-17,2020-12-02 to 2021-03-02,NO_PARCEL_RECORD,,,,,,,,,
1,UNKNOWN / NOT IN SALE RECORDS,1920 TERRY AVE,BUILDING CURE,98101,,,,12,4,0,2017-03-22,2025-09-25,2017-03-22 to 2017-06-20,,,1700900,32277900,33978800,,,,,660001525
1,UNKNOWN / NOT IN SALE RECORDS,300 YALE AVE N,,,,,,12,4,0,2017-05-11,2025-10-21,2025-09-29 to 2025-12-28,NO_PARCEL_RECORD,,,,,,,,,
1,UNKNOWN / NOT IN SALE RECORDS,800 COLUMBIA ST,GRAYSTONE CONDOMINIUM,98104,,,,12,4,0,2017-06-15,2025-09-30,2022-03-07 to 2022-06-05,,,86900,912100,999000,,,,,2871200000
1,UNKNOWN / NOT IN SALE RECORDS,2363 WEST VIEWMONT WAY W,,,,,,12,4,0,2019-01-03,2022-02-23,2020-01-22 to 2020-04-21,NO_PARCEL_RECORD,,,,,,,,,
1,UNKNOWN / NOT IN SALE RECORDS,14034 PALATINE AVE N,,98133,,,,12,4,0,2019-08-20,2022-05-17,2021-05-22 to 2021-08-20,,,563000,1247000,1810000,,,,,748000080
1,UNKNOWN / NOT IN SALE RECORDS,10202 EVANSTON AVE N,,,,,,12,4,0,2021-03-05,2025-02-24,2021-03-05 to 2021-06-03,NO_PARCEL_RECORD,,,,,,,,,
1,UNKNOWN / NOT IN SALE RECORDS,7030 MARY AVE NW,7030 MARY AVE NW CONDOMINIUM,98117,,,,12,4,0,2021-04-20,2024-01-22,2022-06-29 to 2022-09-27,,,252400,868600,1121000,,,,,7698880000
1,UNKNOWN / NOT IN SALE RECORDS,802 SENECA ST,,,,,,12,3,0,2003-11-25,2025-10-15,2009-05-06 to 2009-08-04,NO_PARCEL_RECORD,,,,,,,,,
1,UNKNOWN / NOT IN SALE RECORDS,713 M L KING JR WAY S,,,,,,12,3,0,2003-12-11,2008-03-11,2005-06-21 to 2005-09-19,NO_PARCEL_RECORD,,,,,,,,,
1,UNKNOWN / NOT IN SALE RECORDS,1509 E MADISON ST,,,,,,12,3,0,2004-01-21,2023-04-19,2004-01-21 to 2004-04-20,NO_PARCEL_RECORD,,,,,,,,,
1,UNKNOWN / NOT IN SALE RECORDS,700 W RAYE ST,MOUNT PLEASANT CEMETARY,98119,,2021,2,12,3,0,2004-02-24,2025-09-11,2024-10-31 to 2025-01-29,,,5300,544800,550100,,,,,2425039126
1,UNKNOWN / NOT IN SALE RECORDS,2320 1ST AVE,BARNES BUILDING (HISTORIC LANDMARK BUILDING ORD. #,98121,,,,12,3,0,2004-03-31,2023-02-06,2006-01-11 to 2006-04-11,,,1531800,818100,2349900,,,,,655000020
1,UNKNOWN / NOT IN SALE RECORDS,3624 NW 65TH CT,,98117,,,,12,3,0,2004-05-18,2019-01-18,2004-05-18 to 2004-08-16,,,1520000,1963000,3483000,,,,,486000575
1,UNKNOWN / NOT IN SALE RECORDS,3215 S DEARBORN ST,,98144,,,,12,3,0,2004-06-29,2023-06-22,2011-09-01 to 2011-11-30,,,569000,147000,716000,,,,,823000150
1,UNKNOWN / NOT IN SALE RECORDS,1000 2ND AVE,1000 2ND AVENUE BUILDING,98104,,,,12,3,0,2004-08-09,2023-02-27,2015-04-02 to 2015-07-01,,,41472000,78756000,120228000,,,,,939000475
1,UNKNOWN / NOT IN SALE RECORDS,7544 M L KING JR WAY S,,,,,,12,3,0,2005-04-28,2023-04-27,2007-08-09 to 2007-11-07,NO_PARCEL_RECORD,,,,,,,,,
1,UNKNOWN / NOT IN SALE RECORDS,6937 ELLIS AVE S,,,,,,12,3,0,2005-05-18,2023-05-31,2009-02-25 to 2009-05-26,NO_PARCEL_RECORD,,,,,,,,,
1,UNKNOWN / NOT IN SALE RECORDS,1628 AURORA AVE N,,,,,,12,3,0,2005-05-26,2017-07-11,2005-05-26 to 2005-08-24,NO_PARCEL_RECORD,,,,,,,,,
1,UNKNOWN / NOT IN SALE RECORDS,9022 DAYTON AVE N,,98103,,,,12,3,0,2006-02-22,2020-02-12,2014-07-30 to 2014-10-28,,,593000,700000,1293000,,,,,789000175
1,UNKNOWN / NOT IN SALE RECORDS,1800 NE 65TH ST,1800 NE 65TH ST CONDOMINIUM,98115,,,,12,3,0,2006-03-30,2023-02-16,2012-05-24 to 2012-08-22,,,161400,588600,750000,,,,,2285310000
1,UNKNOWN / NOT IN SALE RECORDS,6031 38TH AVE SW,,98126,,,,12,3,0,2006-04-04,2016-10-10,2006-04-04 to 2006-07-03,,,612000,578000,1190000,,,,,66000280
1,UNKNOWN / NOT IN SALE RECORDS,1422 S FOREST ST,,98144,,,,12,3,0,2006-06-09,2019-07-27,2019-06-21 to 2019-09-19,,,365000,292000,657000,,,,,3086002590
1,UNKNOWN / NOT IN SALE RECORDS,301 NE NORTHGATE WAY,,,,,,12,3,0,2006-12-04,2021-02-09,2011-06-28 to 2011-09-26,NO_PARCEL_RECORD,,,,,,,,,
1,UNKNOWN / NOT IN SALE RECORDS,2623 NE UNIVERSITY VILLAGE ST,,,,,,12,3,0,2007-02-08,2019-10-09,2012-07-12 to 2012-10-10,NO_PARCEL_RECORD,,,,,,,,,
1,UNKNOWN / NOT IN SALE RECORDS,4112 DELRIDGE WAY SW,,,,,,12,3,0,2007-07-16,2020-07-22,2019-05-21 to 2019-08-19,NO_PARCEL_RECORD,,,,,,,,,
1,UNKNOWN / NOT IN SALE RECORDS,901 BOREN AVE,CABRINI MEDICAL TOWER,98104,,1973,19,12,3,0,2007-12-14,2021-04-29,2007-12-14 to 2008-03-13,,,17664000,24130000,41794000,,,,,8590901010
1,UNKNOWN / NOT IN SALE RECORDS,2306 HALLECK AVE SW,,98116,,,,12,3,0,2008-04-02,2019-09-27,2013-02-15 to 2013-05-16,,,1154000,741000,1895000,,,,,913000310
1,UNKNOWN / NOT IN SALE RECORDS,1751 VALENTINE PL S,,,,,,12,3,0,2009-04-03,2025-04-16,2023-05-10 to 2023-08-08,NO_PARCEL_RECORD,,,,,,,,,
1,UNKNOWN / NOT IN SALE RECORDS,8332 BEACON AVE S,,98118,,,,12,3,0,2010-06-17,2023-06-12,2012-07-16 to 2012-10-14,,,419000,325000,744000,,,,,7400107
1,UNKNOWN / NOT IN SALE RECORDS,1215 DEXTER AVE N,Dexter Lake Union (main),98109,,,,12,3,0,2010-08-10,2025-02-07,2022-05-25 to 2022-08-23,,,7338200,50286600,57624800,,,,,53000005
1,UNKNOWN / NOT IN SALE RECORDS,6860 EAST GREEN LAKE WAY N,,,,,,12,3,0,2010-08-19,2025-09-04,2024-03-11 to 2024-06-09,NO_PARCEL_RECORD,,,,,,,,,
1,UNKNOWN / NOT IN SALE RECORDS,528 N 76TH ST,,98103,,,,12,3,0,2011-01-04,2024-07-09,2019-03-19 to 2019-06-17,,,717000,274000,991000,,,,,3362900570
1,UNKNOWN / NOT IN SALE RECORDS,3730 SW 99TH ST,,98126,,,,12,3,0,2011-06-03,2023-03-23,2011-06-03 to 2011-09-01,,,402000,472000,874000,,,,,37000105
1,UNKNOWN / NOT IN SALE RECORDS,2027 20TH AVE S,,,,,,12,3,0,2012-02-13,2024-07-23,2015-04-23 to 2015-07-22,NO_PARCEL_RECORD,,,,,,,,,
1,UNKNOWN / NOT IN SALE RECORDS,4540 42ND AVE SW,,,,,,12,3,0,2013-05-09,2025-06-02,2025-05-22 to 2025-08-20,NO_PARCEL_RECORD,,,,,,,,,
1,UNKNOWN / NOT IN SALE RECORDS,7700 M L KING JR WAY S,,,,,,12,3,0,2013-06-20,2020-09-18,2015-02-11 to 2015-05-12,NO_PARCEL_RECORD,,,,,,,,,
1,UNKNOWN / NOT IN SALE RECORDS,2720 4TH AVE,Verve,98121,,,,12,3,0,2014-10-22,2025-08-20,2024-01-12 to 2024-04-11,,,9141600,52180400,61322000,,,,,696000355
1,UNKNOWN / NOT IN SALE RECORDS,6820 33RD PL NW,,98117,,,,12,3,0,2015-05-22,2024-06-20,2023-10-04 to 2024-01-02,SUSPICIOUS_IMPR_VALUE_1000,,631000,1000,632000,,,,,486000244
1,UNKNOWN / NOT IN SALE RECORDS,3436 13TH AVE W,,,,,,12,3,0,2015-06-16,2022-09-03,2017-05-01 to 2017-07-30,NO_PARCEL_RECORD,,,,,,,,,
1,UNKNOWN / NOT IN SALE RECORDS,3646 13TH AVE W,,,,,,12,3,0,2016-03-08,2024-10-28,2017-05-01 to 2017-07-30,NO_PARCEL_RECORD,,,,,,,,,
1,UNKNOWN / NOT IN SALE RECORDS,1420 BOREN AVE,EMBASSY APARTMENTS,98101,,,,12,3,0,2016-03-22,2024-04-25,2022-11-11 to 2023-02-09,,,2880000,3194000,6074000,,,,,660001855
1,UNKNOWN / NOT IN SALE RECORDS,1025 S CLOVERDALE ST,,,,,,12,3,0,2016-12-22,2021-02-10,2019-08-15 to 2019-11-13,NO_PARCEL_RECORD,,,,,,,,,
1,UNKNOWN / NOT IN SALE RECORDS,8543 MIDVALE AVE N,20 UNITS,98103,,,,12,3,0,2016-01-11,2025-10-02,2018-04-26 to 2018-07-25,,,1050600,4014400,5065000,,,,,993001580
1,UNKNOWN / NOT IN SALE RECORDS,1119 1ST AVE,COLONIAL/GRAND PACIFIC CONDOMINIUM,98101,,1902,6,12,3,0,2018-01-22,2023-01-17,2018-01-22 to 2018-04-22,SUSPICIOUS_IMPR_VALUE_1000,,734500,1000,735500,,,,,1697500000
1,UNKNOWN / NOT IN SALE RECORDS,601 FEDERAL AVE E,,,,,,12,3,0,2019-08-09,2024-07-27,2020-07-22 to 2020-10-20,NO_PARCEL_RECORD,,,,,,,,,
1,UNKNOWN / NOT IN SALE RECORDS,222 10TH AVE E,,,,,,12,3,0,2021-05-10,2024-09-16,2022-01-13 to 2022-04-13,NO_PARCEL_RECORD,,,,,,,,,
1,UNKNOWN / NOT IN SALE RECORDS,14023 1ST AVE NW,,,,,,11,10,0,2025-04-24,2025-08-06,2025-05-08 to 2025-08-06,NO_PARCEL_RECORD,,,,,,,,,
1,UNKNOWN / NOT IN SALE RECORDS,1938 11TH AVE W,,,,,,11,9,0,2006-04-12,2022-08-10,2022-05-31 to 2022-08-29,NO_PARCEL_RECORD,,,,,,,,,
1,UNKNOWN / NOT IN SALE RECORDS,1806 19TH AVE S,,,,,,11,9,0,2019-12-23,2020-07-14,2019-12-23 to 2020-03-22,NO_PARCEL_RECORD,,,,,,,,,
1,UNKNOWN / NOT IN SALE RECORDS,13202 BITTER PL N,,98133,,,,11,8,0,2025-05-01,2025-08-04,2025-06-17 to 2025-09-15,,,299600,70800,370400,,,,,832000170
1,UNKNOWN / NOT IN SALE RECORDS,9750 GREENWOOD AVE N,GREENWOOD PLAZA,98103,,1992,4,11,7,0,2007-04-02,2023-06-07,2022-07-09 to 2022-10-07,,,,9000,9000,,,,,2923000000
1,UNKNOWN / NOT IN SALE RECORDS,13033 3RD AVE NW,,98177,,,,11,7,0,2016-12-22,2025-07-17,2025-05-18 to 2025-08-16,,,595000,151000,746000,,,,,923000344
1,UNKNOWN / NOT IN SALE RECORDS,1120 E SPRUCE ST,,,,,,11,7,0,2019-10-11,2024-12-05,2024-08-30 to 2024-11-28,NO_PARCEL_RECORD,,,,,,,,,
1,UNKNOWN / NOT IN SALE RECORDS,7343 M L KING JR WAY S,,,,,,11,7,0,2021-10-26,2022-11-14,2022-09-12 to 2022-12-11,NO_PARCEL_RECORD,,,,,,,,,
1,UNKNOWN / NOT IN SALE RECORDS,1412 N 47TH ST,,,,,,11,7,0,2024-08-22,2025-09-03,2025-05-05 to 2025-08-03,NO_PARCEL_RECORD,,,,,,,,,
1,UNKNOWN / NOT IN SALE RECORDS,10400 LAKE CITY WAY NE,,,,,,11,6,0,2003-12-02,2025-05-15,2025-02-20 to 2025-05-21,NO_PARCEL_RECORD,,,,,,,,,
1,UNKNOWN / NOT IN SALE RECORDS,3045 20TH AVE W,ARAVITA CONDOMINIUM,98199,,,,11,6,0,2005-10-19,2023-08-18,2006-04-04 to 2006-07-03,,,50800,204200,255000,,,,,253210000
1,UNKNOWN / NOT IN SALE RECORDS,3317 NE 135TH ST,,,,,,11,6,0,2007-03-21,2009-02-02,2007-03-21 to 2007-06-19,NO_PARCEL_RECORD,,,,,,,,,
1,UNKNOWN / NOT IN SALE RECORDS,4028 COURTLAND PL S,,,,,,11,6,0,2010-06-25,2025-08-14,2010-06-25 to 2010-09-23,NO_PARCEL_RECORD,,,,,,,,,
1,UNKNOWN / NOT IN SALE RECORDS,4308 SW FRONTENAC ST,,,,,,11,6,0,2012-12-05,2024-07-03,2017-02-17 to 2017-05-18,NO_PARCEL_RECORD,,,,,,,,,
1,UNKNOWN / NOT IN SALE RECORDS,8511 19TH AVE NW,,,,,,11,6,0,2016-04-05,2024-07-01,2022-03-20 to 2022-06-18,NO_PARCEL_RECORD,,,,,,,,,
1,UNKNOWN / NOT IN SALE RECORDS,731 16TH AVE,,,,,,11,6,0,2016-09-08,2020-03-25,2019-05-02 to 2019-07-31,NO_PARCEL_RECORD,,,,,,,,,
1,UNKNOWN / NOT IN SALE RECORDS,4730 S LUCILE ST,,,,,,11,6,0,2018-06-28,2023-05-16,2023-03-13 to 2023-06-11,NO_PARCEL_RECORD,,,,,,,,,
1,UNKNOWN / NOT IN SALE RECORDS,1711 20TH AVE,,,,,,11,6,0,2019-05-14,2021-02-05,2019-05-14 to 2019-08-12,NO_PARCEL_RECORD,,,,,,,,,
1,UNKNOWN / NOT IN SALE RECORDS,668 S LANE ST,ASIA CONDOMINIUM,98104,,,,11,6,0,2020-12-07,2024-12-30,2023-07-25 to 2023-10-23,,,72300,227700,300000,,,,,86000000
1,UNKNOWN / NOT IN SALE RECORDS,326 NW 85TH ST,,,,,,11,6,0,2023-07-11,2024-04-25,2023-12-02 to 2024-03-01,NO_PARCEL_RECORD,,,,,,,,,
1,UNKNOWN / NOT IN SALE RECORDS,917 NE 63RD ST,,,,,,11,6,0,2023-10-27,2025-10-03,2024-05-10 to 2024-08-08,NO_PARCEL_RECORD,,,,,,,,,
1,UNKNOWN / NOT IN SALE RECORDS,2510 6TH AVE,,,,,,11,6,0,2023-11-03,2025-07-31,2025-01-13 to 2025-04-13,NO_PARCEL_RECORD,,,,,,,,,
1,UNKNOWN / NOT IN SALE RECORDS,3123 FAIRVIEW AVE E,SLATER'S LANDING,98102,,1977,2,11,5,0,2003-11-12,2017-10-26,2017-10-09 to 2018-01-07,SUSPICIOUS_IMPR_VALUE_1000,,1498700,1000,1499700,,,,,7815000000
1,UNKNOWN / NOT IN SALE RECORDS,3935 S AMERICUS ST,,98118,,,,11,5,0,2005-02-09,2023-08-02,2022-02-25 to 2022-05-26,,,545000,282000,827000,,,,,1702900180
1,UNKNOWN / NOT IN SALE RECORDS,1013 8TH AVE,,,,,,11,5,0,2006-10-23,2025-09-26,2025-04-07 to 2025-07-06,NO_PARCEL_RECORD,,,,,,,,,
1,UNKNOWN / NOT IN SALE RECORDS,9635 50TH AVE S,,98118,,,,11,5,0,2007-09-27,2020-08-13,2014-03-06 to 2014-06-04,,,455000,496000,951000,,,,,323049108
1,UNKNOWN / NOT IN SALE RECORDS,9033 3RD AVE S,,98108,,,,11,5,0,2009-03-09,2024-07-09,2011-01-18 to 2011-04-18,,,367000,414000,781000,,,,,13001553
1,UNKNOWN / NOT IN SALE RECORDS,2350 NE 90TH ST,2350 NE 90TH ST CONDOMINIUM,98115,,,,11,5,0,2009-08-28,2022-09-25,2022-09-25 to 2022-12-24,,,190800,520200,711000,,,,,8727010000
1,UNKNOWN / NOT IN SALE RECORDS,4135 19TH AVE SW,,98106,,,,11,5,0,2011-05-27,2024-08-01,2012-01-23 to 2012-04-22,,,361000,155000,516000,,,,,3157600415
1,UNKNOWN / NOT IN SALE RECORDS,833 14TH AVE,,,,,,11,5,0,2011-07-25,2022-03-23,2020-01-29 to 2020-04-28,NO_PARCEL_RECORD,,,,,,,,,
1,UNKNOWN / NOT IN SALE RECORDS,115 27TH AVE E,,,,,,11,5,0,2013-04-17,2019-11-08,2019-08-01 to 2019-10-30,NO_PARCEL_RECORD,,,,,,,,,
1,UNKNOWN / NOT IN SALE RECORDS,9316 26TH PL NW,,98117,,,,11,5,0,2013-07-10,2020-09-09,2017-08-16 to 2017-11-14,,,629000,239000,868000,,,,,8730600015
1,UNKNOWN / NOT IN SALE RECORDS,4105 STONE WAY N,MIXED USE,98103,,,,11,5,0,2013-12-10,2024-01-08,2023-11-02 to 2024-01-31,,,1079400,905600,1985000,,,,,72000075
1,UNKNOWN / NOT IN SALE RECORDS,8322 16TH AVE NW,,,,,,11,5,0,2016-11-03,2024-02-19,2023-08-18 to 2023-11-16,NO_PARCEL_RECORD,,,,,,,,,
1,UNKNOWN / NOT IN SALE RECORDS,553 S SULLIVAN ST,,,,,,11,5,0,2017-05-19,2023-12-05,2020-05-20 to 2020-08-18,NO_PARCEL_RECORD,,,,,,,,,
1,UNKNOWN / NOT IN SALE RECORDS,2005 S STEVENS ST,2005 S STEVENS ST CONDOMINIUM,98144,,,,11,5,0,2019-07-16,2020-10-27,2020-06-16 to 2020-09-14,,,115600,365400,481000,,,,,8277030000
1,UNKNOWN / NOT IN SALE RECORDS,6045 1ST AVE NW,,,,,,11,5,0,2021-05-11,2022-03-03,2021-08-22 to 2021-11-20,NO_PARCEL_RECORD,,,,,,,,,
1,UNKNOWN / NOT IN SALE RECORDS,1400 E PINE ST,,,,,,11,4,0,2003-11-10,2006-05-16,2003-11-10 to 2004-02-08,NO_PARCEL_RECORD,,,,,,,,,
1,UNKNOWN / NOT IN SALE RECORDS,1408 14TH AVE,,,,,,11,4,0,2004-05-10,2008-05-06,2004-05-10 to 2004-08-08,NO_PARCEL_RECORD,,,,,,,,,
1,UNKNOWN / NOT IN SALE RECORDS,4340 32ND AVE W,,,,,,11,4,0,2004-05-17,2016-11-15,2013-07-30 to 2013-10-28,NO_PARCEL_RECORD,,,,,,,,,
1,UNKNOWN / NOT IN SALE RECORDS,7115 S 115TH ST,,,,,,11,4,0,2004-06-01,2024-10-10,2006-12-13 to 2007-03-13,NO_PARCEL_RECORD,,,,,,,,,
1,UNKNOWN / NOT IN SALE RECORDS,9419 17TH AVE SW,,,,,,11,4,0,2004-07-14,2017-10-13,2009-06-22 to 2009-09-20,NO_PARCEL_RECORD,,,,,,,,,
1,UNKNOWN / NOT IN SALE RECORDS,8501 STONE AVE N,townhouse,98103,,,,11,4,0,2004-02-10,2025-02-12,2019-01-23 to 2019-04-23,,,176000,341000,517000,,,,,993002109
1,UNKNOWN / NOT IN SALE RECORDS,2820 NE 75TH ST,,98115,,,,11,4,0,2005-09-06,2024-07-29,2018-08-30 to 2018-11-28,,,742000,231000,973000,,,,,425049082
1,UNKNOWN / NOT IN SALE RECORDS,6415 8TH AVE NW,RESTAURANT/DELI MARKET,98107,,,,11,4,0,2005-09-28,2021-01-05,2006-03-09 to 2006-06-07,SUSPICIOUS_IMPR_VALUE_1000,,2410100,1000,2411100,,,,,452001225
1,UNKNOWN / NOT IN SALE RECORDS,5104 SW ADMIRAL WAY,,,,,,11,4,0,2005-12-13,2017-07-24,2005-12-13 to 2006-03-13,NO_PARCEL_RECORD,,,,,,,,,
1,UNKNOWN / NOT IN SALE RECORDS,812 NE 67TH ST,,,,,,11,4,0,2006-02-16,2010-10-22,2009-04-17 to 2009-07-16,NO_PARCEL_RECORD,,,,,,,,,
1,UNKNOWN / NOT IN SALE RECORDS,3924 M L KING JR WAY S,,,,,,11,4,0,2006-08-21,2022-01-28,2006-08-21 to 2006-11-19,NO_PARCEL_RECORD,,,,,,,,,
1,UNKNOWN / NOT IN SALE RECORDS,3207 POINT PL SW,,98116,,,,11,4,0,2006-09-13,2017-10-18,2012-09-10 to 2012-12-09,,,1373000,814000,2187000,,,,,148000875
1,UNKNOWN / NOT IN SALE RECORDS,4018 M L KING JR WAY S,,,,,,11,4,0,2006-11-09,2025-01-14,2011-08-01 to 2011-10-30,NO_PARCEL_RECORD,,,,,,,,,
1,UNKNOWN / NOT IN SALE RECORDS,840 NE 125TH ST,FORTE' CONDOMINIUM,98125,,1988,1,11,4,0,2007-06-01,2020-02-25,2007-06-01 to 2007-08-30,,,19500,159200,178700,,,,,2607980000
1,UNKNOWN / NOT IN SALE RECORDS,1330 N 90TH ST,ROBERT EAGLE STAFF MIDDLE SCHOOL (WILSON PACIFIC M,98103,,2016,3,11,4,0,2008-03-07,2019-06-19,2015-05-28 to 2015-08-26,,,50710400,39595800,90306200,,,,,3126049064
1,UNKNOWN / NOT IN SALE RECORDS,6357 40TH AVE SW,,98136,,,,11,4,0,2008-03-27,2022-08-08,2018-03-29 to 2018-06-27,SUSPICIOUS_IMPR_VALUE_1000,,610000,1000,611000,,,,,826000370
1,UNKNOWN / NOT IN SALE RECORDS,2207 FAIRVIEW AVE E,DNR LEASE 20-012557 (FLO VILLA CO-OP),98102,,,,11,4,0,2009-05-20,2018-08-21,2015-07-17 to 2015-10-15,,,7715000,,7715000,,,,,4088802317
1,UNKNOWN / NOT IN SALE RECORDS,4434 33RD AVE S,4434 33rd Ave S Condominium,98118,,,,11,4,0,2009-07-14,2023-05-10,2020-08-04 to 2020-11-02,,,120400,721600,842000,,,,,2603500000
1,UNKNOWN / NOT IN SALE RECORDS,11 E ALLISON ST,ALLISON MARINA,98102,,,,11,4,0,2009-10-02,2023-01-04,2017-08-08 to 2017-11-06,,,44600,330400,375000,,,,,186500000
1,UNKNOWN / NOT IN SALE RECORDS,163 BLAINE ST,,98109,,,,11,4,0,2010-09-08,2024-06-13,2010-09-08 to 2010-12-07,,,864000,2039000,2903000,,,,,809000910
1,UNKNOWN / NOT IN SALE RECORDS,2716 ELLIOTT AVE,BELLORA CONDOMINIUM,98121,,,,11,4,0,2011-01-24,2025-07-24,2022-04-04 to 2022-07-03,,,105800,559600,665400,,,,,687800000
1,UNKNOWN / NOT IN SALE RECORDS,1136 NW 57TH ST,,,,,,11,4,0,2011-06-08,2023-07-12,2022-04-20 to 2022-07-19,NO_PARCEL_RECORD,,,,,,,,,
1,UNKNOWN / NOT IN SALE RECORDS,3849 WOODLAWN AVE N,,98103,,,,11,4,0,2015-08-19,2025-02-24,2024-10-22 to 2025-01-20,,,343000,502000,845000,,,,,495500379
1,UNKNOWN / NOT IN SALE RECORDS,271 S PORTLAND ST,,,,,,11,4,0,2015-11-16,2025-07-08,2023-09-14 to 2023-12-13,NO_PARCEL_RECORD,,,,,,,,,
1,UNKNOWN / NOT IN SALE RECORDS,505 11TH AVE E,,98102,,,,11,4,0,2017-08-08,2024-06-26,2022-07-12 to 2022-10-10,,,472000,719000,1191000,,,,,6852700321
1,UNKNOWN / NOT IN SALE RECORDS,600 WALL ST,SPIRE CONDOMINIUM,98121,,,,11,4,0,2018-12-22,2020-08-23,2019-05-14 to 2019-08-12,,,39600,267500,307100,,,,,7922630000
1,UNKNOWN / NOT IN SALE RECORDS,9524 3RD AVE NE,,,,,,11,4,0,2019-01-03,2022-05-30,2021-02-12 to 2021-05-13,NO_PARCEL_RECORD,,,,,,,,,
1,UNKNOWN / NOT IN SALE RECORDS,521 S WELLER ST,,,,,,11,4,0,2019-05-24,2025-06-24,2019-10-15 to 2020-01-13,NO_PARCEL_RECORD,,,,,,,,,
1,UNKNOWN / NOT IN SALE RECORDS,5039 11TH AVE NE,,,,,,11,4,0,2019-09-17,2025-03-11,2024-09-27 to 2024-12-26,NO_PARCEL_RECORD,,,,,,,,,
1,UNKNOWN / NOT IN SALE RECORDS,5727 37TH AVE S,FILIPINO COMMUNITY VILLAGE,98118,,2020,5,11,4,0,2019-11-12,2024-07-11,2023-02-23 to 2023-05-24,,,8400,34800,43200,,,,,2499950000
1,UNKNOWN / NOT IN SALE RECORDS,6011 37TH AVE SW,6011 37th Ave SW Condominium,98126,,,,11,4,0,2020-11-17,2022-06-21,2022-05-18 to 2022-08-16,,,144300,398700,543000,,,,,7803960000
1,UNKNOWN / NOT IN SALE RECORDS,1261 S KING ST,,,,,,11,4,0,2022-02-15,2024-11-20,2024-01-30 to 2024-04-29,NO_PARCEL_RECORD,,,,,,,,,
1,UNKNOWN / NOT IN SALE RECORDS,3835 WOODLAWN AVE N,,,,,,11,4,0,2022-02-18,2024-07-20,2023-06-25 to 2023-09-23,NO_PARCEL_RECORD,,,,,,,,,
1,UNKNOWN / NOT IN SALE RECORDS,131 10TH AVE E,STATION HOUSE APARTMENTS-TOD #B North,98102,,2019,7,11,4,0,2022-05-25,2025-08-14,2024-08-21 to 2024-11-19,,,,2587200,2587200,,,,,7981950000
1,UNKNOWN / NOT IN SALE RECORDS,110 10TH AVE S,Hinoki-SHA - primary,98104,139,2021,7,11,4,0,2022-09-16,2025-11-05,2025-10-15 to 2026-01-13,,,2649100,30129900,32779000,,,,,9822000230
1,UNKNOWN / NOT IN SALE RECORDS,5655 31ST AVE SW,,,,,,11,4,0,2023-10-16,2025-10-09,2025-04-10 to 2025-07-09,NO_PARCEL_RECORD,,,,,,,,,
1,UNKNOWN / NOT IN SALE RECORDS,8324 MARY AVE NW,,,,,,11,4,0,2023-10-17,2025-03-10,2024-09-21 to 2024-12-20,NO_PARCEL_RECORD,,,,,,,,,
1,UNKNOWN / NOT IN SALE RECORDS,3033 20TH AVE S,,,,,,11,3,0,2004-01-29,2022-04-06,2005-09-29 to 2005-12-28,NO_PARCEL_RECORD,,,,,,,,,
1,UNKNOWN / NOT IN SALE RECORDS,12835 ASHWORTH AVE N,,98133,,,,11,3,0,2004-03-08,2023-09-18,2004-03-08 to 2004-06-06,,,394000,1000,395000,,,,,1926049179
1,UNKNOWN / NOT IN SALE RECORDS,1718 S ANGELINE ST,,98108,,,,11,3,0,2004-05-03,2020-03-05,2007-04-18 to 2007-07-17,,,264000,1000,265000,,,,,1800134
1,UNKNOWN / NOT IN SALE RECORDS,6004 12TH AVE S,,,,,,11,3,0,2004-06-10,2024-11-12,2004-06-10 to 2004-09-08,NO_PARCEL_RECORD,,,,,,,,,
1,UNKNOWN / NOT IN SALE RECORDS,707 36TH AVE,,,,,,11,3,0,2004-12-01,2019-07-24,2004-12-01 to 2005-03-01,NO_PARCEL_RECORD,,,,,,,,,
1,UNKNOWN / NOT IN SALE RECORDS,6630 CARLETON AVE S,,,,,,11,3,0,2005-01-07,2015-10-16,2005-01-07 to 2005-04-07,NO_PARCEL_RECORD,,,,,,,,,
1,UNKNOWN / NOT IN SALE RECORDS,745 BELLEVUE AVE E,BELLAGIO ON CAPITOL HILL CONDOMINIUM,98102,,,,11,3,0,2005-01-21,2024-08-03,2006-10-12 to 2007-01-10,,,255100,497900,753000,,,,,662430000
1,UNKNOWN / NOT IN SALE RECORDS,516 NE 103RD ST,,,,,,11,3,0,2005-03-21,2025-09-23,2019-08-19 to 2019-11-17,NO_PARCEL_RECORD,,,,,,,,,
1,UNKNOWN / NOT IN SALE RECORDS,2304 2ND AVE,,,,,,11,3,0,2005-07-01,2012-11-05,2012-08-24 to 2012-11-22,NO_PARCEL_RECORD,,,,,,,,,
1,UNKNOWN / NOT IN SALE RECORDS,5224 19TH AVE NE,SFR - Rooming House,98105,,1909,2,11,3,0,2005-07-25,2016-11-30,2006-09-01 to 2006-11-30,,,583200,538100,1121300,,,,,8823900060
1,UNKNOWN / NOT IN SALE RECORDS,3213 HARBOR AVE SW,Verge Condominiums,98126,,2005,1,11,3,0,2006-02-02,2025-03-21,2007-02-20 to 2007-05-21,,,80700,681500,762200,,,,,8895300000
1,UNKNOWN / NOT IN SALE RECORDS,423 21ST AVE,423 21st Ave,98122,,,,11,3,0,2006-03-07,2024-02-23,2023-02-02 to 2023-05-03,SUSPICIOUS_IMPR_VALUE_1000,,864000,1000,865000,,,,,9126100640
1,UNKNOWN / NOT IN SALE RECORDS,1111 NE 80TH ST,,98115,,,,11,3,0,2006-04-14,2025-10-20,2025-02-26 to 2025-05-27,,,436000,276000,712000,,,,,2979800495
1,UNKNOWN / NOT IN SALE RECORDS,9275 57TH AVE S,,,,,,11,3,0,2006-06-20,2023-05-16,2007-01-16 to 2007-04-16,NO_PARCEL_RECORD,,,,,,,,,
1,UNKNOWN / NOT IN SALE RECORDS,9624 57TH AVE S,,98118,,,,11,3,0,2006-07-27,2015-12-18,2010-07-07 to 2010-10-05,,,293000,126000,419000,,,,,223049046
1,UNKNOWN / NOT IN SALE RECORDS,2800 1ST AVE,DOWNTOWN CORNERSTONE CHURCH,98121,,,,11,3,0,2006-08-11,2025-05-31,2021-07-20 to 2021-10-18,,,9376200,1455700,10831900,,,,,654000007
1,UNKNOWN / NOT IN SALE RECORDS,1306 NE 65TH ST,,,,,,11,3,0,2007-03-23,2015-07-16,2008-07-31 to 2008-10-29,NO_PARCEL_RECORD,,,,,,,,,
1,UNKNOWN / NOT IN SALE RECORDS,6238 STANLEY AVE S,,,,,,11,3,0,2007-05-11,2024-07-08,2007-05-11 to 2007-08-09,NO_PARCEL_RECORD,,,,,,,,,
1,UNKNOWN / NOT IN SALE RECORDS,8900 AURORA AVE N,OAKTREE MOTEL,98103,,,,11,3,0,2007-06-04,2025-07-01,2025-06-13 to 2025-09-11,SUSPICIOUS_IMPR_VALUE_1000,,3980600,1000,3981600,,,,,993000495
1,UNKNOWN / NOT IN SALE RECORDS,220 N 58TH ST,,98103,,,,11,3,0,2007-06-11,2025-10-04,2018-02-07 to 2018-05-08,,,774000,159000,933000,,,,,455000200
1,UNKNOWN / NOT IN SALE RECORDS,7501 56TH AVE NE,,98115,,,,11,3,0,2007-09-18,2021-07-10,2018-08-11 to 2018-11-09,,,893000,278000,1171000,,,,,330000030
1,UNKNOWN / NOT IN SALE RECORDS,8321 36TH AVE S,,,,,,11,3,0,2007-11-15,2025-09-27,2020-05-27 to 2020-08-25,NO_PARCEL_RECORD,,,,,,,,,
1,UNKNOWN / NOT IN SALE RECORDS,4248 LETITIA AVE S,,,,,,11,3,0,2008-02-21,2019-04-19,2018-09-30 to 2018-12-29,NO_PARCEL_RECORD,,,,,,,,,
1,UNKNOWN / NOT IN SALE RECORDS,4716 45TH AVE SW,4716 45TH AVE SW,98116,,,,11,3,0,2008-07-17,2024-04-17,2024-02-01 to 2024-05-01,,,272500,964500,1237000,,,,,2608150000
1,UNKNOWN / NOT IN SALE RECORDS,2505 AURORA AVE N,,,,,,11,3,0,2009-04-07,2019-10-18,2009-04-07 to 2009-07-06,NO_PARCEL_RECORD,,,,,,,,,
1,UNKNOWN / NOT IN SALE RECORDS,2415 2ND AVE,,,,,,11,3,0,2009-04-29,2024-08-30,2024-08-28 to 2024-11-26,NO_PARCEL_RECORD,,,,,,,,,
1,UNKNOWN / NOT IN SALE RECORDS,4900 25TH AVE NE,,,,,,11,3,0,2009-07-23,2021-10-20,2021-08-04 to 2021-11-02,NO_PARCEL_RECORD,,,,,,,,,
1,UNKNOWN / NOT IN SALE RECORDS,8825 WALLINGFORD AVE N,8825 WALLINGFORD AVE N,98103,,,,11,3,0,2009-08-18,2024-10-01,2019-09-06 to 2019-12-05,,,312600,886400,1199000,,,,,2284950000
1,UNKNOWN / NOT IN SALE RECORDS,3817 SW DAKOTA ST,,98126,,,,11,3,0,2009-08-31,2024-07-08,2024-06-07 to 2024-09-05,,,555000,550000,1105000,,,,,952003184
1,UNKNOWN / NOT IN SALE RECORDS,4159 44TH AVE SW,,98116,,,,11,3,0,2010-05-14,2020-03-18,2020-02-11 to 2020-05-11,,,578000,33000,611000,,,,,194000645
1,UNKNOWN / NOT IN SALE RECORDS,2001 WESTLAKE AVE N,2001 WESTLAKE TERRACE CONDOMINIUM,98109,,,,11,3,0,2010-07-13,2025-08-05,2024-07-30 to 2024-10-28,,,162600,247400,410000,,,,,8727100000
1,UNKNOWN / NOT IN SALE RECORDS,2838 SW GENESEE ST,,,,,,11,3,0,2010-07-20,2016-05-13,2014-03-12 to 2014-06-10,NO_PARCEL_RECORD,,,,,,,,,
1,UNKNOWN / NOT IN SALE RECORDS,719 23RD AVE,,,,,,11,3,0,2010-07-26,2025-06-26,2015-02-06 to 2015-05-07,NO_PARCEL_RECORD,,,,,,,,,
1,UNKNOWN / NOT IN SALE RECORDS,3450 13TH AVE W,3450 13TH AVE W CONDOMINIUM,98119,,,,11,3,0,2010-08-27,2018-05-11,2017-05-01 to 2017-07-30,,,426600,947400,1374000,,,,,8603210000
1,UNKNOWN / NOT IN SALE RECORDS,6450 SWIFT AVE S,,,,,,11,3,0,2010-09-21,2025-09-02,2016-06-16 to 2016-09-14,NO_PARCEL_RECORD,,,,,,,,,
1,UNKNOWN / NOT IN SALE RECORDS,1630 43RD AVE E,PARKSHORE CCRC,98112,172,1963,16,11,3,0,2010-10-05,2019-06-20,2018-08-14 to 2018-11-12,,,15042700,47310300,62353000,,,,,5318102110
1,UNKNOWN / NOT IN SALE RECORDS,11309 CORLISS AVE N,,,,,,11,3,0,2011-02-04,2019-07-22,2011-02-04 to 2011-05-05,NO_PARCEL_RECORD,,,,,,,,,
1,UNKNOWN / NOT IN SALE RECORDS,1527 VALENTINE PL S,,,,,,11,3,0,2011-03-24,2019-10-23,2012-02-17 to 2012-05-17,NO_PARCEL_RECORD,,,,,,,,,
1,UNKNOWN / NOT IN SALE RECORDS,8839 DELRIDGE WAY SW,,,,,,11,3,0,2011-06-21,2025-04-18,2023-08-09 to 2023-11-07,NO_PARCEL_RECORD,,,,,,,,,
1,UNKNOWN / NOT IN SALE RECORDS,10736 RENTON AVE S,10736 RENTON AVE S,98178,,,,11,3,0,2013-05-16,2024-07-10,2019-12-03 to 2020-03-02,,,187200,715800,903000,,,,,6393300000
1,UNKNOWN / NOT IN SALE RECORDS,302 16TH AVE,302 16TH AVE Condominium,98122,,,,11,3,0,2013-06-14,2022-05-02,2016-11-09 to 2017-02-07,,,204700,474300,679000,,,,,8634270000
1,UNKNOWN / NOT IN SALE RECORDS,7520 43RD AVE S,,,,,,11,3,0,2013-06-26,2019-04-08,2013-06-26 to 2013-09-24,NO_PARCEL_RECORD,,,,,,,,,
1,UNKNOWN / NOT IN SALE RECORDS,4209 WILLIAMS AVE W,4209 WILLIAMS AVE W,98199,,,,11,3,0,2013-10-14,2022-06-17,2014-03-19 to 2014-06-17,,,522700,1697300,2220000,,,,,2608170000
1,UNKNOWN / NOT IN SALE RECORDS,2367 13TH AVE S,,,,,,11,3,0,2015-04-07,2024-09-26,2024-08-09 to 2024-11-07,NO_PARCEL_RECORD,,,,,,,,,
1,UNKNOWN / NOT IN SALE RECORDS,4542 18TH AVE NE,,,,,,11,3,0,2015-05-20,2021-09-23,2017-06-15 to 2017-09-13,NO_PARCEL_RECORD,,,,,,,,,
1,UNKNOWN / NOT IN SALE RECORDS,1015 NE 100TH ST,1015 NE 100TH ST CONDOMINIUM,98125,,,,11,3,0,2016-02-17,2021-09-20,2017-07-05 to 2017-10-03,,,152900,392100,545000,,,,,6390180000
1,UNKNOWN / NOT IN SALE RECORDS,308 22ND AVE S,MAIN STREET PLACE CONDOMINIUM,98144,,2001,5,11,3,0,2016-03-21,2024-09-22,2016-03-21 to 2016-06-19,,,23900,56800,80700,,,,,5050150000
1,UNKNOWN / NOT IN SALE RECORDS,8606 7TH AVE S,,98108,,,,11,3,0,2016-08-22,2021-07-02,2016-08-22 to 2016-11-20,,,245000,,245000,,,,,7883602643
1,UNKNOWN / NOT IN SALE RECORDS,1730 19TH AVE,,,,,,11,3,0,2017-03-08,2024-05-13,2017-03-08 to 2017-06-06,NO_PARCEL_RECORD,,,,,,,,,
1,UNKNOWN / NOT IN SALE RECORDS,1415 NE 43RD ST,,,,,,11,3,0,2017-05-23,2025-07-01,2017-05-23 to 2017-08-21,NO_PARCEL_RECORD,,,,,,,,,
1,UNKNOWN / NOT IN SALE RECORDS,1115 DEXTER AVE N,,,,,,11,3,0,2017-10-03,2025-03-11,2019-06-27 to 2019-09-25,NO_PARCEL_RECORD,,,,,,,,,
1,UNKNOWN / NOT IN SALE RECORDS,2309 S JACKSON ST,,,,,,11,3,0,2018-03-20,2020-05-31,2018-09-18 to 2018-12-17,NO_PARCEL_RECORD,,,,,,,,,
1,UNKNOWN / NOT IN SALE RECORDS,2212 S JACKSON ST,,,,,,11,3,0,2018-08-31,2025-05-13,2020-10-02 to 2020-12-31,NO_PARCEL_RECORD,,,,,,,,,
1,UNKNOWN / NOT IN SALE RECORDS,106 BELL ST,,,,,,11,3,0,2018-11-02,2024-09-11,2018-11-02 to 2019-01-31,NO_PARCEL_RECORD,,,,,,,,,
1,UNKNOWN / NOT IN SALE RECORDS,1522 19TH AVE,,98122,,,,11,3,0,2020-02-10,2023-12-13,2020-06-22 to 2020-09-20,SUSPICIOUS_IMPR_VALUE_1000,,675000,1000,676000,,,,,7228502270
1,UNKNOWN / NOT IN SALE RECORDS,2300 ELLIOTT AVE,2300 Elliott,98121,,,,11,3,0,2022-04-20,2025-10-06,2024-01-23 to 2024-04-22,,,13068000,16432000,29500000,,,,,654000285
1,UNKNOWN / NOT IN SALE RECORDS,2246 NW MARKET ST,,,,,,10,10,0,2022-09-20,2022-10-22,2022-09-20 to 2022-12-19,NO_PARCEL_RECORD,,,,,,,,,
1,UNKNOWN / NOT IN SALE RECORDS,2025 FAIRVIEW AVE E,,,,,,10,9,0,2015-06-11,2024-04-03,2015-06-11 to 2015-09-09,NO_PARCEL_RECORD,,,,,,,,,
1,UNKNOWN / NOT IN SALE RECORDS,813 7TH AVE S,,,,,,10,9,0,2025-04-25,2025-09-08,2025-06-11 to 2025-09-09,NO_PARCEL_RECORD,,,,,,,,,
1,UNKNOWN / NOT IN SALE RECORDS,3925 S CLOVERDALE ST,,,,,,10,8,0,2003-12-02,2005-04-04,2005-03-31 to 2005-06-29,NO_PARCEL_RECORD,,,,,,,,,
1,UNKNOWN / NOT IN SALE RECORDS,5680 24TH AVE NW,,,,,,10,8,0,2024-09-19,2025-03-18,2024-09-19 to 2024-12-18,NO_PARCEL_RECORD,,,,,,,,,
1,UNKNOWN / NOT IN SALE RECORDS,1133 24TH AVE S,,,,,,10,7,0,2005-06-02,2016-09-30,2016-02-05 to 2016-05-05,NO_PARCEL_RECORD,,,,,,,,,
1,UNKNOWN / NOT IN SALE RECORDS,2328 FRANKLIN AVE E,,,,,,10,7,0,2005-10-31,2024-07-01,2022-12-01 to 2023-03-01,NO_PARCEL_RECORD,,,,,,,,,
1,UNKNOWN / NOT IN SALE RECORDS,1006 NE 42ND ST,,,,,,10,7,0,2017-07-21,2023-06-01,2023-05-02 to 2023-07-31,NO_PARCEL_RECORD,,,,,,,,,
1,UNKNOWN / NOT IN SALE RECORDS,2569 26TH AVE W,,98199,,,,10,7,0,2023-06-25,2024-09-09,2024-01-26 to 2024-04-25,,,991000,1853000,2844000,,,,,269000775
1,UNKNOWN / NOT IN SALE RECORDS,1718 NOB HILL AVE N,,98109,,,,10,6,0,2004-09-27,2005-09-07,2005-02-04 to 2005-05-05,,,765000,949000,1714000,,,,,809001195
1,UNKNOWN / NOT IN SALE RECORDS,4530 46TH AVE NE,LAURELHURST ELEMENTARY SCHOOL,98105,,1955,1,10,6,0,2008-09-19,2015-05-14,2008-11-14 to 2009-02-12,,,10420600,2984200,13404800,,,,,5364200330
1,UNKNOWN / NOT IN SALE RECORDS,4500 25TH AVE NE,,,,,,10,6,0,2009-05-05,2015-09-25,2012-05-09 to 2012-08-07,NO_PARCEL_RECORD,,,,,,,,,
1,UNKNOWN / NOT IN SALE RECORDS,1313 SUNSET AVE SW,,98116,,,,10,6,0,2014-10-29,2024-11-06,2024-06-24 to 2024-09-22,,,1099000,622000,1721000,,,,,9272200100
1,UNKNOWN / NOT IN SALE RECORDS,6522 24TH AVE NW,,,,,,10,6,0,2018-05-03,2025-10-02,2019-12-25 to 2020-03-24,NO_PARCEL_RECORD,,,,,,,,,
1,UNKNOWN / NOT IN SALE RECORDS,9038 4TH AVE SW,,,,,,10,6,0,2019-05-05,2025-05-22,2020-02-19 to 2020-05-19,NO_PARCEL_RECORD,,,,,,,,,
1,UNKNOWN / NOT IN SALE RECORDS,4220 GREENWOOD AVE N,4220 GREENWOOD AVE N CONDOMINIUM,98103,,,,10,6,0,2019-08-06,2023-09-06,2023-06-26 to 2023-09-24,,,149500,605500,755000,,,,,2608100000
1,UNKNOWN / NOT IN SALE RECORDS,176 25TH AVE,,98122,,,,10,6,0,2020-07-06,2022-03-03,2020-07-06 to 2020-10-04,,,644000,500000,1144000,,,,,363000060
1,UNKNOWN / NOT IN SALE RECORDS,1210 NW 70TH ST,,98117,,,,10,6,0,2021-12-28,2025-09-30,2025-09-01 to 2025-11-30,,,714000,88000,802000,,,,,461003975
1,UNKNOWN / NOT IN SALE RECORDS,7333 39TH AVE SW,7333 39TH AVE SW,98136,,,,10,6,0,2022-03-14,2025-06-03,2025-01-31 to 2025-05-01,,,410500,200500,611000,,,,,7699360000
1,UNKNOWN / NOT IN SALE RECORDS,2616 E ROY ST,,,,,,10,6,0,2024-06-26,2025-05-09,2024-06-26 to 2024-09-24,NO_PARCEL_RECORD,,,,,,,,,
1,UNKNOWN / NOT IN SALE RECORDS,2609 34TH AVE W,,,,,,10,5,0,2007-04-13,2025-10-16,2025-07-09 to 2025-10-07,NO_PARCEL_RECORD,,,,,,,,,
1,UNKNOWN / NOT IN SALE RECORDS,7501 LAKE CITY WAY NE,,,,,,10,5,0,2007-10-22,2021-07-29,2009-02-10 to 2009-05-11,NO_PARCEL_RECORD,,,,,,,,,
1,UNKNOWN / NOT IN SALE RECORDS,700 22ND AVE,,,,,,10,5,0,2010-03-25,2020-03-09,2019-08-08 to 2019-11-06,NO_PARCEL_RECORD,,,,,,,,,
1,UNKNOWN / NOT IN SALE RECORDS,6516 25TH AVE NE,MATADOR,98115,,,,10,5,0,2011-04-06,2025-10-27,2023-06-12 to 2023-09-10,SUSPICIOUS_IMPR_VALUE_1000,,3420000,1000,3421000,,,,,425049050
1,UNKNOWN / NOT IN SALE RECORDS,9838 49TH AVE SW,,,,,,10,5,0,2015-05-05,2024-10-24,2018-12-12 to 2019-03-12,NO_PARCEL_RECORD,,,,,,,,,
1,UNKNOWN / NOT IN SALE RECORDS,134 S BRANDON ST,,,,,,10,5,0,2016-01-20,2022-07-29,2021-05-04 to 2021-08-02,NO_PARCEL_RECORD,,,,,,,,,
1,UNKNOWN / NOT IN SALE RECORDS,1114 18TH AVE,,,,,,10,5,0,2018-09-24,2021-05-18,2019-06-25 to 2019-09-23,NO_PARCEL_RECORD,,,,,,,,,
1,UNKNOWN / NOT IN SALE RECORDS,1902 NW 96TH ST,,98117,,,,10,5,0,2019-04-30,2024-07-12,2023-03-10 to 2023-06-08,,,596000,301000,897000,,,,,579002695
1,UNKNOWN / NOT IN SALE RECORDS,8751 14TH AVE NW,,,,,,10,5,0,2021-02-08,2023-03-14,2021-11-15 to 2022-02-13,NO_PARCEL_RECORD,,,,,,,,,
1,UNKNOWN / NOT IN SALE RECORDS,8615 BEACON AVE S,,98118,,,,10,5,0,2021-11-21,2025-05-06,2023-03-14 to 2023-06-12,,,333000,1000,334000,,,,,7400148
1,UNKNOWN / NOT IN SALE RECORDS,2216 2ND AVE,,,,,,10,5,0,2022-06-21,2025-06-05,2022-06-21 to 2022-09-19,NO_PARCEL_RECORD,,,,,,,,,
1,UNKNOWN / NOT IN SALE RECORDS,2214 2ND AVE,,,,,,10,5,0,2022-06-27,2025-10-15,2025-08-25 to 2025-11-23,NO_PARCEL_RECORD,,,,,,,,,
1,UNKNOWN / NOT IN SALE RECORDS,2011 RAINIER AVE S,,,,,,10,5,0,2022-12-16,2025-08-12,2022-12-16 to 2023-03-16,NO_PARCEL_RECORD,,,,,,,,,
1,UNKNOWN / NOT IN SALE RECORDS,1447 NW 65TH ST,,,,,,10,5,0,2024-06-17,2025-07-15,2025-05-07 to 2025-08-05,NO_PARCEL_RECORD,,,,,,,,,
1,UNKNOWN / NOT IN SALE RECORDS,7018 20TH AVE NE,7018 20TH AVE NE,98115,,,,10,4,0,2004-04-23,2024-08-06,2024-05-02 to 2024-07-31,,,418000,1000000,1418000,,,,,7699040000
1,UNKNOWN / NOT IN SALE RECORDS,14038 SUNNYSIDE AVE N,,98133,,,,10,4,0,2004-09-10,2009-05-12,2006-02-09 to 2006-05-10,,,470000,259000,729000,,,,,5718600020
1,UNKNOWN / NOT IN SALE RECORDS,8512 1ST AVE NE,8512 1ST AVENUE NORTHEAST CONDOMINIUM,98115,,,,10,4,0,2004-11-04,2023-01-09,2015-01-22 to 2015-04-22,,,154700,429300,584000,,,,,2285800000
1,UNKNOWN / NOT IN SALE RECORDS,8348 WABASH AVE S,,,,,,10,4,0,2005-01-06,2025-03-22,2025-02-14 to 2025-05-15,NO_PARCEL_RECORD,,,,,,,,,
1,UNKNOWN / NOT IN SALE RECORDS,752 BELLEVUE AVE E,MODE,98102,,,,10,4,0,2005-01-18,2023-06-09,2007-10-16 to 2008-01-14,,,124400,141600,266000,,,,,5566500000
1,UNKNOWN / NOT IN SALE RECORDS,6516 12TH AVE NE,,,,,,10,4,0,2005-05-17,2007-05-09,2005-05-17 to 2005-08-15,NO_PARCEL_RECORD,,,,,,,,,
1,UNKNOWN / NOT IN SALE RECORDS,3150 W GOVERNMENT WAY,BLUE HERON CONDOMINIUM,98199,,,,10,4,0,2005-05-18,2019-10-15,2005-05-18 to 2005-08-16,,,306100,815500,1121600,,,,,866300000
1,UNKNOWN / NOT IN SALE RECORDS,4736 20TH AVE NE,sfr,98105,,,,10,4,0,2006-03-07,2025-09-03,2024-02-10 to 2024-05-10,,,926000,184000,1110000,,,,,925049177
1,UNKNOWN / NOT IN SALE RECORDS,615 NW BRIGHT ST,,,,,,10,4,0,2006-07-06,2025-03-11,2018-07-10 to 2018-10-08,NO_PARCEL_RECORD,,,,,,,,,
1,UNKNOWN / NOT IN SALE RECORDS,1511 RAINIER AVE S,,,,,,10,4,0,2007-02-06,2016-08-12,2016-06-17 to 2016-09-15,NO_PARCEL_RECORD,,,,,,,,,
1,UNKNOWN / NOT IN SALE RECORDS,603 32ND AVE E,,,,,,10,4,0,2007-05-21,2011-07-13,2011-06-08 to 2011-09-06,NO_PARCEL_RECORD,,,,,,,,,
1,UNKNOWN / NOT IN SALE RECORDS,10027 RICHWOOD AVE NW,,98177,,,,10,4,0,2007-10-09,2013-11-13,2007-10-09 to 2008-01-07,,,1524000,1164000,2688000,,,,,868002070
1,UNKNOWN / NOT IN SALE RECORDS,5511 4TH AVE NW,,,,,,10,4,0,2008-05-13,2018-06-22,2015-01-26 to 2015-04-26,NO_PARCEL_RECORD,,,,,,,,,
1,UNKNOWN / NOT IN SALE RECORDS,8622 3RD AVE NW,,,,,,10,4,0,2008-11-26,2010-09-14,2009-03-17 to 2009-06-15,NO_PARCEL_RECORD,,,,,,,,,
1,UNKNOWN / NOT IN SALE RECORDS,217 30TH AVE,,98122,,,,10,4,0,2010-09-09,2024-10-22,2021-12-01 to 2022-03-01,,,603000,878000,1481000,,,,,366000074
1,UNKNOWN / NOT IN SALE RECORDS,7810 5TH AVE NE,,,,,,10,4,0,2011-01-11,2014-01-28,2012-06-29 to 2012-09-27,NO_PARCEL_RECORD,,,,,,,,,
1,UNKNOWN / NOT IN SALE RECORDS,7711 43RD AVE NE,THORNTON CREEK ELEMENTARY,98115,,1960,1,10,4,0,2011-08-04,2016-08-19,2016-07-14 to 2016-10-12,,,7262900,26617600,33880500,,,,,6392002430
1,UNKNOWN / NOT IN SALE RECORDS,5313 SAND POINT WAY NE,,,,,,10,4,0,2012-08-20,2024-06-07,2020-06-22 to 2020-09-20,NO_PARCEL_RECORD,,,,,,,,,
1,UNKNOWN / NOT IN SALE RECORDS,13735 LINDEN AVE N,,,,,,10,4,0,2013-03-05,2023-09-12,2023-08-12 to 2023-11-10,NO_PARCEL_RECORD,,,,,,,,,
1,UNKNOWN / NOT IN SALE RECORDS,223 TAYLOR AVE N,SITELINE APTS,98109,,2022,8,10,4,0,2014-10-13,2025-10-16,2024-04-30 to 2024-07-29,,,,50344700,50344700,,,,,8727440000
1,UNKNOWN / NOT IN SALE RECORDS,7016 15TH AVE NW,LILLEHAMMER,98117,,,,10,4,0,2014-10-10,2023-06-16,2022-08-19 to 2022-11-17,,,,23292500,23292500,,,,,461003000
1,UNKNOWN / NOT IN SALE RECORDS,2200 7TH AVE,,,,,,10,4,0,2015-04-02,2020-11-20,2018-06-29 to 2018-09-27,NO_PARCEL_RECORD,,,,,,,,,
1,UNKNOWN / NOT IN SALE RECORDS,409 23RD AVE S,,,,,,10,4,0,2015-06-17,2025-08-20,2018-08-11 to 2018-11-09,NO_PARCEL_RECORD,,,,,,,,,
1,UNKNOWN / NOT IN SALE RECORDS,8302 13TH AVE NW,,,,,,10,4,0,2015-08-03,2024-05-11,2019-08-01 to 2019-10-30,NO_PARCEL_RECORD,,,,,,,,,
1,UNKNOWN / NOT IN SALE RECORDS,953 N 43RD ST,,,,,,10,4,0,2015-10-13,2020-08-20,2016-06-16 to 2016-09-14,NO_PARCEL_RECORD,,,,,,,,,
1,UNKNOWN / NOT IN SALE RECORDS,12303 15TH AVE NE,DILLANSO'S COFFEE BAR,98125,,,,10,4,0,2015-12-03,2019-08-18,2019-05-20 to 2019-08-18,SUSPICIOUS_IMPR_VALUE_1000,,1209600,1000,1210600,,,,,820000035
1,UNKNOWN / NOT IN SALE RECORDS,6901 WEST MARGINAL WAY SW,,,,,,10,4,0,2016-02-26,2022-08-12,2016-02-26 to 2016-05-26,NO_PARCEL_RECORD,,,,,,,,,
1,UNKNOWN / NOT IN SALE RECORDS,1714 13TH AVE,ST NICHOLAS RUSSIAN ORTHODOX CHURCH,98122,,1960,2,10,4,0,2016-04-21,2024-03-28,2023-10-13 to 2024-01-11,,,3072000,581500,3653500,,,,,6003000910
1,UNKNOWN / NOT IN SALE RECORDS,3545 NE 95TH ST,,98115,,,,10,4,0,2016-12-27,2019-11-06,2019-10-21 to 2020-01-19,,,562000,301000,863000,,,,,6844700075
1,UNKNOWN / NOT IN SALE RECORDS,4703 9TH AVE NE,,98105,,,,10,4,0,2017-09-11,2024-03-26,2017-09-11 to 2017-12-10,,,783000,1040000,1823000,,,,,889000040
1,UNKNOWN / NOT IN SALE RECORDS,615 BOREN AVE,OLD COLONY CONDOMINIUM,98104,,,,10,4,0,2017-10-24,2025-08-27,2018-06-18 to 2018-09-16,,,123600,162400,286000,,,,,6352000000
1,UNKNOWN / NOT IN SALE RECORDS,920 NW 54TH ST,,,,,,10,4,0,2019-08-08,2024-09-23,2021-05-10 to 2021-08-08,NO_PARCEL_RECORD,,,,,,,,,
1,UNKNOWN / NOT IN SALE RECORDS,11060 2ND AVE NE,,,,,,10,4,0,2020-05-14,2024-10-21,2023-07-05 to 2023-10-03,NO_PARCEL_RECORD,,,,,,,,,
1,UNKNOWN / NOT IN SALE RECORDS,4689 M L KING JR WAY S,,,,,,10,4,0,2020-06-29,2025-04-30,2020-06-29 to 2020-09-27,NO_PARCEL_RECORD,,,,,,,,,
1,UNKNOWN / NOT IN SALE RECORDS,902 N 128TH ST,11 UNIT APARTMENT,98133,11,1985,2,10,4,0,2020-10-24,2025-07-19,2020-10-24 to 2021-01-22,,,1519900,974100,2494000,,,,,7608700035
1,UNKNOWN / NOT IN SALE RECORDS,209 N 101ST ST,209 NORTH 101ST ST CONDOMINIUM,98133,,,,10,4,0,2021-02-16,2022-12-27,2022-01-19 to 2022-04-19,,,145100,690900,836000,,,,,8732560000
1,UNKNOWN / NOT IN SALE RECORDS,906 DEXTER AVE N,,,,,,10,4,0,2022-03-23,2025-09-08,2023-04-20 to 2023-07-19,NO_PARCEL_RECORD,,,,,,,,,
1,UNKNOWN / NOT IN SALE RECORDS,1914 POST AL,,,,,,10,4,0,2022-05-16,2025-05-22,2024-04-19 to 2024-07-18,NO_PARCEL_RECORD,,,,,,,,,
1,UNKNOWN / NOT IN SALE RECORDS,1901 WESTERN AVE,MARKETFRONT-Senior Housing,98101,,2016,4,10,4,0,2022-06-08,2025-05-10,2022-06-08 to 2022-09-06,,,15919800,4412700,20332500,,,,,5160900000
1,UNKNOWN / NOT IN SALE RECORDS,2308 N 38TH ST,2308 N 38TH ST CONDOMINIUM,98103,,,,10,4,0,2022-06-17,2025-05-23,2022-09-10 to 2022-12-09,,,236700,646300,883000,,,,,8726720000
1,UNKNOWN / NOT IN SALE RECORDS,255 LENORA ST,,,,,,10,4,0,2022-07-27,2025-04-08,2024-01-18 to 2024-04-17,NO_PARCEL_RECORD,,,,,,,,,
1,UNKNOWN / NOT IN SALE RECORDS,2100 2ND AVE,PARKING LOT,98121,,,,10,4,0,2022-09-05,2025-11-06,2025-08-01 to 2025-10-30,,,3434400,,3434400,,,,,1977201200
1,UNKNOWN / NOT IN SALE RECORDS,4032 42ND AVE SW,,98116,,,,10,4,0,2024-03-19,2025-07-06,2024-06-27 to 2024-09-25,,,618000,261000,879000,,,,,952001855
1,UNKNOWN / NOT IN SALE RECORDS,1747 S HANFORD ST,,,,,,10,4,0,2024-04-23,2025-08-07,2024-08-22 to 2024-11-20,NO_PARCEL_RECORD,,,,,,,,,
1,UNKNOWN / NOT IN SALE RECORDS,7400 SAND POINT WAY NE,,,,,,10,3,0,2004-03-30,2023-09-13,2004-10-02 to 2004-12-31,NO_PARCEL_RECORD,,,,,,,,,
1,UNKNOWN / NOT IN SALE RECORDS,4848 DELRIDGE WAY SW,,,,,,10,3,0,2004-05-17,2014-01-29,2004-05-17 to 2004-08-15,NO_PARCEL_RECORD,,,,,,,,,
1,UNKNOWN / NOT IN SALE RECORDS,4403 4TH AVE NW,,98107,,,,10,3,0,2004-05-31,2014-09-08,2006-04-28 to 2006-07-27,,,636000,350000,986000,,,,,170000132
1,UNKNOWN / NOT IN SALE RECORDS,4500 BEACH DR SW,,98116,,,,10,3,0,2004-08-17,2023-08-28,2022-08-24 to 2022-11-22,,,1068000,29000,1097000,,,,,7603600005
1,UNKNOWN / NOT IN SALE RECORDS,7201 EAST MARGINAL WAY S,,,,,,10,3,0,2004-12-02,2017-03-06,2016-03-29 to 2016-06-27,NO_PARCEL_RECORD,,,,,,,,,
1,UNKNOWN / NOT IN SALE RECORDS,1127 M L KING JR WAY,,,,,,10,3,0,2005-01-14,2023-01-05,2016-08-24 to 2016-11-22,NO_PARCEL_RECORD,,,,,,,,,
1,UNKNOWN / NOT IN SALE RECORDS,1026 NE 65TH ST,DWELL ROOSEVELT CONDOMINIUM,98115,,2005,6,10,3,0,2005-08-19,2024-08-08,2018-05-08 to 2018-08-06,,,142300,317700,460000,,,,,2137500000
1,UNKNOWN / NOT IN SALE RECORDS,1322 NE 65TH ST,,,,,,10,3,0,2005-08-22,2012-12-11,2008-02-20 to 2008-05-20,NO_PARCEL_RECORD,,,,,,,,,
1,UNKNOWN / NOT IN SALE RECORDS,11707 5TH AVE NE,,,,,,10,3,0,2005-09-22,2010-10-26,2007-04-27 to 2007-07-26,NO_PARCEL_RECORD,,,,,,,,,
1,UNKNOWN / NOT IN SALE RECORDS,5722 35TH AVE S,,,,,,10,3,0,2005-09-28,2025-09-25,2005-09-28 to 2005-12-27,NO_PARCEL_RECORD,,,,,,,,,
1,UNKNOWN / NOT IN SALE RECORDS,5440 LEARY AVE NW,,,,,,10,3,0,2005-09-30,2025-03-28,2024-07-21 to 2024-10-19,NO_PARCEL_RECORD,,,,,,,,,
1,UNKNOWN / NOT IN SALE RECORDS,4031 40TH AVE SW,,98116,,,,10,3,0,2006-01-19,2008-10-06,2006-08-14 to 2006-11-12,,,618000,1110000,1728000,,,,,952001445
1,UNKNOWN / NOT IN SALE RECORDS,5211 3RD AVE NW,,98107,,,,10,3,0,2006-02-09,2024-04-22,2023-03-16 to 2023-06-14,,,486000,255000,741000,,,,,475000745
1,UNKNOWN / NOT IN SALE RECORDS,102 25TH AVE,,,,,,10,3,0,2006-03-14,2018-05-17,2018-05-08 to 2018-08-06,NO_PARCEL_RECORD,,,,,,,,,
1,UNKNOWN / NOT IN SALE RECORDS,1409 NE 65TH ST,,,,,,10,3,0,2006-05-30,2019-05-14,2007-06-21 to 2007-09-19,NO_PARCEL_RECORD,,,,,,,,,
1,UNKNOWN / NOT IN SALE RECORDS,1301 31ST AVE S,,,,,,10,3,0,2006-06-05,2025-07-29,2008-10-02 to 2008-12-31,NO_PARCEL_RECORD,,,,,,,,,
1,UNKNOWN / NOT IN SALE RECORDS,321 BOYLSTON AVE E,HOMBORNESS CONDOMINIUM,98102,,,,10,3,0,2006-07-13,2022-06-13,2007-02-08 to 2007-05-09,,,137500,303500,441000,,,,,3427000000
1,UNKNOWN / NOT IN SALE RECORDS,3722 20TH AVE SW,,,,,,10,3,0,2006-07-25,2025-07-11,2024-04-09 to 2024-07-08,NO_PARCEL_RECORD,,,,,,,,,
1,UNKNOWN / NOT IN SALE RECORDS,6741 18TH AVE SW,,98106,,,,10,3,0,2006-10-17,2016-11-08,2015-02-02 to 2015-05-03,,,301000,404000,705000,,,,,3438502590
1,UNKNOWN / NOT IN SALE RECORDS,1011 PIKE ST,AVIA APARTMENTS,98101,,,,10,3,0,2007-02-14,2025-03-21,2023-03-14 to 2023-06-12,,,24239200,17025800,41265000,,,,,660001832
1,UNKNOWN / NOT IN SALE RECORDS,901 N NORTHLAKE WAY,,,,,,10,3,0,2007-02-28,2022-04-12,2007-02-28 to 2007-05-29,NO_PARCEL_RECORD,,,,,,,,,
1,UNKNOWN / NOT IN SALE RECORDS,4443 RAINIER AVE S,,,,,,10,3,0,2007-04-18,2018-11-06,2007-04-18 to 2007-07-17,NO_PARCEL_RECORD | NAMED_INSPECTOR,,,,,,,,,
1,UNKNOWN / NOT IN SALE RECORDS,3217 E CHERRY ST,,98122,,,,10,3,0,2007-05-02,2024-08-22,2021-06-26 to 2021-09-24,,,437000,696000,1133000,,,,,342000430
1,UNKNOWN / NOT IN SALE RECORDS,11502 GREENWOOD AVE N,,,,,,10,3,0,2007-07-05,2019-05-08,2015-05-05 to 2015-08-03,NO_PARCEL_RECORD,,,,,,,,,
1,UNKNOWN / NOT IN SALE RECORDS,6200 15TH AVE NW,,,,,,10,3,0,2008-01-24,2015-10-01,2010-03-26 to 2010-06-24,NO_PARCEL_RECORD,,,,,,,,,
1,UNKNOWN / NOT IN SALE RECORDS,2601 22ND AVE W,,,,,,10,3,0,2008-03-06,2016-08-03,2008-03-06 to 2008-06-04,NO_PARCEL_RECORD,,,,,,,,,
1,UNKNOWN / NOT IN SALE RECORDS,4127 37TH AVE SW,,98126,,,,10,3,0,2008-04-03,2009-11-09,2008-07-09 to 2008-10-07,,,583000,810000,1393000,,,,,952003630
1,UNKNOWN / NOT IN SALE RECORDS,2344 FRANKLIN AVE E,,,,,,10,3,0,2008-07-02,2023-08-30,2008-07-02 to 2008-09-30,NO_PARCEL_RECORD,,,,,,,,,
1,UNKNOWN / NOT IN SALE RECORDS,7500 SEWARD PARK AVE S,CAROLINE KLINE GALLAND HOME,98118,205,1967,1,10,3,0,2008-08-27,2022-05-07,2021-04-15 to 2021-07-14,,,15992800,22826700,38819500,,,,,9412400225
1,UNKNOWN / NOT IN SALE RECORDS,3416 15TH AVE W,,,,,,10,3,0,2008-08-28,2022-06-07,2019-06-18 to 2019-09-16,NO_PARCEL_RECORD,,,,,,,,,
1,UNKNOWN / NOT IN SALE RECORDS,2429 E LEE ST,,,,,,10,3,0,2008-10-22,2024-08-15,2024-06-27 to 2024-09-25,NO_PARCEL_RECORD,,,,,,,,,
1,UNKNOWN / NOT IN SALE RECORDS,2544 BEACON AVE S,LA BENDICION,98144,,,,10,3,0,2008-11-12,2025-03-19,2025-03-04 to 2025-06-02,,,512000,199900,711900,,,,,907000130
1,UNKNOWN / NOT IN SALE RECORDS,5700 M L KING JR WAY S,,,,,,10,3,0,2009-01-20,2014-07-09,2013-10-07 to 2014-01-05,NO_PARCEL_RECORD,,,,,,,,,
1,UNKNOWN / NOT IN SALE RECORDS,2411 W LYNN ST,,,,,,10,3,0,2009-07-28,2025-05-14,2023-02-03 to 2023-05-04,NO_PARCEL_RECORD,,,,,,,,,
1,UNKNOWN / NOT IN SALE RECORDS,3309 WETMORE AVE S,,,,,,10,3,0,2009-10-07,2020-08-14,2018-02-09 to 2018-05-10,NO_PARCEL_RECORD,,,,,,,,,
1,UNKNOWN / NOT IN SALE RECORDS,8107 8TH AVE NW,,98117,,,,10,3,0,2009-12-21,2025-07-01,2009-12-21 to 2010-03-21,SUSPICIOUS_IMPR_VALUE_1000,,623000,1000,624000,,,,,2922701335
1,UNKNOWN / NOT IN SALE RECORDS,8751 12TH AVE NW,,,,,,10,3,0,2010-03-18,2022-05-05,2021-02-09 to 2021-05-10,NO_PARCEL_RECORD,,,,,,,,,
1,UNKNOWN / NOT IN SALE RECORDS,2715 S LANE ST,,,,,,10,3,0,2010-08-12,2025-05-27,2023-07-06 to 2023-10-04,NO_PARCEL_RECORD,,,,,,,,,
1,UNKNOWN / NOT IN SALE RECORDS,4031 S WILLOW ST,Vacant Multi-Family,98118,,,,10,3,0,2010-09-02,2017-05-12,2016-12-02 to 2017-03-02,,,242000,371000,613000,,,,,3333002830
1,UNKNOWN / NOT IN SALE RECORDS,6656 CORSON AVE S,,,,,,10,3,0,2011-01-03,2025-08-14,2019-08-21 to 2019-11-19,NO_PARCEL_RECORD,,,,,,,,,
1,UNKNOWN / NOT IN SALE RECORDS,4028 M L KING JR WAY S,,,,,,10,3,0,2011-01-27,2018-04-18,2014-03-26 to 2014-06-24,NO_PARCEL_RECORD,,,,,,,,,
1,UNKNOWN / NOT IN SALE RECORDS,2126 NE 47TH ST,Triplex,98105,,,,10,3,0,2011-06-24,2022-09-06,2011-06-24 to 2011-09-22,,,1951600,450500,2402100,,,,,925049156
1,UNKNOWN / NOT IN SALE RECORDS,6240 STANLEY AVE S,,,,,,10,3,0,2011-11-09,2025-07-23,2017-03-21 to 2017-06-19,NO_PARCEL_RECORD,,,,,,,,,
1,UNKNOWN / NOT IN SALE RECORDS,3210 CALIFORNIA AVE SW,,,,,,10,3,0,2012-10-10,2016-10-03,2016-07-08 to 2016-10-06,NO_PARCEL_RECORD,,,,,,,,,
1,UNKNOWN / NOT IN SALE RECORDS,9045 RENTON AVE S,,,,,,10,3,0,2014-12-19,2025-06-24,2021-09-15 to 2021-12-14,NO_PARCEL_RECORD,,,,,,,,,
1,UNKNOWN / NOT IN SALE RECORDS,2922 WALNUT AVE SW,,98116,,,,10,3,0,2015-04-21,2024-02-27,2022-12-07 to 2023-03-07,,,618000,129000,747000,,,,,513000695
1,UNKNOWN / NOT IN SALE RECORDS,11647 BEACON AVE S,11647 Beacon Ave,98178,,,,10,3,0,2015-04-21,2024-04-16,2021-03-03 to 2021-06-01,,,232600,77400,310000,,,,,6398770000
1,UNKNOWN / NOT IN SALE RECORDS,12728 28TH AVE NE,King Arthur's Court Apartments,98125,80,2000,6,10,3,0,2015-09-13,2024-03-12,2023-04-13 to 2023-07-12,,,3083600,13544400,16628000,,,,,3834500070
1,UNKNOWN / NOT IN SALE RECORDS,22 ETRURIA ST,,,,,,10,3,0,2015-10-07,2024-11-13,2015-10-07 to 2016-01-05,NO_PARCEL_RECORD,,,,,,,,,
1,UNKNOWN / NOT IN SALE RECORDS,8331 DALLAS AVE S,,,,,,10,3,0,2016-01-21,2023-11-15,2017-06-01 to 2017-08-30,NO_PARCEL_RECORD,,,,,,,,,
1,UNKNOWN / NOT IN SALE RECORDS,919 STEWART ST,Gethsemane Lutheran Church & Dekko Place Apts-CHA,98101,,2011,7,10,3,0,2017-01-10,2025-09-30,2024-08-07 to 2024-11-05,,,3090900,1268200,4359100,,,,,2748000000
1,UNKNOWN / NOT IN SALE RECORDS,100 1ST AVE S,100 1ST AVENUE SOUTH CONDOMINIUM (Condo Air Rights,98104,,,,10,3,0,2017-01-30,2020-01-22,2017-01-30 to 2017-04-30,,,39100,366900,406000,,,,,6391250000
1,UNKNOWN / NOT IN SALE RECORDS,4120 BURKE AVE N,,,,,,10,3,0,2017-10-23,2025-06-13,2017-10-23 to 2018-01-21,NO_PARCEL_RECORD,,,,,,,,,
1,UNKNOWN / NOT IN SALE RECORDS,425 23RD AVE S,WELCH PLAZA CONDOMINIUM,98144,,2004,1,10,3,0,2018-05-23,2025-08-25,2018-05-23 to 2018-08-21,,,58200,294800,353000,,,,,9237500000
1,UNKNOWN / NOT IN SALE RECORDS,1225 E SPRUCE ST,,,,,,10,3,0,2018-05-30,2025-10-09,2024-05-29 to 2024-08-27,NO_PARCEL_RECORD,,,,,,,,,
1,UNKNOWN / NOT IN SALE RECORDS,1048 S DONOVAN ST,1048 S DONOVAN ST,98108,,,,10,3,0,2018-07-31,2025-01-14,2025-01-02 to 2025-04-02,,,31800,458200,490000,,,,,6399580000
1,UNKNOWN / NOT IN SALE RECORDS,1253 S JACKSON ST,An Lac- former LITTLE SAIGON HOUSING,98144,,2019,6,10,3,0,2018-11-05,2025-10-02,2022-05-23 to 2022-08-21,,,779400,4630200,5409600,,,,,4368300000
1,UNKNOWN / NOT IN SALE RECORDS,118 BELL ST,,,,,,10,3,0,2018-04-12,2025-06-11,2025-05-28 to 2025-08-26,NO_PARCEL_RECORD,,,,,,,,,
1,UNKNOWN / NOT IN SALE RECORDS,9547 WALLINGFORD AVE N,9547 WALLINGFORD AVE. N.,98103,,,,10,3,0,2022-02-14,2024-10-23,2023-12-20 to 2024-03-19,,,89300,463700,553000,,,,,6094610000
1,UNKNOWN / NOT IN SALE RECORDS,328 NW 85TH ST,,,,,,10,3,0,2022-08-23,2024-02-06,2022-08-23 to 2022-11-21,NO_PARCEL_RECORD,,,,,,,,,
1,UNKNOWN / NOT IN SALE RECORDS,2807 S MCCLELLAN ST,,,,,,10,3,0,2023-10-07,2025-10-23,2023-10-07 to 2024-01-05,NO_PARCEL_RECORD,,,,,,,,,
1,UNKNOWN / NOT IN SALE RECORDS,3925 R E HARRISON ST,,,,,,9,9,0,2024-10-20,2024-12-26,2024-10-20 to 2025-01-18,NO_PARCEL_RECORD,,,,,,,,,
1,UNKNOWN / NOT IN SALE RECORDS,5248 CALIFORNIA AVE SW,,,,,,9,8,0,2018-03-09,2021-01-19,2020-11-12 to 2021-02-10,NO_PARCEL_RECORD,,,,,,,,,
1,UNKNOWN / NOT IN SALE RECORDS,12736 33RD AVE NE,,,,,,9,8,0,2022-07-06,2025-03-28,2022-07-06 to 2022-10-04,NO_PARCEL_RECORD,,,,,,,,,
1,UNKNOWN / NOT IN SALE RECORDS,3805 NE 115TH ST,,98125,,,,9,8,0,2024-04-10,2024-11-06,2024-09-30 to 2024-12-29,,,532000,162000,694000,,,,,3935900295
1,UNKNOWN / NOT IN SALE RECORDS,1906 E ALOHA ST,,,,,,9,8,0,2024-06-27,2024-09-30,2024-08-27 to 2024-11-25,NO_PARCEL_RECORD,,,,,,,,,
1,UNKNOWN / NOT IN SALE RECORDS,2903 13TH AVE S,,,,,,9,7,0,2023-05-08,2023-09-01,2023-06-28 to 2023-09-26,NO_PARCEL_RECORD,,,,,,,,,
1,UNKNOWN / NOT IN SALE RECORDS,3507 FREMONT PL N,,,,,,9,6,0,2006-07-26,2018-10-04,2013-12-30 to 2014-03-30,NO_PARCEL_RECORD,,,,,,,,,
1,UNKNOWN / NOT IN SALE RECORDS,1605 BELLEVUE AVE,,,,,,9,6,0,2007-12-05,2010-02-04,2009-10-16 to 2010-01-14,NO_PARCEL_RECORD,,,,,,,,,
1,UNKNOWN / NOT IN SALE RECORDS,2450 6TH AVE S,6TH @ LANDER,98134,,1958,1,9,6,0,2013-07-18,2019-08-20,2019-07-24 to 2019-10-22,NAMED_INSPECTOR,,9448900,20098800,29547700,,,,,7666203530
1,UNKNOWN / NOT IN SALE RECORDS,5148 A S CRESTON ST,,,,,,9,6,0,2014-10-20,2024-06-06,2014-10-20 to 2015-01-18,NO_PARCEL_RECORD,,,,,,,,,
1,UNKNOWN / NOT IN SALE RECORDS,1516 1ST AVE,,,,,,9,6,0,2016-10-20,2024-08-15,2022-04-07 to 2022-07-06,NO_PARCEL_RECORD,,,,,,,,,
1,UNKNOWN / NOT IN SALE RECORDS,700 E DENNY WAY,MAXWELL,98122,,,,9,6,0,2016-06-16,2024-04-24,2024-02-17 to 2024-05-17,,,100000,244000,344000,,,,,5218000000
1,UNKNOWN / NOT IN SALE RECORDS,5240 BROOKLYN AVE NE,,,,,,9,6,0,2018-03-19,2019-02-06,2018-12-03 to 2019-03-03,NO_PARCEL_RECORD,,,,,,,,,
1,UNKNOWN / NOT IN SALE RECORDS,3015 30TH AVE W,,,,,,9,6,0,2018-02-02,2021-01-17,2020-08-25 to 2020-11-23,NO_PARCEL_RECORD,,,,,,,,,
1,UNKNOWN / NOT IN SALE RECORDS,3400 NE 110TH ST,MEADOWBROOK APTS,98125,,,,9,6,0,2019-02-14,2025-10-15,2019-02-14 to 2019-05-15,,,812700,1538300,2351000,,,,,751000005
1,UNKNOWN / NOT IN SALE RECORDS,7821 STONE AVE N,BAGLEY ELEMENTARY SCHOOL,98103,,,,9,6,0,2019-08-27,2020-05-13,2019-11-11 to 2020-02-09,,,21967800,18583600,40551400,,,,,625049048
1,UNKNOWN / NOT IN SALE RECORDS,1101 WESTERN AVE,,,,,,9,6,0,2020-04-24,2024-01-10,2023-11-13 to 2024-02-11,NO_PARCEL_RECORD,,,,,,,,,
1,UNKNOWN / NOT IN SALE RECORDS,10248 42ND AVE SW,10248 42nd AVE SW,98146,,,,9,6,0,2021-10-25,2023-05-08,2022-10-17 to 2023-01-15,,,81000,352000,433000,,,,,6392120000
1,UNKNOWN / NOT IN SALE RECORDS,1132 31ST AVE S,,98144,,,,9,6,0,2023-06-05,2024-11-23,2024-01-27 to 2024-04-26,,,517000,1221000,1738000,,,,,357000061
1,UNKNOWN / NOT IN SALE RECORDS,749 S HENDERSON ST,749 S HENDERSON ST,98108,,,,9,6,0,2023-07-17,2025-03-18,2023-11-03 to 2024-02-01,,,73200,442800,516000,,,,,7699190000
1,UNKNOWN / NOT IN SALE RECORDS,1902 28TH AVE W,1902 28TH AVE W,98199,,,,9,6,0,2023-09-27,2024-10-07,2024-04-25 to 2024-07-24,,,278300,604700,883000,,,,,6389920000
1,UNKNOWN / NOT IN SALE RECORDS,1143 NW 59TH ST,,,,,,9,6,0,2024-01-09,2025-10-14,2024-08-20 to 2024-11-18,NO_PARCEL_RECORD,,,,,,,,,
1,UNKNOWN / NOT IN SALE RECORDS,1778 ALKI AVE SW,,,,,,9,5,0,2004-04-06,2020-01-13,2019-10-09 to 2020-01-07,NO_PARCEL_RECORD,,,,,,,,,
1,UNKNOWN / NOT IN SALE RECORDS,1321 NE 66TH ST,,,,,,9,5,0,2005-02-22,2016-07-21,2005-02-22 to 2005-05-23,NO_PARCEL_RECORD,,,,,,,,,
1,UNKNOWN / NOT IN SALE RECORDS,7056 9TH AVE NW,,98117,,,,9,5,0,2006-10-23,2017-12-11,2017-09-22 to 2017-12-21,,,499000,166000,665000,,,,,461005325
1,UNKNOWN / NOT IN SALE RECORDS,4070 5TH AVE NE,4070 5TH AVE NE,98105,,,,9,5,0,2008-05-22,2022-11-09,2022-11-06 to 2023-02-04,,,194000,687075,881075,,,,,2603370000
1,UNKNOWN / NOT IN SALE RECORDS,8540 23RD AVE NE,,,,,,9,5,0,2010-03-11,2024-09-04,2010-03-11 to 2010-06-09,NO_PARCEL_RECORD,,,,,,,,,
1,UNKNOWN / NOT IN SALE RECORDS,12051 LAKE CITY WAY NE,,,,,,9,5,0,2011-07-27,2023-05-09,2022-07-15 to 2022-10-13,NO_PARCEL_RECORD,,,,,,,,,
1,UNKNOWN / NOT IN SALE RECORDS,105 N 87TH ST,,,,,,9,5,0,2012-09-19,2022-09-16,2022-08-11 to 2022-11-09,NO_PARCEL_RECORD,,,,,,,,,
1,UNKNOWN / NOT IN SALE RECORDS,2310 3RD AVE N,,98109,,,,9,5,0,2014-03-31,2023-10-13,2015-02-05 to 2015-05-06,,,668000,561000,1229000,,,,,809003700
1,UNKNOWN / NOT IN SALE RECORDS,604 NW 77TH ST,,,,,,9,5,0,2015-08-28,2020-02-12,2019-07-23 to 2019-10-21,NO_PARCEL_RECORD,,,,,,,,,
1,UNKNOWN / NOT IN SALE RECORDS,1700 NW 56TH ST,,,,,,9,5,0,2016-12-08,2018-11-13,2018-10-19 to 2019-01-17,NO_PARCEL_RECORD,,,,,,,,,
1,UNKNOWN / NOT IN SALE RECORDS,2700 1ST AVE,,,,,,9,5,0,2017-08-18,2024-06-20,2022-06-09 to 2022-09-07,NO_PARCEL_RECORD,,,,,,,,,
1,UNKNOWN / NOT IN SALE RECORDS,8217 AURORA AVE N,,,,,,9,5,0,2018-08-01,2021-01-22,2020-07-23 to 2020-10-21,NO_PARCEL_RECORD,,,,,,,,,
1,UNKNOWN / NOT IN SALE RECORDS,10755 FREMONT AVE N,10755 Fremont Ave N,98133,,,,9,5,0,2018-01-04,2020-07-02,2020-06-10 to 2020-09-08,,,168400,278600,447000,,,,,6391140000
1,UNKNOWN / NOT IN SALE RECORDS,131 29TH AVE E,131 29TH AVENUE E,98112,,,,9,5,0,2018-09-16,2020-10-09,2020-08-06 to 2020-11-04,,,174100,526900,701000,,,,,6391680000
1,UNKNOWN / NOT IN SALE RECORDS,316 FLORENTIA ST,FREMONT CROSSING,98109,,1921,2,9,5,0,2019-08-15,2022-10-27,2020-08-28 to 2020-11-26,,,2067400,1128200,3195600,,,,,1973200007
1,UNKNOWN / NOT IN SALE RECORDS,1763 NW 57TH ST,,,,,,9,5,0,2020-03-09,2022-03-03,2021-12-14 to 2022-03-14,NO_PARCEL_RECORD,,,,,,,,,
1,UNKNOWN / NOT IN SALE RECORDS,7733 15TH AVE NW,,,,,,9,5,0,2021-12-02,2022-12-27,2022-02-20 to 2022-05-21,NO_PARCEL_RECORD,,,,,,,,,
1,UNKNOWN / NOT IN SALE RECORDS,4529 WEST LAUREL DR NE,,,,,,9,5,0,2022-03-25,2024-02-14,2022-03-25 to 2022-06-23,NO_PARCEL_RECORD,,,,,,,,,
1,UNKNOWN / NOT IN SALE RECORDS,13516 LAKE CITY WAY NE,,,,,,9,5,0,2023-05-03,2024-12-23,2024-02-05 to 2024-05-05,NO_PARCEL_RECORD,,,,,,,,,
1,UNKNOWN / NOT IN SALE RECORDS,3853 NE 88TH ST,3853 NE 88th ST,98115,,,,9,5,0,2023-06-01,2024-01-05,2023-10-19 to 2024-01-17,,,185500,1240500,1426000,,,,,8602170000
1,UNKNOWN / NOT IN SALE RECORDS,2472 S COLLEGE ST,,,,,,9,4,0,2003-12-19,2020-12-01,2003-12-19 to 2004-03-18,NO_PARCEL_RECORD,,,,,,,,,
1,UNKNOWN / NOT IN SALE RECORDS,8138 31ST AVE SW,8138 31ST AVE SW CONDOMINIUM,98126,,,,9,4,0,2003-12-23,2019-11-22,2019-10-21 to 2020-01-19,,,91800,469200,561000,,,,,2285790000
1,UNKNOWN / NOT IN SALE RECORDS,8157 27TH AVE SW,THISTLE RESIDENCES CONDOMINIUM,98126,,,,9,4,0,2004-04-02,2023-12-28,2004-04-02 to 2004-07-01,,,102400,492600,595000,,,,,8603300000
1,UNKNOWN / NOT IN SALE RECORDS,9520 RAINIER AVE S,WATER'S EDGE CONDOMINIUM,98118,,,,9,4,0,2004-08-16,2021-09-03,2019-10-15 to 2020-01-13,,,85500,299500,385000,,,,,9197580000
1,UNKNOWN / NOT IN SALE RECORDS,6031 CALIFORNIA AVE SW,,,,,,9,4,0,2004-11-02,2008-09-05,2004-11-02 to 2005-01-31,NO_PARCEL_RECORD,,,,,,,,,
1,UNKNOWN / NOT IN SALE RECORDS,14336 RIVIERA PL NE,,,,,,9,4,0,2005-01-27,2011-06-28,2005-01-27 to 2005-04-27,NO_PARCEL_RECORD,,,,,,,,,
1,UNKNOWN / NOT IN SALE RECORDS,5415 4TH AVE S,,,,,,9,4,0,2005-05-10,2023-05-18,2007-06-07 to 2007-09-05,NO_PARCEL_RECORD,,,,,,,,,
1,UNKNOWN / NOT IN SALE RECORDS,2301 3RD AVE,BELLTOWN  INN,98121,,,,9,4,0,2006-01-31,2018-10-29,2017-01-27 to 2017-04-27,,,8270600,17436300,25706900,,,,,656000290
1,UNKNOWN / NOT IN SALE RECORDS,2411 42ND AVE E,EDGEWATER (0005) CONDOMINIUM,98112,,1938,2,9,4,0,2006-12-08,2023-10-02,2009-06-29 to 2009-09-27,,,91791100,9468900,101260000,,,,,2265800000
1,UNKNOWN / NOT IN SALE RECORDS,10012 47TH AVE SW,,98146,,,,9,4,0,2006-07-06,2009-05-01,2007-07-10 to 2007-10-08,,,803000,1109000,1912000,,,,,223039096
1,UNKNOWN / NOT IN SALE RECORDS,5012 42ND AVE SW,5012 42ND AVENUE SOUTHWEST,98136,,,,9,4,0,2007-09-14,2023-07-12,2022-11-21 to 2023-02-19,,,81000,414000,495000,,,,,2539490000
1,UNKNOWN / NOT IN SALE RECORDS,2018 S INGERSOLL PL,,,,,,9,4,0,2007-11-02,2025-06-05,2019-04-16 to 2019-07-15,NO_PARCEL_RECORD,,,,,,,,,
1,UNKNOWN / NOT IN SALE RECORDS,7547 24TH AVE NW,LOYAL HEIGHTS MANOR,98117,54,1980,3,9,4,0,2008-01-30,2022-12-16,2022-10-17 to 2023-01-15,,,6313200,6659800,12973000,,,,,6021503395
1,UNKNOWN / NOT IN SALE RECORDS,11927 LAKESIDE AVE NE,,98125,,,,9,4,0,2008-08-27,2022-12-16,2022-10-21 to 2023-01-19,,,546000,185000,731000,,,,,8820901990
1,UNKNOWN / NOT IN SALE RECORDS,221 24TH AVE E,,,,,,9,4,0,2011-09-01,2016-02-01,2015-04-02 to 2015-07-01,NO_PARCEL_RECORD,,,,,,,,,
1,UNKNOWN / NOT IN SALE RECORDS,2417 NW MARKET ST,,,,,,9,4,0,2012-03-28,2025-09-27,2021-01-27 to 2021-04-27,NO_PARCEL_RECORD,,,,,,,,,
1,UNKNOWN / NOT IN SALE RECORDS,4010 SW GENESEE ST,,98116,,,,9,4,0,2013-03-25,2023-11-15,2022-06-15 to 2022-09-13,,,649000,963000,1612000,,,,,952002935
1,UNKNOWN / NOT IN SALE RECORDS,3638 34TH AVE S,,,,,,9,4,0,2013-04-29,2020-08-28,2020-04-14 to 2020-07-13,NO_PARCEL_RECORD,,,,,,,,,
1,UNKNOWN / NOT IN SALE RECORDS,3130 SW 97TH ST,3130 SW 97TH ST,98126,,,,9,4,0,2013-07-18,2024-07-21,2013-07-18 to 2013-10-16,,,159700,316300,476000,,,,,8637320000
1,UNKNOWN / NOT IN SALE RECORDS,3830 AURORA AVE N,,,,,,9,4,0,2013-08-13,2020-06-25,2020-02-05 to 2020-05-05,NO_PARCEL_RECORD,,,,,,,,,
1,UNKNOWN / NOT IN SALE RECORDS,1007 STEWART ST,Amazon - Oscar Bldg (fmrly Midtown21),98101,,,,9,4,0,2014-01-27,2020-02-21,2016-01-06 to 2016-04-05,,,30621000,80820000,111441000,,,,,660001605
1,UNKNOWN / NOT IN SALE RECORDS,1206 E JEFFERSON ST,,,,,,9,4,0,2015-05-06,2025-08-13,2025-02-17 to 2025-05-18,NO_PARCEL_RECORD,,,,,,,,,
1,UNKNOWN / NOT IN SALE RECORDS,1000 4TH AVE,SEATTLE PUBLIC LIBRARY,98104,,,,9,4,0,2015-10-13,2025-06-03,2020-01-19 to 2020-04-18,,,88704000,175577800,264281800,,,,,942000275
1,UNKNOWN / NOT IN SALE RECORDS,1629 S KING ST,,,,,,9,4,0,2016-06-16,2019-07-16,2016-06-16 to 2016-09-14,NO_PARCEL_RECORD,,,,,,,,,
1,UNKNOWN / NOT IN SALE RECORDS,1108 33RD AVE,,,,,,9,4,0,2017-01-27,2022-02-01,2021-05-17 to 2021-08-15,NO_PARCEL_RECORD,,,,,,,,,
1,UNKNOWN / NOT IN SALE RECORDS,1711 23RD AVE S,THE CENTURY HOUSE,98144,,,,9,4,0,2018-05-03,2024-08-26,2024-01-09 to 2024-04-08,,,7212900,5724000,12936900,,,,,924049006
1,UNKNOWN / NOT IN SALE RECORDS,1302 N 48TH ST,,,,,,9,4,0,2018-07-23,2020-01-02,2019-02-20 to 2019-05-21,NO_PARCEL_RECORD,,,,,,,,,
1,UNKNOWN / NOT IN SALE RECORDS,1305 E FIR ST,BALDWIN APTS,98122,,,,9,4,0,2018-09-05,2025-11-06,2025-08-29 to 2025-11-27,,,891000,3001000,3892000,,,,,7600184
1,UNKNOWN / NOT IN SALE RECORDS,9025 17TH AVE SW,,,,,,9,4,0,2018-02-07,2021-11-17,2020-01-10 to 2020-04-09,NO_PARCEL_RECORD,,,,,,,,,
1,UNKNOWN / NOT IN SALE RECORDS,2849 EASTLAKE AVE E,,,,,,9,4,0,2018-02-12,2025-07-08,2022-03-30 to 2022-06-28,NO_PARCEL_RECORD,,,,,,,,,
1,UNKNOWN / NOT IN SALE RECORDS,2319 HUGHES AVE SW,,,,,,9,4,0,2018-03-13,2020-02-26,2020-02-03 to 2020-05-03,NO_PARCEL_RECORD,,,,,,,,,
1,UNKNOWN / NOT IN SALE RECORDS,815 S WELLER ST,,,,,,9,4,0,2019-08-05,2024-11-04,2020-06-25 to 2020-09-23,NO_PARCEL_RECORD,,,,,,,,,
1,UNKNOWN / NOT IN SALE RECORDS,2218 4TH AVE,,,,,,9,4,0,2019-09-15,2025-03-05,2023-10-13 to 2024-01-11,NO_PARCEL_RECORD,,,,,,,,,
1,UNKNOWN / NOT IN SALE RECORDS,1551 MINOR AVE,,,,,,9,4,0,2020-08-26,2025-07-14,2024-12-02 to 2025-03-02,NO_PARCEL_RECORD,,,,,,,,,
1,UNKNOWN / NOT IN SALE RECORDS,9726 60TH AVE S,,,,,,9,4,0,2020-09-15,2025-09-07,2020-09-15 to 2020-12-14,NO_PARCEL_RECORD,,,,,,,,,
1,UNKNOWN / NOT IN SALE RECORDS,7210 ROOSEVELT WAY NE,,,,,,9,4,0,2021-02-04,2024-09-08,2023-05-02 to 2023-07-31,NO_PARCEL_RECORD,,,,,,,,,
1,UNKNOWN / NOT IN SALE RECORDS,5930 44TH AVE SW,,,,,,9,4,0,2021-03-29,2025-05-27,2022-06-09 to 2022-09-07,NO_PARCEL_RECORD,,,,,,,,,
1,UNKNOWN / NOT IN SALE RECORDS,2717 WESTERN AVE,,,,,,9,4,0,2022-02-23,2025-08-19,2022-08-05 to 2022-11-03,NO_PARCEL_RECORD,,,,,,,,,
1,UNKNOWN / NOT IN SALE RECORDS,1329 S DAWSON ST,1329 S DAWSON ST,98108,,,,9,4,0,2022-06-01,2025-05-12,2024-08-27 to 2024-11-25,,,137300,844700,982000,,,,,6389710000
1,UNKNOWN / NOT IN SALE RECORDS,1122 23RD AVE,,,,,,9,4,0,2022-06-14,2023-07-27,2023-05-22 to 2023-08-20,NO_PARCEL_RECORD,,,,,,,,,
1,UNKNOWN / NOT IN SALE RECORDS,1211 NE 104TH ST,,,,,,9,4,0,2022-09-21,2023-10-24,2023-07-30 to 2023-10-28,NO_PARCEL_RECORD,,,,,,,,,
1,UNKNOWN / NOT IN SALE RECORDS,1013 E REPUBLICAN ST,,,,,,9,4,0,2023-01-22,2025-10-02,2025-08-01 to 2025-10-30,NO_PARCEL_RECORD,,,,,,,,,
1,UNKNOWN / NOT IN SALE RECORDS,333 NW 47TH ST,333 NW 47TH ST,98107,,,,9,4,0,2023-04-25,2024-08-06,2024-06-05 to 2024-09-03,,,124600,680150,804750,,,,,8601680000
1,UNKNOWN / NOT IN SALE RECORDS,9057 GREENWOOD AVE N,JADE MOUNTAIN CONDOMINIUM,98103,,2006,1,9,3,0,2003-12-01,2020-01-17,2004-06-23 to 2004-09-21,,,61500,604000,665500,,,,,3656500000
1,UNKNOWN / NOT IN SALE RECORDS,1550 EASTLAKE AVE E,RIVA AT LAKE UNION CONDOMINIUM,98102,,1997,1,9,3,0,2003-12-16,2025-06-16,2025-03-12 to 2025-06-10,,,273800,776700,1050500,,,,,7326250000
1,UNKNOWN / NOT IN SALE RECORDS,429 14TH AVE E,,,,,,9,3,0,2004-01-15,2025-11-04,2012-05-14 to 2012-08-12,NO_PARCEL_RECORD,,,,,,,,,
1,UNKNOWN / NOT IN SALE RECORDS,7001 SEAVIEW AVE NW,SHILSHOLE BAY MARINA,98117,,,,9,3,0,2004-02-02,2021-06-21,2010-09-08 to 2010-12-07,,,146269600,3623000,149892600,,,,,468000050
1,UNKNOWN / NOT IN SALE RECORDS,3634 36TH AVE S,,,,,,9,3,0,2004-03-08,2021-07-28,2021-06-19 to 2021-09-17,NO_PARCEL_RECORD,,,,,,,,,
1,UNKNOWN / NOT IN SALE RECORDS,8340 13TH AVE NW,,,,,,9,3,0,2004-03-12,2020-02-07,2016-03-29 to 2016-06-27,NO_PARCEL_RECORD,,,,,,,,,
1,UNKNOWN / NOT IN SALE RECORDS,1711 E OLIVE WAY,PLAZA DEL SOL,98102,,1993,6,9,3,0,2004-05-25,2025-02-20,2025-02-10 to 2025-05-11,,,104400,132600,237000,,,,,6817860000
1,UNKNOWN / NOT IN SALE RECORDS,4005 LETITIA AVE S,,,,,,9,3,0,2004-07-06,2024-04-10,2008-12-30 to 2009-03-30,NO_PARCEL_RECORD,,,,,,,,,
1,UNKNOWN / NOT IN SALE RECORDS,4858 49TH AVE SW,,,,,,9,3,0,2004-07-08,2017-06-01,2016-07-05 to 2016-10-03,NO_PARCEL_RECORD,,,,,,,,,
1,UNKNOWN / NOT IN SALE RECORDS,709 15TH AVE,,,,,,9,3,0,2004-07-12,2018-08-07,2004-07-12 to 2004-10-10,NO_PARCEL_RECORD,,,,,,,,,
1,UNKNOWN / NOT IN SALE RECORDS,729 M L KING JR WAY S,,,,,,9,3,0,2004-07-12,2013-09-16,2009-09-16 to 2009-12-15,NO_PARCEL_RECORD,,,,,,,,,
1,UNKNOWN / NOT IN SALE RECORDS,4302 8TH AVE NE,,,,,,9,3,0,2004-07-26,2020-08-18,2018-04-09 to 2018-07-08,NO_PARCEL_RECORD,,,,,,,,,
1,UNKNOWN / NOT IN SALE RECORDS,6650 CORSON AVE S,,,,,,9,3,0,2004-08-10,2016-11-04,2014-02-28 to 2014-05-29,NO_PARCEL_RECORD,,,,,,,,,
1,UNKNOWN / NOT IN SALE RECORDS,333 17TH AVE,,,,,,9,3,0,2004-10-21,2011-03-16,2011-03-10 to 2011-06-08,NO_PARCEL_RECORD,,,,,,,,,
1,UNKNOWN / NOT IN SALE RECORDS,514 E HOWELL ST,,,,,,9,3,0,2004-11-22,2020-06-19,2018-10-14 to 2019-01-12,NO_PARCEL_RECORD,,,,,,,,,
1,UNKNOWN / NOT IN SALE RECORDS,600 GALER ST,,,,,,9,3,0,2005-05-06,2017-02-09,2006-03-07 to 2006-06-05,NO_PARCEL_RECORD,,,,,,,,,
1,UNKNOWN / NOT IN SALE RECORDS,908 29TH AVE S,,,,,,9,3,0,2005-06-09,2011-12-20,2005-06-09 to 2005-09-07,NO_PARCEL_RECORD,,,,,,,,,
1,UNKNOWN / NOT IN SALE RECORDS,454 N 39TH ST,454 N 39TH STREET CONDOMINIUM,98103,,,,9,3,0,2005-06-09,2019-03-17,2006-06-12 to 2006-09-10,,,275800,390200,666000,,,,,2617440000
1,UNKNOWN / NOT IN SALE RECORDS,4434 39TH AVE SW,,98116,,,,9,3,0,2005-07-06,2008-11-26,2006-10-12 to 2007-01-10,,,649000,187000,836000,,,,,952005165
1,UNKNOWN / NOT IN SALE RECORDS,8615 8TH AVE S,,,,,,9,3,0,2005-09-30,2016-11-28,2005-09-30 to 2005-12-29,NO_PARCEL_RECORD,,,,,,,,,
1,UNKNOWN / NOT IN SALE RECORDS,2425 E LEE ST,,,,,,9,3,0,2005-10-31,2023-05-16,2010-01-07 to 2010-04-07,NO_PARCEL_RECORD,,,,,,,,,
1,UNKNOWN / NOT IN SALE RECORDS,4707 22ND AVE NE,,,,,,9,3,0,2006-01-10,2017-04-10,2007-02-09 to 2007-05-10,NO_PARCEL_RECORD,,,,,,,,,
1,UNKNOWN / NOT IN SALE RECORDS,2713 BOYLSTON AVE E,CITY LAKE CONDOMINIUM,98102,,,,9,3,0,2006-02-21,2023-08-29,2019-07-30 to 2019-10-28,,,571700,629300,1201000,,,,,1594750000
1,UNKNOWN / NOT IN SALE RECORDS,5046 35TH AVE NE,,98105,,,,9,3,0,2006-04-19,2025-04-25,2016-03-25 to 2016-06-23,,,585000,406000,991000,,,,,2436700140
1,UNKNOWN / NOT IN SALE RECORDS,1722 27TH AVE,,,,,,9,3,0,2006-05-15,2015-09-17,2014-04-10 to 2014-07-09,NO_PARCEL_RECORD,,,,,,,,,
1,UNKNOWN / NOT IN SALE RECORDS,3820 23RD AVE SW,,,,,,9,3,0,2006-06-20,2025-03-25,2025-03-19 to 2025-06-17,NO_PARCEL_RECORD,,,,,,,,,
1,UNKNOWN / NOT IN SALE RECORDS,10231 37TH AVE SW,,98146,,,,9,3,0,2006-07-21,2015-08-03,2015-05-05 to 2015-08-03,,,402000,285000,687000,,,,,9357000490
1,UNKNOWN / NOT IN SALE RECORDS,4200 LETITIA AVE S,,,,,,9,3,0,2006-07-26,2024-08-17,2023-11-30 to 2024-02-28,NO_PARCEL_RECORD,,,,,,,,,
1,UNKNOWN / NOT IN SALE RECORDS,9616 57TH AVE S,,98118,,,,9,3,0,2006-07-27,2012-04-18,2010-04-12 to 2010-07-11,,,293000,283000,576000,,,,,223049113
1,UNKNOWN / NOT IN SALE RECORDS,205 19TH AVE E,,,,,,9,3,0,2006-08-15,2024-09-06,2024-08-14 to 2024-11-12,NO_PARCEL_RECORD,,,,,,,,,
1,UNKNOWN / NOT IN SALE RECORDS,4533 EASTERN AVE N,,98103,,,,9,3,0,2006-09-06,2024-09-07,2010-10-26 to 2011-01-24,,,895000,462000,1357000,,,,,510001230
1,UNKNOWN / NOT IN SALE RECORDS,4200 MARY GATES MEMORIAL DR NE,Laurel Village Apartments - UW Student Housing,98105,80,1982,2,9,3,0,2006-10-05,2024-11-08,2017-09-05 to 2017-12-04,,,36609000,3071500,39680500,,,,,1625049002
1,UNKNOWN / NOT IN SALE RECORDS,6517 38TH AVE SW,,98126,,,,9,3,0,2006-10-30,2017-03-08,2013-10-23 to 2014-01-21,,,577000,254000,831000,,,,,65000355
1,UNKNOWN / NOT IN SALE RECORDS,8200 WALLINGFORD AVE N,BLANCHETT HIGH SCHOOL,98103,,,,9,3,0,2006-12-26,2022-08-14,2013-01-25 to 2013-04-25,,,40191900,21709100,61901000,,,,,625049002
1,UNKNOWN / NOT IN SALE RECORDS,4619 GREENWOOD AVE N,,98103,,,,9,3,0,2007-01-08,2017-07-25,2016-10-24 to 2017-01-22,,,642000,116000,758000,,,,,7517500015
1,UNKNOWN / NOT IN SALE RECORDS,9205 3RD AVE NW,,,,,,9,3,0,2007-02-12,2011-07-05,2008-08-06 to 2008-11-04,NO_PARCEL_RECORD,,,,,,,,,
1,UNKNOWN / NOT IN SALE RECORDS,3219 M L KING JR WAY S,,,,,,9,3,0,2007-03-28,2017-05-24,2007-10-19 to 2008-01-17,NO_PARCEL_RECORD,,,,,,,,,
1,UNKNOWN / NOT IN SALE RECORDS,7100 CALIFORNIA AVE SW,Riviera West (SHA),98136,12,1970,4,9,3,0,2007-07-19,2025-02-07,2007-07-19 to 2007-10-17,,,1260000,2014000,3274000,,,,,3869900145
1,UNKNOWN / NOT IN SALE RECORDS,1409 S FERDINAND ST,,98108,,,,9,3,0,2007-07-23,2011-06-15,2007-07-23 to 2007-10-21,,,332000,198000,530000,,,,,600000075
1,UNKNOWN / NOT IN SALE RECORDS,6601 NE WINDERMERE RD,,,,,,9,3,0,2007-08-21,2022-10-25,2007-08-21 to 2007-11-19,NO_PARCEL_RECORD,,,,,,,,,
1,UNKNOWN / NOT IN SALE RECORDS,1302 NW 85TH ST,,,,,,9,3,0,2007-08-31,2021-05-11,2020-01-16 to 2020-04-15,NO_PARCEL_RECORD,,,,,,,,,
1,UNKNOWN / NOT IN SALE RECORDS,5801 AIRPORT WAY S,,,,,,9,3,0,2007-10-05,2011-01-05,2007-10-22 to 2008-01-20,NO_PARCEL_RECORD,,,,,,,,,
1,UNKNOWN / NOT IN SALE RECORDS,2013 2ND AVE,,,,,,9,3,0,2007-01-11,2020-10-13,2007-10-31 to 2008-01-29,NO_PARCEL_RECORD,,,,,,,,,
1,UNKNOWN / NOT IN SALE RECORDS,2120 CALIFORNIA AVE SW,,98116,,,,9,3,0,2007-11-20,2021-05-18,2012-08-20 to 2012-11-18,,,268000,591000,859000,,,,,117000256
1,UNKNOWN / NOT IN SALE RECORDS,3025 NE 143RD ST,,,,,,9,3,0,2008-02-20,2023-08-02,2019-09-12 to 2019-12-11,NO_PARCEL_RECORD,,,,,,,,,
1,UNKNOWN / NOT IN SALE RECORDS,1022 NE 68TH ST,,,,,,9,3,0,2008-07-15,2025-08-24,2023-02-22 to 2023-05-23,NO_PARCEL_RECORD,,,,,,,,,
1,UNKNOWN / NOT IN SALE RECORDS,2214 1ST AVE,,,,,,9,3,0,2008-08-14,2025-01-18,2020-09-29 to 2020-12-28,NO_PARCEL_RECORD,,,,,,,,,
1,UNKNOWN / NOT IN SALE RECORDS,302 12TH AVE E,,,,,,9,3,0,2008-11-03,2017-08-01,2008-11-03 to 2009-02-01,NO_PARCEL_RECORD,,,,,,,,,
1,UNKNOWN / NOT IN SALE RECORDS,1501 33RD AVE,,98122,,,,9,3,0,2009-03-23,2015-12-18,2015-09-14 to 2015-12-13,,,634000,500000,1134000,,,,,97000265
1,UNKNOWN / NOT IN SALE RECORDS,9761 3RD AVE NW,,,,,,9,3,0,2009-05-07,2020-04-15,2020-04-06 to 2020-07-05,NO_PARCEL_RECORD,,,,,,,,,
1,UNKNOWN / NOT IN SALE RECORDS,2318 15TH AVE S,,,,,,9,3,0,2009-07-06,2021-07-30,2019-05-15 to 2019-08-13,NO_PARCEL_RECORD,,,,,,,,,
1,UNKNOWN / NOT IN SALE RECORDS,12006 31ST AVE NE,,,,,,9,3,0,2009-08-31,2021-10-28,2020-12-26 to 2021-03-26,NO_PARCEL_RECORD,,,,,,,,,
1,UNKNOWN / NOT IN SALE RECORDS,415 M L KING JR WAY S,,,,,,9,3,0,2009-10-01,2024-07-25,2022-10-13 to 2023-01-11,NO_PARCEL_RECORD,,,,,,,,,
1,UNKNOWN / NOT IN SALE RECORDS,1741 NW 56TH ST,,,,,,9,3,0,2009-10-05,2025-04-09,2022-09-28 to 2022-12-27,NO_PARCEL_RECORD,,,,,,,,,
1,UNKNOWN / NOT IN SALE RECORDS,919 NW MARKET ST,,,,,,9,3,0,2009-10-20,2023-04-03,2010-07-06 to 2010-10-04,NO_PARCEL_RECORD,,,,,,,,,
1,UNKNOWN / NOT IN SALE RECORDS,9430 12TH AVE NE,,98115,,,,9,3,0,2010-09-23,2025-08-29,2010-09-23 to 2010-12-22,SUSPICIOUS_IMPR_VALUE_1000,,639000,1000,640000,,,,,5101404450
1,UNKNOWN / NOT IN SALE RECORDS,9125 YUKON AVE S,,,,,,9,3,0,2011-02-03,2025-09-17,2025-08-11 to 2025-11-09,NO_PARCEL_RECORD,,,,,,,,,
1,UNKNOWN / NOT IN SALE RECORDS,2813 4TH AVE W,,98119,,,,9,3,0,2011-10-12,2021-02-15,2020-05-12 to 2020-08-10,,,280000,654000,934000,,,,,976000597
1,UNKNOWN / NOT IN SALE RECORDS,1768 ALKI AVE SW,,98116,,,,9,3,0,2012-02-29,2025-09-06,2022-02-02 to 2022-05-03,SUSPICIOUS_IMPR_VALUE_1000,,1448000,1000,1449000,,,,,139000185
1,UNKNOWN / NOT IN SALE RECORDS,321 10TH AVE S,,,,,,9,3,0,2012-03-27,2025-10-10,2019-09-11 to 2019-12-10,NO_PARCEL_RECORD,,,,,,,,,
1,UNKNOWN / NOT IN SALE RECORDS,8841 MIDVALE AVE N,,,,,,9,3,0,2012-07-12,2019-09-27,2018-04-26 to 2018-07-25,NO_PARCEL_RECORD,,,,,,,,,
1,UNKNOWN / NOT IN SALE RECORDS,14381 30TH AVE NE,,,,,,9,3,0,2012-08-07,2025-06-28,2022-04-25 to 2022-07-24,NO_PARCEL_RECORD,,,,,,,,,
1,UNKNOWN / NOT IN SALE RECORDS,122 16TH AVE E,Sound Mental Health,98112,,1990,2,9,3,0,2012-09-21,2025-06-10,2013-06-03 to 2013-09-01,,,8640000,1924300,10564300,,,,,8080400020
1,UNKNOWN / NOT IN SALE RECORDS,2635 SW HOLDEN ST,,,,,,9,3,0,2014-05-07,2025-10-02,2014-05-07 to 2014-08-05,NO_PARCEL_RECORD,,,,,,,,,
1,UNKNOWN / NOT IN SALE RECORDS,6723 16TH AVE SW,,,,,,9,3,0,2014-06-02,2021-03-22,2016-05-11 to 2016-08-09,NO_PARCEL_RECORD,,,,,,,,,
1,UNKNOWN / NOT IN SALE RECORDS,13229 LINDEN AVE N,,,,,,9,3,0,2014-07-17,2025-03-20,2016-09-12 to 2016-12-11,NO_PARCEL_RECORD,,,,,,,,,
1,UNKNOWN / NOT IN SALE RECORDS,7002 51ST AVE NE,,98115,,,,9,3,0,2015-04-06,2021-10-01,2020-06-26 to 2020-09-24,,,1081000,539000,1620000,,,,,8925100175
1,UNKNOWN / NOT IN SALE RECORDS,3034 S ORCAS ST,,,,,,9,3,0,2015-05-27,2024-08-20,2021-08-05 to 2021-11-03,NO_PARCEL_RECORD,,,,,,,,,
1,UNKNOWN / NOT IN SALE RECORDS,1209 N NORTHGATE WAY,,,,,,9,3,0,2015-06-05,2024-12-17,2015-06-05 to 2015-09-03,NO_PARCEL_RECORD,,,,,,,,,
1,UNKNOWN / NOT IN SALE RECORDS,2037 WAVERLY PL N,,,,,,9,3,0,2015-07-24,2016-09-30,2015-07-24 to 2015-10-22,NO_PARCEL_RECORD,,,,,,,,,
1,UNKNOWN / NOT IN SALE RECORDS,307 BROAD ST,CAR TOYS,98121,,,,9,3,0,2015-07-24,2018-06-21,2018-02-14 to 2018-05-15,SUSPICIOUS_IMPR_VALUE_1000,,9407500,1000,9408500,,,,,656000306
1,UNKNOWN / NOT IN SALE RECORDS,1601 N 45TH ST,WALLINGFORD 45 CONDOMINIUM,98103,,2017,4,9,3,0,2015-01-14,2025-01-01,2024-10-31 to 2025-01-29,,,139800,478800,618600,,,,,9134200000
1,UNKNOWN / NOT IN SALE RECORDS,12737 35TH AVE NE,,,,,,9,3,0,2016-03-14,2022-07-09,2018-01-26 to 2018-04-26,NO_PARCEL_RECORD,,,,,,,,,
1,UNKNOWN / NOT IN SALE RECORDS,9036 35TH AVE SW,,,,,,9,3,0,2016-04-06,2021-02-01,2018-06-05 to 2018-09-03,NO_PARCEL_RECORD,,,,,,,,,
1,UNKNOWN / NOT IN SALE RECORDS,527 S CLOVERDALE ST,,,,,,9,3,0,2016-04-12,2021-03-02,2020-08-27 to 2020-11-25,NO_PARCEL_RECORD,,,,,,,,,
1,UNKNOWN / NOT IN SALE RECORDS,4609 S HOLDEN ST,4609 SOUTH HOLDEN,98118,,,,9,3,0,2016-06-09,2025-05-21,2016-06-21 to 2016-09-19,,,107300,541700,649000,,,,,2608090000
1,UNKNOWN / NOT IN SALE RECORDS,1047 S THISTLE ST,,,,,,9,3,0,2016-07-28,2024-12-31,2023-05-26 to 2023-08-24,NO_PARCEL_RECORD,,,,,,,,,
1,UNKNOWN / NOT IN SALE RECORDS,1833 25TH AVE,,,,,,9,3,0,2016-08-17,2024-10-14,2024-05-26 to 2024-08-24,NO_PARCEL_RECORD,,,,,,,,,
1,UNKNOWN / NOT IN SALE RECORDS,12345 ROOSEVELT WAY NE,PEGASUS COURT CONDOMINIUM,98125,,2000,4,9,3,0,2017-02-15,2025-04-17,2024-11-25 to 2025-02-23,,,79700,249300,329000,,,,,6701500000
1,UNKNOWN / NOT IN SALE RECORDS,4106 49TH AVE SW,,,,,,9,3,0,2017-04-07,2024-01-08,2023-11-20 to 2024-02-18,NO_PARCEL_RECORD,,,,,,,,,
1,UNKNOWN / NOT IN SALE RECORDS,2450 DEXTER AVE N,SUNRISE MANOR 2450 CONDOMINIUM,98109,,,,9,3,0,2017-06-22,2022-09-20,2021-01-05 to 2021-04-05,,,122200,165800,288000,,,,,8123410000
1,UNKNOWN / NOT IN SALE RECORDS,1721 S SHELTON ST,,98108,,,,9,3,0,2018-05-05,2023-06-30,2023-05-17 to 2023-08-15,,,459000,52000,511000,,,,,3732800460
1,UNKNOWN / NOT IN SALE RECORDS,1801 20TH AVE,,,,,,9,3,0,2018-05-03,2025-02-21,2018-12-10 to 2019-03-10,NO_PARCEL_RECORD,,,,,,,,,
1,UNKNOWN / NOT IN SALE RECORDS,1600 9TH AVE,,,,,,9,3,0,2018-04-27,2021-01-23,2020-07-15 to 2020-10-13,NO_PARCEL_RECORD,,,,,,,,,
1,UNKNOWN / NOT IN SALE RECORDS,1015 2ND AVE,"1015 2nd AVENUE BLDG, (FRMR FEDERAL RESERVE BANK B",98104,,,,9,3,0,2018-10-22,2020-07-15,2018-10-22 to 2019-01-20,,,41472000,11326000,52798000,,,,,939000520
1,UNKNOWN / NOT IN SALE RECORDS,9212 ROOSEVELT WAY NE,,,,,,9,3,0,2018-12-31,2023-07-24,2020-08-21 to 2020-11-19,NO_PARCEL_RECORD,,,,,,,,,
1,UNKNOWN / NOT IN SALE RECORDS,515 N 50TH ST,CAMELOT APTS,98103,,,,9,3,0,2018-03-26,2023-04-16,2018-03-26 to 2018-06-24,,,2350000,3294000,5644000,,,,,850000335
1,UNKNOWN / NOT IN SALE RECORDS,4637 21ST AVE NE,SIGMA PHI EPSILON FRATERNITY,98105,,,,9,3,0,2019-04-23,2024-06-28,2023-02-07 to 2023-05-08,SUSPICIOUS_IMPR_VALUE_1000,,3024000,1000,3025000,,,,,925049097
1,UNKNOWN / NOT IN SALE RECORDS,123 2ND AVE N,,,,,,9,3,0,2019-12-29,2024-08-14,2022-04-21 to 2022-07-20,NO_PARCEL_RECORD,,,,,,,,,
1,UNKNOWN / NOT IN SALE RECORDS,530 MELROSE AVE E,JACKSON COURT CONDOMINIUM,98102,,,,9,3,0,2020-08-25,2025-07-01,2025-06-19 to 2025-09-17,,,104300,319700,424000,,,,,3640300000
1,UNKNOWN / NOT IN SALE RECORDS,8541 DAYTON AVE N,Residences at Dayton,98103,,,,9,3,0,2020-11-20,2025-09-01,2020-11-20 to 2021-02-18,,,317100,207900,525000,,,,,7241500000
1,UNKNOWN / NOT IN SALE RECORDS,3618 SW ALASKA ST,AMERICAN LEGION POST 160,98126,,,,9,3,0,2021-01-08,2025-08-01,2025-03-03 to 2025-06-01,SUSPICIOUS_IMPR_VALUE_1000,,2546900,1000,2547900,,,,,952007960
1,UNKNOWN / NOT IN SALE RECORDS,1404 NE 123RD ST,,98125,,,,9,3,0,2021-06-23,2024-11-08,2021-12-11 to 2022-03-11,,,600000,8000,608000,,,,,820000025
1,UNKNOWN / NOT IN SALE RECORDS,5621 22ND AVE NW,,,,,,9,3,0,2022-02-13,2025-05-19,2023-12-20 to 2024-03-19,NO_PARCEL_RECORD,,,,,,,,,
1,UNKNOWN / NOT IN SALE RECORDS,4601 S GARDEN ST,,,,,,9,3,0,2022-05-28,2025-01-23,2023-02-09 to 2023-05-10,NO_PARCEL_RECORD,,,,,,,,,
1,UNKNOWN / NOT IN SALE RECORDS,215 9TH AVE N,,,,,,9,3,0,2022-07-03,2024-07-11,2023-10-25 to 2024-01-23,NO_PARCEL_RECORD,,,,,,,,,
1,UNKNOWN / NOT IN SALE RECORDS,8610 AURORA AVE N,8610 Aurora Apartment,98103,,,,9,3,0,2024-02-05,2025-08-26,2024-05-15 to 2024-08-13,,,2660000,18803000,21463000,,,,,993001695
1,UNKNOWN / NOT IN SALE RECORDS,116 17TH AVE,CHERRY HILL COURT CONDOMINIUM,98122,,,,8,8,0,2019-02-26,2019-03-27,2019-02-26 to 2019-05-27,,,307200,170800,478000,,,,,1552200000
1,UNKNOWN / NOT IN SALE RECORDS,4912 S ALASKA ST,,,,,,8,8,0,2024-02-29,2024-04-24,2024-02-29 to 2024-05-29,NO_PARCEL_RECORD,,,,,,,,,
1,UNKNOWN / NOT IN SALE RECORDS,9109 48TH AVE S,,,,,,8,8,0,2024-09-30,2024-11-26,2024-09-30 to 2024-12-29,NO_PARCEL_RECORD,,,,,,,,,
1,UNKNOWN / NOT IN SALE RECORDS,4740 7TH AVE NE,,,,,,8,7,0,2007-10-03,2024-01-26,2023-12-22 to 2024-03-21,NO_PARCEL_RECORD,,,,,,,,,
1,UNKNOWN / NOT IN SALE RECORDS,1350 N 34TH ST,TRANSFER STATION-EXEMPT,98103,,2016,1,8,7,0,2014-06-02,2025-09-17,2025-07-20 to 2025-10-18,,,36956600,9002600,45959200,,,,,2264500450
1,UNKNOWN / NOT IN SALE RECORDS,2530 BEACON AVE S,,,,,,8,7,0,2018-05-14,2018-08-22,2018-05-14 to 2018-08-12,NO_PARCEL_RECORD,,,,,,,,,
1,UNKNOWN / NOT IN SALE RECORDS,2913 13TH AVE S,,,,,,8,7,0,2023-01-04,2023-09-01,2023-06-28 to 2023-09-26,NO_PARCEL_RECORD,,,,,,,,,
1,UNKNOWN / NOT IN SALE RECORDS,2009 RAINIER AVE S,,,,,,8,7,0,2023-02-07,2023-07-21,2023-02-07 to 2023-05-08,NO_PARCEL_RECORD,,,,,,,,,
1,UNKNOWN / NOT IN SALE RECORDS,8314 28TH AVE NE,,,,,,8,7,0,2023-12-22,2024-12-10,2024-09-27 to 2024-12-26,NO_PARCEL_RECORD,,,,,,,,,
1,UNKNOWN / NOT IN SALE RECORDS,1416 N 47TH ST,,,,,,8,7,0,2025-05-02,2025-09-24,2025-07-09 to 2025-10-07,NO_PARCEL_RECORD,,,,,,,,,
1,UNKNOWN / NOT IN SALE RECORDS,4504 WOODLAWN AVE N,,,,,,8,7,0,2025-05-21,2025-09-04,2025-05-21 to 2025-08-19,NO_PARCEL_RECORD,,,,,,,,,
1,UNKNOWN / NOT IN SALE RECORDS,2045 NW 59TH ST,,,,,,8,6,0,2005-06-17,2006-10-30,2005-06-17 to 2005-09-15,NO_PARCEL_RECORD,,,,,,,,,
1,UNKNOWN / NOT IN SALE RECORDS,14340 32ND AVE NE,,,,,,8,6,0,2008-01-09,2025-05-20,2025-03-07 to 2025-06-05,NO_PARCEL_RECORD,,,,,,,,,
1,UNKNOWN / NOT IN SALE RECORDS,5758 28TH AVE NE,,98105,,,,8,6,0,2011-10-24,2025-07-15,2025-06-10 to 2025-09-08,SUSPICIOUS_IMPR_VALUE_1000,,800000,1000,801000,,,,,925049232
1,UNKNOWN / NOT IN SALE RECORDS,408 W FULTON ST,,98119,,,,8,6,0,2014-07-10,2018-06-23,2014-07-10 to 2014-10-08,,,280000,707000,987000,,,,,976000906
1,UNKNOWN / NOT IN SALE RECORDS,4251 9TH AVE NE,,,,,,8,6,0,2015-06-24,2025-04-22,2025-03-26 to 2025-06-24,NO_PARCEL_RECORD,,,,,,,,,
1,UNKNOWN / NOT IN SALE RECORDS,4760 32ND AVE S,,,,,,8,6,0,2015-07-29,2024-08-07,2024-05-10 to 2024-08-08,NO_PARCEL_RECORD,,,,,,,,,
1,UNKNOWN / NOT IN SALE RECORDS,1230 LAKEVIEW BLVD E,1230-32 LAKEVIEW BOULEVARD EAST CONDOMINIUM,98102,,,,8,6,0,2016-06-22,2019-08-06,2019-05-08 to 2019-08-06,,,427200,89800,517000,,,,,8726010000
1,UNKNOWN / NOT IN SALE RECORDS,8018 45TH AVE SW,,98136,,,,8,6,0,2019-06-19,2025-08-22,2025-07-01 to 2025-09-29,,,218000,,218000,,,,,34001370
1,UNKNOWN / NOT IN SALE RECORDS,3523 BAGLEY AVE N,,98103,,,,8,6,0,2020-05-27,2020-11-16,2020-05-27 to 2020-08-25,,,691000,656000,1347000,,,,,354000090
1,UNKNOWN / NOT IN SALE RECORDS,6854 36TH AVE NE,6854 36TH AVE NE CONDOMINIUM,98115,,,,8,6,0,2021-08-09,2023-03-22,2021-11-24 to 2022-02-22,,,197000,568000,765000,,,,,7805610000
1,UNKNOWN / NOT IN SALE RECORDS,4516 33RD AVE S,,,,,,8,6,0,2022-04-18,2023-08-29,2023-07-17 to 2023-10-15,NO_PARCEL_RECORD,,,,,,,,,
1,UNKNOWN / NOT IN SALE RECORDS,327 NW 85TH ST,,,,,,8,6,0,2022-05-16,2022-12-31,2022-11-03 to 2023-02-01,NO_PARCEL_RECORD,,,,,,,,,
1,UNKNOWN / NOT IN SALE RECORDS,2600 NW 58TH ST,APARTMENTS,98107,,,,8,6,0,2022-10-20,2025-06-03,2022-12-05 to 2023-03-05,,,1100000,1618000,2718000,,,,,476000195
1,UNKNOWN / NOT IN SALE RECORDS,2767 59TH AVE SW,,98116,,,,8,6,0,2023-01-26,2025-09-06,2024-08-12 to 2024-11-10,,,105400,441000,546400,,,,,148000066
1,UNKNOWN / NOT IN SALE RECORDS,810 HARRISON ST,,,,,,8,6,0,2023-06-14,2025-04-30,2024-12-02 to 2025-03-02,NO_PARCEL_RECORD,,,,,,,,,
1,UNKNOWN / NOT IN SALE RECORDS,1718 N 107TH ST,,,,,,8,6,0,2024-01-03,2024-05-22,2024-01-03 to 2024-04-02,NO_PARCEL_RECORD,,,,,,,,,
1,UNKNOWN / NOT IN SALE RECORDS,2411 B W BOSTON ST,,,,,,8,6,0,2024-04-15,2024-11-23,2024-04-15 to 2024-07-14,NO_PARCEL_RECORD,,,,,,,,,
1,UNKNOWN / NOT IN SALE RECORDS,319 NW 87TH ST,,,,,,8,6,0,2025-05-22,2025-10-17,2025-05-22 to 2025-08-20,NO_PARCEL_RECORD,,,,,,,,,
1,UNKNOWN / NOT IN SALE RECORDS,7756 4TH AVE NE,7756 4TH AVENUE NE CONDOMINIUM,98115,,,,8,5,0,2004-01-14,2018-09-14,2004-01-14 to 2004-04-13,,,225200,1142800,1368000,,,,,7698470000
1,UNKNOWN / NOT IN SALE RECORDS,2603 3RD AVE,RITE AID & OFFICES,98121,,,,8,5,0,2004-12-13,2025-06-03,2025-05-20 to 2025-08-18,SUSPICIOUS_IMPR_VALUE_1000,,12057400,1000,12058400,,,,,656000130
1,UNKNOWN / NOT IN SALE RECORDS,1480 NW 80TH ST,Redevelopment Site,98117,,,,8,5,0,2005-06-07,2020-06-11,2005-06-07 to 2005-09-05,SUSPICIOUS_IMPR_VALUE_1000,,1132400,1000,1133400,,,,,458000145
1,UNKNOWN / NOT IN SALE RECORDS,6013 20TH AVE NW,RETREAT AT 20TH CONDOMINIUM,98107,,,,8,5,0,2005-07-21,2006-10-13,2005-07-21 to 2005-10-19,,,127000,291000,418000,,,,,7242700000
1,UNKNOWN / NOT IN SALE RECORDS,1606 5TH AVE W,QUEEN ANNE UNITED METHODIST CHURCH,98119,,1971,2,8,5,0,2005-12-21,2022-07-29,2022-07-01 to 2022-09-29,,,374400,359600,734000,,,,,4232902310
1,UNKNOWN / NOT IN SALE RECORDS,4202 RAINIER AVE S,,,,,,8,5,0,2008-09-26,2022-02-08,2017-01-25 to 2017-04-25,NO_PARCEL_RECORD,,,,,,,,,
1,UNKNOWN / NOT IN SALE RECORDS,6206 SEAVIEW AVE NW,,,,,,8,5,0,2009-06-03,2010-06-07,2009-09-14 to 2009-12-13,NO_PARCEL_RECORD,,,,,,,,,
1,UNKNOWN / NOT IN SALE RECORDS,1335 CALIFORNIA AVE SW,,,,,,8,5,0,2012-09-11,2022-02-14,2021-06-16 to 2021-09-14,NO_PARCEL_RECORD,,,,,,,,,
1,UNKNOWN / NOT IN SALE RECORDS,1406 NW 51ST ST,,,,,,8,5,0,2012-11-14,2022-09-12,2019-09-01 to 2019-11-30,NO_PARCEL_RECORD,,,,,,,,,
1,UNKNOWN / NOT IN SALE RECORDS,3015 NW MARKET ST,,,,,,8,5,0,2013-10-04,2021-02-18,2018-06-21 to 2018-09-19,NO_PARCEL_RECORD,,,,,,,,,
1,UNKNOWN / NOT IN SALE RECORDS,1132 N 128TH ST,,,,,,8,5,0,2014-07-03,2022-10-21,2022-07-14 to 2022-10-12,NO_PARCEL_RECORD,,,,,,,,,
1,UNKNOWN / NOT IN SALE RECORDS,1113 14TH AVE,,,,,,8,5,0,2016-08-12,2019-02-21,2017-01-19 to 2017-04-19,NO_PARCEL_RECORD,,,,,,,,,
1,UNKNOWN / NOT IN SALE RECORDS,7709 11TH AVE SW,,,,,,8,5,0,2017-04-28,2025-10-13,2017-08-03 to 2017-11-01,NO_PARCEL_RECORD,,,,,,,,,
1,UNKNOWN / NOT IN SALE RECORDS,2558 NE 91ST ST,WEDGEWOOD CEDARS TWO,98115,,,,8,5,0,2017-10-04,2022-05-19,2021-02-07 to 2021-05-08,,,145400,573600,719000,,,,,9210810000
1,UNKNOWN / NOT IN SALE RECORDS,7743 15TH AVE NW,,,,,,8,5,0,2017-12-08,2020-09-16,2018-04-30 to 2018-07-29,NO_PARCEL_RECORD,,,,,,,,,
1,UNKNOWN / NOT IN SALE RECORDS,2724 E UNION ST,,,,,,8,5,0,2018-09-17,2019-02-15,2018-09-17 to 2018-12-16,NO_PARCEL_RECORD,,,,,,,,,
1,UNKNOWN / NOT IN SALE RECORDS,416 N 36TH ST,,,,,,8,5,0,2020-01-15,2021-01-25,2020-10-27 to 2021-01-25,NO_PARCEL_RECORD,,,,,,,,,
1,UNKNOWN / NOT IN SALE RECORDS,2810 E MARION ST,,,,,,8,5,0,2020-03-13,2022-03-03,2020-11-23 to 2021-02-21,NO_PARCEL_RECORD,,,,,,,,,
1,UNKNOWN / NOT IN SALE RECORDS,12038 32ND AVE NE,,,,,,8,5,0,2020-11-10,2023-05-03,2023-03-16 to 2023-06-14,NO_PARCEL_RECORD,,,,,,,,,
1,UNKNOWN / NOT IN SALE RECORDS,201 4TH AVE S,BURLINGTON NORTHERN,98104,,,,8,5,0,2021-11-16,2025-08-19,2025-07-01 to 2025-09-29,,,9918400,,9918400,,,,,5247801095
1,UNKNOWN / NOT IN SALE RECORDS,9028 PHINNEY AVE N,9028 PHINNEY AVE N,98103,,,,8,5,0,2021-11-29,2023-02-23,2022-04-22 to 2022-07-21,,,337300,689700,1027000,,,,,6094350000
1,UNKNOWN / NOT IN SALE RECORDS,8860 20TH AVE SW,,,,,,8,5,0,2022-09-18,2024-10-28,2024-09-09 to 2024-12-08,NO_PARCEL_RECORD,,,,,,,,,
1,UNKNOWN / NOT IN SALE RECORDS,1211 NE 97TH ST,1211 NE 97TH ST,98115,,,,8,5,0,2023-05-02,2023-12-12,2023-06-09 to 2023-09-07,,,187500,1102500,1290000,,,,,8726040000
1,UNKNOWN / NOT IN SALE RECORDS,6824 RAINIER AVE S,,,,,,8,4,0,2004-07-29,2019-05-16,2019-03-21 to 2019-06-19,NO_PARCEL_RECORD,,,,,,,,,
1,UNKNOWN / NOT IN SALE RECORDS,6515 BROOKLYN AVE NE,,,,,,8,4,0,2004-09-07,2013-11-06,2007-03-23 to 2007-06-21,NO_PARCEL_RECORD,,,,,,,,,
1,UNKNOWN / NOT IN SALE RECORDS,1117 M L KING JR WAY,,,,,,8,4,0,2004-12-16,2007-01-12,2004-12-16 to 2005-03-16,NO_PARCEL_RECORD,,,,,,,,,
1,UNKNOWN / NOT IN SALE RECORDS,10544 MIDVALE AVE N,,,,,,8,4,0,2005-01-26,2007-12-05,2007-08-07 to 2007-11-05,NO_PARCEL_RECORD,,,,,,,,,
1,UNKNOWN / NOT IN SALE RECORDS,1425 E YESLER WAY,FOURPLEX,98122,,,,8,4,0,2006-07-20,2009-09-22,2009-09-16 to 2009-12-15,,,1212000,22000,1234000,,,,,7600216
1,UNKNOWN / NOT IN SALE RECORDS,11004 14TH AVE NE,MOSQUE SITE - SFR,98125,,1951,1,8,4,0,2006-12-15,2008-03-12,2007-06-20 to 2007-09-18,SUSPICIOUS_IMPR_VALUE_1000,,552300,1000,553300,,,,,5433300055
1,UNKNOWN / NOT IN SALE RECORDS,2503 N NORTHLAKE WAY,,,,,,8,4,0,2007-02-05,2017-05-22,2007-12-05 to 2008-03-04,NO_PARCEL_RECORD,,,,,,,,,
1,UNKNOWN / NOT IN SALE RECORDS,3202 S JUDKINS ST,,98144,,,,8,4,0,2007-06-18,2019-07-30,2007-06-18 to 2007-09-16,,,696000,1937000,2633000,,,,,357000175
1,UNKNOWN / NOT IN SALE RECORDS,502 BELMONT AVE E,,,,,,8,4,0,2007-07-02,2011-01-27,2009-01-06 to 2009-04-06,NO_PARCEL_RECORD,,,,,,,,,
1,UNKNOWN / NOT IN SALE RECORDS,3304 CLAREMONT AVE S,,,,,,8,4,0,2007-04-10,2023-01-23,2009-08-20 to 2009-11-18,NO_PARCEL_RECORD,,,,,,,,,
1,UNKNOWN / NOT IN SALE RECORDS,2119 15TH AVE S,,,,,,8,4,0,2008-05-19,2008-12-01,2008-05-19 to 2008-08-17,NO_PARCEL_RECORD,,,,,,,,,
1,UNKNOWN / NOT IN SALE RECORDS,1910 8TH AVE W,,,,,,8,4,0,2008-09-24,2021-03-29,2020-12-30 to 2021-03-30,NO_PARCEL_RECORD,,,,,,,,,
1,UNKNOWN / NOT IN SALE RECORDS,1415 DEXTER AVE N,,,,,,8,4,0,2009-01-12,2023-03-27,2022-07-28 to 2022-10-26,NO_PARCEL_RECORD,,,,,,,,,
1,UNKNOWN / NOT IN SALE RECORDS,6911 CALIFORNIA AVE SW,,,,,,8,4,0,2009-06-01,2019-06-05,2015-01-13 to 2015-04-13,NO_PARCEL_RECORD,,,,,,,,,
1,UNKNOWN / NOT IN SALE RECORDS,7552 43RD AVE S,,,,,,8,4,0,2009-07-14,2025-09-27,2019-09-26 to 2019-12-25,NO_PARCEL_RECORD,,,,,,,,,
1,UNKNOWN / NOT IN SALE RECORDS,1518 5TH AVE N,,,,,,8,4,0,2010-06-15,2021-08-19,2010-06-15 to 2010-09-13,NO_PARCEL_RECORD,,,,,,,,,
1,UNKNOWN / NOT IN SALE RECORDS,3435 40TH AVE W,,98199,,,,8,4,0,2010-07-27,2022-12-19,2020-07-18 to 2020-10-16,,,726000,277000,1003000,,,,,871001911
1,UNKNOWN / NOT IN SALE RECORDS,1415 29TH AVE,1415 29TH AVE CONDOMINIUM,98122,,,,8,4,0,2011-07-18,2023-05-08,2018-09-04 to 2018-12-03,,,111000,469000,580000,,,,,2617570000
1,UNKNOWN / NOT IN SALE RECORDS,6201 RAINIER AVE S,,,,,,8,4,0,2011-07-20,2024-06-23,2024-02-13 to 2024-05-13,NO_PARCEL_RECORD,,,,,,,,,
1,UNKNOWN / NOT IN SALE RECORDS,9530 AURORA AVE N,,,,,,8,4,0,2011-08-02,2024-12-12,2011-08-02 to 2011-10-31,NO_PARCEL_RECORD,,,,,,,,,
1,UNKNOWN / NOT IN SALE RECORDS,613 E HIGHLAND DR,613 EAST HIGHLAND DRIVE CONDOMINIUM,98102,,,,8,4,0,2011-10-31,2022-08-24,2011-10-31 to 2012-01-29,,,351500,993500,1345000,,,,,7804280000
1,UNKNOWN / NOT IN SALE RECORDS,2901 NE BLAKELEY ST,BLAKELEY COMMONS CONDOMINIUM,98105,,,,8,4,0,2012-04-17,2025-01-17,2023-08-30 to 2023-11-28,,,90100,295900,386000,,,,,853300000
1,UNKNOWN / NOT IN SALE RECORDS,1771 20TH AVE S,,,,,,8,4,0,2012-04-19,2018-04-05,2012-04-19 to 2012-07-18,NO_PARCEL_RECORD,,,,,,,,,
1,UNKNOWN / NOT IN SALE RECORDS,3040 NW MARKET ST,CADENCE APTS,98107,24,1948,3,8,4,0,2013-09-17,2015-07-14,2014-05-28 to 2014-08-26,,,5728500,296500,6025000,,,,,1175000870
1,UNKNOWN / NOT IN SALE RECORDS,1018 9TH AVE,,,,,,8,4,0,2014-08-21,2023-07-19,2023-07-13 to 2023-10-11,NO_PARCEL_RECORD,,,,,,,,,
1,UNKNOWN / NOT IN SALE RECORDS,8812 INTERLAKE AVE N,,98103,,,,8,4,0,2015-01-06,2023-07-25,2019-05-23 to 2019-08-21,,,576000,227000,803000,,,,,993001105
1,UNKNOWN / NOT IN SALE RECORDS,3039 W COMMODORE WAY,,,,,,8,4,0,2015-02-11,2020-05-22,2019-01-29 to 2019-04-29,NO_PARCEL_RECORD,,,,,,,,,
1,UNKNOWN / NOT IN SALE RECORDS,408 RAYE ST,,,,,,8,4,0,2015-07-06,2018-01-09,2017-10-13 to 2018-01-11,NO_PARCEL_RECORD,,,,,,,,,
1,UNKNOWN / NOT IN SALE RECORDS,1141 N 88TH ST,,,,,,8,4,0,2015-07-23,2017-07-03,2015-07-23 to 2015-10-21,NO_PARCEL_RECORD,,,,,,,,,
1,UNKNOWN / NOT IN SALE RECORDS,1712 HOWELL PL,,,,,,8,4,0,2015-07-28,2020-07-13,2020-05-10 to 2020-08-08,NO_PARCEL_RECORD,,,,,,,,,
1,UNKNOWN / NOT IN SALE RECORDS,4550 40TH AVE SW,,,,,,8,4,0,2015-09-24,2024-10-07,2024-05-15 to 2024-08-13,NO_PARCEL_RECORD,,,,,,,,,
1,UNKNOWN / NOT IN SALE RECORDS,3238 14TH AVE W,,,,,,8,4,0,2015-11-05,2020-02-26,2018-07-13 to 2018-10-11,NO_PARCEL_RECORD,,,,,,,,,
1,UNKNOWN / NOT IN SALE RECORDS,2027 S WASHINGTON ST,,,,,,8,4,0,2016-04-14,2017-04-17,2017-01-19 to 2017-04-19,NO_PARCEL_RECORD,,,,,,,,,
1,UNKNOWN / NOT IN SALE RECORDS,3057 63RD AVE SW,THE FLOWER GARDEN,98116,,,,8,4,0,2016-07-07,2025-10-08,2025-03-27 to 2025-06-25,,,955800,1592200,2548000,,,,,148000208
1,UNKNOWN / NOT IN SALE RECORDS,8800 NESBIT AVE N,DORLYNN APTS,98103,,,,8,4,0,2016-07-28,2025-06-24,2022-12-29 to 2023-03-29,,,922500,695500,1618000,,,,,993000725
1,UNKNOWN / NOT IN SALE RECORDS,3303 31ST AVE SW,CITY VIEW & 31ST CONDOMINIUM,98126,,,,8,4,0,2016-08-25,2022-08-03,2022-06-17 to 2022-09-15,,,224600,899400,1124000,,,,,1598650000
1,UNKNOWN / NOT IN SALE RECORDS,2230 NW 57TH ST,,,,,,8,4,0,2016-11-02,2025-06-23,2024-09-16 to 2024-12-15,NO_PARCEL_RECORD,,,,,,,,,
1,UNKNOWN / NOT IN SALE RECORDS,6734 37TH AVE S,,,,,,8,4,0,2017-01-20,2025-08-06,2019-08-19 to 2019-11-17,NO_PARCEL_RECORD,,,,,,,,,
1,UNKNOWN / NOT IN SALE RECORDS,2947 EASTLAKE AVE E,,,,,,8,4,0,2017-02-14,2024-07-05,2023-09-20 to 2023-12-19,NO_PARCEL_RECORD,,,,,,,,,
1,UNKNOWN / NOT IN SALE RECORDS,2805 W COMMODORE WAY,,,,,,8,4,0,2017-09-05,2020-10-19,2020-09-10 to 2020-12-09,NO_PARCEL_RECORD,,,,,,,,,
1,UNKNOWN / NOT IN SALE RECORDS,4401 2ND AVE NE,,,,,,8,4,0,2018-05-19,2025-08-14,2024-08-16 to 2024-11-14,NO_PARCEL_RECORD,,,,,,,,,
1,UNKNOWN / NOT IN SALE RECORDS,4555 39TH AVE SW,SPRUCE WEST SEATTLE,98116,,2014,7,8,4,0,2018-10-19,2024-05-09,2024-03-05 to 2024-06-03,,,12212300,,12212300,,,,,7942040000
1,UNKNOWN / NOT IN SALE RECORDS,3918 DAYTON AVE N,,,,,,8,4,0,2018-11-30,2019-12-11,2019-04-25 to 2019-07-24,NO_PARCEL_RECORD,,,,,,,,,
1,UNKNOWN / NOT IN SALE RECORDS,105 N 40TH ST,,,,,,8,4,0,2018-01-31,2020-07-20,2019-07-03 to 2019-10-01,NO_PARCEL_RECORD,,,,,,,,,
1,UNKNOWN / NOT IN SALE RECORDS,4911 S GENESEE ST,4911 GENESEE CONDOMINIUM,98118,,,,8,4,0,2019-01-16,2023-10-27,2022-08-23 to 2022-11-21,,,170600,701400,872000,,,,,2617920000
1,UNKNOWN / NOT IN SALE RECORDS,6754 19TH AVE NW,6754 19TH AVE NW CONDOMINIUM,98117,,,,8,4,0,2019-07-08,2020-09-25,2019-07-08 to 2019-10-06,,,323700,557300,881000,,,,,7803940000
1,UNKNOWN / NOT IN SALE RECORDS,522 FEDERAL AVE E,,,,,,8,4,0,2019-09-20,2024-03-22,2022-05-05 to 2022-08-03,NO_PARCEL_RECORD,,,,,,,,,
1,UNKNOWN / NOT IN SALE RECORDS,1827 14TH AVE,,,,,,8,4,0,2019-09-23,2023-03-23,2022-06-16 to 2022-09-14,NO_PARCEL_RECORD,,,,,,,,,
1,UNKNOWN / NOT IN SALE RECORDS,6 W ROY ST,,,,,,8,4,0,2019-10-13,2023-03-31,2023-01-09 to 2023-04-09,NO_PARCEL_RECORD,,,,,,,,,
1,UNKNOWN / NOT IN SALE RECORDS,5650 24TH AVE NW,NOMA CONDOMINIUM,98107,,,,8,4,0,2019-10-25,2025-07-30,2025-05-21 to 2025-08-19,,,148000,425000,573000,,,,,6105800000
1,UNKNOWN / NOT IN SALE RECORDS,2112 NE 137TH ST,,98125,,,,8,4,0,2020-07-23,2024-11-12,2020-07-23 to 2020-10-21,,,521000,113000,634000,,,,,5219200006
1,UNKNOWN / NOT IN SALE RECORDS,3220 60TH AVE SW,3220 60th Avenue SW,98116,,,,8,4,0,2020-08-31,2021-04-19,2020-08-31 to 2020-11-29,,,140300,734700,875000,,,,,8602340000
1,UNKNOWN / NOT IN SALE RECORDS,802 5TH AVE N,,,,,,8,4,0,2020-10-08,2025-04-28,2025-03-04 to 2025-06-02,NO_PARCEL_RECORD,,,,,,,,,
1,UNKNOWN / NOT IN SALE RECORDS,418 NW 65TH ST,,,,,,8,4,0,2020-11-24,2024-02-21,2020-11-24 to 2021-02-22,NO_PARCEL_RECORD,,,,,,,,,
1,UNKNOWN / NOT IN SALE RECORDS,303 BATTERY ST,3ZERO3,98121,,,,8,4,0,2021-09-02,2025-08-16,2023-08-15 to 2023-11-13,,,,29278500,29278500,,,,,656000585
1,UNKNOWN / NOT IN SALE RECORDS,814 S LANE ST,,,,,,8,4,0,2022-03-14,2025-05-09,2025-04-03 to 2025-07-02,NO_PARCEL_RECORD,,,,,,,,,
1,UNKNOWN / NOT IN SALE RECORDS,1712 S DEARBORN ST,,,,,,8,4,0,2023-05-22,2024-12-23,2024-01-30 to 2024-04-29,NO_PARCEL_RECORD,,,,,,,,,
1,UNKNOWN / NOT IN SALE RECORDS,1561 NW 63RD ST,,98107,,,,8,4,0,2024-06-28,2025-05-21,2024-06-28 to 2024-09-26,,,291000,457000,748000,,,,,2767602041
1,UNKNOWN / NOT IN SALE RECORDS,5229 23RD AVE SW,,98106,,,,8,3,0,2004-01-16,2019-04-18,2004-01-16 to 2004-04-15,,,343000,312000,655000,,,,,3438500331
1,UNKNOWN / NOT IN SALE RECORDS,5220 42ND AVE S,BELLA LUNA CONDOMINIUM,98118,,,,8,3,0,2004-02-03,2019-09-20,2004-02-03 to 2004-05-03,,,116300,163700,280000,,,,,661500000
1,UNKNOWN / NOT IN SALE RECORDS,1104 18TH AVE,,,,,,8,3,0,2004-02-24,2013-01-16,2005-05-05 to 2005-08-03,NO_PARCEL_RECORD,,,,,,,,,
1,UNKNOWN / NOT IN SALE RECORDS,3818 36TH AVE W,,,,,,8,3,0,2004-05-18,2024-04-12,2024-02-26 to 2024-05-26,NO_PARCEL_RECORD,,,,,,,,,
1,UNKNOWN / NOT IN SALE RECORDS,9446 36TH AVE SW,36TH RESIDENCES CONDOMINIUM,98126,,,,8,3,0,2004-05-31,2023-09-13,2017-06-05 to 2017-09-03,NAMED_INSPECTOR,,232300,790700,1023000,,,,,8601810000
1,UNKNOWN / NOT IN SALE RECORDS,7411 4TH AVE NE,,,,,,8,3,0,2004-07-22,2008-01-24,2006-11-03 to 2007-02-01,NO_PARCEL_RECORD,,,,,,,,,
1,UNKNOWN / NOT IN SALE RECORDS,733 M L KING JR WAY S,,,,,,8,3,0,2004-07-29,2016-07-21,2015-08-21 to 2015-11-19,NO_PARCEL_RECORD,,,,,,,,,
1,UNKNOWN / NOT IN SALE RECORDS,4811 S HENDERSON ST,,,,,,8,3,0,2004-09-01,2023-04-27,2004-09-01 to 2004-11-30,NO_PARCEL_RECORD,,,,,,,,,
1,UNKNOWN / NOT IN SALE RECORDS,209 23RD AVE E,,98112,,,,8,3,0,2004-09-03,2025-07-08,2018-06-14 to 2018-09-12,SUSPICIOUS_IMPR_VALUE_1000,,949000,1000,950000,,,,,955000085
1,UNKNOWN / NOT IN SALE RECORDS,2323 19TH AVE S,,98144,,,,8,3,0,2004-09-20,2024-04-26,2005-06-08 to 2005-09-06,,,573000,126000,699000,,,,,5393600830
1,UNKNOWN / NOT IN SALE RECORDS,711 23RD AVE,,,,,,8,3,0,2004-11-17,2024-02-21,2008-02-01 to 2008-05-01,NO_PARCEL_RECORD,,,,,,,,,
1,UNKNOWN / NOT IN SALE RECORDS,1111 20TH AVE S,,,,,,8,3,0,2004-11-23,2024-10-29,2024-08-13 to 2024-11-11,NO_PARCEL_RECORD,,,,,,,,,
1,UNKNOWN / NOT IN SALE RECORDS,723 N 94TH ST,,,,,,8,3,0,2004-02-20,2008-08-05,2008-01-03 to 2008-04-02,NO_PARCEL_RECORD,,,,,,,,,
1,UNKNOWN / NOT IN SALE RECORDS,1735 S ANGELINE ST,,98108,,,,8,3,0,2004-04-08,2009-10-15,2005-07-07 to 2005-10-05,,,380000,481000,861000,,,,,600000555
1,UNKNOWN / NOT IN SALE RECORDS,7035 10TH AVE NW,,98117,,,,8,3,0,2005-01-07,2009-02-04,2008-03-25 to 2008-06-23,,,714000,326000,1040000,,,,,461004435
1,UNKNOWN / NOT IN SALE RECORDS,4348 S HENDERSON ST,,,,,,8,3,0,2005-02-28,2016-04-01,2008-11-07 to 2009-02-05,NO_PARCEL_RECORD,,,,,,,,,
1,UNKNOWN / NOT IN SALE RECORDS,4225 SW HOLLY ST,,,,,,8,3,0,2005-05-16,2017-09-05,2009-07-02 to 2009-09-30,NO_PARCEL_RECORD,,,,,,,,,
1,UNKNOWN / NOT IN SALE RECORDS,7744 35TH AVE NE,WEDGWOOD PRESBYTERIAN CHURCH,98115,,,,8,3,0,2005-06-23,2019-06-20,2005-06-23 to 2005-09-21,,,3300000,,3300000,,,,,6392000005
1,UNKNOWN / NOT IN SALE RECORDS,12534 5TH AVE NE,12534 5TH AVE NE,98125,,,,8,3,0,2005-06-28,2025-06-06,2025-02-26 to 2025-05-27,,,90800,448200,539000,,,,,6389770000
1,UNKNOWN / NOT IN SALE RECORDS,602 NW 87TH ST,,98117,,,,8,3,0,2005-09-07,2009-07-06,2008-11-18 to 2009-02-16,,,501000,451000,952000,,,,,946000005
1,UNKNOWN / NOT IN SALE RECORDS,9200 GREENWOOD AVE N,MAISON CONDOMINIUM,98103,,,,8,3,0,2005-11-14,2025-01-03,2024-01-02 to 2024-04-01,,,62200,268800,331000,,,,,5050250000
1,UNKNOWN / NOT IN SALE RECORDS,12506 19TH AVE NE,12504 & 12506 19TH AVE NE,98125,,,,8,3,0,2005-12-13,2007-04-30,2007-02-02 to 2007-05-03,,,137400,431600,569000,,,,,6390980000
1,UNKNOWN / NOT IN SALE RECORDS,7400 8TH AVE S,,,,,,8,3,0,2006-02-24,2016-04-13,2010-01-07 to 2010-04-07,NO_PARCEL_RECORD | NAMED_INSPECTOR,,,,,,,,,
1,UNKNOWN / NOT IN SALE RECORDS,550 ALOHA ST,TOWNE TERRACE CONDOMINIUM,98109,,,,8,3,0,2006-03-27,2022-05-27,2020-08-26 to 2020-11-24,,,125000,197000,322000,,,,,8664800000
1,UNKNOWN / NOT IN SALE RECORDS,5041 35TH AVE NE,CALVARY CEMETERY,98105,,,,8,3,0,2006-05-02,2025-09-15,2017-03-21 to 2017-06-19,SUSPICIOUS_IMPR_VALUE_1000,,41519600,1000,41520600,,,,,925049324
1,UNKNOWN / NOT IN SALE RECORDS,3926 S BRANDON ST,,,,,,8,3,0,2006-05-26,2011-02-11,2010-11-05 to 2011-02-03,NO_PARCEL_RECORD,,,,,,,,,
1,UNKNOWN / NOT IN SALE RECORDS,10032 47TH AVE SW,,98146,,,,8,3,0,2006-07-06,2019-07-29,2006-07-06 to 2006-10-04,,,1271000,2103000,3374000,,,,,223039029
1,UNKNOWN / NOT IN SALE RECORDS,5201 13TH AVE S,5201 13TH AVE S,98108,,,,8,3,0,2006-07-07,2025-01-24,2009-10-02 to 2009-12-31,,,59700,530300,590000,,,,,2570380000
1,UNKNOWN / NOT IN SALE RECORDS,2504 NE 133RD ST,,98125,,,,8,3,0,2006-07-07,2025-06-11,2025-06-11 to 2025-09-09,,,496000,145000,641000,,,,,705000220
1,UNKNOWN / NOT IN SALE RECORDS,8001 ASHWORTH AVE N,,,,,,8,3,0,2006-07-28,2022-10-21,2015-04-28 to 2015-07-27,NO_PARCEL_RECORD,,,,,,,,,
1,UNKNOWN / NOT IN SALE RECORDS,8742 FAUNTLEE CREST SW,,,,,,8,3,0,2006-07-31,2025-07-23,2008-12-26 to 2009-03-26,NO_PARCEL_RECORD,,,,,,,,,
1,UNKNOWN / NOT IN SALE RECORDS,14360 RIVIERA PL NE,,,,,,8,3,0,2006-10-02,2015-08-26,2014-10-13 to 2015-01-11,NO_PARCEL_RECORD,,,,,,,,,
1,UNKNOWN / NOT IN SALE RECORDS,2829 NW 94TH ST,,98117,,,,8,3,0,2006-10-10,2025-02-25,2024-03-05 to 2024-06-03,,,614000,283000,897000,,,,,464000195
1,UNKNOWN / NOT IN SALE RECORDS,10020 7TH AVE NW,duplex,98177,,,,8,3,0,2007-01-03,2020-06-24,2008-03-04 to 2008-06-02,SUSPICIOUS_IMPR_VALUE_1000,,1102000,1000,1103000,,,,,108000030
1,UNKNOWN / NOT IN SALE RECORDS,207 M L KING JR WAY E,,,,,,8,3,0,2007-03-14,2012-07-19,2007-03-14 to 2007-06-12,NO_PARCEL_RECORD,,,,,,,,,
1,UNKNOWN / NOT IN SALE RECORDS,611 22ND AVE,,,,,,8,3,0,2007-07-17,2019-06-05,2008-11-18 to 2009-02-16,NO_PARCEL_RECORD,,,,,,,,,
1,UNKNOWN / NOT IN SALE RECORDS,1170 REPUBLICAN ST,Shoresmith,98109,113,2020,8,8,3,0,2007-08-02,2025-10-19,2007-08-02 to 2007-10-31,,,,42414000,42414000,,,,,7776750005
1,UNKNOWN / NOT IN SALE RECORDS,3629 COURTLAND PL S,,,,,,8,3,0,2007-08-17,2018-08-01,2014-10-22 to 2015-01-20,NO_PARCEL_RECORD,,,,,,,,,
1,UNKNOWN / NOT IN SALE RECORDS,3420 15TH AVE W,URBAN TERRACE CONDOMINIUM,98119,,,,8,3,0,2007-10-16,2025-03-17,2025-02-20 to 2025-05-21,,,170400,105600,276000,,,,,8847800000
1,UNKNOWN / NOT IN SALE RECORDS,6457 MARSHALL AVE SW,,98136,,,,8,3,0,2007-12-10,2016-03-02,2007-12-10 to 2008-03-09,,,645000,79000,724000,,,,,7625703970
1,UNKNOWN / NOT IN SALE RECORDS,3421 31ST AVE W,,98199,,,,8,3,0,2008-01-14,2019-07-13,2019-06-04 to 2019-09-02,,,869000,1462000,2331000,,,,,582000700
1,UNKNOWN / NOT IN SALE RECORDS,3621 S GRAHAM ST,,,,,,8,3,0,2008-02-08,2024-08-17,2012-01-30 to 2012-04-29,NO_PARCEL_RECORD,,,,,,,,,
1,UNKNOWN / NOT IN SALE RECORDS,2845 S ALASKA ST,,,,,,8,3,0,2008-02-27,2016-10-19,2008-02-27 to 2008-05-27,NO_PARCEL_RECORD,,,,,,,,,
1,UNKNOWN / NOT IN SALE RECORDS,2835 SW ADAMS ST,,,,,,8,3,0,2008-04-14,2019-07-16,2016-04-26 to 2016-07-25,NO_PARCEL_RECORD,,,,,,,,,
1,UNKNOWN / NOT IN SALE RECORDS,517 23RD AVE,,,,,,8,3,0,2008-05-29,2012-02-24,2008-05-29 to 2008-08-27,NO_PARCEL_RECORD,,,,,,,,,
1,UNKNOWN / NOT IN SALE RECORDS,8511 15TH AVE NE,,,,,,8,3,0,2008-06-09,2017-09-26,2008-06-09 to 2008-09-07,NO_PARCEL_RECORD,,,,,,,,,
1,UNKNOWN / NOT IN SALE RECORDS,9712 1ST AVE NW,,98117,,,,8,3,0,2008-11-10,2020-08-11,2008-11-10 to 2009-02-08,,,574000,274000,848000,,,,,6184700086
1,UNKNOWN / NOT IN SALE RECORDS,411 NW 100TH PL,,98177,,,,8,3,0,2009-04-30,2015-07-14,2012-09-05 to 2012-12-04,SUSPICIOUS_IMPR_VALUE_1000,,1100000,1000,1101000,,,,,108000075
1,UNKNOWN / NOT IN SALE RECORDS,5043 40TH AVE SW,,98136,,,,8,3,0,2009-10-28,2016-10-12,2009-10-28 to 2010-01-26,,,583000,123000,706000,,,,,1297300045
1,UNKNOWN / NOT IN SALE RECORDS,2414 E PINE ST,,,,,,8,3,0,2009-11-12,2014-08-06,2014-07-15 to 2014-10-13,NO_PARCEL_RECORD,,,,,,,,,
1,UNKNOWN / NOT IN SALE RECORDS,1541 VALENTINE PL S,,98144,,,,8,3,0,2010-01-14,2016-06-15,2010-01-14 to 2010-04-14,,,297000,497000,794000,,,,,8850000711
1,UNKNOWN / NOT IN SALE RECORDS,1501 NW 46TH ST,,,,,,8,3,0,2010-05-20,2024-04-28,2018-01-23 to 2018-04-23,NO_PARCEL_RECORD,,,,,,,,,
1,UNKNOWN / NOT IN SALE RECORDS,3456 12TH AVE W,,,,,,8,3,0,2010-07-19,2016-07-22,2013-07-22 to 2013-10-20,NO_PARCEL_RECORD,,,,,,,,,
1,UNKNOWN / NOT IN SALE RECORDS,816 S KENYON ST,,,,,,8,3,0,2010-07-27,2025-10-12,2023-01-23 to 2023-04-23,NO_PARCEL_RECORD,,,,,,,,,
1,UNKNOWN / NOT IN SALE RECORDS,513 MAYNARD AVE S,,,,,,8,3,0,2010-08-04,2025-02-05,2024-01-30 to 2024-04-29,NO_PARCEL_RECORD,,,,,,,,,
1,UNKNOWN / NOT IN SALE RECORDS,1732 M L KING JR WAY,,,,,,8,3,0,2010-09-27,2024-09-25,2012-02-08 to 2012-05-08,NO_PARCEL_RECORD,,,,,,,,,
1,UNKNOWN / NOT IN SALE RECORDS,3327 S GRAHAM ST,,98118,,,,8,3,0,2011-04-05,2025-01-03,2024-03-07 to 2024-06-05,,,571000,,571000,,,,,3333001814
1,UNKNOWN / NOT IN SALE RECORDS,4700 42ND AVE SW,,,,,,8,3,0,2011-04-11,2019-09-16,2011-04-11 to 2011-07-10,NO_PARCEL_RECORD,,,,,,,,,
1,UNKNOWN / NOT IN SALE RECORDS,201 S KING ST,,,,,,8,3,0,2011-07-18,2017-05-15,2014-07-21 to 2014-10-19,NO_PARCEL_RECORD,,,,,,,,,
1,UNKNOWN / NOT IN SALE RECORDS,4412 CORLISS AVE N,,,,,,8,3,0,2011-08-22,2015-06-09,2011-08-22 to 2011-11-20,NO_PARCEL_RECORD,,,,,,,,,
1,UNKNOWN / NOT IN SALE RECORDS,723 23RD AVE,,98122,,,,8,3,0,2012-01-18,2016-04-08,2012-01-18 to 2012-04-17,,,337000,216000,553000,,,,,9126101750
1,UNKNOWN / NOT IN SALE RECORDS,300 NW 85TH ST,RETAIL STORE - Cannabis,98117,,,,8,3,0,2012-04-11,2023-05-24,2012-04-11 to 2012-07-10,,,1091300,80100,1171400,,,,,945000700
1,UNKNOWN / NOT IN SALE RECORDS,1918 5TH AVE N,,,,,,8,3,0,2012-05-02,2018-07-12,2018-06-22 to 2018-09-20,NO_PARCEL_RECORD,,,,,,,,,
1,UNKNOWN / NOT IN SALE RECORDS,9607 50TH AVE SW,,,,,,8,3,0,2012-05-18,2016-05-19,2015-05-20 to 2015-08-18,NO_PARCEL_RECORD,,,,,,,,,
1,UNKNOWN / NOT IN SALE RECORDS,1949 FAIRVIEW AVE E,,,,,,8,3,0,2013-03-12,2022-07-25,2013-03-12 to 2013-06-10,NO_PARCEL_RECORD,,,,,,,,,
1,UNKNOWN / NOT IN SALE RECORDS,406 S ORCAS ST,,,,,,8,3,0,2013-09-11,2019-01-04,2018-10-23 to 2019-01-21,NO_PARCEL_RECORD,,,,,,,,,
1,UNKNOWN / NOT IN SALE RECORDS,4516 GREENWOOD AVE N,,,,,,8,3,0,2014-05-13,2020-01-11,2019-04-16 to 2019-07-15,NO_PARCEL_RECORD,,,,,,,,,
1,UNKNOWN / NOT IN SALE RECORDS,6520 28TH AVE S,,98108,,,,8,3,0,2014-05-21,2025-03-06,2024-10-22 to 2025-01-20,,,459000,116000,575000,,,,,81000030
1,UNKNOWN / NOT IN SALE RECORDS,9025 13TH AVE NW,,,,,,8,3,0,2014-08-25,2024-02-22,2023-02-01 to 2023-05-02,NO_PARCEL_RECORD,,,,,,,,,
1,UNKNOWN / NOT IN SALE RECORDS,2919 FUHRMAN AVE E,,,,,,8,3,0,2014-09-16,2016-02-12,2015-01-29 to 2015-04-29,NO_PARCEL_RECORD,,,,,,,,,
1,UNKNOWN / NOT IN SALE RECORDS,4015 BURTON PL W,,98199,,,,8,3,0,2014-09-17,2021-08-04,2014-09-17 to 2014-12-16,SUSPICIOUS_IMPR_VALUE_1000,,660000,1000,661000,,,,,369000685
1,UNKNOWN / NOT IN SALE RECORDS,811 5TH AVE,The Sanctuary (Associated with Hotel on 515850-002,98104,,,,8,3,0,2015-03-19,2017-08-31,2017-05-12 to 2017-08-10,,,23288000,14167400,37455400,,,,,942000530
1,UNKNOWN / NOT IN SALE RECORDS,819 NW 70TH ST,,,,,,8,3,0,2015-04-08,2016-10-24,2015-04-08 to 2015-07-07,NO_PARCEL_RECORD,,,,,,,,,
1,UNKNOWN / NOT IN SALE RECORDS,1820 11TH AVE W,,,,,,8,3,0,2015-04-23,2024-12-06,2015-04-23 to 2015-07-22,NO_PARCEL_RECORD,,,,,,,,,
1,UNKNOWN / NOT IN SALE RECORDS,1542 LOGAN AVE W,,,,,,8,3,0,2015-04-29,2018-02-15,2015-04-29 to 2015-07-28,NO_PARCEL_RECORD,,,,,,,,,
1,UNKNOWN / NOT IN SALE RECORDS,600 PINE ST,PACIFIC PLACE CONDOMINIUM,98101,,1999,6,8,3,0,2015-08-14,2019-12-05,2019-08-08 to 2019-11-06,,,98185900,1090,98186990,,,,,6600470000
1,UNKNOWN / NOT IN SALE RECORDS,2605 44TH AVE SW,,,,,,8,3,0,2015-10-29,2025-09-26,2025-07-29 to 2025-10-27,NO_PARCEL_RECORD,,,,,,,,,
1,UNKNOWN / NOT IN SALE RECORDS,1006 E MERCER ST,,,,,,8,3,0,2016-01-26,2025-08-12,2018-09-26 to 2018-12-25,NO_PARCEL_RECORD,,,,,,,,,
1,UNKNOWN / NOT IN SALE RECORDS,4423 S BARTON ST,,,,,,8,3,0,2016-04-08,2025-03-19,2020-12-31 to 2021-03-31,NO_PARCEL_RECORD,,,,,,,,,
1,UNKNOWN / NOT IN SALE RECORDS,747 BROADWAY,SWEDISH MEDICAL CENTER - FIRST HILL (imps on surro,98122,,,,8,3,0,2016-05-19,2024-09-05,2024-02-27 to 2024-05-27,,,7861900,,7861900,,,,,8590900955
1,UNKNOWN / NOT IN SALE RECORDS,111 26TH AVE E,,,,,,8,3,0,2016-05-05,2018-07-02,2016-05-05 to 2016-08-03,NO_PARCEL_RECORD,,,,,,,,,
1,UNKNOWN / NOT IN SALE RECORDS,7731 RAINIER AVE S,,,,,,8,3,0,2016-08-26,2023-09-27,2020-06-08 to 2020-09-06,NO_PARCEL_RECORD,,,,,,,,,
1,UNKNOWN / NOT IN SALE RECORDS,411 JEFFERSON ST,The Argyle formerly JEFFERSON APTS,98104,,,,8,3,0,2016-09-06,2021-04-23,2016-09-06 to 2016-12-05,,,2880000,38000,2918000,,,,,942001090
1,UNKNOWN / NOT IN SALE RECORDS,6220 32ND AVE NE,,,,,,8,3,0,2017-07-25,2021-03-09,2021-02-18 to 2021-05-19,NO_PARCEL_RECORD,,,,,,,,,
1,UNKNOWN / NOT IN SALE RECORDS,520 S MASSACHUSETTS ST,,,,,,8,3,0,2017-09-13,2025-09-05,2024-05-13 to 2024-08-11,NO_PARCEL_RECORD,,,,,,,,,
1,UNKNOWN / NOT IN SALE RECORDS,6115 RAINIER AVE S,,,,,,8,3,0,2017-10-27,2024-03-11,2017-10-27 to 2018-01-25,NO_PARCEL_RECORD,,,,,,,,,
1,UNKNOWN / NOT IN SALE RECORDS,7422 EAST GREEN LAKE DR N,,,,,,8,3,0,2017-11-07,2025-09-25,2020-06-11 to 2020-09-09,NO_PARCEL_RECORD,,,,,,,,,
1,UNKNOWN / NOT IN SALE RECORDS,2368 FRANKLIN AVE E,,,,,,8,3,0,2017-12-01,2021-03-01,2019-05-06 to 2019-08-04,NO_PARCEL_RECORD,,,,,,,,,
1,UNKNOWN / NOT IN SALE RECORDS,4200 11TH AVE NE,,,,,,8,3,0,2017-12-07,2020-11-04,2017-12-07 to 2018-03-07,NO_PARCEL_RECORD,,,,,,,,,
1,UNKNOWN / NOT IN SALE RECORDS,1732 S FERDINAND ST,,98108,,,,8,3,0,2018-07-10,2020-06-25,2019-05-21 to 2019-08-19,,,506000,170000,676000,,,,,600000245
1,UNKNOWN / NOT IN SALE RECORDS,802 PINE ST,PKG,98101,,,,8,3,0,2018-08-30,2021-08-17,2018-08-30 to 2018-11-28,,,20646000,,20646000,,,,,660000804
1,UNKNOWN / NOT IN SALE RECORDS,162 12TH AVE,,,,,,8,3,0,2018-01-11,2025-09-29,2020-11-02 to 2021-01-31,NO_PARCEL_RECORD,,,,,,,,,
1,UNKNOWN / NOT IN SALE RECORDS,1209 WESTLAKE AVE N,,,,,,8,3,0,2018-02-08,2025-07-18,2018-02-08 to 2018-05-09,NO_PARCEL_RECORD,,,,,,,,,
1,UNKNOWN / NOT IN SALE RECORDS,1214 S HOLGATE ST,,,,,,8,3,0,2018-03-02,2021-05-25,2018-03-02 to 2018-05-31,NO_PARCEL_RECORD,,,,,,,,,
1,UNKNOWN / NOT IN SALE RECORDS,2306 4TH AVE,VACANT DEV. SITE,98121,,,,8,3,0,2019-01-16,2024-11-21,2019-01-16 to 2019-04-16,SUSPICIOUS_IMPR_VALUE_1000,,6296400,1000,6297400,,,,,696000145
1,UNKNOWN / NOT IN SALE RECORDS,7911 ASHWORTH AVE N,,,,,,8,3,0,2019-04-15,2022-03-09,2019-04-15 to 2019-07-14,NO_PARCEL_RECORD,,,,,,,,,
1,UNKNOWN / NOT IN SALE RECORDS,2022 WARREN AVE N,,98109,,,,8,3,0,2019-06-06,2025-09-29,2024-05-28 to 2024-08-26,SUSPICIOUS_IMPR_VALUE_1000,,708000,1000,709000,,,,,809002529
1,UNKNOWN / NOT IN SALE RECORDS,3807 AURORA AVE N,,,,,,8,3,0,2019-06-14,2022-07-13,2021-12-11 to 2022-03-11,NO_PARCEL_RECORD,,,,,,,,,
1,UNKNOWN / NOT IN SALE RECORDS,2304 S HILL ST,,,,,,8,3,0,2019-06-20,2022-06-27,2019-06-20 to 2019-09-18,NO_PARCEL_RECORD,,,,,,,,,
1,UNKNOWN / NOT IN SALE RECORDS,5258 CALIFORNIA AVE SW,Recent Seg. - Future Townhomes,98136,,,,8,3,0,2019-08-23,2021-10-22,2019-08-23 to 2019-11-21,,,118200,,118200,,,,,7625700424
1,UNKNOWN / NOT IN SALE RECORDS,3241 63RD AVE SW,,98116,,,,8,3,0,2021-07-22,2023-08-28,2021-07-22 to 2021-10-20,,,520000,490000,1010000,,,,,148000415
1,UNKNOWN / NOT IN SALE RECORDS,223 N 137TH ST,,,,,,8,3,0,2022-06-06,2024-05-06,2023-04-27 to 2023-07-26,NO_PARCEL_RECORD,,,,,,,,,
1,UNKNOWN / NOT IN SALE RECORDS,14017 ASHWORTH AVE N,ASHWORTH CORNER,98133,,,,8,3,0,2022-06-13,2023-11-02,2022-06-13 to 2022-09-11,,,85900,481100,567000,,,,,293590000
1,UNKNOWN / NOT IN SALE RECORDS,11340 23RD AVE NE,11340 23RD AVE NE,98125,,,,8,3,0,2022-08-01,2023-12-05,2023-03-23 to 2023-06-21,,,149700,586300,736000,,,,,6390800000
1,UNKNOWN / NOT IN SALE RECORDS,9253 6TH AVE NW,9253 6TH AVE NW,98117,,,,8,3,0,2022-09-07,2024-10-16,2024-07-08 to 2024-10-06,,,225800,428200,654000,,,,,6094840000
1,UNKNOWN / NOT IN SALE RECORDS,7757 11TH AVE NW,MORNING VIEW LANDING CONDOMINIUM,98117,,,,8,3,0,2023-07-19,2025-02-19,2023-07-19 to 2023-10-17,,,398000,1300000,1698000,,,,,5649500000
1,UNKNOWN / NOT IN SALE RECORDS,1203 E SPRUCE ST,,,,,,8,3,0,2023-10-30,2025-06-20,2024-05-14 to 2024-08-12,NO_PARCEL_RECORD,,,,,,,,,
1,UNKNOWN / NOT IN SALE RECORDS,4006 SW STEVENS ST,,98116,,,,8,3,0,2024-01-13,2025-07-17,2024-01-13 to 2024-04-12,,,412000,485000,897000,,,,,513000635
1,UNKNOWN / NOT IN SALE RECORDS,7334 40TH AVE NE,7334 40TH AVE CONDOMINIUM,98115,,,,7,7,0,2018-05-31,2018-08-14,2018-05-31 to 2018-08-29,,,378800,298200,677000,,,,,7698580000
1,UNKNOWN / NOT IN SALE RECORDS,11021 2ND AVE NE,,,,,,7,7,0,2024-01-09,2024-01-29,2024-01-09 to 2024-04-08,NO_PARCEL_RECORD,,,,,,,,,
1,UNKNOWN / NOT IN SALE RECORDS,0 -,,,,,,7,7,0,2024-01-23,2024-02-16,2024-01-23 to 2024-04-22,NO_PARCEL_RECORD,,,,,,,,,
1,UNKNOWN / NOT IN SALE RECORDS,100 9TH AVE N,,,,,,7,7,0,2025-01-06,2025-03-28,2025-01-06 to 2025-04-06,NO_PARCEL_RECORD,,,,,,,,,
1,UNKNOWN / NOT IN SALE RECORDS,417 23RD AVE,417 CONDOMINIUM,98122,,,,7,6,0,2004-11-05,2019-02-13,2004-11-05 to 2005-02-03,,,360000,1000,361000,,,,,2617330000
1,UNKNOWN / NOT IN SALE RECORDS,2040 43RD AVE E,LAKESIDE WEST CONDOMINIUM,98112,,,,7,6,0,2005-02-04,2013-06-11,2013-06-10 to 2013-09-08,,,82900,361100,444000,,,,,4143000000
1,UNKNOWN / NOT IN SALE RECORDS,2920 NE 53RD ST,,98105,,,,7,6,0,2005-04-19,2005-08-16,2005-04-19 to 2005-07-18,,,600000,1080000,1680000,,,,,925049364
1,UNKNOWN / NOT IN SALE RECORDS,7705 6TH AVE NW,,,,,,7,6,0,2006-03-06,2019-04-10,2019-02-25 to 2019-05-26,NO_PARCEL_RECORD,,,,,,,,,
1,UNKNOWN / NOT IN SALE RECORDS,4035 8TH AVE NE,,,,,,7,6,0,2006-04-14,2021-10-30,2021-10-05 to 2022-01-03,NO_PARCEL_RECORD,,,,,,,,,
1,UNKNOWN / NOT IN SALE RECORDS,1409 NW 63RD ST,,,,,,7,6,0,2007-01-30,2007-07-10,2007-01-30 to 2007-04-30,NO_PARCEL_RECORD,,,,,,,,,
1,UNKNOWN / NOT IN SALE RECORDS,3014 NW 56TH ST,,,,,,7,6,0,2007-08-01,2025-03-07,2025-02-20 to 2025-05-21,NO_PARCEL_RECORD,,,,,,,,,
1,UNKNOWN / NOT IN SALE RECORDS,1029 BELMONT AVE E,"PALERMO, THE CONDOMINIUM",98102,,,,7,6,0,2010-12-22,2022-05-27,2022-05-09 to 2022-08-07,,,326400,233600,560000,,,,,6610900000
1,UNKNOWN / NOT IN SALE RECORDS,3600 EAST MARGINAL WAY S,,,,,,7,6,0,2014-02-05,2017-05-15,2017-04-26 to 2017-07-25,NO_PARCEL_RECORD,,,,,,,,,
1,UNKNOWN / NOT IN SALE RECORDS,700 STEWART ST,,,,,,7,6,0,2016-08-25,2021-07-07,2021-06-09 to 2021-09-07,NO_PARCEL_RECORD,,,,,,,,,
1,UNKNOWN / NOT IN SALE RECORDS,517 3RD AVE,THE MORRISON,98104,,,,7,6,0,2018-07-13,2020-04-07,2020-01-19 to 2020-04-18,,,7894000,13332300,21226300,,,,,939000040
1,UNKNOWN / NOT IN SALE RECORDS,953 NW 64TH ST,,98107,,,,7,6,0,2018-10-27,2019-06-04,2019-03-27 to 2019-06-25,,,550000,1228000,1778000,,,,,452001660
1,UNKNOWN / NOT IN SALE RECORDS,4511 35TH AVE SW,FAIRWAY APARTMENTS,98126,,,,7,6,0,2019-06-04,2025-11-06,2019-06-04 to 2019-09-02,,,4954900,1533100,6488000,,,,,952008240
1,UNKNOWN / NOT IN SALE RECORDS,5001 3RD AVE NW,,98107,,,,7,6,0,2021-03-08,2021-06-09,2021-03-08 to 2021-06-06,,,892000,418000,1310000,,,,,475001279
1,UNKNOWN / NOT IN SALE RECORDS,3121 ALKI AVE SW,SOUNDVIEW ALKI VISTA CONDOMINIUM,98116,,,,7,6,0,2021-05-21,2024-03-01,2021-05-21 to 2021-08-19,,,258300,807700,1066000,,,,,7876000000
1,UNKNOWN / NOT IN SALE RECORDS,1756 S SPOKANE ST,JEFFERSON PK APTS,98144,26,1925,3,7,6,0,2021-06-30,2025-07-08,2021-06-30 to 2021-09-28,,,1387800,4894200,6282000,,,,,3726800210
1,UNKNOWN / NOT IN SALE RECORDS,828 NW 56TH ST,,,,,,7,6,0,2022-06-21,2023-06-10,2022-06-21 to 2022-09-19,NO_PARCEL_RECORD,,,,,,,,,
1,UNKNOWN / NOT IN SALE RECORDS,422 ERIE AVE,422 ERIE AVENUE,98122,,,,7,6,0,2023-01-09,2023-04-28,2023-01-09 to 2023-04-09,,,254000,1081000,1335000,,,,,2603210000
1,UNKNOWN / NOT IN SALE RECORDS,8330 24TH AVE NW,,,,,,7,6,0,2023-07-12,2024-12-05,2024-10-25 to 2025-01-23,NO_PARCEL_RECORD,,,,,,,,,
1,UNKNOWN / NOT IN SALE RECORDS,4136 EASTERN AVE N,,98103,,,,7,6,0,2025-01-10,2025-05-21,2025-02-26 to 2025-05-27,,,768000,,768000,,,,,510004685
1,UNKNOWN / NOT IN SALE RECORDS,3716 32ND AVE W,,98199,,,,7,6,0,2025-06-26,2025-10-19,2025-06-26 to 2025-09-24,,,781000,,781000,,,,,582000200
1,UNKNOWN / NOT IN SALE RECORDS,4730 12TH AVE NE,,,,,,7,5,0,2004-03-01,2008-05-07,2004-03-01 to 2004-05-30,NO_PARCEL_RECORD,,,,,,,,,
1,UNKNOWN / NOT IN SALE RECORDS,7769 58TH AVE NE,,98115,,,,7,5,0,2005-05-02,2006-09-07,2005-05-02 to 2005-07-31,,,969000,1280000,2249000,,,,,328000050
1,UNKNOWN / NOT IN SALE RECORDS,89 YESLER WAY,,,,,,7,5,0,2005-09-19,2018-04-06,2018-02-13 to 2018-05-14,NO_PARCEL_RECORD,,,,,,,,,
1,UNKNOWN / NOT IN SALE RECORDS,3614 S FINDLAY ST,GATSBY HOMES CONDOMINIUM,98118,,,,7,5,0,2005-10-25,2010-03-09,2010-01-19 to 2010-04-19,,,126600,1069400,1196000,,,,,2719200000
1,UNKNOWN / NOT IN SALE RECORDS,13322 GREENWOOD AVE N,GREENWOOD NORTH APTS,98133,,,,7,5,0,2008-03-13,2022-05-24,2022-02-01 to 2022-05-02,,,1523100,4803900,6327000,,,,,832000005
1,UNKNOWN / NOT IN SALE RECORDS,1551 19TH AVE S,,,,,,7,5,0,2009-10-28,2012-07-18,2009-10-28 to 2010-01-26,NO_PARCEL_RECORD,,,,,,,,,
1,UNKNOWN / NOT IN SALE RECORDS,4103 35TH AVE SW,,98126,,,,7,5,0,2010-08-17,2025-05-22,2025-02-27 to 2025-05-28,,,419000,155000,574000,,,,,952004085
1,UNKNOWN / NOT IN SALE RECORDS,1705 PERKINS LN W,,,,,,7,5,0,2013-12-09,2025-07-30,2013-12-09 to 2014-03-09,NO_PARCEL_RECORD,,,,,,,,,
1,UNKNOWN / NOT IN SALE RECORDS,2001 W GARFIELD ST,MODULAR OFFICES,98119,,2011,1,7,5,0,2014-09-29,2025-02-22,2025-01-27 to 2025-04-27,SUSPICIOUS_IMPR_VALUE_1000,,7838700,1000,7839700,,,,,2325039107
1,UNKNOWN / NOT IN SALE RECORDS,4509 EASTERN AVE N,,98103,,,,7,5,0,2015-10-06,2025-08-05,2015-10-06 to 2016-01-04,,,995000,850000,1845000,,,,,510001290
1,UNKNOWN / NOT IN SALE RECORDS,4103 LINDEN AVE N,,,,,,7,5,0,2017-11-15,2024-07-25,2024-05-28 to 2024-08-26,NO_PARCEL_RECORD,,,,,,,,,
1,UNKNOWN / NOT IN SALE RECORDS,610 ALOHA ST,610 ALOHA CONDOMINIUM,98109,,,,7,5,0,2017-11-20,2024-02-09,2024-01-27 to 2024-04-26,,,243600,124400,368000,,,,,7804150000
1,UNKNOWN / NOT IN SALE RECORDS,5227 M L KING JR WAY S,,,,,,7,5,0,2018-09-10,2019-06-28,2019-04-25 to 2019-07-24,NO_PARCEL_RECORD,,,,,,,,,
1,UNKNOWN / NOT IN SALE RECORDS,8856 NESBIT AVE N,,,,,,7,5,0,2019-06-19,2024-06-24,2023-07-27 to 2023-10-25,NO_PARCEL_RECORD,,,,,,,,,
1,UNKNOWN / NOT IN SALE RECORDS,3510 NE 125TH ST,,,,,,7,5,0,2019-12-26,2022-03-16,2022-01-18 to 2022-04-18,NO_PARCEL_RECORD,,,,,,,,,
1,UNKNOWN / NOT IN SALE RECORDS,4439 SW ROSE ST,,98136,,,,7,5,0,2020-08-05,2021-08-19,2020-08-05 to 2020-11-03,,,431000,1391000,1822000,,,,,34001185
1,UNKNOWN / NOT IN SALE RECORDS,714 N MOTOR PL,,,,,,7,5,0,2021-05-18,2023-07-19,2022-11-29 to 2023-02-27,NO_PARCEL_RECORD,,,,,,,,,
1,UNKNOWN / NOT IN SALE RECORDS,2716 FAIRMOUNT AVE SW,,98116,,,,7,5,0,2021-11-09,2023-05-19,2023-04-07 to 2023-07-06,,,557000,1545000,2102000,,,,,513000085
1,UNKNOWN / NOT IN SALE RECORDS,11222 CORLISS AVE N,,,,,,7,5,0,2021-11-22,2025-03-17,2022-07-24 to 2022-10-22,NO_PARCEL_RECORD,,,,,,,,,
1,UNKNOWN / NOT IN SALE RECORDS,4031 2ND AVE NE,,,,,,7,5,0,2022-04-29,2023-10-18,2023-09-27 to 2023-12-26,NO_PARCEL_RECORD,,,,,,,,,
1,UNKNOWN / NOT IN SALE RECORDS,3022 18TH AVE S,,98144,,,,7,5,0,2022-09-06,2023-05-19,2023-02-24 to 2023-05-25,,,425000,405000,830000,,,,,597000400
1,UNKNOWN / NOT IN SALE RECORDS,1700 7TH AVE,1700 Seventh Avenue,98101,,,,7,5,0,2022-10-14,2025-11-05,2022-10-14 to 2023-01-12,,,34904100,55701900,90606000,,,,,659000235
1,UNKNOWN / NOT IN SALE RECORDS,2241 FAIRVIEW AVE E,,,,,,7,5,0,2023-01-20,2025-07-03,2023-01-20 to 2023-04-20,NO_PARCEL_RECORD,,,,,,,,,
1,UNKNOWN / NOT IN SALE RECORDS,952 24TH AVE S,,98144,,,,7,5,0,2023-06-15,2025-07-18,2025-06-09 to 2025-09-07,,,597000,,597000,,,,,5160700009
1,UNKNOWN / NOT IN SALE RECORDS,165 S ORCAS ST,,,,,,7,5,0,2023-08-16,2025-06-02,2023-08-16 to 2023-11-14,NO_PARCEL_RECORD,,,,,,,,,
1,UNKNOWN / NOT IN SALE RECORDS,3450 37TH AVE SW,3450 37th AVE SW,98126,,,,7,5,0,2023-10-19,2025-04-25,2023-10-19 to 2024-01-17,,,112300,426700,539000,,,,,8637380000
1,UNKNOWN / NOT IN SALE RECORDS,5960 WILSON AVE S,,,,,,7,5,0,2023-12-14,2025-10-12,2023-12-14 to 2024-03-13,NO_PARCEL_RECORD,,,,,,,,,
1,UNKNOWN / NOT IN SALE RECORDS,4027 51ST AVE SW,4027 51ST AVENUE SW,98116,,,,7,5,0,2024-12-04,2025-08-26,2024-12-04 to 2025-03-04,,,225700,261300,487000,,,,,2603640000
1,UNKNOWN / NOT IN SALE RECORDS,3305 S HANFORD ST,,,,,,7,5,0,2025-04-22,2025-07-30,2025-04-30 to 2025-07-29,NO_PARCEL_RECORD,,,,,,,,,
1,UNKNOWN / NOT IN SALE RECORDS,905 NW 64TH ST,,98107,,,,7,5,0,2025-05-06,2025-10-23,2025-08-11 to 2025-11-09,,,662000,163000,825000,,,,,452001755
1,UNKNOWN / NOT IN SALE RECORDS,2230 QUEEN ANNE AVE N,,,,,,7,4,0,2003-11-14,2022-11-06,2004-03-12 to 2004-06-10,NO_PARCEL_RECORD,,,,,,,,,
1,UNKNOWN / NOT IN SALE RECORDS,5405 WEST MARGINAL WAY SW,,,,,,7,4,0,2004-02-05,2006-01-31,2005-03-28 to 2005-06-26,NO_PARCEL_RECORD,,,,,,,,,
1,UNKNOWN / NOT IN SALE RECORDS,800 POPLAR PL S,,,,,,7,4,0,2004-10-25,2023-05-01,2007-02-06 to 2007-05-07,NO_PARCEL_RECORD,,,,,,,,,
1,UNKNOWN / NOT IN SALE RECORDS,2008 CALIFORNIA AVE SW,,,,,,7,4,0,2004-10-08,2006-11-16,2006-07-25 to 2006-10-23,NO_PARCEL_RECORD,,,,,,,,,
1,UNKNOWN / NOT IN SALE RECORDS,2245 EASTLAKE AVE E,EASTLAKE LOFTS CONDOMINIUM,98102,,2007,1,7,4,0,2005-01-11,2025-09-19,2005-01-11 to 2005-04-11,,,169600,298200,467800,,,,,2208800000
1,UNKNOWN / NOT IN SALE RECORDS,10015 42ND AVE SW,,98146,,,,7,4,0,2005-02-22,2016-04-06,2006-09-12 to 2006-12-11,NAMED_INSPECTOR,,402000,571000,973000,,,,,254000340
1,UNKNOWN / NOT IN SALE RECORDS,6701 CARLETON AVE S,,,,,,7,4,0,2005-06-06,2007-12-28,2006-09-18 to 2006-12-17,NO_PARCEL_RECORD,,,,,,,,,
1,UNKNOWN / NOT IN SALE RECORDS,3028 WESTERN AVE,ALEXANDRIA CONDOMINIUM,98121,,,,7,4,0,2006-04-03,2022-10-19,2022-08-10 to 2022-11-08,,,87000,187000,274000,,,,,125000000
1,UNKNOWN / NOT IN SALE RECORDS,5011 47TH AVE SW,,98136,,,,7,4,0,2007-01-23,2011-06-02,2011-03-29 to 2011-06-27,,,462000,886000,1348000,,,,,312000225
1,UNKNOWN / NOT IN SALE RECORDS,1212 E HARRISON ST,,98102,,,,7,4,0,2007-02-26,2025-03-15,2007-02-26 to 2007-05-27,,,867000,188000,1055000,,,,,6851700261
1,UNKNOWN / NOT IN SALE RECORDS,7532 RENTON AVE S,,,,,,7,4,0,2007-04-03,2019-09-26,2011-12-23 to 2012-03-22,NO_PARCEL_RECORD,,,,,,,,,
1,UNKNOWN / NOT IN SALE RECORDS,4044 39TH AVE SW,,98116,,,,7,4,0,2007-11-07,2021-11-30,2007-11-07 to 2008-02-05,,,649000,237000,886000,,,,,952001060
1,UNKNOWN / NOT IN SALE RECORDS,927 29TH AVE S,,98144,,,,7,4,0,2007-05-16,2023-07-18,2010-05-24 to 2010-08-22,,,556000,277000,833000,,,,,567000710
1,UNKNOWN / NOT IN SALE RECORDS,701 M L KING JR WAY S,,,,,,7,4,0,2008-01-07,2015-08-28,2008-01-07 to 2008-04-06,NO_PARCEL_RECORD,,,,,,,,,
1,UNKNOWN / NOT IN SALE RECORDS,5244 SW JACOBSEN RD,,,,,,7,4,0,2008-02-01,2010-08-12,2008-09-08 to 2008-12-07,NO_PARCEL_RECORD,,,,,,,,,
1,UNKNOWN / NOT IN SALE RECORDS,9610 22ND CT NW,,98117,,,,7,4,0,2008-02-14,2014-03-27,2008-02-14 to 2008-05-14,,,678000,572000,1250000,,,,,586000040
1,UNKNOWN / NOT IN SALE RECORDS,8607 26TH AVE NE,,98115,,,,7,4,0,2008-10-08,2023-08-29,2013-07-16 to 2013-10-14,,,700000,367000,1067000,,,,,439000170
1,UNKNOWN / NOT IN SALE RECORDS,6227 RAINIER AVE S,,,,,,7,4,0,2009-05-18,2023-07-20,2023-05-19 to 2023-08-17,NO_PARCEL_RECORD,,,,,,,,,
1,UNKNOWN / NOT IN SALE RECORDS,2703 W MCGRAW ST,,98199,,,,7,4,0,2009-06-01,2024-08-19,2009-09-04 to 2009-12-03,,,1518000,1069000,2587000,,,,,269001305
1,UNKNOWN / NOT IN SALE RECORDS,310 S HENDERSON ST,,98108,,,,7,4,0,2009-06-04,2015-04-27,2015-02-18 to 2015-05-19,,,317000,234000,551000,,,,,13002155
1,UNKNOWN / NOT IN SALE RECORDS,2607 S JUDKINS ST,,98144,,,,7,4,0,2009-07-09,2019-06-10,2009-07-09 to 2009-10-07,,,315000,235000,550000,,,,,730000048
1,UNKNOWN / NOT IN SALE RECORDS,5119 CLOVERDALE PL S,,,,,,7,4,0,2009-11-12,2010-07-06,2009-11-12 to 2010-02-10,NO_PARCEL_RECORD,,,,,,,,,
1,UNKNOWN / NOT IN SALE RECORDS,3609 SW HOLDEN ST,,98126,,,,7,4,0,2009-11-30,2020-01-19,2009-11-30 to 2010-02-28,,,528000,427000,955000,,,,,293000157
1,UNKNOWN / NOT IN SALE RECORDS,9222 18TH AVE SW,,,,,,7,4,0,2010-04-12,2022-07-18,2021-09-07 to 2021-12-06,NO_PARCEL_RECORD,,,,,,,,,
1,UNKNOWN / NOT IN SALE RECORDS,1302 N 85TH ST,Townhouse,98103,,,,7,4,0,2010-06-14,2017-07-05,2010-06-14 to 2010-09-12,,,176000,387000,563000,,,,,993002179
1,UNKNOWN / NOT IN SALE RECORDS,4203 42ND AVE S,,98118,,,,7,4,0,2010-08-17,2025-07-16,2012-05-16 to 2012-08-14,,,498000,194000,692000,,,,,7950302895
1,UNKNOWN / NOT IN SALE RECORDS,6929 42ND AVE S,,,,,,7,4,0,2010-09-24,2020-07-09,2010-09-24 to 2010-12-23,NO_PARCEL_RECORD,,,,,,,,,
1,UNKNOWN / NOT IN SALE RECORDS,8517 15TH AVE NW,,,,,,7,4,0,2010-10-05,2013-11-12,2013-08-14 to 2013-11-12,NO_PARCEL_RECORD,,,,,,,,,
1,UNKNOWN / NOT IN SALE RECORDS,2817 36TH AVE W,2817 36TH AVE W,98199,,,,7,4,0,2010-12-17,2023-05-31,2022-07-28 to 2022-10-26,,,278800,646200,925000,,,,,8729990000
1,UNKNOWN / NOT IN SALE RECORDS,13801 DAYTON AVE N,,98133,,,,7,4,0,2011-09-09,2022-08-30,2022-05-26 to 2022-08-24,,,446000,892000,1338000,,,,,173000049
1,UNKNOWN / NOT IN SALE RECORDS,127 1ST AVE N,,,,,,7,4,0,2011-09-12,2014-03-07,2013-03-15 to 2013-06-13,NO_PARCEL_RECORD,,,,,,,,,
1,UNKNOWN / NOT IN SALE RECORDS,4419 S BRANDON ST,,,,,,7,4,0,2011-09-13,2023-04-22,2020-08-01 to 2020-10-30,NO_PARCEL_RECORD,,,,,,,,,
1,UNKNOWN / NOT IN SALE RECORDS,3907 47TH AVE S,,98118,,,,7,4,0,2012-02-17,2014-03-25,2014-02-12 to 2014-05-13,,,795000,1211000,2006000,,,,,5249801982
1,UNKNOWN / NOT IN SALE RECORDS,170 S ORCHARD ST,,,,,,7,4,0,2012-04-03,2015-01-08,2012-04-03 to 2012-07-02,NO_PARCEL_RECORD,,,,,,,,,
1,UNKNOWN / NOT IN SALE RECORDS,310 15TH AVE E,Kaiser Permanente Capitol Hill (North Building),98112,,1976,5,7,4,0,2012-07-02,2022-10-03,2019-01-30 to 2019-04-30,,,11520000,10126200,21646200,,,,,1806900305
1,UNKNOWN / NOT IN SALE RECORDS,1101 HARBOR AVE SW,ALII-KAI CONDOMINIUM,98116,,,,7,4,0,2012-09-06,2023-08-14,2020-12-02 to 2021-03-02,,,186300,441700,628000,,,,,131500000
1,UNKNOWN / NOT IN SALE RECORDS,1006 TURNER WAY E,,,,,,7,4,0,2013-05-10,2021-03-12,2021-03-12 to 2021-06-10,NO_PARCEL_RECORD,,,,,,,,,
1,UNKNOWN / NOT IN SALE RECORDS,1525 19TH AVE,,,,,,7,4,0,2013-09-03,2018-10-09,2018-09-10 to 2018-12-09,NO_PARCEL_RECORD,,,,,,,,,
1,UNKNOWN / NOT IN SALE RECORDS,2216 NE 46TH ST,8 UNITS,98105,,,,7,4,0,2014-01-27,2025-06-05,2023-02-01 to 2023-05-02,SUSPICIOUS_IMPR_VALUE_1000,,2884000,1000,2885000,,,,,925049280
1,UNKNOWN / NOT IN SALE RECORDS,356 GALER ST,,98109,,,,7,4,0,2014-04-28,2015-07-01,2015-05-29 to 2015-08-27,,,2008000,1672000,3680000,,,,,809000245
1,UNKNOWN / NOT IN SALE RECORDS,1606 NE 73RD ST,,98115,,,,7,4,0,2014-09-08,2017-05-31,2017-04-19 to 2017-07-18,,,611000,381000,992000,,,,,9547205020
1,UNKNOWN / NOT IN SALE RECORDS,4405 CORLISS AVE N,LISA CAROL APTS,98103,,,,7,4,0,2016-01-28,2020-10-25,2016-01-28 to 2016-04-27,,,1738800,3897200,5636000,,,,,510002225
1,UNKNOWN / NOT IN SALE RECORDS,13029 A 3RD AVE NE,,,,,,7,4,0,2016-04-08,2017-03-24,2016-04-08 to 2016-07-07,NO_PARCEL_RECORD,,,,,,,,,
1,UNKNOWN / NOT IN SALE RECORDS,8843 3RD AVE S,,98108,,,,7,4,0,2016-10-27,2023-01-17,2016-10-27 to 2017-01-25,,,269000,179000,448000,,,,,13001835
1,UNKNOWN / NOT IN SALE RECORDS,2425 SW HOLDEN ST,,,,,,7,4,0,2017-01-12,2025-10-30,2017-01-12 to 2017-04-12,NO_PARCEL_RECORD,,,,,,,,,
1,UNKNOWN / NOT IN SALE RECORDS,622 N 60TH ST,622 N 60th St Condominium,98103,,,,7,4,0,2017-03-10,2020-06-02,2017-03-10 to 2017-06-08,,,430000,315000,745000,,,,,7802980000
1,UNKNOWN / NOT IN SALE RECORDS,1618 S SPOKANE ST,,,,,,7,4,0,2017-10-20,2018-05-03,2017-11-13 to 2018-02-11,NO_PARCEL_RECORD,,,,,,,,,
1,UNKNOWN / NOT IN SALE RECORDS,10331 WALLINGFORD AVE N,,98133,,,,7,4,0,2018-11-12,2019-06-11,2018-11-12 to 2019-02-10,,,456000,189000,645000,,,,,5464300253
1,UNKNOWN / NOT IN SALE RECORDS,2205 7TH AVE,Amazon Block 18 - Econ Unit on #0130,98121,,,,7,4,0,2019-01-15,2020-10-27,2019-01-15 to 2019-04-15,,,38880000,86332000,125212000,,,,,660000150
1,UNKNOWN / NOT IN SALE RECORDS,8027 18TH AVE NW,,98117,,,,7,4,0,2019-02-01,2019-09-28,2019-02-01 to 2019-05-02,,,811000,904000,1715000,,,,,546000870
1,UNKNOWN / NOT IN SALE RECORDS,107 LYNN ST,,98109,,,,7,4,0,2019-03-13,2022-04-13,2020-04-21 to 2020-07-20,,,864000,1737000,2601000,,,,,809003450
1,UNKNOWN / NOT IN SALE RECORDS,2112 B NOB HILL AVE N,,,,,,7,4,0,2019-06-17,2020-05-19,2019-06-17 to 2019-09-15,NO_PARCEL_RECORD,,,,,,,,,
1,UNKNOWN / NOT IN SALE RECORDS,5404 24TH AVE NW,,,,,,7,4,0,2019-07-24,2022-09-15,2022-07-20 to 2022-10-18,NO_PARCEL_RECORD,,,,,,,,,
1,UNKNOWN / NOT IN SALE RECORDS,6406 14TH AVE NW,,,,,,7,4,0,2020-01-03,2021-02-19,2020-01-03 to 2020-04-02,NO_PARCEL_RECORD,,,,,,,,,
1,UNKNOWN / NOT IN SALE RECORDS,1930 BOYER AVE E,Boyer Blaine Condominiums,98112,,,,7,4,0,2020-01-16,2021-10-20,2020-06-10 to 2020-09-08,,,506100,948900,1455000,,,,,1029200000
1,UNKNOWN / NOT IN SALE RECORDS,2331 HUGHES AVE SW,,98116,,,,7,4,0,2020-07-14,2021-06-02,2020-07-14 to 2020-10-12,,,486000,1781000,2267000,,,,,913000425
1,UNKNOWN / NOT IN SALE RECORDS,312 N 101ST ST,312 N 101ST ST CONDOMINIUM,98133,,,,7,4,0,2020-07-20,2023-04-26,2023-02-14 to 2023-05-15,,,194900,316100,511000,,,,,8635860000
1,UNKNOWN / NOT IN SALE RECORDS,4136 40TH AVE SW,,98116,,,,7,4,0,2020-11-24,2024-05-07,2020-11-24 to 2021-02-22,,,618000,192000,810000,,,,,952003015
1,UNKNOWN / NOT IN SALE RECORDS,1201 25TH AVE E,,,,,,7,4,0,2021-05-03,2021-12-20,2021-05-03 to 2021-08-01,NO_PARCEL_RECORD,,,,,,,,,
1,UNKNOWN / NOT IN SALE RECORDS,6713 AURORA AVE N,,,,,,7,4,0,2021-07-23,2024-06-27,2024-06-03 to 2024-09-01,NO_PARCEL_RECORD,,,,,,,,,
1,UNKNOWN / NOT IN SALE RECORDS,8520 16TH AVE NW,,,,,,7,4,0,2021-08-26,2022-11-04,2022-10-12 to 2023-01-10,NO_PARCEL_RECORD,,,,,,,,,
1,UNKNOWN / NOT IN SALE RECORDS,1415 22ND AVE,GOOD SHEPHERD CONDOMINIUM,98122,,2023,7,7,4,0,2022-02-03,2025-10-14,2024-07-17 to 2024-10-15,,,81100,515400,596500,,,,,2835900000
1,UNKNOWN / NOT IN SALE RECORDS,1710 S JACKSON ST,,,,,,7,4,0,2022-04-18,2025-11-05,2022-04-18 to 2022-07-17,NO_PARCEL_RECORD,,,,,,,,,
1,UNKNOWN / NOT IN SALE RECORDS,2152 N 112TH ST,VICTORIAN THE CONDOMINIUM,98133,,,,7,4,0,2022-07-20,2023-05-31,2022-07-20 to 2022-10-18,,,37500,197500,235000,,,,,8899800000
1,UNKNOWN / NOT IN SALE RECORDS,1522 25TH AVE S,,98144,,,,7,4,0,2022-08-14,2025-06-02,2022-11-03 to 2023-02-01,SUSPICIOUS_IMPR_VALUE_1000,,818000,1000,819000,,,,,272000165
1,UNKNOWN / NOT IN SALE RECORDS,2731 E MADISON ST,,,,,,7,4,0,2022-08-22,2023-03-30,2022-08-22 to 2022-11-20,NO_PARCEL_RECORD,,,,,,,,,
1,UNKNOWN / NOT IN SALE RECORDS,7019 23RD AVE NW,7019 CONDOMINIUM,98117,,,,7,4,0,2022-08-26,2023-07-08,2023-03-15 to 2023-06-13,,,302200,1052800,1355000,,,,,7698020000
1,UNKNOWN / NOT IN SALE RECORDS,2108 N PACIFIC ST,PACIFIC POINTE APTS/OFFICE,98103,,,,7,4,0,2022-12-06,2025-08-29,2022-12-06 to 2023-03-06,,,8770100,6862000,15632100,,,,,354000254
1,UNKNOWN / NOT IN SALE RECORDS,2626 NW 59TH ST,Triplex,98107,,,,7,4,0,2024-09-30,2025-05-06,2024-09-30 to 2024-12-29,,,1292000,407000,1699000,,,,,476000040
1,UNKNOWN / NOT IN SALE RECORDS,2200 1ST AVE,,,,,,7,4,0,2024-09-26,2025-09-18,2025-09-18 to 2025-12-17,NO_PARCEL_RECORD,,,,,,,,,
1,UNKNOWN / NOT IN SALE RECORDS,1007 S WELLER ST,,,,,,7,3,0,2003-11-17,2011-09-02,2003-11-17 to 2004-02-15,NO_PARCEL_RECORD,,,,,,,,,
1,UNKNOWN / NOT IN SALE RECORDS,1501 E JEFFERSON ST,"1-DPX,1-S.F.",98122,,,,7,3,0,2003-11-20,2013-04-04,2006-03-13 to 2006-06-11,,,515000,722000,1237000,,,,,7942601150
1,UNKNOWN / NOT IN SALE RECORDS,1239 S CLOVERDALE ST,,,,,,7,3,0,2004-01-23,2015-12-30,2004-01-23 to 2004-04-22,NO_PARCEL_RECORD,,,,,,,,,
1,UNKNOWN / NOT IN SALE RECORDS,4748 9TH AVE NE,,,,,,7,3,0,2004-01-30,2017-09-26,2004-01-30 to 2004-04-29,NO_PARCEL_RECORD,,,,,,,,,
1,UNKNOWN / NOT IN SALE RECORDS,12359 14TH AVE NE,,,,,,7,3,0,2004-01-30,2014-10-20,2014-09-15 to 2014-12-14,NO_PARCEL_RECORD,,,,,,,,,
1,UNKNOWN / NOT IN SALE RECORDS,1921 5TH AVE,VACANT LOT,98101,,,,7,3,0,2004-02-20,2024-02-29,2022-02-26 to 2022-05-27,,,5022000,,5022000,,,,,659000440
1,UNKNOWN / NOT IN SALE RECORDS,232 32ND AVE,,98122,,,,7,3,0,2004-03-08,2023-12-17,2004-03-08 to 2004-06-06,,,781000,161000,942000,,,,,2058600005
1,UNKNOWN / NOT IN SALE RECORDS,4723 8TH AVE NE,,98105,,,,7,3,0,2004-04-14,2024-11-14,2021-11-16 to 2022-02-14,,,288000,777000,1065000,,,,,889000095
1,UNKNOWN / NOT IN SALE RECORDS,8910 LAKE CITY WAY NE,,,,,,7,3,0,2004-04-26,2016-10-31,2004-04-26 to 2004-07-25,NO_PARCEL_RECORD,,,,,,,,,
1,UNKNOWN / NOT IN SALE RECORDS,9203 29TH AVE SW,9203 29TH AVE SW,98126,,,,7,3,0,2004-05-13,2016-07-26,2004-05-13 to 2004-08-11,,,143100,400900,544000,,,,,6093120000
1,UNKNOWN / NOT IN SALE RECORDS,3639 M L KING JR WAY S,,,,,,7,3,0,2004-10-13,2011-04-28,2006-11-14 to 2007-02-12,NO_PARCEL_RECORD,,,,,,,,,
1,UNKNOWN / NOT IN SALE RECORDS,5207 6TH AVE NW,,98107,,,,7,3,0,2004-12-06,2010-11-04,2010-10-29 to 2011-01-27,,,376000,347000,723000,,,,,475000879
1,UNKNOWN / NOT IN SALE RECORDS,2101 W RUFFNER ST,,,,,,7,3,0,2005-01-31,2007-11-27,2005-01-31 to 2005-05-01,NO_PARCEL_RECORD,,,,,,,,,
1,UNKNOWN / NOT IN SALE RECORDS,316 ALASKAN WAY S,,,,,,7,3,0,2005-03-16,2022-09-07,2009-01-30 to 2009-04-30,NO_PARCEL_RECORD,,,,,,,,,
1,UNKNOWN / NOT IN SALE RECORDS,2414 S LANDER ST,,,,,,7,3,0,2005-05-10,2013-09-25,2012-04-18 to 2012-07-17,NO_PARCEL_RECORD,,,,,,,,,
1,UNKNOWN / NOT IN SALE RECORDS,213 BLAINE ST,,98109,,,,7,3,0,2005-05-17,2012-06-29,2005-09-29 to 2005-12-28,,,817000,308000,1125000,,,,,809001000
1,UNKNOWN / NOT IN SALE RECORDS,4002 3RD AVE NW,,,,,,7,3,0,2005-06-17,2025-04-15,2019-05-28 to 2019-08-26,NO_PARCEL_RECORD,,,,,,,,,
1,UNKNOWN / NOT IN SALE RECORDS,3501 NW 67TH ST,,98117,,,,7,3,0,2005-07-14,2012-04-05,2005-07-14 to 2005-10-12,,,819000,1331000,2150000,,,,,486000435
1,UNKNOWN / NOT IN SALE RECORDS,4030 NE 109TH ST,JOHN ROGERS ELEMENTARY SCHOOL,98125,,2024,3,7,3,0,2005-09-06,2024-03-15,2023-10-31 to 2024-01-29,,,19623700,27611200,47234900,,,,,2726049114
1,UNKNOWN / NOT IN SALE RECORDS,746 S CHICAGO ST,,,,,,7,3,0,2005-09-06,2019-04-03,2019-02-28 to 2019-05-29,NO_PARCEL_RECORD,,,,,,,,,
1,UNKNOWN / NOT IN SALE RECORDS,5626 BROOKLYN AVE NE,,98105,,,,7,3,0,2005-09-28,2023-12-04,2005-09-28 to 2005-12-27,,,825000,132000,957000,,,,,825049001
1,UNKNOWN / NOT IN SALE RECORDS,1921 10TH AVE W,,,,,,7,3,0,2005-10-10,2012-01-26,2007-05-24 to 2007-08-22,NO_PARCEL_RECORD,,,,,,,,,
1,UNKNOWN / NOT IN SALE RECORDS,1419 22ND AVE,,,,,,7,3,0,2005-02-10,2022-10-07,2005-11-14 to 2006-02-12,NO_PARCEL_RECORD,,,,,,,,,
1,UNKNOWN / NOT IN SALE RECORDS,720 M L KING JR WAY,,,,,,7,3,0,2006-01-31,2010-09-13,2006-01-31 to 2006-05-01,NO_PARCEL_RECORD,,,,,,,,,
1,UNKNOWN / NOT IN SALE RECORDS,2725 S JUDKINS ST,,98144,,,,7,3,0,2006-02-09,2021-12-15,2006-02-09 to 2006-05-10,,,438000,318000,756000,,,,,730000140
1,UNKNOWN / NOT IN SALE RECORDS,10 W FLORENTIA ST,,,,,,7,3,0,2006-06-20,2022-06-08,2016-07-13 to 2016-10-11,NO_PARCEL_RECORD,,,,,,,,,
1,UNKNOWN / NOT IN SALE RECORDS,13731 LINDEN AVE N,,,,,,7,3,0,2006-08-31,2023-08-14,2006-08-31 to 2006-11-29,NO_PARCEL_RECORD,,,,,,,,,
1,UNKNOWN / NOT IN SALE RECORDS,12228 GREENWOOD AVE N,GREENWOOD TERRACE CONDOMINIUM,98133,,,,7,3,0,2007-03-22,2016-10-12,2014-02-26 to 2014-05-27,,,407900,208100,616000,,,,,2924200000
1,UNKNOWN / NOT IN SALE RECORDS,4503 45TH AVE SW,,,,,,7,3,0,2007-05-24,2011-07-06,2008-09-11 to 2008-12-10,NO_PARCEL_RECORD,,,,,,,,,
1,UNKNOWN / NOT IN SALE RECORDS,126 W FLORENTIA ST,,,,,,7,3,0,2007-07-05,2018-10-25,2018-10-03 to 2019-01-01,NO_PARCEL_RECORD,,,,,,,,,
1,UNKNOWN / NOT IN SALE RECORDS,2826 NW 63RD ST,2826 NW 63RD ST,98107,,,,7,3,0,2007-07-16,2024-04-09,2016-09-09 to 2016-12-08,,,265900,626100,892000,,,,,8726520000
1,UNKNOWN / NOT IN SALE RECORDS,7424 RAINIER AVE S,,,,,,7,3,0,2007-09-24,2017-01-13,2007-09-24 to 2007-12-23,NO_PARCEL_RECORD,,,,,,,,,
1,UNKNOWN / NOT IN SALE RECORDS,5006 RENTON AVE S,,,,,,7,3,0,2007-12-04,2012-09-11,2011-05-31 to 2011-08-29,NO_PARCEL_RECORD,,,,,,,,,
1,UNKNOWN / NOT IN SALE RECORDS,728 BOYLSTON AVE E,,,,,,7,3,0,2007-02-15,2012-06-22,2008-12-16 to 2009-03-16,NO_PARCEL_RECORD,,,,,,,,,
1,UNKNOWN / NOT IN SALE RECORDS,9025 12TH AVE NW,,,,,,7,3,0,2008-01-07,2015-02-12,2010-03-19 to 2010-06-17,NO_PARCEL_RECORD,,,,,,,,,
1,UNKNOWN / NOT IN SALE RECORDS,1200 SW HOLDEN ST,,,,,,7,3,0,2008-01-10,2016-12-19,2016-04-14 to 2016-07-13,NO_PARCEL_RECORD,,,,,,,,,
1,UNKNOWN / NOT IN SALE RECORDS,2637 NW 59TH ST,,,,,,7,3,0,2008-01-28,2021-01-18,2018-07-05 to 2018-10-03,NO_PARCEL_RECORD,,,,,,,,,
1,UNKNOWN / NOT IN SALE RECORDS,60 ETRURIA ST,,,,,,7,3,0,2008-01-30,2025-01-21,2024-11-06 to 2025-02-04,NO_PARCEL_RECORD,,,,,,,,,
1,UNKNOWN / NOT IN SALE RECORDS,12055 3RD AVE NW,,98177,,,,7,3,0,2008-04-23,2018-07-23,2018-05-29 to 2018-08-27,,,595000,1437000,2032000,,,,,930000310
1,UNKNOWN / NOT IN SALE RECORDS,4422 SW 101ST ST,,98146,,,,7,3,0,2008-05-12,2011-06-28,2011-01-31 to 2011-05-01,,,402000,737000,1139000,,,,,223039334
1,UNKNOWN / NOT IN SALE RECORDS,1915 25TH AVE S,,,,,,7,3,0,2008-04-05,2010-01-05,2008-04-05 to 2008-07-04,NO_PARCEL_RECORD,,,,,,,,,
1,UNKNOWN / NOT IN SALE RECORDS,3610 INTERLAKE AVE N,,98103,,,,7,3,0,2008-07-11,2021-05-18,2008-07-11 to 2008-10-09,,,1153000,8000,1161000,,,,,2264500925
1,UNKNOWN / NOT IN SALE RECORDS,8602 24TH AVE SW,,98106,,,,7,3,0,2008-08-05,2025-02-05,2023-09-05 to 2023-12-04,,,497000,78000,575000,,,,,880000105
1,UNKNOWN / NOT IN SALE RECORDS,6015 36TH AVE S,,,,,,7,3,0,2008-10-09,2025-03-26,2025-01-23 to 2025-04-23,NO_PARCEL_RECORD,,,,,,,,,
1,UNKNOWN / NOT IN SALE RECORDS,1311 E MARION ST,,,,,,7,3,0,2008-10-10,2020-10-20,2020-04-14 to 2020-07-13,NO_PARCEL_RECORD,,,,,,,,,
1,UNKNOWN / NOT IN SALE RECORDS,5501 15TH AVE NW,,,,,,7,3,0,2008-10-10,2025-04-11,2012-01-24 to 2012-04-23,NO_PARCEL_RECORD,,,,,,,,,
1,UNKNOWN / NOT IN SALE RECORDS,2410 E LYNN ST,,,,,,7,3,0,2008-12-18,2020-04-15,2017-01-13 to 2017-04-13,NO_PARCEL_RECORD,,,,,,,,,
1,UNKNOWN / NOT IN SALE RECORDS,5446 32ND AVE SW,,98126,,,,7,3,0,2009-01-21,2018-10-12,2018-09-03 to 2018-12-02,,,600000,181000,781000,,,,,9284801355
1,UNKNOWN / NOT IN SALE RECORDS,4700 8TH AVE NE,,98105,,,,7,3,0,2009-01-22,2012-09-13,2012-08-16 to 2012-11-14,,,783000,257000,1040000,,,,,889000045
1,UNKNOWN / NOT IN SALE RECORDS,2142 8TH AVE N,,,,,,7,3,0,2009-05-21,2025-10-07,2023-09-23 to 2023-12-22,NO_PARCEL_RECORD,,,,,,,,,
1,UNKNOWN / NOT IN SALE RECORDS,6663 CARLETON AVE S,,,,,,7,3,0,2009-05-26,2021-03-08,2021-01-15 to 2021-04-15,NO_PARCEL_RECORD,,,,,,,,,
1,UNKNOWN / NOT IN SALE RECORDS,8833 WALLINGFORD AVE N,8833 WALLINGFORD AVE N,98103,,,,7,3,0,2009-08-31,2023-10-09,2021-09-17 to 2021-12-16,,,129300,424700,554000,,,,,2284940000
1,UNKNOWN / NOT IN SALE RECORDS,2622 CALIFORNIA AVE SW,,,,,,7,3,0,2009-10-28,2011-06-27,2009-10-28 to 2010-01-26,NO_PARCEL_RECORD,,,,,,,,,
1,UNKNOWN / NOT IN SALE RECORDS,11414 8TH AVE NE,,98125,,,,7,3,0,2010-01-06,2015-04-21,2010-01-06 to 2010-04-06,SUSPICIOUS_IMPR_VALUE_1000,,562000,1000,563000,,,,,2926049217
1,UNKNOWN / NOT IN SALE RECORDS,124 12TH AVE,,,,,,7,3,0,2010-02-17,2017-03-29,2017-02-14 to 2017-05-15,NO_PARCEL_RECORD,,,,,,,,,
1,UNKNOWN / NOT IN SALE RECORDS,4103 FREMONT AVE N,,,,,,7,3,0,2010-03-29,2020-02-14,2020-02-12 to 2020-05-12,NO_PARCEL_RECORD,,,,,,,,,
1,UNKNOWN / NOT IN SALE RECORDS,131 21ST AVE E,,,,,,7,3,0,2010-07-08,2024-11-02,2024-01-17 to 2024-04-16,NO_PARCEL_RECORD,,,,,,,,,
1,UNKNOWN / NOT IN SALE RECORDS,10206 RAINIER AVE S,,,,,,7,3,0,2010-07-12,2018-04-27,2010-07-12 to 2010-10-10,NO_PARCEL_RECORD,,,,,,,,,
1,UNKNOWN / NOT IN SALE RECORDS,4051 7TH AVE NE,,,,,,7,3,0,2010-09-16,2017-03-06,2010-09-16 to 2010-12-15,NO_PARCEL_RECORD,,,,,,,,,
1,UNKNOWN / NOT IN SALE RECORDS,1700 E FIR ST,,,,,,7,3,0,2010-12-02,2023-03-14,2015-07-20 to 2015-10-18,NO_PARCEL_RECORD,,,,,,,,,
1,UNKNOWN / NOT IN SALE RECORDS,7324 M L KING JR WAY S,,,,,,7,3,0,2011-01-24,2022-12-14,2022-12-01 to 2023-03-01,NO_PARCEL_RECORD,,,,,,,,,
1,UNKNOWN / NOT IN SALE RECORDS,12056 15TH AVE NE,GEMSTONE TOWER CONDOMINIUM,98125,,1993,4,7,3,0,2011-03-03,2023-06-02,2021-12-27 to 2022-03-27,,,46500,264500,311000,,,,,2725000000
1,UNKNOWN / NOT IN SALE RECORDS,332 5TH AVE N,,,,,,7,3,0,2011-06-23,2021-02-11,2011-10-14 to 2012-01-12,NO_PARCEL_RECORD,,,,,,,,,
1,UNKNOWN / NOT IN SALE RECORDS,208 16TH AVE,,,,,,7,3,0,2011-11-15,2015-12-02,2012-05-14 to 2012-08-12,NO_PARCEL_RECORD,,,,,,,,,
1,UNKNOWN / NOT IN SALE RECORDS,925 CHERRY ST,,,,,,7,3,0,2012-02-08,2019-07-19,2018-07-18 to 2018-10-16,NO_PARCEL_RECORD,,,,,,,,,
1,UNKNOWN / NOT IN SALE RECORDS,1804 13TH AVE,Assumption Greek Orthodox Church,98122,,1961,1,7,3,0,2012-02-13,2025-01-24,2012-02-13 to 2012-05-13,SUSPICIOUS_IMPR_VALUE_1000,,4320000,1000,4321000,,,,,6003001495
1,UNKNOWN / NOT IN SALE RECORDS,1515 VALENTINE PL S,,,,,,7,3,0,2012-02-17,2014-04-23,2012-08-06 to 2012-11-04,NO_PARCEL_RECORD,,,,,,,,,
1,UNKNOWN / NOT IN SALE RECORDS,6400 SEAVIEW AVE NW,,,,,,7,3,0,2012-03-30,2020-12-18,2020-09-30 to 2020-12-29,NO_PARCEL_RECORD,,,,,,,,,
1,UNKNOWN / NOT IN SALE RECORDS,4601 SHILSHOLE AVE NW,,,,,,7,3,0,2012-04-17,2019-08-30,2019-08-16 to 2019-11-14,NO_PARCEL_RECORD,,,,,,,,,
1,UNKNOWN / NOT IN SALE RECORDS,2709 E YESLER WAY,,,,,,7,3,0,2012-06-06,2017-04-04,2014-11-06 to 2015-02-04,NO_PARCEL_RECORD,,,,,,,,,
1,UNKNOWN / NOT IN SALE RECORDS,600 OLIVE WAY,BANK & PARKING GARAGE,98101,,,,7,3,0,2012-08-17,2023-05-31,2019-11-14 to 2020-02-12,SUSPICIOUS_IMPR_VALUE_1000,,17242200,1000,17243200,,,,,659000330
1,UNKNOWN / NOT IN SALE RECORDS,5605 CORSON AVE S,,,,,,7,3,0,2012-10-04,2025-08-28,2012-10-04 to 2013-01-02,NO_PARCEL_RECORD,,,,,,,,,
1,UNKNOWN / NOT IN SALE RECORDS,418 7TH AVE S,,,,,,7,3,0,2013-05-28,2024-07-19,2024-06-26 to 2024-09-24,NO_PARCEL_RECORD,,,,,,,,,
1,UNKNOWN / NOT IN SALE RECORDS,2626 58TH AVE SW,,,,,,7,3,0,2013-08-28,2025-04-07,2013-08-28 to 2013-11-26,NO_PARCEL_RECORD,,,,,,,,,
1,UNKNOWN / NOT IN SALE RECORDS,5601 24TH AVE NW,,,,,,7,3,0,2013-11-07,2016-01-22,2015-04-30 to 2015-07-29,NO_PARCEL_RECORD,,,,,,,,,
1,UNKNOWN / NOT IN SALE RECORDS,10628 35TH AVE SW,,98146,,,,7,3,0,2014-07-07,2018-05-29,2018-05-14 to 2018-08-12,,,474000,94000,568000,,,,,1261500040
1,UNKNOWN / NOT IN SALE RECORDS,3722 29TH AVE W,,98199,,,,7,3,0,2014-10-14,2023-03-10,2014-10-14 to 2015-01-12,,,869000,1163000,2032000,,,,,582000040
1,UNKNOWN / NOT IN SALE RECORDS,620 GALER ST,,,,,,7,3,0,2015-01-16,2025-10-30,2024-11-26 to 2025-02-24,NO_PARCEL_RECORD,,,,,,,,,
1,UNKNOWN / NOT IN SALE RECORDS,9002 LAKE CITY WAY NE,SHANTY TAVERN,98115,,1932,1,7,3,0,2015-02-12,2023-01-31,2020-01-16 to 2020-04-15,SUSPICIOUS_IMPR_VALUE_1000,,968000,1000,969000,,,,,8641500465
1,UNKNOWN / NOT IN SALE RECORDS,4848 49TH AVE SW,,98116,,,,7,3,0,2015-07-27,2025-03-26,2017-12-11 to 2018-03-11,,,439000,490000,929000,,,,,312000030
1,UNKNOWN / NOT IN SALE RECORDS,1808 BELLEVUE AVE,,,,,,7,3,0,2015-09-02,2024-01-08,2022-03-03 to 2022-06-01,NO_PARCEL_RECORD,,,,,,,,,
1,UNKNOWN / NOT IN SALE RECORDS,4409 SW ADMIRAL WAY,,,,,,7,3,0,2015-10-05,2025-06-03,2025-05-27 to 2025-08-25,NO_PARCEL_RECORD,,,,,,,,,
1,UNKNOWN / NOT IN SALE RECORDS,801 ALASKAN WAY,,,,,,7,3,0,2015-12-03,2020-12-04,2020-11-17 to 2021-02-15,NO_PARCEL_RECORD,,,,,,,,,
1,UNKNOWN / NOT IN SALE RECORDS,5814 6TH AVE NW,,,,,,7,3,0,2015-12-11,2025-03-20,2017-10-31 to 2018-01-29,NO_PARCEL_RECORD,,,,,,,,,
1,UNKNOWN / NOT IN SALE RECORDS,801 5TH AVE,F5 TOWER & LOTTE HOTEL,98104,,2018,44,7,3,0,2015-02-03,2018-11-26,2016-03-23 to 2016-06-21,,,15399100,157247900,172647000,,,,,5158500000
1,UNKNOWN / NOT IN SALE RECORDS,2313 24TH AVE E,,,,,,7,3,0,2016-01-29,2022-07-12,2016-11-09 to 2017-02-07,NO_PARCEL_RECORD,,,,,,,,,
1,UNKNOWN / NOT IN SALE RECORDS,1220 S HOLGATE ST,,,,,,7,3,0,2016-02-04,2020-09-15,2016-02-04 to 2016-05-04,NO_PARCEL_RECORD,,,,,,,,,
1,UNKNOWN / NOT IN SALE RECORDS,5254 MITHUN PL NE,,,,,,7,3,0,2016-05-04,2023-02-02,2017-02-15 to 2017-05-16,NO_PARCEL_RECORD,,,,,,,,,
1,UNKNOWN / NOT IN SALE RECORDS,11506 STONE AVE N,,,,,,7,3,0,2016-07-25,2024-01-26,2018-07-05 to 2018-10-03,NO_PARCEL_RECORD,,,,,,,,,
1,UNKNOWN / NOT IN SALE RECORDS,4133 CALIFORNIA AVE SW,APT - 6 UNITS,98116,,,,7,3,0,2016-08-17,2025-03-14,2019-06-27 to 2019-09-25,,,1044700,676300,1721000,,,,,194000990
1,UNKNOWN / NOT IN SALE RECORDS,8644 DELRIDGE WAY SW,,,,,,7,3,0,2017-04-17,2023-07-10,2017-04-17 to 2017-07-16,NO_PARCEL_RECORD,,,,,,,,,
1,UNKNOWN / NOT IN SALE RECORDS,6951 62ND AVE NE,Phyllis G. Kenney Place Low Income Housing Redevel,98115,,,,7,3,0,2017-04-19,2023-09-03,2023-08-11 to 2023-11-09,,,3035298,,3035298,,,,,225049063
1,UNKNOWN / NOT IN SALE RECORDS,6745 30TH AVE S,,,,,,7,3,0,2017-10-30,2019-11-22,2017-10-30 to 2018-01-28,NO_PARCEL_RECORD,,,,,,,,,
1,UNKNOWN / NOT IN SALE RECORDS,5201 RAVENNA AVE NE,,,,,,7,3,0,2017-09-18,2024-08-02,2018-03-27 to 2018-06-25,NO_PARCEL_RECORD,,,,,,,,,
1,UNKNOWN / NOT IN SALE RECORDS,4087 LETITIA AVE S,,,,,,7,3,0,2018-05-01,2022-09-20,2022-07-27 to 2022-10-25,NO_PARCEL_RECORD,,,,,,,,,
1,UNKNOWN / NOT IN SALE RECORDS,3505 SW SEOLA LN,,,,,,7,3,0,2018-03-09,2021-08-24,2021-04-05 to 2021-07-04,NO_PARCEL_RECORD,,,,,,,,,
1,UNKNOWN / NOT IN SALE RECORDS,3963 S SULLIVAN ST,,98118,,,,7,3,0,2018-03-05,2022-07-15,2018-09-25 to 2018-12-24,,,344000,220000,564000,,,,,4006000449
1,UNKNOWN / NOT IN SALE RECORDS,121 ALOHA ST,,,,,,7,3,0,2018-12-31,2020-11-04,2018-12-31 to 2019-03-31,NO_PARCEL_RECORD,,,,,,,,,
1,UNKNOWN / NOT IN SALE RECORDS,2021 E JAMES ST,,98122,,,,7,3,0,2019-01-15,2023-09-10,2023-07-05 to 2023-10-03,,,478000,650000,1128000,,,,,9126100552
1,UNKNOWN / NOT IN SALE RECORDS,1105 RAINIER AVE S,,,,,,7,3,0,2019-05-15,2024-05-28,2019-05-15 to 2019-08-13,NO_PARCEL_RECORD,,,,,,,,,
1,UNKNOWN / NOT IN SALE RECORDS,4000 CALIFORNIA AVE SW,ANDOVER APARTMENTS,98116,,,,7,3,0,2019-05-30,2023-12-14,2019-05-30 to 2019-08-28,,,1035000,920000,1955000,,,,,952002065
1,UNKNOWN / NOT IN SALE RECORDS,1113 DEXTER AVE N,,,,,,7,3,0,2019-06-26,2022-05-09,2019-06-26 to 2019-09-24,NO_PARCEL_RECORD,,,,,,,,,
1,UNKNOWN / NOT IN SALE RECORDS,5323 RAVENNA PL NE,,,,,,7,3,0,2019-07-11,2024-01-29,2023-02-20 to 2023-05-21,NO_PARCEL_RECORD,,,,,,,,,
1,UNKNOWN / NOT IN SALE RECORDS,214 5TH AVE S,,,,,,7,3,0,2019-08-23,2025-10-21,2024-09-10 to 2024-12-09,NO_PARCEL_RECORD,,,,,,,,,
1,UNKNOWN / NOT IN SALE RECORDS,2624 WESTERN AVE,Bayview at Belltown,98121,,,,7,3,0,2020-03-10,2022-01-04,2020-03-10 to 2020-06-08,,,,6335000,6335000,,,,,587510005
1,UNKNOWN / NOT IN SALE RECORDS,3136 ALKI AVE SW,,98116,,,,7,3,0,2020-05-18,2021-03-12,2020-09-30 to 2020-12-29,,,781000,1087000,1868000,,,,,153000036
1,UNKNOWN / NOT IN SALE RECORDS,6621 CARLETON AVE S,,,,,,7,3,0,2020-07-07,2021-06-11,2020-07-07 to 2020-10-05,NO_PARCEL_RECORD,,,,,,,,,
1,UNKNOWN / NOT IN SALE RECORDS,1711 N 85TH ST,,98103,,,,7,3,0,2020-08-12,2025-03-31,2025-01-28 to 2025-04-28,,,759000,273000,1032000,,,,,625049347
1,UNKNOWN / NOT IN SALE RECORDS,210 8TH AVE N,THE WAVERLY APARTMENTS and UNITY CHURCH,98109,,2020,3,7,3,0,2020-08-10,2025-09-10,2025-08-18 to 2025-11-16,,,847400,5433000,6280400,,,,,8732310000
1,UNKNOWN / NOT IN SALE RECORDS,1627 14TH AVE,HFH OLYMPIC RIDGE,98122,,,,7,3,0,2020-10-05,2023-07-28,2022-03-18 to 2022-06-16,,,67200,283800,351000,,,,,3268360000
1,UNKNOWN / NOT IN SALE RECORDS,1217 S CONCORD ST,,,,,,7,3,0,2021-02-11,2023-08-09,2021-05-15 to 2021-08-13,NO_PARCEL_RECORD,,,,,,,,,
1,UNKNOWN / NOT IN SALE RECORDS,2235 15TH AVE W,,,,,,7,3,0,2021-03-03,2024-07-25,2022-07-29 to 2022-10-27,NO_PARCEL_RECORD,,,,,,,,,
1,UNKNOWN / NOT IN SALE RECORDS,911 NE 70TH ST,,,,,,7,3,0,2021-06-08,2022-06-08,2022-03-31 to 2022-06-29,NO_PARCEL_RECORD,,,,,,,,,
1,UNKNOWN / NOT IN SALE RECORDS,498 P S PORTLAND ST,,,,,,7,3,0,2021-07-02,2023-11-14,2023-09-28 to 2023-12-27,NO_PARCEL_RECORD,,,,,,,,,
1,UNKNOWN / NOT IN SALE RECORDS,7101 M L KING JR WAY S,,,,,,7,3,0,2021-09-23,2023-06-06,2021-09-23 to 2021-12-22,NO_PARCEL_RECORD,,,,,,,,,
1,UNKNOWN / NOT IN SALE RECORDS,8 W CROCKETT ST,,,,,,7,3,0,2021-11-22,2024-05-21,2021-11-22 to 2022-02-20,NO_PARCEL_RECORD,,,,,,,,,
1,UNKNOWN / NOT IN SALE RECORDS,8244 42ND AVE NE,,98115,,,,7,3,0,2022-05-11,2025-10-25,2022-05-11 to 2022-08-09,,,732000,1000000,1732000,,,,,442000215
1,UNKNOWN / NOT IN SALE RECORDS,5510 UNIVERSITY WAY NE,,,,,,7,3,0,2022-07-11,2023-08-02,2022-11-21 to 2023-02-19,NO_PARCEL_RECORD,,,,,,,,,
1,UNKNOWN / NOT IN SALE RECORDS,527 EASTLAKE AVE E,CAROLINA COURT,98109,,,,7,3,0,2022-11-08,2025-11-04,2023-11-02 to 2024-01-31,,,9856000,8036000,17892000,,,,,209000075
1,UNKNOWN / NOT IN SALE RECORDS,608 A 21ST AVE,,,,,,7,3,0,2023-01-24,2024-01-24,2023-01-24 to 2023-04-24,NO_PARCEL_RECORD,,,,,,,,,
1,UNKNOWN / NOT IN SALE RECORDS,3606 35TH AVE W,3606 35TH AVE W,98199,,,,7,3,0,2023-02-06,2024-10-17,2023-10-25 to 2024-01-23,,,152400,647600,800000,,,,,8603170000
1,UNKNOWN / NOT IN SALE RECORDS,3035 64TH AVE SW,THE SURF APTS,98116,,,,7,3,0,2023-05-03,2025-02-14,2023-08-15 to 2023-11-13,,,442900,1290100,1733000,,,,,151000045
1,UNKNOWN / NOT IN SALE RECORDS,9542 INTERLAKE AVE N,,,,,,7,3,0,2024-05-02,2025-07-17,2024-05-02 to 2024-07-31,NO_PARCEL_RECORD,,,,,,,,,
1,UNKNOWN / NOT IN SALE RECORDS,3917 DENSMORE AVE N,,98103,,,,6,6,0,2018-05-05,2018-05-18,2018-05-05 to 2018-08-03,,,658000,644000,1302000,,,,,495500180
1,UNKNOWN / NOT IN SALE RECORDS,5305 M L KING JR WAY S,,,,,,6,6,0,2018-02-13,2018-03-15,2018-02-13 to 2018-05-14,NO_PARCEL_RECORD,,,,,,,,,
1,UNKNOWN / NOT IN SALE RECORDS,2116 3RD AVE N,,98109,,,,6,6,0,2019-01-07,2019-02-22,2019-01-07 to 2019-04-07,,,330000,640000,970000,,,,,809002932
1,UNKNOWN / NOT IN SALE RECORDS,1201 S BAILEY ST,The Lighting Group,98108,,,,6,6,0,2019-02-07,2019-05-08,2019-02-07 to 2019-05-08,,,866100,2770400,3636500,,,,,360000020
1,UNKNOWN / NOT IN SALE RECORDS,7100 43RD AVE S,SAMOAN CONGREGATION CHURCH,98118,,1978,1,6,6,0,2019-04-02,2019-04-15,2019-04-02 to 2019-07-01,,,2541400,83800,2625200,,,,,7136300005
1,UNKNOWN / NOT IN SALE RECORDS,4819 WEST MARGINAL WAY SW,,,,,,6,6,0,2020-03-31,2020-04-17,2020-03-31 to 2020-06-29,NO_PARCEL_RECORD,,,,,,,,,
1,UNKNOWN / NOT IN SALE RECORDS,12750 33RD AVE NE,,,,,,6,6,0,2022-05-31,2022-07-25,2022-05-31 to 2022-08-29,NO_PARCEL_RECORD,,,,,,,,,
1,UNKNOWN / NOT IN SALE RECORDS,8241 2ND AVE NE,8241-8243 2ND AVE NE CONDOMINIUM,98115,,,,6,6,0,2022-06-23,2022-08-02,2022-06-23 to 2022-09-21,,,130900,488100,619000,,,,,2285670000
1,UNKNOWN / NOT IN SALE RECORDS,3217 POINT PL SW,,98116,,,,6,6,0,2022-06-27,2022-09-01,2022-06-27 to 2022-09-25,SUSPICIOUS_IMPR_VALUE_1000,,1464000,1000,1465000,,,,,148000885
1,UNKNOWN / NOT IN SALE RECORDS,4011 CORLISS AVE N,4011 CORLISS AVE N,98103,,,,6,6,0,2023-03-23,2023-04-11,2023-03-23 to 2023-06-21,,,178600,587400,766000,,,,,2618020000
1,UNKNOWN / NOT IN SALE RECORDS,1402 AURORA AVE N,,,,,,6,6,0,2023-05-02,2023-05-25,2023-05-02 to 2023-07-31,NO_PARCEL_RECORD,,,,,,,,,
1,UNKNOWN / NOT IN SALE RECORDS,6519 A 34TH AVE SW,,,,,,6,6,0,2023-06-15,2023-07-25,2023-06-15 to 2023-09-13,NO_PARCEL_RECORD,,,,,,,,,
1,UNKNOWN / NOT IN SALE RECORDS,2907 13TH AVE S,,,,,,6,6,0,2023-06-28,2023-09-01,2023-06-28 to 2023-09-26,NO_PARCEL_RECORD,,,,,,,,,
1,UNKNOWN / NOT IN SALE RECORDS,2905 13TH AVE S,,,,,,6,6,0,2023-06-28,2023-09-01,2023-06-28 to 2023-09-26,NO_PARCEL_RECORD,,,,,,,,,
1,UNKNOWN / NOT IN SALE RECORDS,2911 13TH AVE S,,,,,,6,6,0,2023-06-28,2023-09-01,2023-06-28 to 2023-09-26,NO_PARCEL_RECORD,,,,,,,,,
1,UNKNOWN / NOT IN SALE RECORDS,7804 AURORA AVE N,,,,,,6,6,0,2024-11-22,2024-12-06,2024-11-22 to 2025-02-20,NO_PARCEL_RECORD,,,,,,,,,
1,UNKNOWN / NOT IN SALE RECORDS,217 24TH AVE E,,,,,,6,5,0,2004-05-04,2004-09-23,2004-05-04 to 2004-08-02,NO_PARCEL_RECORD,,,,,,,,,
1,UNKNOWN / NOT IN SALE RECORDS,308 NW 44TH ST,,98107,,,,6,5,0,2005-03-14,2012-04-11,2012-03-08 to 2012-06-06,,,593000,350000,943000,,,,,170000050
1,UNKNOWN / NOT IN SALE RECORDS,9030 SEWARD PARK AVE S,PARK SHORE VILLA CONDOMINIUM,98118,,,,6,5,0,2007-06-28,2011-09-13,2007-06-28 to 2007-09-26,,,33200,321800,355000,,,,,6649400000
1,UNKNOWN / NOT IN SALE RECORDS,10028 BEACON AVE S,,98178,,,,6,5,0,2010-01-05,2013-02-11,2013-02-05 to 2013-05-06,,,371000,213000,584000,,,,,323049071
1,UNKNOWN / NOT IN SALE RECORDS,1617 INTERLAKEN DR E,SEATTLE HEBREW ACADAMY,98112,,1911,3,6,5,0,2010-11-01,2024-12-02,2024-11-25 to 2025-02-23,,,17232200,6164600,23396800,,,,,2125049015
1,UNKNOWN / NOT IN SALE RECORDS,6820 25TH AVE NE,,,,,,6,5,0,2012-07-25,2021-08-07,2021-06-08 to 2021-09-06,NO_PARCEL_RECORD,,,,,,,,,
1,UNKNOWN / NOT IN SALE RECORDS,5247 CALIFORNIA AVE SW,,,,,,6,5,0,2012-10-02,2021-10-15,2012-10-02 to 2012-12-31,NO_PARCEL_RECORD,,,,,,,,,
1,UNKNOWN / NOT IN SALE RECORDS,5019 SW PRINCE ST,,98116,,,,6,5,0,2015-05-18,2018-09-07,2015-05-18 to 2015-08-16,,,312000,1003000,1315000,,,,,585000179
1,UNKNOWN / NOT IN SALE RECORDS,814 14TH AVE,,,,,,6,5,0,2016-08-23,2017-05-01,2016-08-23 to 2016-11-21,NO_PARCEL_RECORD,,,,,,,,,
1,UNKNOWN / NOT IN SALE RECORDS,310 E PIKE ST,,,,,,6,5,0,2016-09-08,2021-06-26,2021-03-31 to 2021-06-29,NO_PARCEL_RECORD,,,,,,,,,
1,UNKNOWN / NOT IN SALE RECORDS,1923 22ND AVE S,,,,,,6,5,0,2017-07-12,2017-10-24,2017-07-12 to 2017-10-10,NO_PARCEL_RECORD,,,,,,,,,
1,UNKNOWN / NOT IN SALE RECORDS,120 BELMONT AVE E,,,,,,6,5,0,2017-08-31,2022-08-02,2022-07-11 to 2022-10-09,NO_PARCEL_RECORD,,,,,,,,,
1,UNKNOWN / NOT IN SALE RECORDS,2656 NE UNIVERSITY VILLAGE ST,,,,,,6,5,0,2017-10-31,2018-06-05,2017-10-31 to 2018-01-29,NO_PARCEL_RECORD,,,,,,,,,
1,UNKNOWN / NOT IN SALE RECORDS,827 23RD AVE S,,,,,,6,5,0,2018-06-07,2019-04-30,2019-02-25 to 2019-05-26,NO_PARCEL_RECORD,,,,,,,,,
1,UNKNOWN / NOT IN SALE RECORDS,152 22ND AVE,,,,,,6,5,0,2018-07-19,2019-01-07,2018-07-19 to 2018-10-17,NO_PARCEL_RECORD,,,,,,,,,
1,UNKNOWN / NOT IN SALE RECORDS,3030 E UNION ST,,,,,,6,5,0,2018-07-31,2019-07-03,2019-06-05 to 2019-09-03,NO_PARCEL_RECORD,,,,,,,,,
1,UNKNOWN / NOT IN SALE RECORDS,7709 30TH AVE NE,,98115,,,,6,5,0,2019-01-27,2019-10-02,2019-01-27 to 2019-04-27,,,745000,419000,1164000,,,,,425049127
1,UNKNOWN / NOT IN SALE RECORDS,2232 ALKI AVE SW,,98116,,,,6,5,0,2019-09-16,2020-03-12,2019-09-16 to 2019-12-15,SUSPICIOUS_IMPR_VALUE_1000,,2049000,1000,2050000,,,,,914000035
1,UNKNOWN / NOT IN SALE RECORDS,8016 20TH AVE NW,,98117,,,,6,5,0,2019-10-07,2020-08-03,2019-10-07 to 2020-01-05,,,811000,250000,1061000,,,,,546000965
1,UNKNOWN / NOT IN SALE RECORDS,3603 35TH AVE S,,,,,,6,5,0,2019-09-26,2025-04-15,2025-02-24 to 2025-05-25,NO_PARCEL_RECORD,,,,,,,,,
1,UNKNOWN / NOT IN SALE RECORDS,603 FEDERAL AVE E,,,,,,6,5,0,2020-06-30,2025-08-06,2020-06-30 to 2020-09-28,NO_PARCEL_RECORD,,,,,,,,,
1,UNKNOWN / NOT IN SALE RECORDS,27 ROY ST,ST. PAULS CHURCH LAND,98109,,,,6,5,0,2020-11-04,2022-07-24,2022-07-17 to 2022-10-15,,,2200000,,2200000,,,,,5457300005
1,UNKNOWN / NOT IN SALE RECORDS,9415 ROOSEVELT WAY NE,,,,,,6,5,0,2020-12-09,2021-08-25,2020-12-09 to 2021-03-09,NO_PARCEL_RECORD,,,,,,,,,
1,UNKNOWN / NOT IN SALE RECORDS,1153 NW 54TH ST,,,,,,6,5,0,2021-03-05,2024-10-01,2024-09-23 to 2024-12-22,NO_PARCEL_RECORD,,,,,,,,,
1,UNKNOWN / NOT IN SALE RECORDS,4254 33RD AVE W,4254 33RD AVE W,98199,,,,6,5,0,2022-04-28,2022-12-19,2022-04-28 to 2022-07-27,,,113000,594000,707000,,,,,2603570000
1,UNKNOWN / NOT IN SALE RECORDS,1320 JOHN ST,,,,,,6,5,0,2022-07-22,2024-07-10,2022-07-22 to 2022-10-20,NO_PARCEL_RECORD,,,,,,,,,
1,UNKNOWN / NOT IN SALE RECORDS,4720 45TH AVE SW,4720 45TH AVE SW,98116,,,,6,5,0,2023-02-09,2024-04-17,2024-02-01 to 2024-05-01,,,198700,540300,739000,,,,,2608110000
1,UNKNOWN / NOT IN SALE RECORDS,9020 13TH AVE NW,,,,,,6,5,0,2023-06-09,2024-05-30,2023-06-09 to 2023-09-07,NO_PARCEL_RECORD,,,,,,,,,
1,UNKNOWN / NOT IN SALE RECORDS,2350 6TH AVE,BB6/Seattle House (imps on -0260),98121,,,,6,5,0,2024-02-26,2025-02-26,2024-02-26 to 2024-05-26,,,28638000,,28638000,,,,,697000265
1,UNKNOWN / NOT IN SALE RECORDS,1010 5TH AVE N,SINGLE FAMILY,98109,,,,6,4,0,2004-02-12,2024-04-15,2004-02-12 to 2004-05-12,,,652000,228000,880000,,,,,5458300040
1,UNKNOWN / NOT IN SALE RECORDS,3868 16TH AVE SW,,,,,,6,4,0,2004-02-13,2009-09-14,2009-09-14 to 2009-12-13,NO_PARCEL_RECORD,,,,,,,,,
1,UNKNOWN / NOT IN SALE RECORDS,203 21ST AVE S,,,,,,6,4,0,2004-04-22,2004-09-15,2004-07-30 to 2004-10-28,NO_PARCEL_RECORD,,,,,,,,,
1,UNKNOWN / NOT IN SALE RECORDS,4010 17TH AVE SW,,,,,,6,4,0,2004-06-01,2015-06-17,2015-05-22 to 2015-08-20,NO_PARCEL_RECORD,,,,,,,,,
1,UNKNOWN / NOT IN SALE RECORDS,1106 E HOWELL ST,,,,,,6,4,0,2004-06-15,2007-04-02,2004-07-26 to 2004-10-24,NO_PARCEL_RECORD,,,,,,,,,
1,UNKNOWN / NOT IN SALE RECORDS,13215 3RD AVE NW,,98177,,,,6,4,0,2004-08-12,2010-09-10,2010-06-28 to 2010-09-26,,,595000,507000,1102000,,,,,923000265
1,UNKNOWN / NOT IN SALE RECORDS,6701 37TH AVE NW,,98117,,,,6,4,0,2004-11-09,2006-02-08,2004-11-09 to 2005-02-07,,,1311000,1221000,2532000,,,,,486000560
1,UNKNOWN / NOT IN SALE RECORDS,5317 M L KING JR WAY S,,,,,,6,4,0,2005-02-08,2006-04-10,2006-02-08 to 2006-05-09,NO_PARCEL_RECORD,,,,,,,,,
1,UNKNOWN / NOT IN SALE RECORDS,1707 DEXTER AVE N,,,,,,6,4,0,2005-08-23,2005-12-28,2005-08-23 to 2005-11-21,NO_PARCEL_RECORD,,,,,,,,,
1,UNKNOWN / NOT IN SALE RECORDS,1010 BELLEVUE CT E,Duplex,98102,,,,6,4,0,2006-12-05,2025-04-17,2025-03-10 to 2025-06-08,,,788000,377000,1165000,,,,,676000110
1,UNKNOWN / NOT IN SALE RECORDS,4000 15TH AVE NE,,,,,,6,4,0,2006-12-21,2008-02-05,2006-12-21 to 2007-03-21,NO_PARCEL_RECORD,,,,,,,,,
1,UNKNOWN / NOT IN SALE RECORDS,3014 SW 106TH ST,,98146,,,,6,4,0,2007-03-19,2012-01-27,2011-12-07 to 2012-03-06,,,497000,106000,603000,,,,,49000055
1,UNKNOWN / NOT IN SALE RECORDS,9033 8TH AVE SW,,,,,,6,4,0,2007-07-16,2012-07-02,2007-07-16 to 2007-10-14,NO_PARCEL_RECORD,,,,,,,,,
1,UNKNOWN / NOT IN SALE RECORDS,1817 E SPRUCE ST,,,,,,6,4,0,2007-12-07,2008-03-07,2007-12-07 to 2008-03-06,NO_PARCEL_RECORD,,,,,,,,,
1,UNKNOWN / NOT IN SALE RECORDS,3835 CALIFORNIA AVE SW,,,,,,6,4,0,2008-01-07,2012-10-26,2008-01-07 to 2008-04-06,NO_PARCEL_RECORD,,,,,,,,,
1,UNKNOWN / NOT IN SALE RECORDS,2012 EASTLAKE AVE E,LAKE SIDE TERRACE CONDOMINIUM,98102,,,,6,4,0,2008-03-24,2025-06-10,2025-03-14 to 2025-06-12,,,205200,370800,576000,,,,,4079000000
1,UNKNOWN / NOT IN SALE RECORDS,10621 61ST AVE S,,98178,,,,6,4,0,2008-10-22,2010-06-01,2010-04-05 to 2010-07-04,,,388000,473000,861000,,,,,561000415
1,UNKNOWN / NOT IN SALE RECORDS,12319 32ND AVE NE,,,,,,6,4,0,2008-10-24,2015-04-22,2014-06-30 to 2014-09-28,NO_PARCEL_RECORD,,,,,,,,,
1,UNKNOWN / NOT IN SALE RECORDS,6536 42ND AVE SW,,,,,,6,4,0,2008-09-19,2012-08-01,2012-07-10 to 2012-10-08,NO_PARCEL_RECORD,,,,,,,,,
1,UNKNOWN / NOT IN SALE RECORDS,5630 32ND AVE SW,,,,,,6,4,0,2009-01-26,2022-05-04,2017-07-03 to 2017-10-01,NO_PARCEL_RECORD,,,,,,,,,
1,UNKNOWN / NOT IN SALE RECORDS,605 W MCGRAW ST,,,,,,6,4,0,2009-02-26,2011-09-14,2009-03-18 to 2009-06-16,NO_PARCEL_RECORD,,,,,,,,,
1,UNKNOWN / NOT IN SALE RECORDS,1605 S MAIN ST,,,,,,6,4,0,2009-06-01,2014-07-17,2013-03-26 to 2013-06-24,NO_PARCEL_RECORD,,,,,,,,,
1,UNKNOWN / NOT IN SALE RECORDS,726 BROADWAY,,,,,,6,4,0,2009-07-07,2009-11-24,2009-07-07 to 2009-10-05,NO_PARCEL_RECORD,,,,,,,,,
1,UNKNOWN / NOT IN SALE RECORDS,7506 32ND AVE NW,,98117,,,,6,4,0,2009-08-26,2011-12-07,2009-08-26 to 2009-11-24,,,765000,488000,1253000,,,,,225039049
1,UNKNOWN / NOT IN SALE RECORDS,5832 NE 75TH ST,,,,,,6,4,0,2009-07-17,2017-04-11,2017-02-28 to 2017-05-29,NO_PARCEL_RECORD,,,,,,,,,
1,UNKNOWN / NOT IN SALE RECORDS,10027 51ST AVE S,,98178,,,,6,4,0,2012-03-22,2018-11-28,2018-11-01 to 2019-01-30,,,324000,199000,523000,,,,,323049017
1,UNKNOWN / NOT IN SALE RECORDS,4238 S KENYON ST,,,,,,6,4,0,2012-06-01,2016-02-24,2016-02-22 to 2016-05-22,NO_PARCEL_RECORD,,,,,,,,,
1,UNKNOWN / NOT IN SALE RECORDS,310 NE 45TH ST,,,,,,6,4,0,2012-09-11,2023-11-01,2012-09-11 to 2012-12-10,NO_PARCEL_RECORD,,,,,,,,,
1,UNKNOWN / NOT IN SALE RECORDS,2222 ALKI AVE SW,EMERALD SHORES,98116,,,,6,4,0,2013-01-31,2023-08-23,2023-06-06 to 2023-09-04,,,5032800,5963200,10996000,,,,,914000020
1,UNKNOWN / NOT IN SALE RECORDS,1817 S LANE ST,1817 S LANE ST,98144,,,,6,4,0,2013-04-19,2015-10-30,2015-09-18 to 2015-12-17,,,110400,491600,602000,,,,,2285280000
1,UNKNOWN / NOT IN SALE RECORDS,1823 26TH AVE,,,,,,6,4,0,2013-04-25,2019-10-29,2019-06-21 to 2019-09-19,NO_PARCEL_RECORD,,,,,,,,,
1,UNKNOWN / NOT IN SALE RECORDS,210 NW 101ST ST,,,,,,6,4,0,2013-08-22,2018-07-23,2016-03-31 to 2016-06-29,NO_PARCEL_RECORD,,,,,,,,,
1,UNKNOWN / NOT IN SALE RECORDS,8103 8TH AVE S,,,,,,6,4,0,2014-12-24,2024-01-11,2014-12-24 to 2015-03-24,NO_PARCEL_RECORD,,,,,,,,,
1,UNKNOWN / NOT IN SALE RECORDS,2406 S GRAHAM ST,,98108,,,,6,4,0,2015-06-16,2016-07-20,2016-06-08 to 2016-09-06,,,515000,295000,810000,,,,,3942900116
1,UNKNOWN / NOT IN SALE RECORDS,102 12TH AVE E,,,,,,6,4,0,2015-09-22,2025-10-12,2024-06-26 to 2024-09-24,NO_PARCEL_RECORD,,,,,,,,,
1,UNKNOWN / NOT IN SALE RECORDS,5422 39TH AVE W,,98199,,,,6,4,0,2016-05-19,2017-03-14,2017-03-07 to 2017-06-05,,,1911000,1722000,3633000,,,,,904000045
1,UNKNOWN / NOT IN SALE RECORDS,11500 6TH AVE NW,,,,,,6,4,0,2017-04-13,2019-09-22,2017-04-13 to 2017-07-12,NO_PARCEL_RECORD,,,,,,,,,
1,UNKNOWN / NOT IN SALE RECORDS,8747 12TH AVE NW,8747 12th Ave NW,98117,,,,6,4,0,2017-07-21,2021-04-07,2017-07-21 to 2017-10-19,,,323600,359400,683000,,,,,2285700000
1,UNKNOWN / NOT IN SALE RECORDS,3220 18TH AVE S,,98144,,,,6,4,0,2017-08-09,2025-06-06,2017-08-09 to 2017-11-07,,,388000,338000,726000,,,,,606000080
1,UNKNOWN / NOT IN SALE RECORDS,7951 2ND AVE S,,,,,,6,4,0,2017-12-04,2018-11-29,2017-12-04 to 2018-03-04,NO_PARCEL_RECORD,,,,,,,,,
1,UNKNOWN / NOT IN SALE RECORDS,8709 15TH AVE NW,,,,,,6,4,0,2017-12-13,2022-09-10,2020-08-06 to 2020-11-04,NO_PARCEL_RECORD,,,,,,,,,
1,UNKNOWN / NOT IN SALE RECORDS,3267 31ST AVE SW,CITY VIEW PARK,98126,,,,6,4,0,2018-05-30,2023-10-24,2023-10-16 to 2024-01-14,,,161600,468400,630000,,,,,1598800000
1,UNKNOWN / NOT IN SALE RECORDS,1461 ELLIOTT AVE W,,,,,,6,4,0,2018-06-25,2019-08-27,2018-11-11 to 2019-02-09,NO_PARCEL_RECORD,,,,,,,,,
1,UNKNOWN / NOT IN SALE RECORDS,6539 4TH AVE NE,,,,,,6,4,0,2018-07-20,2020-06-12,2020-01-12 to 2020-04-11,NO_PARCEL_RECORD,,,,,,,,,
1,UNKNOWN / NOT IN SALE RECORDS,3029 S EDMUNDS ST,,,,,,6,4,0,2018-12-04,2021-10-18,2018-12-04 to 2019-03-04,NO_PARCEL_RECORD,,,,,,,,,
1,UNKNOWN / NOT IN SALE RECORDS,6511 WOODLAWN AVE N,,98103,,,,6,4,0,2018-01-31,2020-06-29,2018-01-31 to 2018-05-01,SUSPICIOUS_IMPR_VALUE_1000,,1045000,1000,1046000,,,,,9528100040
1,UNKNOWN / NOT IN SALE RECORDS,4703 21ST AVE NE,ZETA PSI FRATERNITY,98105,,,,6,4,0,2019-02-22,2024-12-04,2019-02-22 to 2019-05-23,,,4946700,1343900,6290600,,,,,925049279
1,UNKNOWN / NOT IN SALE RECORDS,5808 17TH AVE NW,,,,,,6,4,0,2019-02-25,2020-02-04,2019-02-25 to 2019-05-26,NO_PARCEL_RECORD,,,,,,,,,
1,UNKNOWN / NOT IN SALE RECORDS,118 6TH AVE N,,,,,,6,4,0,2019-05-15,2025-06-12,2025-06-09 to 2025-09-07,NO_PARCEL_RECORD,,,,,,,,,
1,UNKNOWN / NOT IN SALE RECORDS,11557 GREENWOOD AVE N,,,,,,6,4,0,2019-05-20,2024-09-20,2024-09-20 to 2024-12-19,NO_PARCEL_RECORD,,,,,,,,,
1,UNKNOWN / NOT IN SALE RECORDS,516 12TH AVE E,,,,,,6,4,0,2019-07-11,2025-05-12,2025-04-07 to 2025-07-06,NO_PARCEL_RECORD,,,,,,,,,
1,UNKNOWN / NOT IN SALE RECORDS,2215 N 45TH ST,OMARS TIRES,98103,,,,6,4,0,2019-07-16,2022-12-05,2019-07-16 to 2019-10-14,SUSPICIOUS_IMPR_VALUE_1000,,1852900,1000,1853900,,,,,510002175
1,UNKNOWN / NOT IN SALE RECORDS,802 29TH AVE S,,98144,,,,6,4,0,2019-08-28,2022-06-24,2020-03-02 to 2020-05-31,,,315000,413000,728000,,,,,567000605
1,UNKNOWN / NOT IN SALE RECORDS,4803 DELRIDGE WAY SW,,,,,,6,4,0,2019-10-18,2021-06-28,2019-10-18 to 2020-01-16,NO_PARCEL_RECORD,,,,,,,,,
1,UNKNOWN / NOT IN SALE RECORDS,2318 NE 125TH ST,,,,,,6,4,0,2020-01-13,2022-08-13,2021-12-17 to 2022-03-17,NO_PARCEL_RECORD,,,,,,,,,
1,UNKNOWN / NOT IN SALE RECORDS,3603 NE 43RD ST,,,,,,6,4,0,2020-03-25,2020-08-17,2020-03-25 to 2020-06-23,NO_PARCEL_RECORD,,,,,,,,,
1,UNKNOWN / NOT IN SALE RECORDS,3749 SW MONROE ST,3749 SW MONROE ST,98126,,,,6,4,0,2020-04-17,2024-01-30,2020-08-04 to 2020-11-02,,,188100,248900,437000,,,,,8602740000
1,UNKNOWN / NOT IN SALE RECORDS,520 N 47TH ST,,,,,,6,4,0,2020-06-08,2021-02-23,2020-06-08 to 2020-09-06,NO_PARCEL_RECORD,,,,,,,,,
1,UNKNOWN / NOT IN SALE RECORDS,702 BOREN AVE,,,,,,6,4,0,2020-06-10,2025-10-06,2020-06-10 to 2020-09-08,NO_PARCEL_RECORD,,,,,,,,,
1,UNKNOWN / NOT IN SALE RECORDS,946 19TH AVE E,946 19th Ave E,98112,,,,6,4,0,2020-06-19,2021-04-06,2020-10-15 to 2021-01-13,,,378000,251000,629000,,,,,6093230000
1,UNKNOWN / NOT IN SALE RECORDS,21 W COMSTOCK ST,COMSTOCK THE CONDOMINIUM,98119,,,,6,4,0,2020-09-10,2023-08-15,2023-05-26 to 2023-08-24,,,390100,566900,957000,,,,,1731700000
1,UNKNOWN / NOT IN SALE RECORDS,3313 S DEARBORN ST,3313 S DEARBORN ST CONDOMINIUM,98144,,,,6,4,0,2020-11-18,2021-10-22,2021-09-29 to 2021-12-28,,,103400,673600,777000,,,,,8637050000
1,UNKNOWN / NOT IN SALE RECORDS,469 NW BOWDOIN PL,,,,,,6,4,0,2021-04-16,2023-08-18,2023-07-24 to 2023-10-22,NO_PARCEL_RECORD,,,,,,,,,
1,UNKNOWN / NOT IN SALE RECORDS,11822 31ST PL NE,11822 31ST PL NE CONDOMINIUM,98125,,,,6,4,0,2021-07-27,2023-02-28,2022-05-24 to 2022-08-22,,,104200,711800,816000,,,,,6392060000
1,UNKNOWN / NOT IN SALE RECORDS,6002 26TH AVE NW,,98107,,,,6,4,0,2022-01-26,2025-10-03,2025-08-18 to 2025-11-16,,,182400,,182400,,,,,2767602859
1,UNKNOWN / NOT IN SALE RECORDS,2001 A S NORMAN ST,,,,,,6,4,0,2022-03-28,2024-12-05,2022-03-28 to 2022-06-26,NO_PARCEL_RECORD,,,,,,,,,
1,UNKNOWN / NOT IN SALE RECORDS,14048 PALATINE AVE N,14048 PALATINE AVE N,98133,,,,6,4,0,2022-04-13,2023-04-16,2022-10-13 to 2023-01-11,,,165500,514500,680000,,,,,2604230000
1,UNKNOWN / NOT IN SALE RECORDS,329 NW 85TH ST,,,,,,6,4,0,2022-05-13,2022-12-31,2022-11-08 to 2023-02-06,NO_PARCEL_RECORD,,,,,,,,,
1,UNKNOWN / NOT IN SALE RECORDS,8845 9TH AVE NW,,,,,,6,4,0,2022-10-24,2023-02-21,2022-10-24 to 2023-01-22,NO_PARCEL_RECORD,,,,,,,,,
1,UNKNOWN / NOT IN SALE RECORDS,5649 UNIVERSITY WAY NE,,,,,,6,4,0,2022-10-22,2024-02-26,2024-02-15 to 2024-05-15,NO_PARCEL_RECORD,,,,,,,,,
1,UNKNOWN / NOT IN SALE RECORDS,1108 34TH AVE,,,,,,6,4,0,2023-04-17,2024-02-08,2023-05-30 to 2023-08-28,NO_PARCEL_RECORD,,,,,,,,,
1,UNKNOWN / NOT IN SALE RECORDS,3818 S ANGELINE ST,,,,,,6,4,0,2023-05-30,2025-01-13,2023-05-30 to 2023-08-28,NO_PARCEL_RECORD,,,,,,,,,
1,UNKNOWN / NOT IN SALE RECORDS,156 25TH AVE,,98122,,,,6,4,0,2023-09-07,2025-09-09,2023-09-07 to 2023-12-06,,,461000,366000,827000,,,,,363000025
1,UNKNOWN / NOT IN SALE RECORDS,3650 51ST AVE SW,3650 51ST AVENUE SOUTHWEST,98116,,,,6,4,0,2024-04-11,2024-12-02,2024-04-11 to 2024-07-10,,,142100,645900,788000,,,,,8607120000
1,UNKNOWN / NOT IN SALE RECORDS,1507 WESTERN AVE,FIX BUILDING THE CONDOMINIUM,98101,,1910,6,6,4,0,2024-07-22,2025-01-16,2024-12-11 to 2025-03-11,,,135500,224500,360000,,,,,2570280000
1,UNKNOWN / NOT IN SALE RECORDS,301 4TH AVE S,,,,,,6,4,0,2025-01-17,2025-09-08,2025-07-21 to 2025-10-19,NO_PARCEL_RECORD,,,,,,,,,
1,UNKNOWN / NOT IN SALE RECORDS,1218 10TH AVE,,,,,,6,4,0,2025-04-09,2025-10-08,2025-04-09 to 2025-07-08,NO_PARCEL_RECORD,,,,,,,,,
1,UNKNOWN / NOT IN SALE RECORDS,2403 BOYER AVE E,,,,,,6,3,0,2003-12-09,2004-08-20,2004-05-04 to 2004-08-02,NO_PARCEL_RECORD,,,,,,,,,
1,UNKNOWN / NOT IN SALE RECORDS,527 11TH AVE E,,,,,,6,3,0,2004-02-25,2006-08-14,2005-06-28 to 2005-09-26,NO_PARCEL_RECORD,,,,,,,,,
1,UNKNOWN / NOT IN SALE RECORDS,2008 3RD AVE,,,,,,6,3,0,2004-03-03,2009-10-06,2009-10-02 to 2009-12-31,NO_PARCEL_RECORD,,,,,,,,,
1,UNKNOWN / NOT IN SALE RECORDS,12706 LAKE CITY WAY NE,,,,,,6,3,0,2004-06-07,2010-04-28,2004-07-02 to 2004-09-30,NO_PARCEL_RECORD,,,,,,,,,
1,UNKNOWN / NOT IN SALE RECORDS,3511 W COMMODORE WAY,,,,,,6,3,0,2004-06-23,2007-06-11,2004-06-23 to 2004-09-21,NO_PARCEL_RECORD,,,,,,,,,
1,UNKNOWN / NOT IN SALE RECORDS,6026 FAUNTLEROY WAY SW,,,,,,6,3,0,2004-08-17,2007-12-03,2004-08-17 to 2004-11-15,NO_PARCEL_RECORD,,,,,,,,,
1,UNKNOWN / NOT IN SALE RECORDS,7948 11TH AVE SW,11TH AVE COTTAGES,98106,,,,6,3,0,2004-10-14,2024-09-05,2024-07-22 to 2024-10-20,,,98400,548600,647000,,,,,6389370000
1,UNKNOWN / NOT IN SALE RECORDS,8605 14TH AVE S,,,,,,6,3,0,2004-12-06,2025-06-23,2016-03-17 to 2016-06-15,NO_PARCEL_RECORD,,,,,,,,,
1,UNKNOWN / NOT IN SALE RECORDS,13328 30TH AVE NE,,98125,,,,6,3,0,2004-12-09,2021-05-14,2004-12-09 to 2005-03-09,,,476000,170000,646000,,,,,1453600162
1,UNKNOWN / NOT IN SALE RECORDS,1103 26TH AVE S,,98144,,,,6,3,0,2004-12-17,2025-02-07,2004-12-17 to 2005-03-17,SUSPICIOUS_IMPR_VALUE_1000,,1062000,1000,1063000,,,,,424049038
1,UNKNOWN / NOT IN SALE RECORDS,3019 S BRADFORD ST,,98108,,,,6,3,0,2005-01-07,2014-06-20,2008-05-05 to 2008-08-03,,,383000,467000,850000,,,,,1624049284
1,UNKNOWN / NOT IN SALE RECORDS,4222 S SPENCER ST,,98118,,,,6,3,0,2005-01-14,2025-09-06,2005-01-14 to 2005-04-14,,,316000,162000,478000,,,,,3332500785
1,UNKNOWN / NOT IN SALE RECORDS,13331 23RD AVE NE,YUMU,98125,,,,6,3,0,2005-04-29,2019-09-12,2005-04-29 to 2005-07-28,,,160600,400,161000,,,,,9845700000
1,UNKNOWN / NOT IN SALE RECORDS,7529 BEACON AVE S,,98118,,,,6,3,0,2005-06-29,2011-08-29,2011-05-31 to 2011-08-29,,,347000,222000,569000,,,,,886000015
1,UNKNOWN / NOT IN SALE RECORDS,405 15TH AVE E,,,,,,6,3,0,2005-07-11,2006-11-29,2005-07-11 to 2005-10-09,NO_PARCEL_RECORD,,,,,,,,,
1,UNKNOWN / NOT IN SALE RECORDS,3022 5TH AVE W,,,,,,6,3,0,2005-07-11,2014-09-03,2006-03-23 to 2006-06-21,NO_PARCEL_RECORD,,,,,,,,,
1,UNKNOWN / NOT IN SALE RECORDS,309 1ST AVE S,,,,,,6,3,0,2005-08-08,2024-06-15,2011-03-24 to 2011-06-22,NO_PARCEL_RECORD,,,,,,,,,
1,UNKNOWN / NOT IN SALE RECORDS,903 NW 62ND ST,,98107,,,,6,3,0,2005-08-10,2021-11-04,2015-02-11 to 2015-05-12,,,550000,352000,902000,,,,,123000065
1,UNKNOWN / NOT IN SALE RECORDS,1126 M L KING JR WAY,,,,,,6,3,0,2005-10-03,2023-11-09,2005-10-03 to 2006-01-01,NO_PARCEL_RECORD,,,,,,,,,
1,UNKNOWN / NOT IN SALE RECORDS,2206 11TH AVE W,,,,,,6,3,0,2005-11-29,2020-04-06,2020-03-20 to 2020-06-18,NO_PARCEL_RECORD,,,,,,,,,
1,UNKNOWN / NOT IN SALE RECORDS,316 NW 53RD ST,,98107,,,,6,3,0,2005-12-02,2025-06-27,2025-05-16 to 2025-08-14,,,461000,631000,1092000,,,,,475000630
1,UNKNOWN / NOT IN SALE RECORDS,4441 RAINIER AVE S,,,,,,6,3,0,2005-01-20,2010-07-08,2007-04-18 to 2007-07-17,NO_PARCEL_RECORD,,,,,,,,,
1,UNKNOWN / NOT IN SALE RECORDS,1517 VALENTINE PL S,,,,,,6,3,0,2005-03-07,2012-10-19,2012-08-06 to 2012-11-04,NO_PARCEL_RECORD,,,,,,,,,
1,UNKNOWN / NOT IN SALE RECORDS,1521 VALENTINE PL S,,,,,,6,3,0,2005-05-23,2012-10-19,2012-08-06 to 2012-11-04,NO_PARCEL_RECORD,,,,,,,,,
1,UNKNOWN / NOT IN SALE RECORDS,8958 AURORA AVE N,,,,,,6,3,0,2006-02-23,2015-06-15,2013-10-30 to 2014-01-28,NO_PARCEL_RECORD,,,,,,,,,
1,UNKNOWN / NOT IN SALE RECORDS,1115 M L KING JR WAY S,,,,,,6,3,0,2006-03-28,2019-09-25,2019-06-03 to 2019-09-01,NO_PARCEL_RECORD,,,,,,,,,
1,UNKNOWN / NOT IN SALE RECORDS,1400 E UNION ST,,,,,,6,3,0,2006-04-27,2022-02-08,2022-01-06 to 2022-04-06,NO_PARCEL_RECORD,,,,,,,,,
1,UNKNOWN / NOT IN SALE RECORDS,3410 59TH AVE SW,,98116,,,,6,3,0,2006-07-19,2019-05-19,2006-07-19 to 2006-10-17,,,401000,1130000,1531000,,,,,148000596
1,UNKNOWN / NOT IN SALE RECORDS,649 NW 52ND ST,,98107,,,,6,3,0,2006-07-19,2014-07-24,2006-07-19 to 2006-10-17,,,687000,1037000,1724000,,,,,475000965
1,UNKNOWN / NOT IN SALE RECORDS,6536 24TH AVE SW,,,,,,6,3,0,2006-07-27,2015-12-09,2006-07-27 to 2006-10-25,NO_PARCEL_RECORD,,,,,,,,,
1,UNKNOWN / NOT IN SALE RECORDS,3108 E JEFFERSON ST,,,,,,6,3,0,2006-08-16,2010-07-12,2006-08-16 to 2006-11-14,NO_PARCEL_RECORD,,,,,,,,,
1,UNKNOWN / NOT IN SALE RECORDS,3650 60TH AVE SW,,,,,,6,3,0,2006-08-31,2025-06-12,2025-02-13 to 2025-05-14,NO_PARCEL_RECORD,,,,,,,,,
1,UNKNOWN / NOT IN SALE RECORDS,2342 NW 96TH ST,,98117,,,,6,3,0,2006-10-03,2025-09-13,2006-10-03 to 2007-01-01,,,799000,673000,1472000,,,,,579002220
1,UNKNOWN / NOT IN SALE RECORDS,4200 PASADENA PL NE,,,,,,6,3,0,2006-10-26,2022-06-06,2018-03-16 to 2018-06-14,NO_PARCEL_RECORD,,,,,,,,,
1,UNKNOWN / NOT IN SALE RECORDS,2910 NE 52ND ST,,98105,,,,6,3,0,2006-11-07,2017-06-26,2006-11-07 to 2007-02-05,,,665000,363000,1028000,,,,,925049295
1,UNKNOWN / NOT IN SALE RECORDS,1732 ALKI AVE SW,,98116,,,,6,3,0,2007-01-12,2020-03-11,2017-06-20 to 2017-09-18,SUSPICIOUS_IMPR_VALUE_1000,,2000000,1000,2001000,,,,,139000130
1,UNKNOWN / NOT IN SALE RECORDS,1402 NE 65TH ST,CENTERLINE APARTMENTS assoc w/ minor 9030,98115,,,,6,3,0,2007-02-15,2015-03-17,2007-02-15 to 2007-05-16,,,2153700,,2153700,,,,,525049107
1,UNKNOWN / NOT IN SALE RECORDS,8210 NORTHROP PL SW,,98136,,,,6,3,0,2007-04-11,2010-12-14,2007-04-11 to 2007-07-10,,,617000,185000,802000,,,,,34001760
1,UNKNOWN / NOT IN SALE RECORDS,3416 33RD AVE S,,98144,,,,6,3,0,2007-06-21,2025-07-29,2007-06-21 to 2007-09-19,,,425000,280000,705000,,,,,9834200915
1,UNKNOWN / NOT IN SALE RECORDS,3221 POINT PL SW,,98116,,,,6,3,0,2007-07-19,2012-02-23,2011-03-22 to 2011-06-20,,,1841000,370000,2211000,,,,,148000895
1,UNKNOWN / NOT IN SALE RECORDS,1303 NE CAMPUS PKWY,,,,,,6,3,0,2007-08-14,2011-06-23,2007-08-14 to 2007-11-12,NO_PARCEL_RECORD,,,,,,,,,
1,UNKNOWN / NOT IN SALE RECORDS,6970 CALIFORNIA AVE SW,WESTWATER CONDOMINIUM,98136,,,,6,3,0,2007-10-03,2016-10-18,2007-10-03 to 2008-01-01,,,57700,240300,298000,,,,,9320890000
1,UNKNOWN / NOT IN SALE RECORDS,301 NW 52ND ST,,98107,,,,6,3,0,2007-10-04,2021-05-03,2007-10-04 to 2008-01-02,,,714000,584000,1298000,,,,,475001145
1,UNKNOWN / NOT IN SALE RECORDS,10110 GREENWOOD AVE N,MT. OLYMPUS VIEW CONDOMINIUM,98133,,,,6,3,0,2007-10-08,2025-09-03,2021-11-12 to 2022-02-10,,,78100,210900,289000,,,,,5702370000
1,UNKNOWN / NOT IN SALE RECORDS,5029 DELRIDGE WAY SW,,,,,,6,3,0,2007-09-26,2011-07-26,2010-06-10 to 2010-09-08,NO_PARCEL_RECORD,,,,,,,,,
1,UNKNOWN / NOT IN SALE RECORDS,935 16TH AVE,,,,,,6,3,0,2007-12-28,2016-09-12,2016-08-02 to 2016-10-31,NO_PARCEL_RECORD,,,,,,,,,
1,UNKNOWN / NOT IN SALE RECORDS,5620 M L KING JR WAY S,,,,,,6,3,0,2008-09-29,2024-07-10,2024-05-08 to 2024-08-06,NO_PARCEL_RECORD,,,,,,,,,
1,UNKNOWN / NOT IN SALE RECORDS,1400 NW MARKET ST,,,,,,6,3,0,2008-10-21,2011-09-30,2008-10-21 to 2009-01-19,NO_PARCEL_RECORD,,,,,,,,,
1,UNKNOWN / NOT IN SALE RECORDS,674 S WELLER ST,,,,,,6,3,0,2009-01-20,2025-02-04,2024-04-22 to 2024-07-21,NO_PARCEL_RECORD,,,,,,,,,
1,UNKNOWN / NOT IN SALE RECORDS,2404 THORNDYKE PL W,,,,,,6,3,0,2009-02-04,2025-07-14,2025-06-20 to 2025-09-18,NO_PARCEL_RECORD,,,,,,,,,
1,UNKNOWN / NOT IN SALE RECORDS,3515 SW 98TH ST,,98126,,,,6,3,0,2009-02-18,2020-11-25,2009-02-18 to 2009-05-19,,,402000,87000,489000,,,,,37000210
1,UNKNOWN / NOT IN SALE RECORDS,2707 13TH AVE S,,,,,,6,3,0,2009-02-26,2023-06-06,2009-02-26 to 2009-05-27,NO_PARCEL_RECORD,,,,,,,,,
1,UNKNOWN / NOT IN SALE RECORDS,7318 35TH AVE NE,,,,,,6,3,0,2009-12-16,2019-09-29,2019-01-23 to 2019-04-23,NO_PARCEL_RECORD,,,,,,,,,
1,UNKNOWN / NOT IN SALE RECORDS,3035 S CHICAGO ST,,98108,,,,6,3,0,2010-01-26,2022-08-29,2010-01-26 to 2010-04-26,,,344000,182000,526000,,,,,7400064
1,UNKNOWN / NOT IN SALE RECORDS,3018 S BRANDON ST,,,,,,6,3,0,2010-03-30,2017-06-14,2017-06-12 to 2017-09-10,NO_PARCEL_RECORD,,,,,,,,,
1,UNKNOWN / NOT IN SALE RECORDS,1717 16TH AVE S,,,,,,6,3,0,2010-05-12,2015-07-16,2013-06-18 to 2013-09-16,NO_PARCEL_RECORD,,,,,,,,,
1,UNKNOWN / NOT IN SALE RECORDS,6510 34TH AVE SW,,,,,,6,3,0,2010-06-03,2011-05-18,2010-06-03 to 2010-09-01,NO_PARCEL_RECORD,,,,,,,,,
1,UNKNOWN / NOT IN SALE RECORDS,5415 B BAKER AVE NW,,,,,,6,3,0,2010-06-09,2014-06-12,2011-05-18 to 2011-08-16,NO_PARCEL_RECORD,,,,,,,,,
1,UNKNOWN / NOT IN SALE RECORDS,1522 E OLIVE WAY,,,,,,6,3,0,2010-06-15,2025-01-08,2024-11-15 to 2025-02-13,NO_PARCEL_RECORD,,,,,,,,,
1,UNKNOWN / NOT IN SALE RECORDS,4315 THACKERAY PL NE,4315 THACKERY PL NE,98105,,,,6,3,0,2010-07-22,2022-03-11,2021-11-01 to 2022-01-30,,,191200,627800,819000,,,,,2603420000
1,UNKNOWN / NOT IN SALE RECORDS,2749 CALIFORNIA AVE SW,,,,,,6,3,0,2010-11-09,2019-12-17,2019-11-05 to 2020-02-03,NO_PARCEL_RECORD,,,,,,,,,
1,UNKNOWN / NOT IN SALE RECORDS,5903 GREENWOOD AVE N,,98103,,,,6,3,0,2010-12-16,2023-06-28,2023-05-09 to 2023-08-07,,,827000,606000,1433000,,,,,455000215
1,UNKNOWN / NOT IN SALE RECORDS,829 4TH AVE S,,,,,,6,3,0,2010-12-17,2019-07-15,2019-06-25 to 2019-09-23,NO_PARCEL_RECORD,,,,,,,,,
1,UNKNOWN / NOT IN SALE RECORDS,7352 14TH AVE NW,,98117,,,,6,3,0,2011-03-07,2013-05-01,2011-09-22 to 2011-12-21,,,714000,68000,782000,,,,,461002015
1,UNKNOWN / NOT IN SALE RECORDS,6317 42ND AVE SW,4-PLEX,98136,,,,6,3,0,2011-07-29,2018-09-29,2018-09-12 to 2018-12-11,,,725000,460000,1185000,,,,,826000120
1,UNKNOWN / NOT IN SALE RECORDS,622 NW 86TH ST,,98117,,,,6,3,0,2011-08-09,2024-12-05,2011-08-09 to 2011-11-07,,,501000,546000,1047000,,,,,946000180
1,UNKNOWN / NOT IN SALE RECORDS,821 7TH AVE S,,,,,,6,3,0,2011-08-10,2025-08-04,2025-04-21 to 2025-07-20,NO_PARCEL_RECORD,,,,,,,,,
1,UNKNOWN / NOT IN SALE RECORDS,418 W BARRETT ST,,98119,,,,6,3,0,2011-08-19,2016-11-18,2016-08-26 to 2016-11-24,,,280000,548000,828000,,,,,976000961
1,UNKNOWN / NOT IN SALE RECORDS,1304 ALKI AVE SW,,98116,,,,6,3,0,2011-09-08,2024-02-02,2024-01-24 to 2024-04-23,SUSPICIOUS_IMPR_VALUE_1000,,1251000,1000,1252000,,,,,3867400150
1,UNKNOWN / NOT IN SALE RECORDS,1200 MADISON ST,,,,,,6,3,0,2011-10-19,2014-01-24,2011-11-18 to 2012-02-16,NO_PARCEL_RECORD,,,,,,,,,
1,UNKNOWN / NOT IN SALE RECORDS,3019 BEACON AVE S,Oak,98144,,,,6,3,0,2012-01-19,2024-10-25,2020-02-23 to 2020-05-23,,,557200,296700,853900,,,,,597000650
1,UNKNOWN / NOT IN SALE RECORDS,4535 33RD AVE S,,,,,,6,3,0,2012-05-04,2019-06-19,2019-06-12 to 2019-09-10,NO_PARCEL_RECORD,,,,,,,,,
1,UNKNOWN / NOT IN SALE RECORDS,3656 13TH AVE W,QUEEN ANNE CONDOMINIUM,98119,,,,6,3,0,2012-07-24,2018-05-11,2016-03-08 to 2016-06-06,,,348000,355000,703000,,,,,7010600000
1,UNKNOWN / NOT IN SALE RECORDS,5515 40TH AVE NE,,,,,,6,3,0,2012-07-26,2025-10-09,2025-07-17 to 2025-10-15,NO_PARCEL_RECORD,,,,,,,,,
1,UNKNOWN / NOT IN SALE RECORDS,3032 5TH AVE W,,,,,,6,3,0,2012-07-30,2024-08-20,2022-09-22 to 2022-12-21,NO_PARCEL_RECORD,,,,,,,,,
1,UNKNOWN / NOT IN SALE RECORDS,7112 45TH AVE S,,98118,,,,6,3,0,2012-10-08,2013-09-05,2013-06-12 to 2013-09-10,,,650000,429000,1079000,,,,,427000065
1,UNKNOWN / NOT IN SALE RECORDS,2751 53RD AVE SW,,98116,,,,6,3,0,2012-10-19,2025-07-22,2025-04-09 to 2025-07-08,,,843000,105000,948000,,,,,59000165
1,UNKNOWN / NOT IN SALE RECORDS,917 NW 51ST ST,,,,,,6,3,0,2012-12-20,2020-09-01,2012-12-20 to 2013-03-20,NO_PARCEL_RECORD,,,,,,,,,
1,UNKNOWN / NOT IN SALE RECORDS,6011 24TH AVE NW,,,,,,6,3,0,2013-03-08,2023-08-17,2022-07-09 to 2022-10-07,NO_PARCEL_RECORD,,,,,,,,,
1,UNKNOWN / NOT IN SALE RECORDS,3731 SW CLOVERDALE ST,,98126,,,,6,3,0,2013-04-03,2020-07-16,2019-11-05 to 2020-02-03,,,528000,195000,723000,,,,,1781500393
1,UNKNOWN / NOT IN SALE RECORDS,3227 BEACON AVE S,,,,,,6,3,0,2013-04-29,2017-08-17,2017-07-25 to 2017-10-23,NO_PARCEL_RECORD,,,,,,,,,
1,UNKNOWN / NOT IN SALE RECORDS,3021 NE 115TH ST,,98125,,,,6,3,0,2013-05-08,2023-11-09,2023-09-15 to 2023-12-14,,,427000,45000,472000,,,,,752000155
1,UNKNOWN / NOT IN SALE RECORDS,1367 30TH AVE S,,,,,,6,3,0,2013-06-03,2014-08-13,2013-06-03 to 2013-09-01,NO_PARCEL_RECORD,,,,,,,,,
1,UNKNOWN / NOT IN SALE RECORDS,5547 S NORFOLK ST,,98118,,,,6,3,0,2013-07-29,2022-10-08,2015-06-17 to 2015-09-15,,,267000,250000,517000,,,,,770000040
1,UNKNOWN / NOT IN SALE RECORDS,11023 8TH AVE NE,,,,,,6,3,0,2013-10-15,2023-08-22,2022-11-18 to 2023-02-16,NO_PARCEL_RECORD,,,,,,,,,
1,UNKNOWN / NOT IN SALE RECORDS,7617 AURORA AVE N,,,,,,6,3,0,2014-01-13,2015-12-14,2014-02-10 to 2014-05-11,NO_PARCEL_RECORD,,,,,,,,,
1,UNKNOWN / NOT IN SALE RECORDS,809 26TH AVE E,,,,,,6,3,0,2014-02-27,2023-11-02,2022-07-05 to 2022-10-03,NO_PARCEL_RECORD,,,,,,,,,
1,UNKNOWN / NOT IN SALE RECORDS,11099 ARROYO BEACH PL SW,,98146,,,,6,3,0,2014-04-17,2021-10-06,2017-08-07 to 2017-11-05,,,1622000,1966000,3588000,,,,,284000090
1,UNKNOWN / NOT IN SALE RECORDS,2847 S ALASKA ST,,,,,,6,3,0,2014-04-18,2014-08-08,2014-04-18 to 2014-07-17,NO_PARCEL_RECORD,,,,,,,,,
1,UNKNOWN / NOT IN SALE RECORDS,1631 S KING ST,,,,,,6,3,0,2014-04-21,2016-10-21,2014-04-21 to 2014-07-20,NO_PARCEL_RECORD,,,,,,,,,
1,UNKNOWN / NOT IN SALE RECORDS,9835 57TH AVE S,,98118,,,,6,3,0,2014-06-17,2024-12-03,2024-01-10 to 2024-04-09,,,318000,287000,605000,,,,,770000085
1,UNKNOWN / NOT IN SALE RECORDS,3840 EVANSTON AVE N,4 - PLEX,98103,,,,6,3,0,2014-08-04,2023-06-20,2023-05-10 to 2023-08-08,,,821000,647000,1468000,,,,,1972200886
1,UNKNOWN / NOT IN SALE RECORDS,2580 29TH AVE S,,,,,,6,3,0,2014-08-05,2020-03-12,2014-08-05 to 2014-11-03,NO_PARCEL_RECORD,,,,,,,,,
1,UNKNOWN / NOT IN SALE RECORDS,314 N 133RD ST,,98133,,,,6,3,0,2014-10-02,2017-04-11,2014-10-02 to 2014-12-31,SUSPICIOUS_IMPR_VALUE_1000,,619000,1000,620000,,,,,832000065
1,UNKNOWN / NOT IN SALE RECORDS,2210 N 43RD ST,,98103,,,,6,3,0,2015-02-02,2020-12-30,2020-10-07 to 2021-01-05,,,658000,353000,1011000,,,,,510002915
1,UNKNOWN / NOT IN SALE RECORDS,12003 15TH AVE NE,Park Place Apartments,98125,,,,6,3,0,2015-03-10,2025-03-25,2025-01-28 to 2025-04-28,,,788500,2516500,3305000,,,,,820000098
1,UNKNOWN / NOT IN SALE RECORDS,1521 26TH AVE S,,98144,,,,6,3,0,2015-06-01,2022-11-16,2015-06-01 to 2015-08-30,SUSPICIOUS_IMPR_VALUE_1000,,1475000,1000,1476000,,,,,272000190
1,UNKNOWN / NOT IN SALE RECORDS,6507 ELLIS AVE S,,,,,,6,3,0,2015-05-26,2016-09-09,2015-10-12 to 2016-01-10,NO_PARCEL_RECORD,,,,,,,,,
1,UNKNOWN / NOT IN SALE RECORDS,824 28TH AVE S,4 PLEX,98144,,,,6,3,0,2015-06-19,2022-02-24,2020-03-19 to 2020-06-17,,,807000,323000,1130000,,,,,424049057
1,UNKNOWN / NOT IN SALE RECORDS,7901 16TH AVE SW,7901 16TH AVE SW,98106,,,,6,3,0,2015-07-22,2024-09-05,2015-09-13 to 2015-12-12,,,98400,472600,571000,,,,,7699120000
1,UNKNOWN / NOT IN SALE RECORDS,2600 3RD AVE,THE OLD VINE COURT BUILDING,98121,,,,6,3,0,2015-09-03,2020-11-18,2020-11-09 to 2021-02-07,SUSPICIOUS_IMPR_VALUE_1000,,12052800,1000,12053800,,,,,656000390
1,UNKNOWN / NOT IN SALE RECORDS,8551 MIDVALE AVE N,,,,,,6,3,0,2015-09-11,2021-09-29,2021-07-02 to 2021-09-30,NO_PARCEL_RECORD,,,,,,,,,
1,UNKNOWN / NOT IN SALE RECORDS,1140 BOYLSTON AVE,,,,,,6,3,0,2015-09-16,2023-08-05,2022-09-19 to 2022-12-18,NO_PARCEL_RECORD,,,,,,,,,
1,UNKNOWN / NOT IN SALE RECORDS,701 S MAIN ST,,,,,,6,3,0,2015-10-20,2025-09-18,2025-09-18 to 2025-12-17,NO_PARCEL_RECORD,,,,,,,,,
1,UNKNOWN / NOT IN SALE RECORDS,2519 14TH AVE S,,,,,,6,3,0,2015-11-04,2023-06-15,2021-02-08 to 2021-05-09,NO_PARCEL_RECORD,,,,,,,,,
1,UNKNOWN / NOT IN SALE RECORDS,424 QUEEN ANNE AVE N,Counterbalance Lofts,98109,,2005,4,6,3,0,2015-11-05,2025-04-02,2015-11-05 to 2016-02-03,,,301700,102900,404600,,,,,1784600000
1,UNKNOWN / NOT IN SALE RECORDS,308 12TH AVE E,,,,,,6,3,0,2015-11-19,2022-05-19,2017-05-18 to 2017-08-16,NO_PARCEL_RECORD,,,,,,,,,
1,UNKNOWN / NOT IN SALE RECORDS,101 JOHN ST,,,,,,6,3,0,2016-03-21,2024-05-04,2016-03-21 to 2016-06-19,NO_PARCEL_RECORD,,,,,,,,,
1,UNKNOWN / NOT IN SALE RECORDS,9225 16TH AVE SW,,,,,,6,3,0,2016-04-19,2020-09-28,2018-03-01 to 2018-05-30,NO_PARCEL_RECORD,,,,,,,,,
1,UNKNOWN / NOT IN SALE RECORDS,5046 M L KING JR WAY S,,,,,,6,3,0,2016-05-06,2018-03-21,2017-09-05 to 2017-12-04,NO_PARCEL_RECORD,,,,,,,,,
1,UNKNOWN / NOT IN SALE RECORDS,6548 40TH AVE NE,,98115,,,,6,3,0,2016-05-24,2018-11-07,2016-05-24 to 2016-08-22,,,677000,268000,945000,,,,,434000015
1,UNKNOWN / NOT IN SALE RECORDS,508 N 71ST ST,,98103,,,,6,3,0,2016-09-08,2021-06-28,2018-05-09 to 2018-08-07,,,530000,476000,1006000,,,,,625049191
1,UNKNOWN / NOT IN SALE RECORDS,9235 16TH AVE SW,,,,,,6,3,0,2016-10-31,2018-03-08,2017-07-31 to 2017-10-29,NO_PARCEL_RECORD,,,,,,,,,
1,UNKNOWN / NOT IN SALE RECORDS,106 N 140TH ST,,98133,,,,6,3,0,2016-12-01,2019-02-01,2016-12-01 to 2017-03-01,,,559000,1066000,1625000,,,,,748000180
1,UNKNOWN / NOT IN SALE RECORDS,1758 DEXTER AVE N,HAN-ROC CONDOMINIUM,98109,,,,6,3,0,2016-12-27,2025-03-24,2017-07-06 to 2017-10-04,,,299800,95200,395000,,,,,3090000000
1,UNKNOWN / NOT IN SALE RECORDS,1112 13TH AVE,,,,,,6,3,0,2016-07-12,2018-05-30,2017-08-29 to 2017-11-27,NO_PARCEL_RECORD,,,,,,,,,
1,UNKNOWN / NOT IN SALE RECORDS,3109 RAINIER AVE S,,,,,,6,3,0,2017-04-12,2021-03-05,2018-10-27 to 2019-01-25,NO_PARCEL_RECORD,,,,,,,,,
1,UNKNOWN / NOT IN SALE RECORDS,1614 NE 117TH ST,,,,,,6,3,0,2017-04-27,2024-10-17,2024-09-19 to 2024-12-18,NO_PARCEL_RECORD,,,,,,,,,
1,UNKNOWN / NOT IN SALE RECORDS,1001 JOHN ST,,,,,,6,3,0,2017-05-23,2025-09-02,2023-01-12 to 2023-04-12,NO_PARCEL_RECORD,,,,,,,,,
1,UNKNOWN / NOT IN SALE RECORDS,329 29TH AVE S,,,,,,6,3,0,2017-08-17,2019-08-12,2017-08-17 to 2017-11-15,NO_PARCEL_RECORD,,,,,,,,,
1,UNKNOWN / NOT IN SALE RECORDS,2813 S CHARLES ST,,98144,,,,6,3,0,2017-08-22,2024-09-26,2024-09-26 to 2024-12-25,,,315000,309000,624000,,,,,567000670
1,UNKNOWN / NOT IN SALE RECORDS,9245 20TH AVE SW,9247 20TH AVE SW CONDOMINIUM,98106,,,,6,3,0,2017-09-08,2022-07-26,2017-09-08 to 2017-12-07,,,165700,405300,571000,,,,,6094370000
1,UNKNOWN / NOT IN SALE RECORDS,2109 N 45TH ST,,,,,,6,3,0,2017-09-19,2022-03-10,2020-08-27 to 2020-11-25,NO_PARCEL_RECORD,,,,,,,,,
1,UNKNOWN / NOT IN SALE RECORDS,2501 ELLIOTT AVE,MINI STORAGE & THE SEATTLE SCHOOL,98121,,,,6,3,0,2017-11-15,2024-07-01,2024-05-28 to 2024-08-26,,,3687800,1212600,4900400,,,,,653000240
1,UNKNOWN / NOT IN SALE RECORDS,512 NW 44TH ST,,98107,,,,6,3,0,2017-12-14,2025-06-04,2025-04-21 to 2025-07-20,,,427000,188000,615000,,,,,124000215
1,UNKNOWN / NOT IN SALE RECORDS,4417 42ND AVE SW,Junction Landing,98116,,,,6,3,0,2017-10-10,2024-01-31,2023-05-11 to 2023-08-09,,,1035000,,1035000,,,,,952006040
1,UNKNOWN / NOT IN SALE RECORDS,3318 23RD AVE S,,98144,,,,6,3,0,2018-05-03,2021-08-08,2018-05-03 to 2018-08-01,,,441000,30000,471000,,,,,613000030
1,UNKNOWN / NOT IN SALE RECORDS,5021 SAND POINT PL NE,,,,,,6,3,0,2018-05-03,2020-07-08,2020-07-08 to 2020-10-06,NO_PARCEL_RECORD,,,,,,,,,
1,UNKNOWN / NOT IN SALE RECORDS,7637 46TH AVE S,,,,,,6,3,0,2018-03-06,2019-02-15,2018-07-06 to 2018-10-04,NO_PARCEL_RECORD,,,,,,,,,
1,UNKNOWN / NOT IN SALE RECORDS,213 22ND AVE,,,,,,6,3,0,2018-07-10,2022-07-05,2022-06-09 to 2022-09-07,NO_PARCEL_RECORD,,,,,,,,,
1,UNKNOWN / NOT IN SALE RECORDS,1913 15TH AVE S,,,,,,6,3,0,2018-07-11,2025-11-03,2025-08-01 to 2025-10-30,NO_PARCEL_RECORD,,,,,,,,,
1,UNKNOWN / NOT IN SALE RECORDS,4206 RAINIER AVE S,,,,,,6,3,0,2018-11-05,2024-04-04,2023-12-26 to 2024-03-25,NO_PARCEL_RECORD,,,,,,,,,
1,UNKNOWN / NOT IN SALE RECORDS,3017 SW CHARLESTOWN ST,,,,,,6,3,0,2018-02-07,2019-09-06,2019-07-23 to 2019-10-21,NO_PARCEL_RECORD,,,,,,,,,
1,UNKNOWN / NOT IN SALE RECORDS,901 NE 50TH ST,,,,,,6,3,0,2019-01-02,2022-03-21,2019-01-02 to 2019-04-02,NO_PARCEL_RECORD,,,,,,,,,
1,UNKNOWN / NOT IN SALE RECORDS,3250 A S EDMUNDS ST,,,,,,6,3,0,2019-07-15,2020-04-13,2019-07-15 to 2019-10-13,NO_PARCEL_RECORD,,,,,,,,,
1,UNKNOWN / NOT IN SALE RECORDS,202 NW 95TH ST,Xanadu Sea,98117,,,,6,3,0,2019-07-22,2024-03-06,2023-07-25 to 2023-10-23,,,308000,246000,554000,,,,,9736100000
1,UNKNOWN / NOT IN SALE RECORDS,6524 24TH AVE NW,,,,,,6,3,0,2019-07-22,2024-08-08,2020-04-23 to 2020-07-22,NO_PARCEL_RECORD,,,,,,,,,
1,UNKNOWN / NOT IN SALE RECORDS,2326 6TH AVE,,,,,,6,3,0,2019-10-08,2024-09-17,2022-07-29 to 2022-10-27,NO_PARCEL_RECORD,,,,,,,,,
1,UNKNOWN / NOT IN SALE RECORDS,9256 45TH AVE SW,,,,,,6,3,0,2019-10-18,2020-07-17,2019-10-18 to 2020-01-16,NO_PARCEL_RECORD,,,,,,,,,
1,UNKNOWN / NOT IN SALE RECORDS,11532 15TH AVE NE,PINEHURST LANE CONDOMINIUM,98125,,1997,4,6,3,0,2019-10-23,2025-10-28,2019-10-23 to 2020-01-21,,,75600,334800,410400,,,,,6798800000
1,UNKNOWN / NOT IN SALE RECORDS,5208 B RAVENNA AVE NE,,,,,,6,3,0,2019-12-12,2024-12-05,2019-12-12 to 2020-03-11,NO_PARCEL_RECORD,,,,,,,,,
1,UNKNOWN / NOT IN SALE RECORDS,2420 8TH AVE N,CASCADE CONDOMINIUM,98109,,,,6,3,0,2020-01-23,2022-01-07,2021-12-14 to 2022-03-14,,,190000,543000,733000,,,,,1421800000
1,UNKNOWN / NOT IN SALE RECORDS,8370 LOYAL WAY NW,,,,,,6,3,0,2020-01-30,2021-01-29,2020-01-30 to 2020-04-29,NO_PARCEL_RECORD,,,,,,,,,
1,UNKNOWN / NOT IN SALE RECORDS,9633 51ST AVE S,,98118,,,,6,3,0,2020-02-04,2021-02-28,2020-08-05 to 2020-11-03,,,271000,355000,626000,,,,,323049184
1,UNKNOWN / NOT IN SALE RECORDS,4730 15TH AVE NE,,,,,,6,3,0,2020-03-17,2025-10-09,2020-03-17 to 2020-06-15,NO_PARCEL_RECORD,,,,,,,,,
1,UNKNOWN / NOT IN SALE RECORDS,7732 16TH AVE NW,,,,,,6,3,0,2020-05-14,2021-11-15,2021-09-01 to 2021-11-30,NO_PARCEL_RECORD,,,,,,,,,
1,UNKNOWN / NOT IN SALE RECORDS,13510 LINDEN AVE N,,,,,,6,3,0,2020-05-20,2024-12-27,2020-05-20 to 2020-08-18,NO_PARCEL_RECORD,,,,,,,,,
1,UNKNOWN / NOT IN SALE RECORDS,13500 AURORA AVE N,,,,,,6,3,0,2020-05-22,2023-11-06,2023-10-20 to 2024-01-18,NO_PARCEL_RECORD,,,,,,,,,
1,UNKNOWN / NOT IN SALE RECORDS,328 NW 75TH ST,,98117,,,,6,3,0,2020-06-03,2025-08-30,2025-08-27 to 2025-11-25,,,427000,166000,593000,,,,,7519000060
1,UNKNOWN / NOT IN SALE RECORDS,1001 BOYLSTON AVE,,,,,,6,3,0,2020-08-11,2025-10-15,2020-08-11 to 2020-11-09,NO_PARCEL_RECORD,,,,,,,,,
1,UNKNOWN / NOT IN SALE RECORDS,705 PIKE ST,,,,,,6,3,0,2020-10-31,2023-09-02,2021-05-13 to 2021-08-11,NO_PARCEL_RECORD,,,,,,,,,
1,UNKNOWN / NOT IN SALE RECORDS,800 23RD AVE S,,,,,,6,3,0,2020-11-10,2022-07-01,2020-11-10 to 2021-02-08,NO_PARCEL_RECORD,,,,,,,,,
1,UNKNOWN / NOT IN SALE RECORDS,7051 26TH AVE NE,7051 26th Ave NE Condominium,98115,,,,6,3,0,2020-11-20,2021-10-20,2021-05-18 to 2021-08-16,,,150800,455200,606000,,,,,7698490000
1,UNKNOWN / NOT IN SALE RECORDS,215 17TH AVE S,,,,,,6,3,0,2020-11-23,2021-12-21,2020-11-23 to 2021-02-21,NO_PARCEL_RECORD,,,,,,,,,
1,UNKNOWN / NOT IN SALE RECORDS,1551 LAKEVIEW BLVD E,,,,,,6,3,0,2020-12-24,2024-08-23,2024-07-15 to 2024-10-13,NO_PARCEL_RECORD,,,,,,,,,
1,UNKNOWN / NOT IN SALE RECORDS,306 BELLEVUE AVE E,,,,,,6,3,0,2021-03-01,2022-08-23,2021-03-01 to 2021-05-30,NO_PARCEL_RECORD,,,,,,,,,
1,UNKNOWN / NOT IN SALE RECORDS,1532 BROADWAY,,,,,,6,3,0,2021-03-05,2025-01-28,2025-01-27 to 2025-04-27,NO_PARCEL_RECORD,,,,,,,,,
1,UNKNOWN / NOT IN SALE RECORDS,7717 MARY AVE NW,,,,,,6,3,0,2021-04-02,2021-09-30,2021-04-02 to 2021-07-01,NO_PARCEL_RECORD,,,,,,,,,
1,UNKNOWN / NOT IN SALE RECORDS,2710 W MANOR PL,,,,,,6,3,0,2021-04-02,2024-10-08,2021-04-02 to 2021-07-01,NO_PARCEL_RECORD,,,,,,,,,
1,UNKNOWN / NOT IN SALE RECORDS,1024 NE 68TH ST,,,,,,6,3,0,2021-05-17,2025-07-21,2023-02-22 to 2023-05-23,NO_PARCEL_RECORD,,,,,,,,,
1,UNKNOWN / NOT IN SALE RECORDS,1707 3RD AVE N,1707 3rd Ave N,98109,,,,6,3,0,2021-05-29,2023-07-18,2021-11-01 to 2022-01-30,,,300100,1252900,1553000,,,,,7698340000
1,UNKNOWN / NOT IN SALE RECORDS,222 DEXTER AVE N,,,,,,6,3,0,2021-06-23,2022-10-20,2022-09-26 to 2022-12-25,NO_PARCEL_RECORD,,,,,,,,,
1,UNKNOWN / NOT IN SALE RECORDS,6000 26TH AVE NW,,,,,,6,3,0,2021-07-22,2025-10-07,2025-05-30 to 2025-08-28,NO_PARCEL_RECORD,,,,,,,,,
1,UNKNOWN / NOT IN SALE RECORDS,5717 SW WINTHROP ST,,98116,,,,6,3,0,2021-08-17,2024-12-14,2022-02-03 to 2022-05-04,,,836000,535000,1371000,,,,,56000230
1,UNKNOWN / NOT IN SALE RECORDS,3422 ALBION PL N,,,,,,6,3,0,2021-11-12,2023-11-29,2021-11-12 to 2022-02-10,NO_PARCEL_RECORD,,,,,,,,,
1,UNKNOWN / NOT IN SALE RECORDS,7556 34TH AVE NE,7556 34TH AVENUE NE,98115,,,,6,3,0,2021-12-09,2024-08-22,2023-10-06 to 2024-01-04,,,229400,647600,877000,,,,,7698980000
1,UNKNOWN / NOT IN SALE RECORDS,12011 36TH AVE NE,12011 36TH AVE NE,98125,,,,6,3,0,2022-01-31,2024-06-12,2023-06-26 to 2023-09-24,,,346100,407900,754000,,,,,6391820000
1,UNKNOWN / NOT IN SALE RECORDS,2125 N 92ND ST,2125 N 92ND ST CONDOMINIUM,98103,,,,6,3,0,2022-02-03,2023-06-21,2022-05-02 to 2022-07-31,,,220000,422000,642000,,,,,8727390000
1,UNKNOWN / NOT IN SALE RECORDS,10036 STONE AVE N,,,,,,6,3,0,2022-04-19,2024-06-11,2022-04-19 to 2022-07-18,NO_PARCEL_RECORD,,,,,,,,,
1,UNKNOWN / NOT IN SALE RECORDS,13323 1ST AVE NE,,,,,,6,3,0,2022-05-26,2023-12-04,2022-05-26 to 2022-08-24,NO_PARCEL_RECORD,,,,,,,,,
1,UNKNOWN / NOT IN SALE RECORDS,801 NW MARKET ST,,,,,,6,3,0,2022-06-13,2025-05-28,2025-04-14 to 2025-07-13,NO_PARCEL_RECORD,,,,,,,,,
1,UNKNOWN / NOT IN SALE RECORDS,907 NW 61ST ST,,98107,,,,6,3,0,2022-09-26,2025-08-22,2025-05-12 to 2025-08-10,,,550000,379000,929000,,,,,123000180
1,UNKNOWN / NOT IN SALE RECORDS,103 CROCKETT ST,,98109,,,,6,3,0,2022-12-17,2025-08-07,2025-05-28 to 2025-08-26,,,736000,1165000,1901000,,,,,809002645
1,UNKNOWN / NOT IN SALE RECORDS,1544 A NW 58TH ST,,,,,,6,3,0,2022-12-20,2024-01-22,2023-03-16 to 2023-06-14,NO_PARCEL_RECORD,,,,,,,,,
1,UNKNOWN / NOT IN SALE RECORDS,8318 WABASH AVE S,,,,,,6,3,0,2023-01-11,2024-06-11,2024-05-28 to 2024-08-26,NO_PARCEL_RECORD,,,,,,,,,
1,UNKNOWN / NOT IN SALE RECORDS,410 A 21ST AVE,,,,,,6,3,0,2023-03-04,2023-09-22,2023-05-23 to 2023-08-21,NO_PARCEL_RECORD,,,,,,,,,
1,UNKNOWN / NOT IN SALE RECORDS,2200 ALKI AVE SW,ALKI BONAIR CONDOMINIUM,98116,,,,6,3,0,2023-03-29,2024-12-10,2023-06-12 to 2023-09-10,,,282600,522400,805000,,,,,139500000
1,UNKNOWN / NOT IN SALE RECORDS,922 16TH AVE,,,,,,6,3,0,2023-10-13,2024-07-31,2023-10-13 to 2024-01-11,NO_PARCEL_RECORD,,,,,,,,,
1,UNKNOWN / NOT IN SALE RECORDS,2217 W BERTONA ST,BERTONA WEST 21X CONDOMINIUM,98199,,,,6,3,0,2024-07-27,2025-03-20,2024-07-27 to 2024-10-25,,,194600,893400,1088000,,,,,777950000
1,UNKNOWN / NOT IN SALE RECORDS,4702 47TH AVE NE,,,,,,5,5,0,2005-03-15,2005-04-14,2005-03-15 to 2005-06-13,NO_PARCEL_RECORD,,,,,,,,,
1,UNKNOWN / NOT IN SALE RECORDS,9740 GREENWOOD AVE N,,,,,,5,5,0,2005-05-12,2005-06-02,2005-05-12 to 2005-08-10,NO_PARCEL_RECORD,,,,,,,,,
1,UNKNOWN / NOT IN SALE RECORDS,4215 EASTERN AVE N,,98103,,,,5,5,0,2006-09-08,2006-10-10,2006-09-08 to 2006-12-07,,,768000,497000,1265000,,,,,510003805
1,UNKNOWN / NOT IN SALE RECORDS,9200 INTERLAKE AVE N,,,,,,5,5,0,2007-09-04,2007-12-03,2007-09-04 to 2007-12-03,NO_PARCEL_RECORD,,,,,,,,,
1,UNKNOWN / NOT IN SALE RECORDS,3423 SOUND VIEW DR W,,,,,,5,5,0,2009-11-02,2010-01-25,2009-11-02 to 2010-01-31,NO_PARCEL_RECORD,,,,,,,,,
1,UNKNOWN / NOT IN SALE RECORDS,4900 28TH AVE S,,98108,,,,5,5,0,2015-02-12,2015-04-29,2015-02-12 to 2015-05-13,,,495000,724000,1219000,,,,,2124049019
1,UNKNOWN / NOT IN SALE RECORDS,1546 NW 62ND ST,,,,,,5,5,0,2018-06-28,2018-07-12,2018-06-28 to 2018-09-26,NO_PARCEL_RECORD,,,,,,,,,
1,UNKNOWN / NOT IN SALE RECORDS,610 NW 85TH ST,,98117,,,,5,5,0,2019-11-07,2019-12-03,2019-11-07 to 2020-02-05,,,172000,504000,676000,,,,,946000311
1,UNKNOWN / NOT IN SALE RECORDS,8372 WABASH AVE S,,,,,,5,5,0,2019-12-25,2020-01-02,2019-12-25 to 2020-03-24,NO_PARCEL_RECORD,,,,,,,,,
1,UNKNOWN / NOT IN SALE RECORDS,1015 STURGUS AVE S,,,,,,5,5,0,2021-07-08,2021-08-29,2021-07-08 to 2021-10-06,NO_PARCEL_RECORD,,,,,,,,,
1,UNKNOWN / NOT IN SALE RECORDS,9006 15TH AVE SW,,,,,,5,5,0,2021-09-13,2021-11-29,2021-09-13 to 2021-12-12,NO_PARCEL_RECORD,,,,,,,,,
1,UNKNOWN / NOT IN SALE RECORDS,2512 NE 68TH ST,2512 NE 68th St,98115,,,,5,5,0,2021-12-09,2021-12-15,2021-12-09 to 2022-03-09,,,350600,1601400,1952000,,,,,8729630000
1,UNKNOWN / NOT IN SALE RECORDS,4723 49TH AVE NE,,98105,,,,5,5,0,2022-07-12,2022-07-14,2022-07-12 to 2022-10-10,SUSPICIOUS_IMPR_VALUE_1000,,976000,1000,977000,,,,,5364200595
1,UNKNOWN / NOT IN SALE RECORDS,12331 A 28TH AVE NE,,,,,,5,5,0,2022-08-21,2022-09-23,2022-08-21 to 2022-11-19,NO_PARCEL_RECORD,,,,,,,,,
1,UNKNOWN / NOT IN SALE RECORDS,912 RAINIER AVE S,,,,,,5,5,0,2022-09-08,2022-09-19,2022-09-08 to 2022-12-07,NO_PARCEL_RECORD,,,,,,,,,
1,UNKNOWN / NOT IN SALE RECORDS,4202 SW DAKOTA ST,,98116,,,,5,5,0,2023-06-01,2023-06-22,2023-06-01 to 2023-08-30,,,347000,311000,658000,,,,,952002045
1,UNKNOWN / NOT IN SALE RECORDS,2617 14TH AVE W,2617 14TH AVE W,98119,,1924,3,5,5,0,2023-07-24,2023-09-16,2023-07-24 to 2023-10-22,,,281900,18100,300000,,,,,8726830000
1,UNKNOWN / NOT IN SALE RECORDS,1207 NE 104TH ST,1207 NE 104TH ST,98125,,,,5,5,0,2023-08-15,2023-09-20,2023-08-15 to 2023-11-13,,,121000,505000,626000,,,,,6390520000
1,UNKNOWN / NOT IN SALE RECORDS,4628 SW OTHELLO ST,,,,,,5,5,0,2023-12-02,2024-02-13,2023-12-02 to 2024-03-01,NO_PARCEL_RECORD,,,,,,,,,
1,UNKNOWN / NOT IN SALE RECORDS,10730 LAKE CITY WAY NE,,,,,,5,5,0,2024-04-08,2024-05-02,2024-04-08 to 2024-07-07,NO_PARCEL_RECORD,,,,,,,,,
1,UNKNOWN / NOT IN SALE RECORDS,4061 11TH AVE NE,,,,,,5,5,0,2025-01-10,2025-03-07,2025-01-10 to 2025-04-10,NO_PARCEL_RECORD,,,,,,,,,
1,UNKNOWN / NOT IN SALE RECORDS,7331 39TH AVE SW,,,,,,5,5,0,2025-04-17,2025-07-15,2025-04-17 to 2025-07-16,NO_PARCEL_RECORD,,,,,,,,,
1,UNKNOWN / NOT IN SALE RECORDS,809 N 39TH ST,,,,,,5,5,0,2025-04-24,2025-06-05,2025-04-24 to 2025-07-23,NO_PARCEL_RECORD,,,,,,,,,
1,UNKNOWN / NOT IN SALE RECORDS,1143 NW 57TH ST,,98107,,,,5,5,0,2025-05-08,2025-07-01,2025-05-08 to 2025-08-06,,,384000,,384000,,,,,2768100126
1,UNKNOWN / NOT IN SALE RECORDS,122 NW 140TH ST,,98177,,,,5,5,0,2025-05-20,2025-07-17,2025-05-20 to 2025-08-18,,,522000,229000,751000,,,,,748000256
1,UNKNOWN / NOT IN SALE RECORDS,2516 ELLIOTT AVE,Portion of Community Pea Patch,98121,,,,5,5,0,2025-06-02,2025-07-07,2025-06-02 to 2025-08-31,,,3189300,,3189300,,,,,653000182
1,UNKNOWN / NOT IN SALE RECORDS,5122 S MAYFLOWER ST,COMMONS AT MAYFLOWER CONDOMINIUM,98118,,,,5,4,0,2003-12-29,2024-08-07,2024-07-31 to 2024-10-29,,,60000,268000,328000,,,,,1724400000
1,UNKNOWN / NOT IN SALE RECORDS,1926 31ST AVE S,,98144,,,,5,4,0,2004-01-12,2004-05-26,2004-04-09 to 2004-07-08,,,673000,428000,1101000,,,,,669000130
1,UNKNOWN / NOT IN SALE RECORDS,4022 STONE WAY N,,,,,,5,4,0,2004-02-03,2004-08-16,2004-02-03 to 2004-05-03,NO_PARCEL_RECORD,,,,,,,,,
1,UNKNOWN / NOT IN SALE RECORDS,744 N 105TH ST,,,,,,5,4,0,2004-03-01,2005-03-01,2004-12-15 to 2005-03-15,NO_PARCEL_RECORD,,,,,,,,,
1,UNKNOWN / NOT IN SALE RECORDS,10125 3RD AVE NW,,98177,,,,5,4,0,2004-03-31,2005-09-27,2004-03-31 to 2004-06-29,,,530000,159000,689000,,,,,767000150
1,UNKNOWN / NOT IN SALE RECORDS,124 WARREN AVE N,QUEEN'S COURT CONDOMINIUM,98109,,,,5,4,0,2004-07-19,2011-07-08,2004-07-19 to 2004-10-17,,,235500,65500,301000,,,,,7015800000
1,UNKNOWN / NOT IN SALE RECORDS,1730 TAYLOR AVE N,TAYLOR ANNE CONDOMINIUM,98109,,1968,3,5,4,0,2005-02-07,2022-09-07,2005-02-07 to 2005-05-08,,,202900,246100,449000,,,,,8567250000
1,UNKNOWN / NOT IN SALE RECORDS,6515 15TH AVE NE,CENTERLINE APARTMENTS assoc w/-9030,98115,,,,5,4,0,2005-03-04,2006-06-16,2005-03-04 to 2005-06-02,,,1449700,,1449700,,,,,525049088
1,UNKNOWN / NOT IN SALE RECORDS,6201 S BANGOR ST,,98178,,,,5,4,0,2006-09-15,2019-03-21,2006-09-15 to 2006-12-14,,,315000,344000,659000,,,,,223049105
1,UNKNOWN / NOT IN SALE RECORDS,5304 1ST AVE S,,,,,,5,4,0,2007-01-23,2013-03-22,2007-01-23 to 2007-04-23,NO_PARCEL_RECORD,,,,,,,,,
1,UNKNOWN / NOT IN SALE RECORDS,5260 BROOKLYN AVE NE,,,,,,5,4,0,2007-04-24,2018-02-06,2007-04-24 to 2007-07-23,NO_PARCEL_RECORD,,,,,,,,,
1,UNKNOWN / NOT IN SALE RECORDS,815 S MAIN ST,,,,,,5,4,0,2007-05-31,2025-08-04,2025-05-28 to 2025-08-26,NO_PARCEL_RECORD,,,,,,,,,
1,UNKNOWN / NOT IN SALE RECORDS,1515 BROADWAY,,,,,,5,4,0,2007-08-15,2023-03-09,2007-08-15 to 2007-11-13,NO_PARCEL_RECORD,,,,,,,,,
1,UNKNOWN / NOT IN SALE RECORDS,5616 BROOKLYN AVE NE,,98105,,,,5,4,0,2007-09-13,2018-04-06,2007-09-13 to 2007-12-12,,,800000,430000,1230000,,,,,825049043
1,UNKNOWN / NOT IN SALE RECORDS,510 FEDERAL AVE E,,,,,,5,4,0,2007-03-22,2007-11-29,2007-10-02 to 2007-12-31,NO_PARCEL_RECORD,,,,,,,,,
1,UNKNOWN / NOT IN SALE RECORDS,4540 S HENDERSON ST,,,,,,5,4,0,2007-10-31,2020-05-14,2007-10-31 to 2008-01-29,NO_PARCEL_RECORD,,,,,,,,,
1,UNKNOWN / NOT IN SALE RECORDS,9805 BAYARD AVE NW,,98117,,,,5,4,0,2007-12-04,2023-08-01,2007-12-04 to 2008-03-03,,,604000,1077000,1681000,,,,,579001030
1,UNKNOWN / NOT IN SALE RECORDS,5617 RAINIER AVE S,,,,,,5,4,0,2007-12-19,2016-07-11,2007-12-19 to 2008-03-18,NO_PARCEL_RECORD,,,,,,,,,
1,UNKNOWN / NOT IN SALE RECORDS,725 16TH AVE,,,,,,5,4,0,2007-07-11,2008-09-17,2008-07-18 to 2008-10-16,NO_PARCEL_RECORD,,,,,,,,,
1,UNKNOWN / NOT IN SALE RECORDS,3516 S JUNEAU ST,,,,,,5,4,0,2008-12-31,2018-08-28,2018-07-17 to 2018-10-15,NO_PARCEL_RECORD,,,,,,,,,
1,UNKNOWN / NOT IN SALE RECORDS,3500 INTERLAKE AVE N,City of Seattle Parking Lot,98103,,,,5,4,0,2009-05-29,2023-08-02,2023-06-28 to 2023-09-26,SUSPICIOUS_IMPR_VALUE_1000,,7222100,1000,7223100,,,,,2264500740
1,UNKNOWN / NOT IN SALE RECORDS,9611 51ST AVE S,,98118,,,,5,4,0,2009-08-17,2019-02-14,2009-08-17 to 2009-11-15,,,300000,62000,362000,,,,,323049039
1,UNKNOWN / NOT IN SALE RECORDS,1761 22ND AVE S,,,,,,5,4,0,2010-04-26,2014-06-26,2010-04-26 to 2010-07-25,NO_PARCEL_RECORD,,,,,,,,,
1,UNKNOWN / NOT IN SALE RECORDS,2103 3RD AVE,,,,,,5,4,0,2010-04-26,2010-08-02,2010-04-26 to 2010-07-25,NO_PARCEL_RECORD,,,,,,,,,
1,UNKNOWN / NOT IN SALE RECORDS,2720 S HANFORD ST,,,,,,5,4,0,2011-11-09,2020-02-05,2011-11-09 to 2012-02-07,NO_PARCEL_RECORD | NAMED_INSPECTOR,,,,,,,,,
1,UNKNOWN / NOT IN SALE RECORDS,2422 NW 60TH ST,,,,,,5,4,0,2012-04-17,2019-10-09,2019-08-28 to 2019-11-26,NO_PARCEL_RECORD,,,,,,,,,
1,UNKNOWN / NOT IN SALE RECORDS,936 NW 62ND ST,,98107,,,,5,4,0,2012-04-30,2015-01-21,2014-11-24 to 2015-02-22,,,687000,32000,719000,,,,,452002095
1,UNKNOWN / NOT IN SALE RECORDS,8360 19TH AVE NW,,,,,,5,4,0,2012-09-17,2019-04-26,2019-04-02 to 2019-07-01,NO_PARCEL_RECORD,,,,,,,,,
1,UNKNOWN / NOT IN SALE RECORDS,11313 CORLISS AVE N,,,,,,5,4,0,2012-10-09,2013-01-09,2012-10-15 to 2013-01-13,NO_PARCEL_RECORD,,,,,,,,,
1,UNKNOWN / NOT IN SALE RECORDS,701 WESTLAKE AVE N,,,,,,5,4,0,2012-11-27,2014-09-09,2012-11-27 to 2013-02-25,NO_PARCEL_RECORD,,,,,,,,,
1,UNKNOWN / NOT IN SALE RECORDS,3617 S HANFORD ST,HANFORD SOUTH,98144,,,,5,4,0,2013-09-11,2022-08-22,2022-08-19 to 2022-11-17,,,48400,637600,686000,,,,,3075100000
1,UNKNOWN / NOT IN SALE RECORDS,5223 B 11TH AVE NE,,,,,,5,4,0,2015-03-31,2017-10-20,2017-09-22 to 2017-12-21,NO_PARCEL_RECORD,,,,,,,,,
1,UNKNOWN / NOT IN SALE RECORDS,9603 ROOSEVELT WAY NE,,,,,,5,4,0,2015-08-04,2017-01-30,2015-08-04 to 2015-11-02,NO_PARCEL_RECORD,,,,,,,,,
1,UNKNOWN / NOT IN SALE RECORDS,3905 W HOOKER ST,,98199,,,,5,4,0,2015-10-01,2016-03-09,2016-02-19 to 2016-05-19,,,1719000,1153000,2872000,,,,,573000685
1,UNKNOWN / NOT IN SALE RECORDS,5048 SAND POINT WAY NE,,98105,,,,5,4,0,2016-06-03,2018-07-25,2016-06-03 to 2016-09-01,,,314000,482000,796000,,,,,394500022
1,UNKNOWN / NOT IN SALE RECORDS,135 32ND AVE,LESCHI ELEMENTARY SCHOOL-EXEMPT,98122,,1988,3,5,4,0,2016-07-15,2022-03-23,2016-07-15 to 2016-10-13,,,10320000,5427800,15747800,,,,,3416600240
1,UNKNOWN / NOT IN SALE RECORDS,1737 HARBOR AVE SW,,,,,,5,4,0,2017-03-28,2017-09-05,2017-06-16 to 2017-09-14,NO_PARCEL_RECORD,,,,,,,,,
1,UNKNOWN / NOT IN SALE RECORDS,1029 NE 100TH ST,1029 NE 100TH ST,98125,,,,5,4,0,2017-07-27,2020-09-23,2020-06-26 to 2020-09-24,,,134100,420900,555000,,,,,6398800000
1,UNKNOWN / NOT IN SALE RECORDS,6740 17TH AVE SW,,,,,,5,4,0,2017-09-06,2018-03-01,2017-09-06 to 2017-12-05,NO_PARCEL_RECORD,,,,,,,,,
1,UNKNOWN / NOT IN SALE RECORDS,712 S MONROE ST,,,,,,5,4,0,2017-10-06,2021-12-08,2017-10-06 to 2018-01-04,NO_PARCEL_RECORD,,,,,,,,,
1,UNKNOWN / NOT IN SALE RECORDS,1052 S SULLIVAN ST,,,,,,5,4,0,2017-10-31,2025-05-14,2025-04-04 to 2025-07-03,NO_PARCEL_RECORD,,,,,,,,,
1,UNKNOWN / NOT IN SALE RECORDS,500 NE 71ST ST,,,,,,5,4,0,2017-03-17,2019-02-21,2018-11-28 to 2019-02-26,NO_PARCEL_RECORD,,,,,,,,,
1,UNKNOWN / NOT IN SALE RECORDS,4323 WHITMAN AVE N,,,,,,5,4,0,2017-09-15,2018-05-15,2018-03-15 to 2018-06-13,NO_PARCEL_RECORD,,,,,,,,,
1,UNKNOWN / NOT IN SALE RECORDS,707 21ST AVE,707 21ST AVE,98122,,,,5,4,0,2018-05-09,2019-08-26,2019-07-02 to 2019-09-30,,,219700,679300,899000,,,,,7699110000
1,UNKNOWN / NOT IN SALE RECORDS,300 VIRGINIA ST,FIRST LIGHT RESIDENTIAL CONDOMINIUM,98101,,,,5,4,0,2018-09-06,2025-09-02,2018-09-06 to 2018-12-05,,,16800,476200,493000,,,,,2560770000
1,UNKNOWN / NOT IN SALE RECORDS,2224 NW 62ND ST,,,,,,5,4,0,2018-10-17,2019-04-04,2018-10-17 to 2019-01-15,NO_PARCEL_RECORD,,,,,,,,,
1,UNKNOWN / NOT IN SALE RECORDS,7100 BEACON AVE S,,98108,,2023,3,5,4,0,2018-03-14,2019-05-01,2019-04-17 to 2019-07-16,,,83100,709500,792600,,,,,1895600010
1,UNKNOWN / NOT IN SALE RECORDS,4219 SW SEATTLE ST,,,,,,5,4,0,2018-03-22,2024-07-30,2024-06-11 to 2024-09-09,NO_PARCEL_RECORD,,,,,,,,,
1,UNKNOWN / NOT IN SALE RECORDS,5619 15TH AVE NE,,,,,,5,4,0,2019-06-03,2025-06-16,2019-06-03 to 2019-09-01,NO_PARCEL_RECORD,,,,,,,,,
1,UNKNOWN / NOT IN SALE RECORDS,221 BOYLSTON AVE E,,,,,,5,4,0,2019-05-26,2022-09-13,2019-05-26 to 2019-08-24,NO_PARCEL_RECORD,,,,,,,,,
1,UNKNOWN / NOT IN SALE RECORDS,5307 RUSSELL AVE NW,,,,,,5,4,0,2019-07-07,2025-09-24,2025-09-08 to 2025-12-07,NO_PARCEL_RECORD,,,,,,,,,
1,UNKNOWN / NOT IN SALE RECORDS,4731 15TH AVE NE,,,,,,5,4,0,2019-08-08,2021-11-16,2019-08-08 to 2019-11-06,NO_PARCEL_RECORD,,,,,,,,,
1,UNKNOWN / NOT IN SALE RECORDS,428 N 141ST CT,,98133,,,,5,4,0,2019-10-16,2020-05-21,2019-10-16 to 2020-01-14,,,458000,317000,775000,,,,,2918700160
1,UNKNOWN / NOT IN SALE RECORDS,1415 N 46TH ST,,,,,,5,4,0,2020-01-15,2020-11-27,2020-01-15 to 2020-04-14,NO_PARCEL_RECORD,,,,,,,,,
1,UNKNOWN / NOT IN SALE RECORDS,956 21ST AVE E,,98112,,,,5,4,0,2020-02-18,2024-12-04,2020-02-18 to 2020-05-18,,,1272000,884000,2156000,,,,,1338800320
1,UNKNOWN / NOT IN SALE RECORDS,2801 W COMMODORE WAY,,,,,,5,4,0,2020-08-21,2023-07-18,2020-08-21 to 2020-11-19,NO_PARCEL_RECORD,,,,,,,,,
1,UNKNOWN / NOT IN SALE RECORDS,4628 S CHICAGO ST,4628 S CHICAGO ST,98118,,,,5,4,0,2020-09-09,2021-01-14,2020-12-15 to 2021-03-15,,,140100,476900,617000,,,,,2608030000
1,UNKNOWN / NOT IN SALE RECORDS,7938 A SEWARD PARK AVE S,,,,,,5,4,0,2021-01-07,2023-07-24,2023-06-27 to 2023-09-25,NO_PARCEL_RECORD,,,,,,,,,
1,UNKNOWN / NOT IN SALE RECORDS,1255 NE 98TH ST,1255 NE 98TH ST,98115,,,,5,4,0,2021-03-10,2021-10-07,2021-03-10 to 2021-06-08,,,251700,591300,843000,,,,,6391610000
1,UNKNOWN / NOT IN SALE RECORDS,5901 24TH AVE NW,,,,,,5,4,0,2022-07-17,2024-01-04,2022-07-17 to 2022-10-15,NO_PARCEL_RECORD,,,,,,,,,
1,UNKNOWN / NOT IN SALE RECORDS,712 3RD AVE,,,,,,5,4,0,2022-07-28,2023-10-10,2023-08-28 to 2023-11-26,NO_PARCEL_RECORD,,,,,,,,,
1,UNKNOWN / NOT IN SALE RECORDS,3813 B CALIFORNIA AVE SW,,,,,,5,4,0,2022-08-24,2023-01-06,2022-11-16 to 2023-02-14,NO_PARCEL_RECORD,,,,,,,,,
1,UNKNOWN / NOT IN SALE RECORDS,762 N 65TH ST,762 N 65TH STREET,98103,,,,5,4,0,2022-09-12,2023-02-07,2022-11-23 to 2023-02-21,,,292000,1005000,1297000,,,,,7698110000
1,UNKNOWN / NOT IN SALE RECORDS,2101 2ND AVE,,,,,,5,4,0,2022-09-28,2025-03-28,2025-03-26 to 2025-06-24,NO_PARCEL_RECORD,,,,,,,,,
1,UNKNOWN / NOT IN SALE RECORDS,11019 CORLISS AVE N,,,,,,5,4,0,2022-09-29,2023-05-03,2023-04-02 to 2023-07-01,NO_PARCEL_RECORD,,,,,,,,,
1,UNKNOWN / NOT IN SALE RECORDS,6308 41ST AVE SW,,98136,,,,5,4,0,2022-12-15,2024-09-23,2024-09-03 to 2024-12-02,SUSPICIOUS_IMPR_VALUE_1000,,1038000,1000,1039000,,,,,826000305
1,UNKNOWN / NOT IN SALE RECORDS,9540 4TH AVE NW,,98117,,,,5,4,0,2023-05-12,2024-05-08,2024-03-19 to 2024-06-17,,,542000,1257000,1799000,,,,,534000235
1,UNKNOWN / NOT IN SALE RECORDS,2441 N NORTHLAKE WAY,,,,,,5,4,0,2023-06-06,2024-07-24,2024-06-20 to 2024-09-18,NO_PARCEL_RECORD,,,,,,,,,
1,UNKNOWN / NOT IN SALE RECORDS,11751 23RD AVE NE,,,,,,5,4,0,2023-08-03,2024-12-16,2024-09-20 to 2024-12-19,NO_PARCEL_RECORD,,,,,,,,,
1,UNKNOWN / NOT IN SALE RECORDS,606 MAYNARD AVE S,,,,,,5,4,0,2023-09-21,2024-03-04,2023-09-21 to 2023-12-20,NO_PARCEL_RECORD,,,,,,,,,
1,UNKNOWN / NOT IN SALE RECORDS,3013 NW 66TH ST,,,,,,5,4,0,2023-10-20,2024-10-16,2023-10-20 to 2024-01-18,NO_PARCEL_RECORD,,,,,,,,,
1,UNKNOWN / NOT IN SALE RECORDS,2409 22ND AVE E,,,,,,5,4,0,2023-11-08,2024-04-11,2023-11-08 to 2024-02-06,NO_PARCEL_RECORD,,,,,,,,,
1,UNKNOWN / NOT IN SALE RECORDS,1784 ALKI AVE SW,,98116,,,,5,4,0,2023-11-08,2024-07-15,2024-04-29 to 2024-07-28,SUSPICIOUS_IMPR_VALUE_1000,,1472000,1000,1473000,,,,,139000210
1,UNKNOWN / NOT IN SALE RECORDS,924 M L KING JR WAY,,,,,,5,4,0,2023-12-27,2024-04-09,2023-12-27 to 2024-03-26,NO_PARCEL_RECORD,,,,,,,,,
1,UNKNOWN / NOT IN SALE RECORDS,1200 N ALLEN PL,,,,,,5,4,0,2024-05-31,2025-07-11,2024-05-31 to 2024-08-29,NO_PARCEL_RECORD,,,,,,,,,
1,UNKNOWN / NOT IN SALE RECORDS,11842 B 31ST PL NE,,,,,,5,4,0,2024-09-06,2025-01-06,2024-09-06 to 2024-12-05,NO_PARCEL_RECORD,,,,,,,,,
1,UNKNOWN / NOT IN SALE RECORDS,2230 NW 60TH ST,,,,,,5,4,0,2024-12-05,2025-04-30,2025-04-22 to 2025-07-21,NO_PARCEL_RECORD,,,,,,,,,
1,UNKNOWN / NOT IN SALE RECORDS,13201 LINDEN AVE N,BITTER LAKE VILLAGE CONDOMINIUM,98133,,,,5,4,0,2025-01-07,2025-05-01,2025-05-01 to 2025-07-30,,,145300,160700,306000,,,,,832200000
1,UNKNOWN / NOT IN SALE RECORDS,718 YESLER WAY,,,,,,5,4,0,2025-04-07,2025-08-29,2025-08-14 to 2025-11-12,NO_PARCEL_RECORD,,,,,,,,,
1,UNKNOWN / NOT IN SALE RECORDS,1818 NE 47TH ST,PSI UPSILON FRATERNITY,98105,,1924,3,5,3,0,2003-11-12,2015-12-10,2003-11-12 to 2004-02-10,,,3628800,1393900,5022700,,,,,8823901630
1,UNKNOWN / NOT IN SALE RECORDS,10426 59TH AVE S,,98178,,,,5,3,0,2003-11-13,2008-06-03,2003-11-13 to 2004-02-11,,,403000,200000,603000,,,,,393000385
1,UNKNOWN / NOT IN SALE RECORDS,1426 WESTERN AVE,,,,,,5,3,0,2003-12-23,2011-06-17,2003-12-23 to 2004-03-22,NO_PARCEL_RECORD,,,,,,,,,
1,UNKNOWN / NOT IN SALE RECORDS,9037 11TH AVE SW,,,,,,5,3,0,2003-12-30,2022-09-19,2003-12-30 to 2004-03-29,NO_PARCEL_RECORD,,,,,,,,,
1,UNKNOWN / NOT IN SALE RECORDS,2125 2ND AVE,,,,,,5,3,0,2004-01-13,2004-08-04,2004-01-13 to 2004-04-12,NO_PARCEL_RECORD,,,,,,,,,
1,UNKNOWN / NOT IN SALE RECORDS,6318 28TH AVE S,,98108,,,,5,3,0,2004-02-02,2008-06-09,2008-05-28 to 2008-08-26,,,337000,454000,791000,,,,,877000030
1,UNKNOWN / NOT IN SALE RECORDS,6533 15TH AVE NW,,,,,,5,3,0,2004-03-04,2006-09-20,2004-03-04 to 2004-06-02,NO_PARCEL_RECORD,,,,,,,,,
1,UNKNOWN / NOT IN SALE RECORDS,14058 RIVIERA PL NE,,,,,,5,3,0,2004-03-11,2007-08-21,2007-05-15 to 2007-08-13,NO_PARCEL_RECORD,,,,,,,,,
1,UNKNOWN / NOT IN SALE RECORDS,152 20TH AVE E,,,,,,5,3,0,2004-04-06,2017-04-03,2004-04-06 to 2004-07-05,NO_PARCEL_RECORD,,,,,,,,,
1,UNKNOWN / NOT IN SALE RECORDS,4132 23RD AVE SW,,,,,,5,3,0,2004-04-12,2025-08-22,2004-04-12 to 2004-07-11,NO_PARCEL_RECORD,,,,,,,,,
1,UNKNOWN / NOT IN SALE RECORDS,7809 LAKE CITY WAY NE,,,,,,5,3,0,2004-04-21,2012-03-02,2004-04-21 to 2004-07-20,NO_PARCEL_RECORD,,,,,,,,,
1,UNKNOWN / NOT IN SALE RECORDS,606 N 138TH ST,,98133,,,,5,3,0,2004-04-22,2011-10-03,2004-04-22 to 2004-07-21,,,458000,844000,1302000,,,,,164000175
1,UNKNOWN / NOT IN SALE RECORDS,4105 47TH AVE SW,,98116,,,,5,3,0,2004-04-28,2024-04-09,2004-04-28 to 2004-07-27,,,613000,366000,979000,,,,,10000155
1,UNKNOWN / NOT IN SALE RECORDS,7801 R 8TH AVE S,,,,,,5,3,0,2004-05-18,2011-10-26,2011-10-10 to 2012-01-08,NO_PARCEL_RECORD,,,,,,,,,
1,UNKNOWN / NOT IN SALE RECORDS,1703 12TH AVE,,,,,,5,3,0,2004-05-28,2008-08-25,2004-05-28 to 2004-08-26,NO_PARCEL_RECORD,,,,,,,,,
1,UNKNOWN / NOT IN SALE RECORDS,1917 15TH AVE S,,,,,,5,3,0,2004-06-11,2008-12-01,2008-11-14 to 2009-02-12,NO_PARCEL_RECORD,,,,,,,,,
1,UNKNOWN / NOT IN SALE RECORDS,10257 RAINIER AVE S,,,,,,5,3,0,2004-06-23,2011-06-23,2007-05-10 to 2007-08-08,NO_PARCEL_RECORD,,,,,,,,,
1,UNKNOWN / NOT IN SALE RECORDS,3717 SW RAYMOND ST,,98126,,,,5,3,0,2004-06-24,2009-09-17,2004-06-24 to 2004-09-22,,,583000,195000,778000,,,,,66000485
1,UNKNOWN / NOT IN SALE RECORDS,815 4TH AVE N,,,,,,5,3,0,2004-07-30,2023-08-29,2004-07-30 to 2004-10-28,NO_PARCEL_RECORD,,,,,,,,,
1,UNKNOWN / NOT IN SALE RECORDS,11300 1ST AVE NE,NORTHGATE WEST CONDOMINIUM,98125,,,,5,3,0,2004-08-09,2022-05-18,2022-05-18 to 2022-08-16,,,244900,146100,391000,,,,,6174800000
1,UNKNOWN / NOT IN SALE RECORDS,6020 FAUNTLEROY WAY SW,,,,,,5,3,0,2004-08-17,2007-11-19,2004-08-17 to 2004-11-15,NO_PARCEL_RECORD,,,,,,,,,
1,UNKNOWN / NOT IN SALE RECORDS,1417 NE 113TH ST,,98125,,,,5,3,0,2004-08-24,2008-01-30,2004-08-24 to 2004-11-22,,,590000,114000,704000,,,,,5433300006
1,UNKNOWN / NOT IN SALE RECORDS,4543 S HENDERSON ST,,,,,,5,3,0,2004-11-01,2005-10-24,2005-10-07 to 2006-01-05,NO_PARCEL_RECORD,,,,,,,,,
1,UNKNOWN / NOT IN SALE RECORDS,3718 S OREGON ST,,,,,,5,3,0,2004-11-29,2005-10-26,2004-11-29 to 2005-02-27,NO_PARCEL_RECORD,,,,,,,,,
1,UNKNOWN / NOT IN SALE RECORDS,3658 WHITMAN AVE N,,,,,,5,3,0,2004-07-23,2017-10-05,2017-09-01 to 2017-11-30,NO_PARCEL_RECORD,,,,,,,,,
1,UNKNOWN / NOT IN SALE RECORDS,211 HIGHLAND DR,,,,,,5,3,0,2005-01-10,2022-06-03,2022-01-26 to 2022-04-26,NO_PARCEL_RECORD,,,,,,,,,
1,UNKNOWN / NOT IN SALE RECORDS,3320 31ST AVE SW,,,,,,5,3,0,2005-01-25,2006-05-04,2005-01-25 to 2005-04-25,NO_PARCEL_RECORD,,,,,,,,,
1,UNKNOWN / NOT IN SALE RECORDS,2425 E LYNN ST,,98112,,,,5,3,0,2005-02-04,2008-10-23,2005-02-04 to 2005-05-05,,,896000,417000,1313000,,,,,8712100025
1,UNKNOWN / NOT IN SALE RECORDS,6719 17TH AVE NW,,98117,,,,5,3,0,2005-02-04,2007-12-10,2007-11-21 to 2008-02-19,,,725000,191000,916000,,,,,7518502190
1,UNKNOWN / NOT IN SALE RECORDS,4036 7TH AVE NE,,,,,,5,3,0,2005-02-07,2007-08-13,2007-07-13 to 2007-10-11,NO_PARCEL_RECORD,,,,,,,,,
1,UNKNOWN / NOT IN SALE RECORDS,7301 AURORA AVE N,,,,,,5,3,0,2005-03-14,2009-10-23,2005-03-14 to 2005-06-12,NO_PARCEL_RECORD,,,,,,,,,
1,UNKNOWN / NOT IN SALE RECORDS,1133 NW 57TH ST,,,,,,5,3,0,2005-04-29,2021-02-23,2005-04-29 to 2005-07-28,NO_PARCEL_RECORD,,,,,,,,,
1,UNKNOWN / NOT IN SALE RECORDS,1400 1ST AVE W,,,,,,5,3,0,2005-05-04,2023-08-07,2005-05-04 to 2005-08-02,NO_PARCEL_RECORD,,,,,,,,,
1,UNKNOWN / NOT IN SALE RECORDS,4717 FREMONT AVE N,,,,,,5,3,0,2005-05-05,2011-07-07,2011-06-23 to 2011-09-21,NO_PARCEL_RECORD,,,,,,,,,
1,UNKNOWN / NOT IN SALE RECORDS,4503 17TH AVE NE,PHI GAMMA DELTA FRATERNITY,98105,,1929,3,5,3,0,2005-05-25,2019-05-23,2005-05-25 to 2005-08-23,,,4838400,1792400,6630800,,,,,8823902415
1,UNKNOWN / NOT IN SALE RECORDS,4705 S OREGON ST,,98118,,,,5,3,0,2005-06-15,2007-11-19,2005-06-15 to 2005-09-13,,,588000,838000,1426000,,,,,4154302795
1,UNKNOWN / NOT IN SALE RECORDS,5734 EAST GREEN LAKE WAY N,,,,,,5,3,0,2005-06-28,2017-06-28,2017-06-06 to 2017-09-04,NO_PARCEL_RECORD,,,,,,,,,
1,UNKNOWN / NOT IN SALE RECORDS,1110 E HARRISON ST,HARRISON PARK CONDOMINIUM,98102,,,,5,3,0,2005-10-04,2019-05-07,2019-04-16 to 2019-07-15,,,179900,190100,370000,,,,,3133000000
1,UNKNOWN / NOT IN SALE RECORDS,6519 16TH AVE NE,,,,,,5,3,0,2005-10-05,2018-03-15,2015-02-03 to 2015-05-04,NO_PARCEL_RECORD,,,,,,,,,
1,UNKNOWN / NOT IN SALE RECORDS,2816 S JACKSON ST,,,,,,5,3,0,2005-10-06,2007-01-17,2005-10-06 to 2006-01-04,NO_PARCEL_RECORD,,,,,,,,,
1,UNKNOWN / NOT IN SALE RECORDS,4023 41ST AVE SW,,98116,,,,5,3,0,2005-10-18,2007-04-10,2007-04-09 to 2007-07-08,,,649000,807000,1456000,,,,,952001690
1,UNKNOWN / NOT IN SALE RECORDS,501 W OLYMPIC PL,,,,,,5,3,0,2005-05-02,2006-11-17,2006-04-20 to 2006-07-19,NO_PARCEL_RECORD,,,,,,,,,
1,UNKNOWN / NOT IN SALE RECORDS,6058 35TH AVE SW,,,,,,5,3,0,2005-11-30,2024-06-27,2017-02-09 to 2017-05-10,NO_PARCEL_RECORD,,,,,,,,,
1,UNKNOWN / NOT IN SALE RECORDS,203 27TH AVE E,,,,,,5,3,0,2006-01-03,2007-07-25,2006-01-03 to 2006-04-03,NO_PARCEL_RECORD,,,,,,,,,
1,UNKNOWN / NOT IN SALE RECORDS,1218 S LANDER ST,,98144,,,,5,3,0,2006-01-12,2025-04-04,2025-04-03 to 2025-07-02,SUSPICIOUS_IMPR_VALUE_1000,,1411000,1000,1412000,,,,,570000240
1,UNKNOWN / NOT IN SALE RECORDS,4813 44TH AVE S,,,,,,5,3,0,2006-01-30,2025-07-03,2006-01-30 to 2006-04-30,NO_PARCEL_RECORD,,,,,,,,,
1,UNKNOWN / NOT IN SALE RECORDS,3228 MORSE AVE S,,,,,,5,3,0,2006-02-10,2014-07-24,2014-06-12 to 2014-09-10,NO_PARCEL_RECORD,,,,,,,,,
1,UNKNOWN / NOT IN SALE RECORDS,165 16TH AVE,,,,,,5,3,0,2006-02-13,2008-09-02,2006-02-13 to 2006-05-14,NO_PARCEL_RECORD,,,,,,,,,
1,UNKNOWN / NOT IN SALE RECORDS,3025 20TH AVE S,,98144,,,,5,3,0,2006-03-13,2014-08-05,2014-07-10 to 2014-10-08,,,425000,177000,602000,,,,,597000330
1,UNKNOWN / NOT IN SALE RECORDS,3555 W MCGRAW ST,MAGNOLIA UNITED CHURCH OF CHRIST,98199,,1947,2,5,3,0,2006-03-28,2006-10-12,2006-10-05 to 2007-01-03,,,2628700,2644100,5272800,,,,,1370802570
1,UNKNOWN / NOT IN SALE RECORDS,5612 BROOKLYN AVE NE,,98105,,,,5,3,0,2006-08-02,2023-11-16,2023-10-06 to 2024-01-04,,,650000,465000,1115000,,,,,825049064
1,UNKNOWN / NOT IN SALE RECORDS,746 S CLOVERDALE ST,,,,,,5,3,0,2006-08-21,2007-01-18,2006-12-13 to 2007-03-13,NO_PARCEL_RECORD,,,,,,,,,
1,UNKNOWN / NOT IN SALE RECORDS,906 PINE ST,,,,,,5,3,0,2006-09-25,2021-04-23,2018-08-26 to 2018-11-24,NO_PARCEL_RECORD,,,,,,,,,
1,UNKNOWN / NOT IN SALE RECORDS,6547 42ND AVE SW,LOFT42 CONDOMINIUM,98136,,,,5,3,0,2006-09-28,2019-06-14,2006-09-28 to 2006-12-27,,,65600,233400,299000,,,,,4397200000
1,UNKNOWN / NOT IN SALE RECORDS,307 14TH AVE E,,,,,,5,3,0,2006-10-23,2009-06-09,2006-10-23 to 2007-01-21,NO_PARCEL_RECORD,,,,,,,,,
1,UNKNOWN / NOT IN SALE RECORDS,8451 24TH AVE SW,8451 24TH AVE SW,98106,,,,5,3,0,2007-01-05,2007-08-13,2007-05-16 to 2007-08-14,,,111900,720100,832000,,,,,2286140000
1,UNKNOWN / NOT IN SALE RECORDS,2655 HARBOR AVE SW,,,,,,5,3,0,2007-02-08,2010-09-21,2010-08-05 to 2010-11-03,NO_PARCEL_RECORD,,,,,,,,,
1,UNKNOWN / NOT IN SALE RECORDS,9717 PHINNEY AVE N,,,,,,5,3,0,2007-03-01,2009-11-30,2009-11-17 to 2010-02-15,NO_PARCEL_RECORD,,,,,,,,,
1,UNKNOWN / NOT IN SALE RECORDS,1408 NE 65TH ST,,,,,,5,3,0,2007-03-23,2015-03-17,2015-03-17 to 2015-06-15,NO_PARCEL_RECORD,,,,,,,,,
1,UNKNOWN / NOT IN SALE RECORDS,939 NW 64TH ST,,98107,,,,5,3,0,2007-04-02,2015-03-19,2015-03-11 to 2015-06-09,,,687000,814000,1501000,,,,,452001685
1,UNKNOWN / NOT IN SALE RECORDS,1415 NW 52ND ST,N F CORPORATION,98107,,1961,1,5,3,0,2007-06-06,2022-07-30,2022-06-28 to 2022-09-26,SUSPICIOUS_IMPR_VALUE_1000,,4794000,1000,4795000,,,,,2768300955
1,UNKNOWN / NOT IN SALE RECORDS,9925 35TH AVE SW,,98126,,,,5,3,0,2007-05-04,2014-09-04,2007-05-04 to 2007-08-02,,,381000,244000,625000,,,,,37000430
1,UNKNOWN / NOT IN SALE RECORDS,5024 9TH AVE NE,,,,,,5,3,0,2007-07-12,2015-01-07,2014-12-30 to 2015-03-30,NO_PARCEL_RECORD,,,,,,,,,
1,UNKNOWN / NOT IN SALE RECORDS,2300 E THOMAS ST,,98112,,,,5,3,0,2007-07-18,2025-02-28,2025-01-06 to 2025-04-06,,,666000,567000,1233000,,,,,958000045
1,UNKNOWN / NOT IN SALE RECORDS,7440 EAST GREEN LAKE DR N,,,,,,5,3,0,2007-09-17,2019-01-10,2019-01-06 to 2019-04-06,NO_PARCEL_RECORD,,,,,,,,,
1,UNKNOWN / NOT IN SALE RECORDS,8337 WABASH AVE S,,,,,,5,3,0,2007-09-27,2021-03-31,2007-09-27 to 2007-12-26,NO_PARCEL_RECORD,,,,,,,,,
1,UNKNOWN / NOT IN SALE RECORDS,2814 NW 56TH ST,,,,,,5,3,0,2007-11-26,2008-10-13,2008-08-21 to 2008-11-19,NO_PARCEL_RECORD,,,,,,,,,
1,UNKNOWN / NOT IN SALE RECORDS,4536 EASTERN AVE N,4536 EASTERN AVENUE N CONDOMINIUM,98103,,,,5,3,0,2007-12-31,2018-08-17,2007-12-31 to 2008-03-30,,,318700,358300,677000,,,,,2604400000
1,UNKNOWN / NOT IN SALE RECORDS,10434 39TH AVE SW,,98146,,,,5,3,0,2008-01-07,2013-06-04,2013-05-23 to 2013-08-21,,,500000,549000,1049000,,,,,223039235
1,UNKNOWN / NOT IN SALE RECORDS,6519 58TH AVE NE,,98115,,,,5,3,0,2008-04-17,2013-09-26,2008-04-17 to 2008-07-16,,,888000,108000,996000,,,,,8924100380
1,UNKNOWN / NOT IN SALE RECORDS,11045 ARROYO BEACH PL SW,,98146,,,,5,3,0,2008-05-09,2020-08-13,2008-05-09 to 2008-08-07,,,2043000,2896000,4939000,,,,,284000028
1,UNKNOWN / NOT IN SALE RECORDS,910 N 35TH ST,,,,,,5,3,0,2008-07-29,2009-08-06,2008-07-29 to 2008-10-27,NO_PARCEL_RECORD,,,,,,,,,
1,UNKNOWN / NOT IN SALE RECORDS,8101 18TH AVE SW,,,,,,5,3,0,2008-07-31,2011-02-22,2008-07-31 to 2008-10-29,NO_PARCEL_RECORD,,,,,,,,,
1,UNKNOWN / NOT IN SALE RECORDS,2321 2ND AVE,,,,,,5,3,0,2008-07-31,2010-03-18,2008-07-31 to 2008-10-29,NO_PARCEL_RECORD,,,,,,,,,
1,UNKNOWN / NOT IN SALE RECORDS,1710 DEXTER AVE N,,,,,,5,3,0,2008-08-05,2016-03-14,2008-08-05 to 2008-11-03,NO_PARCEL_RECORD,,,,,,,,,
1,UNKNOWN / NOT IN SALE RECORDS,12327 5TH AVE NE,,,,,,5,3,0,2008-08-21,2011-07-19,2008-08-21 to 2008-11-19,NO_PARCEL_RECORD,,,,,,,,,
1,UNKNOWN / NOT IN SALE RECORDS,12417 5TH AVE NE,,,,,,5,3,0,2008-08-21,2022-07-11,2008-08-21 to 2008-11-19,NO_PARCEL_RECORD,,,,,,,,,
1,UNKNOWN / NOT IN SALE RECORDS,12206 GREENWOOD AVE N,,,,,,5,3,0,2008-09-12,2018-08-15,2018-06-06 to 2018-09-04,NO_PARCEL_RECORD,,,,,,,,,
1,UNKNOWN / NOT IN SALE RECORDS,6721 CARLETON AVE S,,,,,,5,3,0,2008-10-16,2021-02-22,2021-01-30 to 2021-04-30,NO_PARCEL_RECORD,,,,,,,,,
1,UNKNOWN / NOT IN SALE RECORDS,6017 14TH AVE NW,,,,,,5,3,0,2008-10-29,2025-05-30,2008-10-29 to 2009-01-27,NO_PARCEL_RECORD,,,,,,,,,
1,UNKNOWN / NOT IN SALE RECORDS,10324 HOLMAN RD N,,,,,,5,3,0,2008-12-29,2019-09-11,2008-12-29 to 2009-03-29,NO_PARCEL_RECORD,,,,,,,,,
1,UNKNOWN / NOT IN SALE RECORDS,1007 E JEFFERSON ST,,,,,,5,3,0,2009-01-15,2014-03-12,2014-03-03 to 2014-06-01,NO_PARCEL_RECORD,,,,,,,,,
1,UNKNOWN / NOT IN SALE RECORDS,9419 39TH AVE S,,98118,,,,5,3,0,2009-01-28,2013-08-01,2013-06-06 to 2013-09-04,,,313000,216000,529000,,,,,603000700
1,UNKNOWN / NOT IN SALE RECORDS,11726 AURORA AVE N,,,,,,5,3,0,2009-02-18,2013-05-06,2009-02-18 to 2009-05-19,NO_PARCEL_RECORD,,,,,,,,,
1,UNKNOWN / NOT IN SALE RECORDS,3917 S SULLIVAN ST,,98118,,,,5,3,0,2009-02-25,2010-08-13,2009-02-25 to 2009-05-26,,,350000,162000,512000,,,,,4006000457
1,UNKNOWN / NOT IN SALE RECORDS,5929 34TH AVE SW,,98126,,,,5,3,0,2009-03-02,2011-06-10,2009-03-02 to 2009-05-31,,,345000,177000,522000,,,,,8150600115
1,UNKNOWN / NOT IN SALE RECORDS,10616 31ST AVE SW,,98146,,,,5,3,0,2009-04-08,2013-04-09,2009-04-08 to 2009-07-07,,,523000,232000,755000,,,,,123039589
1,UNKNOWN / NOT IN SALE RECORDS,6033 M L KING JR WAY S,,,,,,5,3,0,2009-04-10,2024-07-01,2009-04-10 to 2009-07-09,NO_PARCEL_RECORD,,,,,,,,,
1,UNKNOWN / NOT IN SALE RECORDS,2222 S GRAND ST,,,,,,5,3,0,2009-05-05,2014-05-13,2009-05-05 to 2009-08-03,NO_PARCEL_RECORD,,,,,,,,,
1,UNKNOWN / NOT IN SALE RECORDS,9000 OLSON PL SW,,,,,,5,3,0,2009-07-06,2012-04-19,2012-03-12 to 2012-06-10,NO_PARCEL_RECORD,,,,,,,,,
1,UNKNOWN / NOT IN SALE RECORDS,1713 WARREN AVE N,,98109,,,,5,3,0,2009-08-03,2018-05-03,2009-08-03 to 2009-11-01,,,1030000,1561000,2591000,,,,,809000835
1,UNKNOWN / NOT IN SALE RECORDS,305 25TH AVE E,,,,,,5,3,0,2009-10-07,2017-04-26,2017-02-22 to 2017-05-23,NO_PARCEL_RECORD,,,,,,,,,
1,UNKNOWN / NOT IN SALE RECORDS,546 S CLOVERDALE ST,,,,,,5,3,0,2010-02-09,2022-06-09,2010-02-09 to 2010-05-10,NO_PARCEL_RECORD,,,,,,,,,
1,UNKNOWN / NOT IN SALE RECORDS,2206 2ND AVE N,Sfr,98109,,,,5,3,0,2010-02-17,2024-09-13,2010-02-17 to 2010-05-18,,,765000,1417000,2182000,,,,,809003295
1,UNKNOWN / NOT IN SALE RECORDS,4733 21ST AVE NE,SUN LIGHT,98105,,,,5,3,0,2010-02-25,2013-06-07,2010-02-25 to 2010-05-26,,,1286600,2693400,3980000,,,,,925049219
1,UNKNOWN / NOT IN SALE RECORDS,3001 21ST AVE S,VACANT RETAIL,98144,,,,5,3,0,2010-03-18,2011-07-25,2011-05-26 to 2011-08-24,,,327000,860000,1187000,,,,,597000009
1,UNKNOWN / NOT IN SALE RECORDS,1001 LENORA ST,ALPHA CINE,98121,,,,5,3,0,2010-03-29,2011-02-25,2011-02-08 to 2011-05-09,,,8640000,578600,9218600,,,,,660001470
1,UNKNOWN / NOT IN SALE RECORDS,3515 SW HOLDEN ST,,98126,,,,5,3,0,2010-05-13,2013-09-06,2013-07-19 to 2013-10-17,,,528000,256000,784000,,,,,293000211
1,UNKNOWN / NOT IN SALE RECORDS,525 W PROSPECT ST,PROSPECT POINTE CONDOMINIUM,98119,,,,5,3,0,2010-06-07,2018-07-23,2016-07-29 to 2016-10-27,,,350000,827000,1177000,,,,,6908800000
1,UNKNOWN / NOT IN SALE RECORDS,4147 CALIFORNIA AVE SW,RACCOLTO/BLUEPRINT,98116,,,,5,3,0,2010-06-07,2016-11-17,2016-10-26 to 2017-01-24,,,410400,2549200,2959600,,,,,194000935
1,UNKNOWN / NOT IN SALE RECORDS,4500 36TH AVE SW,BARI APTS,98126,,,,5,3,0,2010-07-22,2024-02-20,2023-12-04 to 2024-03-03,,,6756200,343800,7100000,,,,,952008120
1,UNKNOWN / NOT IN SALE RECORDS,4312 EVANSTON AVE N,,,,,,5,3,0,2010-07-26,2015-09-09,2015-07-13 to 2015-10-11,NO_PARCEL_RECORD,,,,,,,,,
1,UNKNOWN / NOT IN SALE RECORDS,3411 S ALASKA ST,REHAB CENTER FOR THE BLIND,98118,,1962,2,5,3,0,2010-10-11,2022-02-25,2014-09-04 to 2014-12-03,,,5271700,1076400,6348100,,,,,2224049003
1,UNKNOWN / NOT IN SALE RECORDS,4088 NE 87TH ST,,98115,,,,5,3,0,2010-11-01,2022-03-31,2010-11-01 to 2011-01-30,,,783000,196000,979000,,,,,444000070
1,UNKNOWN / NOT IN SALE RECORDS,3403 WEST VIEWMONT WAY W,,,,,,5,3,0,2010-12-02,2019-06-12,2010-12-02 to 2011-03-02,NO_PARCEL_RECORD,,,,,,,,,
1,UNKNOWN / NOT IN SALE RECORDS,9059 CARKEEK DR S,,98118,,,,5,3,0,2010-12-03,2014-08-25,2010-12-03 to 2011-03-03,SUSPICIOUS_IMPR_VALUE_1000,,605000,1000,606000,,,,,603001965
1,UNKNOWN / NOT IN SALE RECORDS,2731 FAIRVIEW AVE E,DNR LEASE (NORTH HAMLIN PIER),98102,,,,5,3,0,2010-07-29,2024-04-12,2024-03-07 to 2024-06-05,,,1790000,,1790000,,,,,4088802071
1,UNKNOWN / NOT IN SALE RECORDS,6114 PHINNEY AVE N,,,,,,5,3,0,2011-01-19,2013-06-26,2011-01-19 to 2011-04-19,NO_PARCEL_RECORD,,,,,,,,,
1,UNKNOWN / NOT IN SALE RECORDS,13739 15TH AVE NE,,,,,,5,3,0,2011-02-15,2023-08-16,2021-11-15 to 2022-02-13,NO_PARCEL_RECORD,,,,,,,,,
1,UNKNOWN / NOT IN SALE RECORDS,7317 13TH AVE NW,,98117,,,,5,3,0,2011-02-22,2013-09-30,2013-07-25 to 2013-10-23,,,714000,397000,1111000,,,,,461001870
1,UNKNOWN / NOT IN SALE RECORDS,2231 NW 62ND ST,,,,,,5,3,0,2011-03-31,2018-08-02,2018-07-21 to 2018-10-19,NO_PARCEL_RECORD,,,,,,,,,
1,UNKNOWN / NOT IN SALE RECORDS,4100 40TH AVE SW,,98116,,,,5,3,0,2011-07-08,2019-05-30,2019-05-22 to 2019-08-20,,,618000,1225000,1843000,,,,,952002945
1,UNKNOWN / NOT IN SALE RECORDS,5905 CALIFORNIA AVE SW,,,,,,5,3,0,2011-07-18,2022-10-18,2011-07-18 to 2011-10-16,NO_PARCEL_RECORD,,,,,,,,,
1,UNKNOWN / NOT IN SALE RECORDS,4526 41ST AVE SW,,,,,,5,3,0,2011-07-26,2013-04-02,2011-07-26 to 2011-10-24,NO_PARCEL_RECORD,,,,,,,,,
1,UNKNOWN / NOT IN SALE RECORDS,5702 26TH AVE NE,,98105,,,,5,3,0,2011-07-29,2025-09-30,2025-06-09 to 2025-09-07,,,700000,366000,1066000,,,,,9191200830
1,UNKNOWN / NOT IN SALE RECORDS,2850 SW SPOKANE ST,,,,,,5,3,0,2011-09-27,2015-06-11,2015-05-13 to 2015-08-11,NO_PARCEL_RECORD,,,,,,,,,
1,UNKNOWN / NOT IN SALE RECORDS,1318 TERRY AVE,,,,,,5,3,0,2011-09-29,2012-11-21,2012-09-18 to 2012-12-17,NO_PARCEL_RECORD,,,,,,,,,
1,UNKNOWN / NOT IN SALE RECORDS,5918 PHINNEY AVE N,,,,,,5,3,0,2011-10-03,2019-01-28,2019-01-18 to 2019-04-18,NO_PARCEL_RECORD,,,,,,,,,
1,UNKNOWN / NOT IN SALE RECORDS,1111 34TH AVE,,,,,,5,3,0,2011-10-25,2018-10-09,2011-10-25 to 2012-01-23,NO_PARCEL_RECORD,,,,,,,,,
1,UNKNOWN / NOT IN SALE RECORDS,5923 47TH AVE SW,,98136,,,,5,3,0,2012-02-23,2015-11-10,2015-10-02 to 2015-12-31,,,479000,416000,895000,,,,,7104100095
1,UNKNOWN / NOT IN SALE RECORDS,9551 ASHWORTH AVE N,,,,,,5,3,0,2012-03-28,2018-05-15,2018-05-14 to 2018-08-12,NO_PARCEL_RECORD,,,,,,,,,
1,UNKNOWN / NOT IN SALE RECORDS,2710 E YESLER WAY,,,,,,5,3,0,2012-06-06,2013-04-10,2012-06-06 to 2012-09-04,NO_PARCEL_RECORD,,,,,,,,,
1,UNKNOWN / NOT IN SALE RECORDS,10263 MAPLEWOOD PL SW,,98146,,,,5,3,0,2012-07-24,2019-03-09,2019-01-10 to 2019-04-10,,,1674000,709000,2383000,,,,,223039034
1,UNKNOWN / NOT IN SALE RECORDS,2271 HARBOR AVE SW,,,,,,5,3,0,2012-08-31,2023-06-14,2023-05-25 to 2023-08-23,NO_PARCEL_RECORD,,,,,,,,,
1,UNKNOWN / NOT IN SALE RECORDS,2411 ALASKAN WAY,EDGEWATER INN HOTEL  PP#21326491(M1),98121,,1961,4,5,3,0,2012-12-11,2018-05-27,2018-05-27 to 2018-08-25,,,8512100,84969000,93481100,,,,,7666202317
1,UNKNOWN / NOT IN SALE RECORDS,1774 RAINIER AVE S,,,,,,5,3,0,2013-01-16,2014-12-30,2014-10-30 to 2015-01-28,NO_PARCEL_RECORD,,,,,,,,,
1,UNKNOWN / NOT IN SALE RECORDS,4844 S AUSTIN ST,,,,,,5,3,0,2013-01-24,2017-06-27,2017-06-09 to 2017-09-07,NO_PARCEL_RECORD,,,,,,,,,
1,UNKNOWN / NOT IN SALE RECORDS,4140 CALIFORNIA AVE SW,,,,,,5,3,0,2013-02-01,2022-10-24,2013-02-01 to 2013-05-02,NO_PARCEL_RECORD,,,,,,,,,
1,UNKNOWN / NOT IN SALE RECORDS,1756 19TH AVE S,,,,,,5,3,0,2013-02-13,2019-03-30,2018-11-13 to 2019-02-11,NO_PARCEL_RECORD,,,,,,,,,
1,UNKNOWN / NOT IN SALE RECORDS,5009 RENTON AVE S,,,,,,5,3,0,2013-04-09,2018-08-01,2013-04-09 to 2013-07-08,NO_PARCEL_RECORD,,,,,,,,,
1,UNKNOWN / NOT IN SALE RECORDS,5714 SW WINTHROP ST,,98116,,,,5,3,0,2013-06-12,2020-01-07,2019-12-13 to 2020-03-12,,,678000,517000,1195000,,,,,56000155
1,UNKNOWN / NOT IN SALE RECORDS,827 S KENYON ST,,,,,,5,3,0,2013-09-30,2015-05-20,2015-02-19 to 2015-05-20,NO_PARCEL_RECORD,,,,,,,,,
1,UNKNOWN / NOT IN SALE RECORDS,4107 35TH AVE SW,,98126,,,,5,3,0,2013-12-05,2019-07-02,2013-12-05 to 2014-03-05,,,419000,341000,760000,,,,,952004100
1,UNKNOWN / NOT IN SALE RECORDS,718 RAINIER AVE S,,,,,,5,3,0,2014-03-19,2019-05-13,2019-05-11 to 2019-08-09,NO_PARCEL_RECORD,,,,,,,,,
1,UNKNOWN / NOT IN SALE RECORDS,2040 WAVERLY PL N,WAVERLY PLACE CONDOMINIUM,98109,,,,5,3,0,2014-06-18,2025-08-20,2014-06-18 to 2014-09-16,,,87000,565000,652000,,,,,9201200000
1,UNKNOWN / NOT IN SALE RECORDS,6808 OSWEGO PL NE,,,,,,5,3,0,2014-07-08,2015-04-17,2015-03-24 to 2015-06-22,NO_PARCEL_RECORD,,,,,,,,,
1,UNKNOWN / NOT IN SALE RECORDS,2901 4TH AVE W,,,,,,5,3,0,2014-07-08,2019-06-05,2014-07-08 to 2014-10-06,NO_PARCEL_RECORD,,,,,,,,,
1,UNKNOWN / NOT IN SALE RECORDS,422 W RAYE ST,,98119,,,,5,3,0,2014-07-16,2019-07-03,2019-06-25 to 2019-09-23,,,758000,903000,1661000,,,,,976000057
1,UNKNOWN / NOT IN SALE RECORDS,8302 31ST AVE NE,,98115,,,,5,3,0,2014-09-04,2022-11-09,2019-02-26 to 2019-05-27,,,783000,223000,1006000,,,,,9212900420
1,UNKNOWN / NOT IN SALE RECORDS,221 13TH AVE E,,,,,,5,3,0,2014-09-30,2025-07-18,2025-07-11 to 2025-10-09,NO_PARCEL_RECORD,,,,,,,,,
1,UNKNOWN / NOT IN SALE RECORDS,1915 TERRY AVE,1915 TERRY BLDG. (Amazon - Kumo Bldg),98101,,,,5,3,0,2014-10-28,2019-08-07,2014-10-28 to 2015-01-26,SUSPICIOUS_IMPR_VALUE_1000,,63540000,1000,63541000,,,,,660001255
1,UNKNOWN / NOT IN SALE RECORDS,210 W COMSTOCK ST,210 COMSTOCK CONDOMINIUM,98119,,,,5,3,0,2014-12-31,2019-01-09,2018-12-17 to 2019-03-17,,,247600,1524400,1772000,,,,,8732340000
1,UNKNOWN / NOT IN SALE RECORDS,9201 DELRIDGE WAY SW,,,,,,5,3,0,2015-01-20,2019-02-27,2019-02-08 to 2019-05-09,NO_PARCEL_RECORD,,,,,,,,,
1,UNKNOWN / NOT IN SALE RECORDS,3447 22ND AVE W,,,,,,5,3,0,2015-06-08,2016-11-18,2016-10-04 to 2017-01-02,NO_PARCEL_RECORD,,,,,,,,,
1,UNKNOWN / NOT IN SALE RECORDS,6656 57TH AVE NE,,98115,,,,5,3,0,2015-06-09,2025-07-22,2025-07-01 to 2025-09-29,SUSPICIOUS_IMPR_VALUE_1000,,1688000,1000,1689000,,,,,8924100270
1,UNKNOWN / NOT IN SALE RECORDS,13717 LINDEN AVE N,LINDEN PARK CONDOMINIUM,98133,,,,5,3,0,2015-07-30,2019-09-16,2019-09-06 to 2019-12-05,,,69300,188700,258000,,,,,4340300000
1,UNKNOWN / NOT IN SALE RECORDS,2502 26TH AVE W,,98199,,,,5,3,0,2015-08-10,2022-11-28,2022-08-26 to 2022-11-24,,,1044000,233000,1277000,,,,,269001110
1,UNKNOWN / NOT IN SALE RECORDS,123 12TH AVE E,,,,,,5,3,0,2015-09-03,2016-05-19,2015-09-03 to 2015-12-02,NO_PARCEL_RECORD,,,,,,,,,
1,UNKNOWN / NOT IN SALE RECORDS,701 QUEEN ANNE AVE N,,,,,,5,3,0,2015-09-08,2023-04-05,2023-01-11 to 2023-04-11,NO_PARCEL_RECORD,,,,,,,,,
1,UNKNOWN / NOT IN SALE RECORDS,702 35TH AVE,,98122,,,,5,3,0,2015-10-19,2023-08-15,2022-09-27 to 2022-12-26,,,2389000,2457000,4846000,,,,,345000135
1,UNKNOWN / NOT IN SALE RECORDS,2224 WESTERN AVE,,,,,,5,3,0,2015-10-23,2025-09-03,2024-08-17 to 2024-11-15,NO_PARCEL_RECORD,,,,,,,,,
1,UNKNOWN / NOT IN SALE RECORDS,4410 37TH AVE SW,,98126,,,,5,3,0,2015-10-29,2016-02-12,2015-10-29 to 2016-01-27,,,419000,292000,711000,,,,,952004560
1,UNKNOWN / NOT IN SALE RECORDS,417 NW 65TH ST,,,,,,5,3,0,2015-12-17,2022-02-25,2019-12-02 to 2020-03-01,NO_PARCEL_RECORD,,,,,,,,,
1,UNKNOWN / NOT IN SALE RECORDS,8458 M L KING JR WAY S,,,,,,5,3,0,2015-07-16,2017-06-06,2016-01-27 to 2016-04-26,NO_PARCEL_RECORD,,,,,,,,,
1,UNKNOWN / NOT IN SALE RECORDS,3011 NW 56TH ST,,,,,,5,3,0,2016-01-20,2023-06-07,2020-02-03 to 2020-05-03,NO_PARCEL_RECORD,,,,,,,,,
1,UNKNOWN / NOT IN SALE RECORDS,4838 S CHICAGO ST,,,,,,5,3,0,2016-01-22,2023-07-28,2023-05-16 to 2023-08-14,NO_PARCEL_RECORD,,,,,,,,,
1,UNKNOWN / NOT IN SALE RECORDS,4320 AURORA AVE N,,,,,,5,3,0,2016-03-02,2018-08-31,2016-03-02 to 2016-05-31,NO_PARCEL_RECORD,,,,,,,,,
1,UNKNOWN / NOT IN SALE RECORDS,2011 WARREN AVE N,,98109,,,,5,3,0,2016-05-03,2017-09-13,2017-07-13 to 2017-10-11,,,1030000,1559000,2589000,,,,,809002675
1,UNKNOWN / NOT IN SALE RECORDS,612 N 45TH ST,,,,,,5,3,0,2016-04-15,2017-06-05,2016-07-18 to 2016-10-16,NO_PARCEL_RECORD,,,,,,,,,
1,UNKNOWN / NOT IN SALE RECORDS,2602 E THOMAS ST,,,,,,5,3,0,2017-01-06,2022-04-25,2017-01-06 to 2017-04-06,NO_PARCEL_RECORD,,,,,,,,,
1,UNKNOWN / NOT IN SALE RECORDS,4019 4TH AVE NE,4019 4TH AVE NE CONDOMINIUM,98105,,,,5,3,0,2017-01-18,2018-02-22,2018-01-30 to 2018-04-30,,,293700,952300,1246000,,,,,2617790000
1,UNKNOWN / NOT IN SALE RECORDS,3648 13TH AVE W,,,,,,5,3,0,2017-05-01,2021-10-15,2017-05-01 to 2017-07-30,NO_PARCEL_RECORD,,,,,,,,,
1,UNKNOWN / NOT IN SALE RECORDS,4114 58TH PL SW,58TH PLACE II CONDOMINIUM,98116,,,,5,3,0,2017-06-05,2017-09-14,2017-06-05 to 2017-09-03,,,163800,241200,405000,,,,,2538970000
1,UNKNOWN / NOT IN SALE RECORDS,2708 FRANKLIN AVE E,,,,,,5,3,0,2017-06-23,2020-05-21,2017-06-23 to 2017-09-21,NO_PARCEL_RECORD,,,,,,,,,
1,UNKNOWN / NOT IN SALE RECORDS,3210 SW JUNEAU ST,,,,,,5,3,0,2017-08-15,2018-05-09,2018-02-22 to 2018-05-23,NO_PARCEL_RECORD,,,,,,,,,
1,UNKNOWN / NOT IN SALE RECORDS,701 4TH AVE,United PARKING GARAGE,98104,,,,5,3,0,2017-09-08,2023-10-03,2017-09-08 to 2017-12-07,SUSPICIOUS_IMPR_VALUE_1000 | NAMED_INSPECTOR,,22848000,1000,22849000,,,,,942000615
1,UNKNOWN / NOT IN SALE RECORDS,8801 MIDVALE AVE N,duplex,98103,,,,5,3,0,2017-09-28,2019-10-18,2019-08-31 to 2019-11-29,,,855000,48000,903000,,,,,993000785
1,UNKNOWN / NOT IN SALE RECORDS,2208 E JEFFERSON ST,,,,,,5,3,0,2017-09-28,2024-01-29,2017-09-28 to 2017-12-27,NO_PARCEL_RECORD,,,,,,,,,
1,UNKNOWN / NOT IN SALE RECORDS,8549 GREENWOOD AVE N,,,,,,5,3,0,2017-10-03,2023-02-10,2023-01-26 to 2023-04-26,NO_PARCEL_RECORD,,,,,,,,,
1,UNKNOWN / NOT IN SALE RECORDS,13756 MIDVALE AVE N,7 UNIT APT BLDG,98133,7,1984,2,5,3,0,2017-11-22,2025-06-25,2017-11-22 to 2018-02-20,,,736400,763600,1500000,,,,,6149700225
1,UNKNOWN / NOT IN SALE RECORDS,543 N 71ST ST,,98103,,,,5,3,0,2017-11-28,2018-05-31,2017-11-28 to 2018-02-26,,,669000,1407000,2076000,,,,,625049152
1,UNKNOWN / NOT IN SALE RECORDS,1737 PERKINS LN W,,,,,,5,3,0,2017-12-19,2020-03-26,2017-12-19 to 2018-03-19,NO_PARCEL_RECORD,,,,,,,,,
1,UNKNOWN / NOT IN SALE RECORDS,800 NE 64TH ST,,,,,,5,3,0,2017-09-25,2019-06-05,2019-05-07 to 2019-08-05,NO_PARCEL_RECORD,,,,,,,,,
1,UNKNOWN / NOT IN SALE RECORDS,2519 E PIKE ST,,,,,,5,3,0,2018-04-20,2021-01-26,2018-04-20 to 2018-07-19,NO_PARCEL_RECORD,,,,,,,,,
1,UNKNOWN / NOT IN SALE RECORDS,9217 LINDEN AVE N,,,,,,5,3,0,2018-05-02,2019-08-16,2018-05-02 to 2018-07-31,NO_PARCEL_RECORD,,,,,,,,,
1,UNKNOWN / NOT IN SALE RECORDS,2350 DELMAR DR E,,,,,,5,3,0,2018-06-25,2022-03-08,2018-06-25 to 2018-09-23,NO_PARCEL_RECORD,,,,,,,,,
1,UNKNOWN / NOT IN SALE RECORDS,4018 5TH AVE NE,4018 5TH AVE NE,98105,,,,5,3,0,2018-07-20,2022-11-08,2022-09-30 to 2022-12-29,,,189300,732700,922000,,,,,2603150000
1,UNKNOWN / NOT IN SALE RECORDS,337 NE 103RD ST,,,,,,5,3,0,2018-07-31,2023-02-22,2023-01-02 to 2023-04-02,NO_PARCEL_RECORD,,,,,,,,,
1,UNKNOWN / NOT IN SALE RECORDS,317 MALDEN AVE E,,,,,,5,3,0,2018-02-13,2020-06-23,2018-02-13 to 2018-05-14,NO_PARCEL_RECORD,,,,,,,,,
1,UNKNOWN / NOT IN SALE RECORDS,3012 FUHRMAN AVE E,,,,,,5,3,0,2018-04-16,2019-12-04,2018-04-16 to 2018-07-15,NO_PARCEL_RECORD,,,,,,,,,
1,UNKNOWN / NOT IN SALE RECORDS,225 N 117TH ST,,,,,,5,3,0,2019-02-12,2019-09-24,2019-07-26 to 2019-10-24,NO_PARCEL_RECORD,,,,,,,,,
1,UNKNOWN / NOT IN SALE RECORDS,9025 15TH AVE SW,HFH HIGHLAND TERRACE,98106,,,,5,3,0,2019-02-25,2021-10-25,2019-06-20 to 2019-09-18,,,56200,190800,247000,,,,,3268350000
1,UNKNOWN / NOT IN SALE RECORDS,9033 15TH AVE SW,,,,,,5,3,0,2019-02-25,2021-10-20,2019-06-05 to 2019-09-03,NO_PARCEL_RECORD,,,,,,,,,
1,UNKNOWN / NOT IN SALE RECORDS,4210 7TH AVE NE,,,,,,5,3,0,2019-03-26,2021-09-30,2021-07-15 to 2021-10-13,NO_PARCEL_RECORD,,,,,,,,,
1,UNKNOWN / NOT IN SALE RECORDS,4539 5TH AVE NE,EAGLES VIEW CONDOMINIUM,98105,,,,5,3,0,2019-06-05,2022-08-01,2022-07-19 to 2022-10-17,,,356000,570000,926000,,,,,2140970000
1,UNKNOWN / NOT IN SALE RECORDS,10525 3RD AVE NW,VIEWLANDS ELEMENTRY SCHOOL,98177,,2024,3,5,3,0,2019-07-23,2021-10-20,2019-07-23 to 2019-10-21,,,12882800,39085500,51968300,,,,,7474900060
1,UNKNOWN / NOT IN SALE RECORDS,1524 EASTLAKE AVE E,EQUINOX,98102,,2009,8,5,3,0,2019-08-02,2025-09-30,2025-07-08 to 2025-10-06,,,84500,442000,526500,,,,,2366500000
1,UNKNOWN / NOT IN SALE RECORDS,9627 51ST AVE S,,98118,,,,5,3,0,2019-08-23,2020-07-22,2020-06-20 to 2020-09-18,,,300000,387000,687000,,,,,323049100
1,UNKNOWN / NOT IN SALE RECORDS,1514 17TH AVE S,,,,,,5,3,0,2019-09-04,2021-11-16,2019-09-04 to 2019-12-03,NO_PARCEL_RECORD,,,,,,,,,
1,UNKNOWN / NOT IN SALE RECORDS,3528 S MORGAN ST,,,,,,5,3,0,2019-09-26,2021-08-24,2021-07-28 to 2021-10-26,NO_PARCEL_RECORD,,,,,,,,,
1,UNKNOWN / NOT IN SALE RECORDS,14036 GREENWOOD AVE N,FOUR FAMILY DWELLING,98133,4,1981,2,5,3,0,2019-10-07,2024-08-21,2019-10-07 to 2020-01-05,,,535000,536000,1071000,,,,,1926049382
1,UNKNOWN / NOT IN SALE RECORDS,9443 5TH AVE SW,9443 5TH AVE SW,98106,,,,5,3,0,2019-10-07,2023-01-04,2022-11-14 to 2023-02-12,,,190500,246500,437000,,,,,6094620000
1,UNKNOWN / NOT IN SALE RECORDS,2105 1ST AVE,,,,,,5,3,0,2019-10-24,2025-07-03,2025-06-12 to 2025-09-10,NO_PARCEL_RECORD,,,,,,,,,
1,UNKNOWN / NOT IN SALE RECORDS,537 S SULLIVAN ST,,,,,,5,3,0,2019-12-13,2020-06-18,2019-12-13 to 2020-03-12,NO_PARCEL_RECORD,,,,,,,,,
1,UNKNOWN / NOT IN SALE RECORDS,4216 LINDEN AVE N,,,,,,5,3,0,2020-02-04,2020-08-03,2020-08-01 to 2020-10-30,NO_PARCEL_RECORD,,,,,,,,,
1,UNKNOWN / NOT IN SALE RECORDS,418 14TH AVE,,,,,,5,3,0,2020-02-28,2021-02-11,2021-01-22 to 2021-04-22,NO_PARCEL_RECORD,,,,,,,,,
1,UNKNOWN / NOT IN SALE RECORDS,1127 N 85TH ST,,,,,,5,3,0,2020-05-04,2021-09-21,2021-09-02 to 2021-12-01,NO_PARCEL_RECORD,,,,,,,,,
1,UNKNOWN / NOT IN SALE RECORDS,4400 35TH AVE SW,,,,,,5,3,0,2020-05-05,2025-11-07,2020-05-05 to 2020-08-03,NO_PARCEL_RECORD,,,,,,,,,
1,UNKNOWN / NOT IN SALE RECORDS,9636 50TH AVE S,,98118,,,,5,3,0,2020-05-16,2025-06-16,2020-05-16 to 2020-08-14,,,312000,443000,755000,,,,,323049109
1,UNKNOWN / NOT IN SALE RECORDS,849 NW 54TH ST,,,,,,5,3,0,2020-05-15,2021-05-12,2020-05-15 to 2020-08-13,NO_PARCEL_RECORD,,,,,,,,,
1,UNKNOWN / NOT IN SALE RECORDS,1421 S DONOVAN ST,,,,,,5,3,0,2020-05-24,2023-08-23,2023-05-25 to 2023-08-23,NO_PARCEL_RECORD,,,,,,,,,
1,UNKNOWN / NOT IN SALE RECORDS,5213 42ND AVE S,,,,,,5,3,0,2020-06-05,2025-07-15,2021-08-04 to 2021-11-02,NO_PARCEL_RECORD,,,,,,,,,
1,UNKNOWN / NOT IN SALE RECORDS,3437 C 14TH AVE W,,,,,,5,3,0,2020-06-25,2025-09-14,2025-06-24 to 2025-09-22,NO_PARCEL_RECORD,,,,,,,,,
1,UNKNOWN / NOT IN SALE RECORDS,4818 SW FINDLAY ST,,,,,,5,3,0,2020-08-25,2025-11-05,2025-07-31 to 2025-10-29,NO_PARCEL_RECORD,,,,,,,,,
1,UNKNOWN / NOT IN SALE RECORDS,401 5TH AVE N,MEMORIAL STADIUM OFFICE,98109,,1965,1,5,3,0,2020-08-28,2025-08-14,2025-08-14 to 2025-11-12,,,8342600,141600,8484200,,,,,1988200775
1,UNKNOWN / NOT IN SALE RECORDS,1435 E JOHN ST,,,,,,5,3,0,2020-09-17,2024-06-06,2024-06-01 to 2024-08-30,NO_PARCEL_RECORD,,,,,,,,,
1,UNKNOWN / NOT IN SALE RECORDS,7338 M L KING JR WAY S,,,,,,5,3,0,2020-09-30,2022-10-12,2020-09-30 to 2020-12-29,NO_PARCEL_RECORD,,,,,,,,,
1,UNKNOWN / NOT IN SALE RECORDS,2337 NW 99TH ST,NW 99TH ST CONDOMINIUM,98117,,,,5,3,0,2020-10-29,2022-07-31,2021-09-19 to 2021-12-18,,,137600,1334400,1472000,,,,,6209270000
1,UNKNOWN / NOT IN SALE RECORDS,11710 15TH AVE NE,,,,,,5,3,0,2020-12-02,2025-01-10,2024-11-24 to 2025-02-22,NO_PARCEL_RECORD,,,,,,,,,
1,UNKNOWN / NOT IN SALE RECORDS,4303 DAYTON AVE N,,,,,,5,3,0,2020-12-03,2022-06-03,2020-12-03 to 2021-03-03,NO_PARCEL_RECORD,,,,,,,,,
1,UNKNOWN / NOT IN SALE RECORDS,332 N 102ND ST,332 N 102ND ST,98133,,,,5,3,0,2021-03-03,2021-06-24,2021-03-25 to 2021-06-23,,,264800,310200,575000,,,,,8635810000
1,UNKNOWN / NOT IN SALE RECORDS,928 23RD AVE,,,,,,5,3,0,2021-03-05,2022-03-07,2022-02-03 to 2022-05-04,NO_PARCEL_RECORD,,,,,,,,,
1,UNKNOWN / NOT IN SALE RECORDS,3116 W RAYE ST,3116 W RAYE ST CONDOMINIUM,98199,,,,5,3,0,2021-03-31,2021-12-02,2021-11-13 to 2022-02-11,,,208300,671700,880000,,,,,8603030000
1,UNKNOWN / NOT IN SALE RECORDS,10063 DIBBLE AVE NW,10063 DIBBLE AVE NW CONDOMINIUM,98177,,,,5,3,0,2021-06-03,2021-12-03,2021-06-03 to 2021-09-01,,,192000,546000,738000,,,,,6390260000
1,UNKNOWN / NOT IN SALE RECORDS,4611 36TH AVE SW,,,,,,5,3,0,2021-06-15,2025-06-27,2021-06-15 to 2021-09-13,NO_PARCEL_RECORD,,,,,,,,,
1,UNKNOWN / NOT IN SALE RECORDS,402 BELMONT AVE E,,,,,,5,3,0,2021-06-25,2024-09-19,2022-03-16 to 2022-06-14,NO_PARCEL_RECORD,,,,,,,,,
1,UNKNOWN / NOT IN SALE RECORDS,1470 21ST AVE,,,,,,5,3,0,2021-10-16,2023-05-03,2023-02-17 to 2023-05-18,NO_PARCEL_RECORD,,,,,,,,,
1,UNKNOWN / NOT IN SALE RECORDS,915 NW MARKET ST,,,,,,5,3,0,2021-11-16,2024-10-09,2024-09-09 to 2024-12-08,NO_PARCEL_RECORD,,,,,,,,,
1,UNKNOWN / NOT IN SALE RECORDS,1420 TAYLOR AVE N,,,,,,5,3,0,2022-01-14,2024-01-02,2022-01-14 to 2022-04-14,NO_PARCEL_RECORD,,,,,,,,,
1,UNKNOWN / NOT IN SALE RECORDS,5930 17TH AVE S,"5930 17TH AVE S, CONDOMINIUM",98108,,,,5,3,0,2022-02-03,2024-05-02,2023-06-29 to 2023-09-27,,,95500,512500,608000,,,,,2539470000
1,UNKNOWN / NOT IN SALE RECORDS,1635 11TH AVE,,,,,,5,3,0,2022-02-12,2024-05-27,2022-02-12 to 2022-05-13,NO_PARCEL_RECORD,,,,,,,,,
1,UNKNOWN / NOT IN SALE RECORDS,1849 WESTLAKE AVE N,,,,,,5,3,0,2022-03-09,2025-02-13,2023-10-06 to 2024-01-04,NO_PARCEL_RECORD,,,,,,,,,
1,UNKNOWN / NOT IN SALE RECORDS,9613 AURORA AVE N,COLUMBUS MOTOR INN,98103,,,,5,3,0,2022-03-21,2023-03-01,2022-03-21 to 2022-06-19,,,3083900,539100,3623000,,,,,263000125
1,UNKNOWN / NOT IN SALE RECORDS,1333 N 125TH ST,,,,,,5,3,0,2022-04-05,2024-06-10,2022-04-05 to 2022-07-04,NO_PARCEL_RECORD,,,,,,,,,
1,UNKNOWN / NOT IN SALE RECORDS,711 HIGHLAND DR,,,,,,5,3,0,2022-04-08,2025-07-07,2022-04-08 to 2022-07-07,NO_PARCEL_RECORD,,,,,,,,,
1,UNKNOWN / NOT IN SALE RECORDS,909 32ND AVE S,,,,,,5,3,0,2022-06-29,2025-09-08,2025-08-23 to 2025-11-21,NO_PARCEL_RECORD,,,,,,,,,
1,UNKNOWN / NOT IN SALE RECORDS,800 S HOLGATE ST,,,,,,5,3,0,2022-08-04,2025-07-28,2024-08-06 to 2024-11-04,NO_PARCEL_RECORD,,,,,,,,,
1,UNKNOWN / NOT IN SALE RECORDS,300 BELLEVUE AVE E,THOMAS MINI PARK,98102,,,,5,3,0,2022-08-08,2023-01-09,2022-12-07 to 2023-03-07,,,4320000,,4320000,,,,,6848200150
1,UNKNOWN / NOT IN SALE RECORDS,1023 S ROSE ST,,,,,,5,3,0,2022-09-15,2023-12-20,2022-12-16 to 2023-03-16,NO_PARCEL_RECORD,,,,,,,,,
1,UNKNOWN / NOT IN SALE RECORDS,810 28TH AVE S,,,,,,5,3,0,2022-10-20,2023-10-04,2022-10-20 to 2023-01-18,NO_PARCEL_RECORD,,,,,,,,,
1,UNKNOWN / NOT IN SALE RECORDS,110 17TH AVE E,,,,,,5,3,0,2022-11-28,2025-08-20,2022-11-28 to 2023-02-26,NO_PARCEL_RECORD,,,,,,,,,
1,UNKNOWN / NOT IN SALE RECORDS,1925 FRANKLIN AVE E,,,,,,5,3,0,2022-09-12,2023-06-15,2023-05-17 to 2023-08-15,NO_PARCEL_RECORD,,,,,,,,,
1,UNKNOWN / NOT IN SALE RECORDS,1811 SUMMIT AVE,,,,,,5,3,0,2023-02-13,2024-04-30,2024-03-29 to 2024-06-27,NO_PARCEL_RECORD,,,,,,,,,
1,UNKNOWN / NOT IN SALE RECORDS,821 17TH AVE,,,,,,5,3,0,2023-03-08,2024-09-17,2024-01-22 to 2024-04-21,NO_PARCEL_RECORD,,,,,,,,,
1,UNKNOWN / NOT IN SALE RECORDS,823 NW 65TH ST,,98117,,,,5,3,0,2023-04-04,2023-10-05,2023-09-04 to 2023-12-03,,,494000,567000,1061000,,,,,452001180
1,UNKNOWN / NOT IN SALE RECORDS,7746 37TH AVE S,,98118,,,,5,3,0,2023-04-21,2024-12-16,2024-11-15 to 2025-02-13,,,384000,246000,630000,,,,,8842400025
1,UNKNOWN / NOT IN SALE RECORDS,13445 M L KING JR WAY S,,,,,,5,3,0,2023-05-16,2024-05-14,2023-09-11 to 2023-12-10,NO_PARCEL_RECORD,,,,,,,,,
1,UNKNOWN / NOT IN SALE RECORDS,2700 S HOLGATE ST,27 HOLGATE(0005) CONDOMINIUM,98144,,1983,2,5,3,0,2023-05-17,2024-07-09,2023-05-17 to 2023-08-15,,,991500,37500,1029000,,,,,8728200000
1,UNKNOWN / NOT IN SALE RECORDS,88 BATTERY ST,,,,,,5,3,0,2023-05-06,2024-10-22,2023-05-06 to 2023-08-04,NO_PARCEL_RECORD,,,,,,,,,
1,UNKNOWN / NOT IN SALE RECORDS,3629 A 36TH AVE S,,,,,,5,3,0,2023-05-25,2025-05-13,2023-05-25 to 2023-08-23,NO_PARCEL_RECORD,,,,,,,,,
1,UNKNOWN / NOT IN SALE RECORDS,9618 8TH AVE NE,9618 8TH AVE NE,98115,,,,5,3,0,2023-06-01,2024-02-28,2023-06-01 to 2023-08-30,,,156500,554500,711000,,,,,6093130000
1,UNKNOWN / NOT IN SALE RECORDS,3607 1ST AVE NW,,,,,,5,3,0,2023-08-17,2025-03-26,2025-03-08 to 2025-06-06,NO_PARCEL_RECORD,,,,,,,,,
1,UNKNOWN / NOT IN SALE RECORDS,3900 SW 109TH ST,,98146,,,,5,3,0,2023-10-26,2024-04-15,2023-10-26 to 2024-01-24,,,1035000,447000,1482000,,,,,290000040
1,UNKNOWN / NOT IN SALE RECORDS,903 NW 52ND ST,,,,,,5,3,0,2023-11-02,2025-10-16,2023-11-02 to 2024-01-31,NO_PARCEL_RECORD,,,,,,,,,
1,UNKNOWN / NOT IN SALE RECORDS,6215 21ST AVE NE,,98115,,,,5,3,0,2024-06-10,2025-06-12,2025-04-20 to 2025-07-19,,,700000,154000,854000,,,,,1681400065
1,UNKNOWN / NOT IN SALE RECORDS,523 3RD AVE W,,,,,,5,3,0,2024-06-29,2025-01-20,2024-06-29 to 2024-09-27,NO_PARCEL_RECORD,,,,,,,,,
1,UNKNOWN / NOT IN SALE RECORDS,6011 43RD AVE NE,6011 43RD AVENUE NORTHEAST,98115,,,,5,3,0,2024-08-12,2025-04-02,2024-11-08 to 2025-02-06,,,267100,1294900,1562000,,,,,7801210000
1,UNKNOWN / NOT IN SALE RECORDS,6514 23RD AVE NE,,98115,,,,5,3,0,2025-02-13,2025-09-12,2025-02-13 to 2025-05-14,,,426000,,426000,,,,,7169200137
1,UNKNOWN / NOT IN SALE RECORDS,903 NW 60TH ST,,,,,,5,3,0,2025-02-26,2025-10-28,2025-02-26 to 2025-05-27,NO_PARCEL_RECORD,,,,,,,,,
1,UNKNOWN / NOT IN SALE RECORDS,406 ELLIOTT AVE W,,,,,,5,3,0,2025-04-30,2025-10-21,2025-10-17 to 2026-01-15,NO_PARCEL_RECORD,,,,,,,,,
1,UNKNOWN / NOT IN SALE RECORDS,907 N 67TH ST,907 N 67th St Condominium,98103,,,,4,4,0,2003-11-17,2003-11-26,2003-11-17 to 2004-02-15,,,385900,452100,838000,,,,,6093170000
1,UNKNOWN / NOT IN SALE RECORDS,4037 HILLCREST AVE SW,,,,,,4,4,0,2004-01-20,2004-02-19,2004-01-20 to 2004-04-19,NO_PARCEL_RECORD | NAMED_INSPECTOR,,,,,,,,,
1,UNKNOWN / NOT IN SALE RECORDS,1446 20TH AVE,,98122,,,,4,4,0,2004-05-24,2004-06-24,2004-05-24 to 2004-08-22,SUSPICIOUS_IMPR_VALUE_1000,,858000,1000,859000,,,,,7228501795
1,UNKNOWN / NOT IN SALE RECORDS,14055 1ST AVE NW,,98177,,,,4,4,0,2004-07-19,2004-09-16,2004-07-19 to 2004-10-17,,,497000,230000,727000,,,,,748000205
1,UNKNOWN / NOT IN SALE RECORDS,1515 M L KING JR WAY,,,,,,4,4,0,2004-08-30,2004-11-02,2004-08-30 to 2004-11-28,NO_PARCEL_RECORD,,,,,,,,,
1,UNKNOWN / NOT IN SALE RECORDS,8300 RENTON AVE S,,98118,,,,4,4,0,2004-09-17,2004-11-05,2004-09-17 to 2004-12-16,,,291000,297000,588000,,,,,402000295
1,UNKNOWN / NOT IN SALE RECORDS,8625 DELRIDGE WAY SW,,,,,,4,4,0,2004-10-27,2004-11-16,2004-10-27 to 2005-01-25,NO_PARCEL_RECORD,,,,,,,,,
1,UNKNOWN / NOT IN SALE RECORDS,2600 E FIR ST,,,,,,4,4,0,2005-01-11,2005-03-18,2005-01-11 to 2005-04-11,NO_PARCEL_RECORD,,,,,,,,,
1,UNKNOWN / NOT IN SALE RECORDS,1256 S KING ST,,,,,,4,4,0,2005-01-12,2005-03-07,2005-01-12 to 2005-04-12,NO_PARCEL_RECORD,,,,,,,,,
1,UNKNOWN / NOT IN SALE RECORDS,2901 3RD AVE,THIRD AND BROAD BLDG,98121,,,,4,4,0,2005-04-07,2005-04-21,2005-04-07 to 2005-07-06,,,37373900,13931800,51305700,,,,,695000335
1,UNKNOWN / NOT IN SALE RECORDS,18 W LEE ST,,,,,,4,4,0,2005-05-10,2005-05-23,2005-05-10 to 2005-08-08,NO_PARCEL_RECORD,,,,,,,,,
1,UNKNOWN / NOT IN SALE RECORDS,517 25TH AVE S,,,,,,4,4,0,2005-05-16,2005-06-15,2005-05-16 to 2005-08-14,NO_PARCEL_RECORD,,,,,,,,,
1,UNKNOWN / NOT IN SALE RECORDS,3225 EAST MARGINAL WAY S,,,,,,4,4,0,2005-06-16,2005-07-11,2005-06-16 to 2005-09-14,NO_PARCEL_RECORD,,,,,,,,,
1,UNKNOWN / NOT IN SALE RECORDS,3628 FRANCIS AVE N,,,,,,4,4,0,2005-07-08,2005-09-23,2005-07-08 to 2005-10-06,NO_PARCEL_RECORD,,,,,,,,,
1,UNKNOWN / NOT IN SALE RECORDS,2727 S JUDKINS ST,,98144,,,,4,4,0,2006-07-26,2006-10-09,2006-07-26 to 2006-10-24,,,505000,249000,754000,,,,,730000155
1,UNKNOWN / NOT IN SALE RECORDS,9217 ASHWORTH AVE N,,,,,,4,4,0,2006-08-29,2006-11-09,2006-08-29 to 2006-11-27,NO_PARCEL_RECORD,,,,,,,,,
1,UNKNOWN / NOT IN SALE RECORDS,4620 15TH AVE S,,98108,,,,4,4,0,2007-01-23,2007-01-24,2007-01-23 to 2007-04-23,,,428000,201000,629000,,,,,1800106
1,UNKNOWN / NOT IN SALE RECORDS,6322 34TH AVE SW,,,,,,4,4,0,2007-01-25,2007-01-26,2007-01-25 to 2007-04-25,NO_PARCEL_RECORD,,,,,,,,,
1,UNKNOWN / NOT IN SALE RECORDS,5016 DELRIDGE WAY SW,,,,,,4,4,0,2007-05-01,2007-07-19,2007-05-01 to 2007-07-30,NO_PARCEL_RECORD,,,,,,,,,
1,UNKNOWN / NOT IN SALE RECORDS,7943 44TH PL S,,98118,,,,4,4,0,2007-08-28,2007-09-04,2007-08-28 to 2007-11-26,,,303000,157000,460000,,,,,402000065
1,UNKNOWN / NOT IN SALE RECORDS,2363 53RD AVE SW,,,,,,4,4,0,2007-10-19,2007-11-07,2007-10-19 to 2008-01-17,NO_PARCEL_RECORD,,,,,,,,,
1,UNKNOWN / NOT IN SALE RECORDS,311 NW 53RD ST,,98107,,,,4,4,0,2009-01-15,2009-03-06,2009-01-15 to 2009-04-15,,,645000,288000,933000,,,,,475000740
1,UNKNOWN / NOT IN SALE RECORDS,667 S KING ST,,,,,,4,4,0,2009-03-18,2009-03-24,2009-03-18 to 2009-06-16,NO_PARCEL_RECORD,,,,,,,,,
1,UNKNOWN / NOT IN SALE RECORDS,3529 SW 98TH ST,,98126,,,,4,4,0,2009-07-29,2009-10-07,2009-07-29 to 2009-10-27,,,402000,473000,875000,,,,,37000190
1,UNKNOWN / NOT IN SALE RECORDS,2429 S WALKER ST,,,,,,4,4,0,2009-08-14,2009-08-17,2009-08-14 to 2009-11-12,NO_PARCEL_RECORD,,,,,,,,,
1,UNKNOWN / NOT IN SALE RECORDS,1400 S HENDERSON ST,,,,,,4,4,0,2010-03-10,2010-03-30,2010-03-10 to 2010-06-08,NO_PARCEL_RECORD,,,,,,,,,
1,UNKNOWN / NOT IN SALE RECORDS,4721 FAUNTLEROY WAY SW,,,,,,4,4,0,2010-04-29,2010-05-12,2010-04-29 to 2010-07-28,NO_PARCEL_RECORD,,,,,,,,,
1,UNKNOWN / NOT IN SALE RECORDS,5531 S NORFOLK ST,,98118,,,,4,4,0,2010-06-21,2010-08-17,2010-06-21 to 2010-09-19,,,275000,457000,732000,,,,,770000010
1,UNKNOWN / NOT IN SALE RECORDS,8354 WABASH AVE S,,,,,,4,4,0,2010-10-12,2010-10-15,2010-10-12 to 2011-01-10,NO_PARCEL_RECORD,,,,,,,,,
1,UNKNOWN / NOT IN SALE RECORDS,1762 B 19TH AVE S,,,,,,4,4,0,2011-10-31,2012-01-11,2011-10-31 to 2012-01-29,NO_PARCEL_RECORD,,,,,,,,,
1,UNKNOWN / NOT IN SALE RECORDS,6104 RAVENNA AVE NE,,98115,,,,4,4,0,2012-05-30,2012-07-12,2012-05-30 to 2012-08-28,,,832000,442000,1274000,,,,,103000019
1,UNKNOWN / NOT IN SALE RECORDS,114 21ST AVE,,98122,,,,4,4,0,2013-02-19,2013-03-04,2013-02-19 to 2013-05-20,SUSPICIOUS_IMPR_VALUE_1000,,750000,1000,751000,,,,,9826701535
1,UNKNOWN / NOT IN SALE RECORDS,1709 TAYLOR AVE N,,,,,,4,4,0,2013-03-22,2013-06-05,2013-03-22 to 2013-06-20,NO_PARCEL_RECORD,,,,,,,,,
1,UNKNOWN / NOT IN SALE RECORDS,422 10TH AVE E,,,,,,4,4,0,2013-08-29,2013-10-17,2013-08-29 to 2013-11-27,NO_PARCEL_RECORD,,,,,,,,,
1,UNKNOWN / NOT IN SALE RECORDS,320 26TH AVE S,,,,,,4,4,0,2013-11-13,2013-11-14,2013-11-13 to 2014-02-11,NO_PARCEL_RECORD,,,,,,,,,
1,UNKNOWN / NOT IN SALE RECORDS,1020 TURNER WAY E,,,,,,4,4,0,2013-11-26,2014-01-06,2013-11-26 to 2014-02-24,NO_PARCEL_RECORD | NAMED_INSPECTOR,,,,,,,,,
1,UNKNOWN / NOT IN SALE RECORDS,3944 27TH AVE S,,,,,,4,4,0,2014-03-21,2014-03-21,2014-03-21 to 2014-06-19,NO_PARCEL_RECORD,,,,,,,,,
1,UNKNOWN / NOT IN SALE RECORDS,4057 7TH AVE NE,,,,,,4,4,0,2014-07-11,2014-08-22,2014-07-11 to 2014-10-09,NO_PARCEL_RECORD,,,,,,,,,
1,UNKNOWN / NOT IN SALE RECORDS,340 NW 50TH ST,,98107,,,,4,4,0,2014-10-27,2014-12-23,2014-10-27 to 2015-01-25,,,687000,485000,1172000,,,,,475001315
1,UNKNOWN / NOT IN SALE RECORDS,1767 14TH AVE S,,,,,,4,4,0,2015-01-13,2015-02-10,2015-01-13 to 2015-04-13,NO_PARCEL_RECORD,,,,,,,,,
1,UNKNOWN / NOT IN SALE RECORDS,2104 ALKI AVE SW,ALKI SHORES CONDOMINIUM,98116,,,,4,4,0,2015-04-07,2015-04-09,2015-04-07 to 2015-07-06,,,225600,362400,588000,,,,,156000000
1,UNKNOWN / NOT IN SALE RECORDS,8037 41ST AVE NE,,98115,,,,4,4,0,2015-05-19,2015-06-09,2015-05-19 to 2015-08-17,,,732000,241000,973000,,,,,446000020
1,UNKNOWN / NOT IN SALE RECORDS,5238 LEARY AVE NW,,,,,,4,4,0,2015-09-28,2015-10-21,2015-09-28 to 2015-12-27,NO_PARCEL_RECORD,,,,,,,,,
1,UNKNOWN / NOT IN SALE RECORDS,5006 UNIVERSITY WAY NE,,,,,,4,4,0,2015-10-06,2015-10-16,2015-10-06 to 2016-01-04,NO_PARCEL_RECORD,,,,,,,,,
1,UNKNOWN / NOT IN SALE RECORDS,4908 RAINIER AVE S,,,,,,4,4,0,2015-12-11,2016-02-16,2015-12-11 to 2016-03-10,NO_PARCEL_RECORD,,,,,,,,,
1,UNKNOWN / NOT IN SALE RECORDS,6734 SHAFFER AVE S,Holly Park Redevelopment,98108,18,2002,2,4,4,0,2016-01-05,2016-01-15,2016-01-05 to 2016-04-04,,,2912000,3319000,6231000,,,,,3395040970
1,UNKNOWN / NOT IN SALE RECORDS,11045 35TH AVE NE,,98125,,,,4,4,0,2016-02-22,2016-03-25,2016-02-22 to 2016-05-22,,,452000,271000,723000,,,,,751000065
1,UNKNOWN / NOT IN SALE RECORDS,9725 GREENWOOD AVE N,,,,,,4,4,0,2016-06-24,2016-07-01,2016-06-24 to 2016-09-22,NO_PARCEL_RECORD,,,,,,,,,
1,UNKNOWN / NOT IN SALE RECORDS,1031 6TH AVE S,,,,,,4,4,0,2016-12-13,2017-02-22,2016-12-13 to 2017-03-13,NO_PARCEL_RECORD,,,,,,,,,
1,UNKNOWN / NOT IN SALE RECORDS,1505 SW MORGAN ST,,,,,,4,4,0,2016-12-27,2017-01-12,2016-12-27 to 2017-03-27,NO_PARCEL_RECORD,,,,,,,,,
1,UNKNOWN / NOT IN SALE RECORDS,625 QUEEN ANNE AVE N,,,,,,4,4,0,2017-07-27,2017-10-09,2017-07-27 to 2017-10-25,NO_PARCEL_RECORD,,,,,,,,,
1,UNKNOWN / NOT IN SALE RECORDS,1143 NW 45TH ST,,,,,,4,4,0,2017-12-07,2017-12-20,2017-12-07 to 2018-03-07,NO_PARCEL_RECORD,,,,,,,,,
1,UNKNOWN / NOT IN SALE RECORDS,4723 32ND AVE S,,,,,,4,4,0,2017-12-27,2018-02-08,2017-12-27 to 2018-03-27,NO_PARCEL_RECORD,,,,,,,,,
1,UNKNOWN / NOT IN SALE RECORDS,8821 MIDVALE AVE N,,,,,,4,4,0,2018-04-25,2018-05-29,2018-04-25 to 2018-07-24,NO_PARCEL_RECORD,,,,,,,,,
1,UNKNOWN / NOT IN SALE RECORDS,1631 15TH AVE,,,,,,4,4,0,2018-05-05,2018-05-12,2018-05-05 to 2018-08-03,NO_PARCEL_RECORD,,,,,,,,,
1,UNKNOWN / NOT IN SALE RECORDS,2207 2ND AVE,,,,,,4,4,0,2018-05-14,2018-07-27,2018-05-14 to 2018-08-12,NO_PARCEL_RECORD,,,,,,,,,
1,UNKNOWN / NOT IN SALE RECORDS,2034 14TH AVE W,ELLIOTT VISTA CONDOMINIUM,98119,,,,4,4,0,2018-06-18,2018-06-27,2018-06-18 to 2018-09-16,,,211300,220700,432000,,,,,2314900000
1,UNKNOWN / NOT IN SALE RECORDS,738 N 95TH ST,,,,,,4,4,0,2018-03-05,2018-03-26,2018-03-05 to 2018-06-03,NO_PARCEL_RECORD,,,,,,,,,
1,UNKNOWN / NOT IN SALE RECORDS,2127 41ST AVE SW,,,,,,4,4,0,2019-05-13,2019-05-24,2019-05-13 to 2019-08-11,NO_PARCEL_RECORD,,,,,,,,,
1,UNKNOWN / NOT IN SALE RECORDS,1215 6TH AVE N,,,,,,4,4,0,2019-05-15,2019-07-24,2019-05-15 to 2019-08-13,NO_PARCEL_RECORD,,,,,,,,,
1,UNKNOWN / NOT IN SALE RECORDS,11513 STONE AVE N,,,,,,4,4,0,2019-07-18,2019-07-22,2019-07-18 to 2019-10-16,NO_PARCEL_RECORD,,,,,,,,,
1,UNKNOWN / NOT IN SALE RECORDS,5016 FAUNTLEROY WAY SW,,98136,,,,4,4,0,2019-08-15,2019-10-15,2019-08-15 to 2019-11-13,,,283000,408000,691000,,,,,2324039172
1,UNKNOWN / NOT IN SALE RECORDS,5102 27TH AVE NE,,98105,,,,4,4,0,2020-02-07,2020-02-10,2020-02-07 to 2020-05-07,,,637000,550000,1187000,,,,,925049238
1,UNKNOWN / NOT IN SALE RECORDS,3015 NE 85TH ST,3015 NE 85th Street,98115,,,,4,4,0,2020-03-11,2020-05-06,2020-03-11 to 2020-06-09,,,287200,349800,637000,,,,,8601920000
1,UNKNOWN / NOT IN SALE RECORDS,1930 BOREN AVE,BOREN LAB,98101,,,,4,4,0,2020-03-24,2020-06-05,2020-03-24 to 2020-06-22,,,17280000,107408000,124688000,,,,,660002190
1,UNKNOWN / NOT IN SALE RECORDS,1717 14TH AVE,,,,,,4,4,0,2020-05-10,2020-06-16,2020-05-10 to 2020-08-08,NO_PARCEL_RECORD,,,,,,,,,
1,UNKNOWN / NOT IN SALE RECORDS,2701 BOYLSTON AVE E,,,,,,4,4,0,2020-05-22,2020-08-19,2020-05-22 to 2020-08-20,NO_PARCEL_RECORD,,,,,,,,,
1,UNKNOWN / NOT IN SALE RECORDS,3322 58TH AVE SW,,98116,,,,4,4,0,2020-08-23,2020-09-22,2020-08-23 to 2020-11-21,,,950000,239000,1189000,,,,,148000479
1,UNKNOWN / NOT IN SALE RECORDS,5059 WILSON AVE S,,,,,,4,4,0,2020-09-16,2020-09-22,2020-09-16 to 2020-12-15,NO_PARCEL_RECORD,,,,,,,,,
1,UNKNOWN / NOT IN SALE RECORDS,7718 B SEWARD PARK AVE S,,,,,,4,4,0,2020-12-16,2021-01-26,2020-12-16 to 2021-03-16,NO_PARCEL_RECORD,,,,,,,,,
1,UNKNOWN / NOT IN SALE RECORDS,2424 NE 65TH ST,CHEVRON SERVICE,98115,,,,4,4,0,2021-01-28,2021-02-03,2021-01-28 to 2021-04-28,,,4130200,717400,4847600,,,,,425049054
1,UNKNOWN / NOT IN SALE RECORDS,116 E ROANOKE ST,,,,,,4,4,0,2021-12-10,2022-01-31,2021-12-10 to 2022-03-10,NO_PARCEL_RECORD,,,,,,,,,
1,UNKNOWN / NOT IN SALE RECORDS,8708 1ST AVE NW,,,,,,4,4,0,2022-01-09,2022-01-12,2022-01-09 to 2022-04-09,NO_PARCEL_RECORD,,,,,,,,,
1,UNKNOWN / NOT IN SALE RECORDS,2307 NW BLUE RIDGE DR,,98177,,,,4,4,0,2022-01-24,2022-02-14,2022-01-24 to 2022-04-24,,,1524000,616000,2140000,,,,,868002020
1,UNKNOWN / NOT IN SALE RECORDS,1963 12TH AVE W,,,,,,4,4,0,2022-01-26,2022-04-20,2022-01-26 to 2022-04-26,NO_PARCEL_RECORD,,,,,,,,,
1,UNKNOWN / NOT IN SALE RECORDS,5815 AIRPORT WAY S,,,,,,4,4,0,2022-02-17,2022-04-26,2022-02-17 to 2022-05-18,NO_PARCEL_RECORD,,,,,,,,,
1,UNKNOWN / NOT IN SALE RECORDS,7509 39TH AVE NE,,,,,,4,4,0,2022-03-02,2022-05-26,2022-03-02 to 2022-05-31,NO_PARCEL_RECORD,,,,,,,,,
1,UNKNOWN / NOT IN SALE RECORDS,2408 S JUDKINS ST,SINGLE FAMILY RESIDENCE,98144,,,,4,4,0,2022-05-19,2022-08-05,2022-05-19 to 2022-08-17,SUSPICIOUS_IMPR_VALUE_1000,,870000,1000,871000,,,,,424049069
1,UNKNOWN / NOT IN SALE RECORDS,2425 NW BLUE RIDGE DR,,98177,,,,4,4,0,2022-06-14,2022-07-14,2022-06-14 to 2022-09-12,,,1156000,516000,1672000,,,,,868002095
1,UNKNOWN / NOT IN SALE RECORDS,10024 B HOLMAN RD NW,,,,,,4,4,0,2022-06-11,2022-07-14,2022-06-11 to 2022-09-09,NO_PARCEL_RECORD,,,,,,,,,
1,UNKNOWN / NOT IN SALE RECORDS,1920 WESTERN AVE,,,,,,4,4,0,2022-06-16,2022-09-14,2022-06-16 to 2022-09-14,NO_PARCEL_RECORD,,,,,,,,,
1,UNKNOWN / NOT IN SALE RECORDS,8854 MIDVALE AVE N,7 apartment units,98103,,,,4,4,0,2022-07-04,2022-07-21,2022-07-04 to 2022-10-02,,,1656000,56000,1712000,,,,,993000345
1,UNKNOWN / NOT IN SALE RECORDS,4200 SW ALASKA ST,,,,,,4,4,0,2022-08-08,2022-08-13,2022-08-08 to 2022-11-06,NO_PARCEL_RECORD,,,,,,,,,
1,UNKNOWN / NOT IN SALE RECORDS,5440 39TH AVE W,,,,,,4,4,0,2023-02-18,2023-03-09,2023-02-18 to 2023-05-19,NO_PARCEL_RECORD,,,,,,,,,
1,UNKNOWN / NOT IN SALE RECORDS,551 ELLIOTT AVE W,KING COUNTY TEMPORARY HOUSING UNITS,98119,,,,4,4,0,2023-04-02,2023-06-27,2023-04-02 to 2023-07-01,,,17339400,,17339400,,,,,7666202035
1,UNKNOWN / NOT IN SALE RECORDS,619 NW 87TH ST,,98117,,,,4,4,0,2023-06-07,2023-06-09,2023-06-07 to 2023-09-05,,,363000,313000,676000,,,,,946000090
1,UNKNOWN / NOT IN SALE RECORDS,6108 8TH AVE NW,,,,,,4,4,0,2023-09-08,2023-09-28,2023-09-08 to 2023-12-07,NO_PARCEL_RECORD,,,,,,,,,
1,UNKNOWN / NOT IN SALE RECORDS,3004 17TH AVE S,,98144,,,,4,4,0,2023-09-22,2023-10-12,2023-09-22 to 2023-12-21,,,607000,281000,888000,,,,,597000785
1,UNKNOWN / NOT IN SALE RECORDS,4210 SW ALASKA ST,,,,,,4,4,0,2024-01-16,2024-01-23,2024-01-16 to 2024-04-15,NO_PARCEL_RECORD,,,,,,,,,
1,UNKNOWN / NOT IN SALE RECORDS,0 0,,,,,,4,4,0,2024-01-23,2024-01-26,2024-01-23 to 2024-04-22,NO_PARCEL_RECORD,,,,,,,,,
1,UNKNOWN / NOT IN SALE RECORDS,1000 NE NORTHGATE WAY,,,,,,4,4,0,2024-03-11,2024-04-02,2024-03-11 to 2024-06-09,NO_PARCEL_RECORD,,,,,,,,,
1,UNKNOWN / NOT IN SALE RECORDS,4536 A 40TH AVE SW,,,,,,4,4,0,2024-04-10,2024-04-24,2024-04-10 to 2024-07-09,NO_PARCEL_RECORD,,,,,,,,,
1,UNKNOWN / NOT IN SALE RECORDS,217 11TH AVE E,,,,,,4,4,0,2024-04-17,2024-05-09,2024-04-17 to 2024-07-16,NO_PARCEL_RECORD,,,,,,,,,
1,UNKNOWN / NOT IN SALE RECORDS,6204 S COOPER ST,,,,,,4,4,0,2024-04-24,2024-05-29,2024-04-24 to 2024-07-23,NO_PARCEL_RECORD,,,,,,,,,
1,UNKNOWN / NOT IN SALE RECORDS,202 VINE ST,,,,,,4,4,0,2024-05-14,2024-05-14,2024-05-14 to 2024-08-12,NO_PARCEL_RECORD,,,,,,,,,
1,UNKNOWN / NOT IN SALE RECORDS,11332 12TH AVE NE,11332 12TH AVE NE,98125,,,,4,4,0,2024-06-14,2024-08-31,2024-06-14 to 2024-09-12,,,229500,262500,492000,,,,,6392190000
1,UNKNOWN / NOT IN SALE RECORDS,4006 NE 73RD ST,,98115,,,,4,4,0,2024-06-24,2024-09-12,2024-06-24 to 2024-09-22,,,663000,476000,1139000,,,,,431500380
1,UNKNOWN / NOT IN SALE RECORDS,8807 INTERLAKE AVE N,,98103,,,,4,4,0,2024-06-27,2024-09-10,2024-06-27 to 2024-09-25,,,823000,53000,876000,,,,,993001035
1,UNKNOWN / NOT IN SALE RECORDS,524 W COMSTOCK ST,,98119,,,,4,4,0,2024-07-11,2024-09-19,2024-07-11 to 2024-10-09,,,1541000,242000,1783000,,,,,1732801050
1,UNKNOWN / NOT IN SALE RECORDS,1722 26TH AVE S,New Single Family Residence,98144,,,,4,4,0,2024-09-13,2024-10-30,2024-09-13 to 2024-12-12,,,543000,314000,857000,,,,,272000335
1,UNKNOWN / NOT IN SALE RECORDS,745 A N 95TH ST,,,,,,4,4,0,2024-10-22,2024-11-12,2024-10-22 to 2025-01-20,NO_PARCEL_RECORD,,,,,,,,,
1,UNKNOWN / NOT IN SALE RECORDS,9243 C 35TH AVE SW,,,,,,4,4,0,2024-10-25,2024-11-07,2024-10-25 to 2025-01-23,NO_PARCEL_RECORD,,,,,,,,,
1,UNKNOWN / NOT IN SALE RECORDS,841 NW 61ST ST,841 NORTHWEST 61ST STREET,98107,,,,4,4,0,2024-11-01,2025-01-16,2024-11-01 to 2025-01-30,,,204900,548100,753000,,,,,2286310000
1,UNKNOWN / NOT IN SALE RECORDS,2756 NW 65TH ST,,98117,,,,4,4,0,2024-12-12,2025-01-08,2024-12-12 to 2025-03-12,,,353000,221000,574000,,,,,2856101023
1,UNKNOWN / NOT IN SALE RECORDS,1342 12TH AVE S,,,,,,4,4,0,2025-03-27,2025-06-25,2025-03-27 to 2025-06-25,NO_PARCEL_RECORD,,,,,,,,,
1,UNKNOWN / NOT IN SALE RECORDS,11011 35TH AVE NE,3 UNITS,98125,,,,4,4,0,2025-04-18,2025-06-17,2025-04-18 to 2025-07-17,,,402000,836000,1238000,,,,,751000089
1,UNKNOWN / NOT IN SALE RECORDS,614 GALER ST,,,,,,4,4,0,2025-04-30,2025-06-11,2025-04-30 to 2025-07-29,NO_PARCEL_RECORD,,,,,,,,,
1,UNKNOWN / NOT IN SALE RECORDS,787 MAYNARD AVE S,,,,,,4,4,0,2025-04-30,2025-05-15,2025-04-30 to 2025-07-29,NO_PARCEL_RECORD,,,,,,,,,
1,UNKNOWN / NOT IN SALE RECORDS,5112 15TH AVE S,,,,,,4,4,0,2025-07-29,2025-09-17,2025-07-29 to 2025-10-27,NO_PARCEL_RECORD,,,,,,,,,
1,UNKNOWN / NOT IN SALE RECORDS,4105 UNIVERSITY WAY NE,,,,,,4,4,0,2025-08-01,2025-09-18,2025-08-01 to 2025-10-30,NO_PARCEL_RECORD,,,,,,,,,
1,UNKNOWN / NOT IN SALE RECORDS,14357 36TH AVE NE,14357 36TH AVE NE,98125,,,,4,4,0,2025-08-11,2025-10-09,2025-08-11 to 2025-11-09,,,119800,200,120000,,,,,6391770000
1,UNKNOWN / NOT IN SALE RECORDS,3123 NW 87TH ST,,,,,,4,4,0,2025-08-21,2025-10-28,2025-08-21 to 2025-11-19,NO_PARCEL_RECORD,,,,,,,,,
1,UNKNOWN / NOT IN SALE RECORDS,610 GALER ST,,,,,,4,4,0,2025-08-27,2025-09-16,2025-08-27 to 2025-11-25,NO_PARCEL_RECORD,,,,,,,,,
1,UNKNOWN / NOT IN SALE RECORDS,1741 S ANGELINE ST,,,,,,4,4,0,2025-09-03,2025-10-27,2025-09-03 to 2025-12-02,NO_PARCEL_RECORD,,,,,,,,,
1,UNKNOWN / NOT IN SALE RECORDS,318 5TH AVE N,,,,,,4,4,0,2025-09-08,2025-10-09,2025-09-08 to 2025-12-07,NO_PARCEL_RECORD,,,,,,,,,
1,UNKNOWN / NOT IN SALE RECORDS,4739 BALLARD AVE NW,,,,,,4,4,0,2025-10-15,2025-10-15,2025-10-15 to 2026-01-13,NO_PARCEL_RECORD,,,,,,,,,
1,UNKNOWN / NOT IN SALE RECORDS,6413 NE WINDERMERE RD,,,,,,4,4,0,2025-11-05,2025-11-07,2025-11-05 to 2026-02-03,NO_PARCEL_RECORD,,,,,,,,,
1,UNKNOWN / NOT IN SALE RECORDS,1741 N 130TH ST,130TH 3,98133,,,,4,3,0,2004-02-03,2021-05-10,2021-04-12 to 2021-07-11,,,128900,346100,475000,,,,,6398680000
1,UNKNOWN / NOT IN SALE RECORDS,4464 23RD AVE SW,,,,,,4,3,0,2004-02-10,2010-05-24,2010-04-30 to 2010-07-29,NO_PARCEL_RECORD,,,,,,,,,
1,UNKNOWN / NOT IN SALE RECORDS,8420 GREENWOOD AVE N,,,,,,4,3,0,2004-02-26,2022-05-17,2022-04-16 to 2022-07-15,NO_PARCEL_RECORD,,,,,,,,,
1,UNKNOWN / NOT IN SALE RECORDS,6206 RAINIER AVE S,,,,,,4,3,0,2004-03-19,2009-06-16,2009-06-09 to 2009-09-07,NO_PARCEL_RECORD,,,,,,,,,
1,UNKNOWN / NOT IN SALE RECORDS,4521 8TH AVE NE,,,,,,4,3,0,2004-04-16,2024-10-15,2004-04-16 to 2004-07-15,NO_PARCEL_RECORD,,,,,,,,,
1,UNKNOWN / NOT IN SALE RECORDS,12730 30TH AVE NE,,,,,,4,3,0,2004-04-16,2004-09-23,2004-04-16 to 2004-07-15,NO_PARCEL_RECORD,,,,,,,,,
1,UNKNOWN / NOT IN SALE RECORDS,5506 33RD AVE NE,STATIONHOUSE CONDOMINIUM,98105,,2006,3,4,3,0,2004-04-19,2004-09-03,2004-08-11 to 2004-11-09,,,276800,146700,423500,,,,,7982000000
1,UNKNOWN / NOT IN SALE RECORDS,1112 5TH AVE,,,,,,4,3,0,2004-05-21,2004-09-01,2004-05-21 to 2004-08-19,NO_PARCEL_RECORD,,,,,,,,,
1,UNKNOWN / NOT IN SALE RECORDS,6624 CORSON AVE S,,,,,,4,3,0,2004-07-22,2008-04-07,2008-03-06 to 2008-06-04,NO_PARCEL_RECORD,,,,,,,,,
1,UNKNOWN / NOT IN SALE RECORDS,4308 GREENWOOD AVE N,,,,,,4,3,0,2004-08-24,2004-12-20,2004-08-24 to 2004-11-22,NO_PARCEL_RECORD,,,,,,,,,
1,UNKNOWN / NOT IN SALE RECORDS,6029 CALIFORNIA AVE SW,,,,,,4,3,0,2004-09-03,2007-07-12,2004-09-03 to 2004-12-02,NO_PARCEL_RECORD,,,,,,,,,
1,UNKNOWN / NOT IN SALE RECORDS,7003 MARY AVE NW,,,,,,4,3,0,2004-09-20,2005-03-16,2005-02-22 to 2005-05-23,NO_PARCEL_RECORD,,,,,,,,,
1,UNKNOWN / NOT IN SALE RECORDS,5114 PALMER DR NW,,,,,,4,3,0,2004-12-27,2009-11-24,2004-12-27 to 2005-03-27,NO_PARCEL_RECORD,,,,,,,,,
1,UNKNOWN / NOT IN SALE RECORDS,1810 11TH AVE,,,,,,4,3,0,2004-12-10,2006-09-11,2006-07-27 to 2006-10-25,NO_PARCEL_RECORD,,,,,,,,,
1,UNKNOWN / NOT IN SALE RECORDS,1415 NW BALLARD WAY,,,,,,4,3,0,2005-02-07,2006-08-14,2005-02-07 to 2005-05-08,NO_PARCEL_RECORD,,,,,,,,,
1,UNKNOWN / NOT IN SALE RECORDS,1209 N 44TH ST,,98103,,,,4,3,0,2005-03-31,2018-05-17,2005-03-31 to 2005-06-29,,,1036000,289000,1325000,,,,,7821200906
1,UNKNOWN / NOT IN SALE RECORDS,1715 18TH AVE,,,,,,4,3,0,2005-04-01,2005-07-20,2005-04-01 to 2005-06-30,NO_PARCEL_RECORD,,,,,,,,,
1,UNKNOWN / NOT IN SALE RECORDS,1640 18TH AVE,MADISON @ 18TH CONDOMINIUM,98122,,,,4,3,0,2005-05-10,2015-07-10,2005-05-10 to 2005-08-08,,,281200,56800,338000,,,,,5009000000
1,UNKNOWN / NOT IN SALE RECORDS,5420 36TH AVE SW,5420 36TH AVE SW CONDOMINIUM,98126,,,,4,3,0,2005-06-13,2023-01-10,2022-11-14 to 2023-02-12,,,102700,797300,900000,,,,,2570490000
1,UNKNOWN / NOT IN SALE RECORDS,6764 A 28TH AVE S,,,,,,4,3,0,2005-04-21,2005-07-28,2005-04-21 to 2005-07-20,NO_PARCEL_RECORD,,,,,,,,,
1,UNKNOWN / NOT IN SALE RECORDS,2230 NE 46TH ST,HOUSE,98105,,,,4,3,0,2005-08-09,2007-10-09,2007-09-26 to 2007-12-25,SUSPICIOUS_IMPR_VALUE_1000,,1419000,1000,1420000,,,,,925049361
1,UNKNOWN / NOT IN SALE RECORDS,5123 CLOVERDALE PL S,,,,,,4,3,0,2005-09-27,2019-03-07,2005-09-27 to 2005-12-26,NO_PARCEL_RECORD,,,,,,,,,
1,UNKNOWN / NOT IN SALE RECORDS,12815 NORTH PARK AVE N,,,,,,4,3,0,2005-10-12,2008-03-17,2005-10-12 to 2006-01-10,NO_PARCEL_RECORD,,,,,,,,,
1,UNKNOWN / NOT IN SALE RECORDS,407 29TH AVE S,,,,,,4,3,0,2005-11-14,2006-03-16,2005-11-14 to 2006-02-12,NO_PARCEL_RECORD,,,,,,,,,
1,UNKNOWN / NOT IN SALE RECORDS,2030 E MADISON ST,,,,,,4,3,0,2006-02-01,2006-08-25,2006-07-31 to 2006-10-29,NO_PARCEL_RECORD,,,,,,,,,
1,UNKNOWN / NOT IN SALE RECORDS,7216 LINDEN AVE N,,,,,,4,3,0,2006-02-01,2012-04-18,2006-02-01 to 2006-05-02,NO_PARCEL_RECORD,,,,,,,,,
1,UNKNOWN / NOT IN SALE RECORDS,1423 24TH AVE,,,,,,4,3,0,2006-03-06,2020-07-13,2006-03-06 to 2006-06-04,NO_PARCEL_RECORD,,,,,,,,,
1,UNKNOWN / NOT IN SALE RECORDS,421 10TH AVE,,,,,,4,3,0,2006-06-06,2021-07-07,2006-06-06 to 2006-09-04,NO_PARCEL_RECORD,,,,,,,,,
1,UNKNOWN / NOT IN SALE RECORDS,4227 1ST AVE NE,,98105,,,,4,3,0,2006-06-12,2007-01-23,2007-01-10 to 2007-04-10,,,658000,804000,1462000,,,,,510003610
1,UNKNOWN / NOT IN SALE RECORDS,1919 BROOK AVE SW,,,,,,4,3,0,2006-06-28,2009-09-24,2006-06-28 to 2006-09-26,NO_PARCEL_RECORD,,,,,,,,,
1,UNKNOWN / NOT IN SALE RECORDS,311 25TH AVE E,,,,,,4,3,0,2006-06-30,2007-08-22,2006-06-30 to 2006-09-28,NO_PARCEL_RECORD,,,,,,,,,
1,UNKNOWN / NOT IN SALE RECORDS,1519 5TH AVE W,LITHIUM APARTMENTS,98119,,,,4,3,0,2006-08-03,2017-09-28,2006-08-03 to 2006-11-01,,,,331000,331000,,,,,4362500000
1,UNKNOWN / NOT IN SALE RECORDS,3601 HAHN PL S,,,,,,4,3,0,2006-08-10,2013-04-15,2006-08-10 to 2006-11-08,NO_PARCEL_RECORD,,,,,,,,,
1,UNKNOWN / NOT IN SALE RECORDS,1201 S COURT ST,,,,,,4,3,0,2006-08-10,2013-04-15,2006-08-10 to 2006-11-08,NO_PARCEL_RECORD,,,,,,,,,
1,UNKNOWN / NOT IN SALE RECORDS,1200 S BRADFORD ST,,,,,,4,3,0,2006-08-10,2013-04-15,2006-08-10 to 2006-11-08,NO_PARCEL_RECORD,,,,,,,,,
1,UNKNOWN / NOT IN SALE RECORDS,7729 24TH AVE NW,Soprano's Pizza and Pasta/Loyal Height Bakery,98117,,1949,1,4,3,0,2006-09-13,2018-05-14,2006-09-13 to 2006-12-12,,,910800,152700,1063500,,,,,6021503275
1,UNKNOWN / NOT IN SALE RECORDS,1327 E MADISON ST,,,,,,4,3,0,2006-09-27,2007-07-18,2007-05-22 to 2007-08-20,NO_PARCEL_RECORD,,,,,,,,,
1,UNKNOWN / NOT IN SALE RECORDS,7003 38TH AVE NE,,,,,,4,3,0,2006-10-12,2007-01-29,2006-10-12 to 2007-01-10,NO_PARCEL_RECORD,,,,,,,,,
1,UNKNOWN / NOT IN SALE RECORDS,7121 38TH AVE SW,,,,,,4,3,0,2006-12-07,2010-09-10,2006-12-07 to 2007-03-07,NO_PARCEL_RECORD,,,,,,,,,
1,UNKNOWN / NOT IN SALE RECORDS,9009 18TH AVE SW,,,,,,4,3,0,2006-08-10,2008-05-28,2008-04-11 to 2008-07-10,NO_PARCEL_RECORD,,,,,,,,,
1,UNKNOWN / NOT IN SALE RECORDS,9621 LINDEN AVE N,,,,,,4,3,0,2007-02-21,2007-05-24,2007-02-21 to 2007-05-22,NO_PARCEL_RECORD,,,,,,,,,
1,UNKNOWN / NOT IN SALE RECORDS,7211 12TH AVE SW,,98106,,,,4,3,0,2007-02-27,2018-03-19,2007-02-27 to 2007-05-28,,,378000,147000,525000,,,,,8638500090
1,UNKNOWN / NOT IN SALE RECORDS,1419 NE 66TH ST,,,,,,4,3,0,2007-04-09,2007-07-17,2007-04-09 to 2007-07-08,NO_PARCEL_RECORD,,,,,,,,,
1,UNKNOWN / NOT IN SALE RECORDS,815 E DENNY WAY,,,,,,4,3,0,2007-04-11,2024-04-29,2007-04-11 to 2007-07-10,NO_PARCEL_RECORD,,,,,,,,,
1,UNKNOWN / NOT IN SALE RECORDS,3027 HARBOR AVE SW,,,,,,4,3,0,2007-05-04,2025-08-06,2007-05-04 to 2007-08-02,NO_PARCEL_RECORD,,,,,,,,,
1,UNKNOWN / NOT IN SALE RECORDS,12300 ROOSEVELT WAY NE,,,,,,4,3,0,2007-07-06,2014-01-31,2007-07-06 to 2007-10-04,NO_PARCEL_RECORD,,,,,,,,,
1,UNKNOWN / NOT IN SALE RECORDS,4412 CALIFORNIA AVE SW,POST OFFICE,98116,,,,4,3,0,2007-07-11,2025-08-06,2025-06-13 to 2025-09-11,SUSPICIOUS_IMPR_VALUE_1000,,4140000,1000,4141000,,,,,952006160
1,UNKNOWN / NOT IN SALE RECORDS,1240 S KING ST,,,,,,4,3,0,2007-07-26,2007-11-01,2007-07-26 to 2007-10-24,NO_PARCEL_RECORD,,,,,,,,,
1,UNKNOWN / NOT IN SALE RECORDS,1242 S KING ST,,,,,,4,3,0,2007-07-26,2007-11-01,2007-07-26 to 2007-10-24,NO_PARCEL_RECORD,,,,,,,,,
1,UNKNOWN / NOT IN SALE RECORDS,1244 S KING ST,,,,,,4,3,0,2007-07-26,2007-11-01,2007-07-26 to 2007-10-24,NO_PARCEL_RECORD,,,,,,,,,
1,UNKNOWN / NOT IN SALE RECORDS,7323 SAND POINT WAY NE,COURT AT SANDPOINTE CONDOMINIUM,98115,,,,4,3,0,2007-09-07,2021-05-21,2007-09-07 to 2007-12-06,,,237300,73700,311000,,,,,1790800000
1,UNKNOWN / NOT IN SALE RECORDS,6230 RAINIER AVE S,7-ELEVEN,98118,,,,4,3,0,2007-11-06,2025-10-17,2007-11-06 to 2008-02-04,SUSPICIOUS_IMPR_VALUE_1000,,2025700,1000,2026700,,,,,883000005
1,UNKNOWN / NOT IN SALE RECORDS,2134 1ST AVE,,,,,,4,3,0,2007-12-06,2010-03-04,2007-12-06 to 2008-03-05,NO_PARCEL_RECORD,,,,,,,,,
1,UNKNOWN / NOT IN SALE RECORDS,10043 41ST AVE SW,,98146,,,,4,3,0,2007-12-12,2023-09-26,2007-12-12 to 2008-03-11,,,402000,375000,777000,,,,,254000455
1,UNKNOWN / NOT IN SALE RECORDS,1721 M L KING JR WAY,,,,,,4,3,0,2008-02-05,2023-06-12,2008-02-05 to 2008-05-05,NO_PARCEL_RECORD,,,,,,,,,
1,UNKNOWN / NOT IN SALE RECORDS,10829 42ND AVE SW,,98146,,,,4,3,0,2008-03-06,2008-07-14,2008-05-07 to 2008-08-05,,,816000,686000,1502000,,,,,290000125
1,UNKNOWN / NOT IN SALE RECORDS,2202 N 45TH ST,SEA MONSTER REST. & APTS,98103,,,,4,3,0,2008-04-04,2022-03-18,2022-03-18 to 2022-06-16,,,1073100,1003800,2076900,,,,,510000930
1,UNKNOWN / NOT IN SALE RECORDS,3501 WOODLAWN AVE N,,,,,,4,3,0,2008-04-29,2010-09-14,2008-04-29 to 2008-07-28,NO_PARCEL_RECORD,,,,,,,,,
1,UNKNOWN / NOT IN SALE RECORDS,1439 NW 62ND ST,,,,,,4,3,0,2008-06-17,2020-07-31,2008-06-17 to 2008-09-15,NO_PARCEL_RECORD,,,,,,,,,
1,UNKNOWN / NOT IN SALE RECORDS,4040 AURORA AVE N,,,,,,4,3,0,2008-06-30,2024-08-20,2024-07-25 to 2024-10-23,NO_PARCEL_RECORD,,,,,,,,,
1,UNKNOWN / NOT IN SALE RECORDS,12311 5TH AVE NE,,,,,,4,3,0,2008-08-21,2017-09-21,2008-08-21 to 2008-11-19,NO_PARCEL_RECORD,,,,,,,,,
1,UNKNOWN / NOT IN SALE RECORDS,12321 5TH AVE NE,,,,,,4,3,0,2008-08-21,2011-10-18,2008-08-21 to 2008-11-19,NO_PARCEL_RECORD,,,,,,,,,
1,UNKNOWN / NOT IN SALE RECORDS,1914 8TH AVE W,,,,,,4,3,0,2008-02-13,2008-10-14,2008-09-09 to 2008-12-08,NO_PARCEL_RECORD,,,,,,,,,
1,UNKNOWN / NOT IN SALE RECORDS,2027 WESTLAKE AVE,Little Darlings,98121,,,,4,3,0,2009-03-18,2017-10-19,2017-10-05 to 2018-01-03,,,3043800,534300,3578100,,,,,659000730
1,UNKNOWN / NOT IN SALE RECORDS,1830 M L KING JR WAY,,,,,,4,3,0,2009-04-10,2010-06-08,2010-06-08 to 2010-09-06,NO_PARCEL_RECORD,,,,,,,,,
1,UNKNOWN / NOT IN SALE RECORDS,927 17TH AVE,,,,,,4,3,0,2009-04-27,2016-02-05,2009-04-27 to 2009-07-26,NO_PARCEL_RECORD,,,,,,,,,
1,UNKNOWN / NOT IN SALE RECORDS,5009 5TH AVE NE,,98105,,,,4,3,0,2009-05-07,2023-10-04,2023-09-07 to 2023-12-06,,,521000,401000,922000,,,,,9550205220
1,UNKNOWN / NOT IN SALE RECORDS,916 WARREN AVE N,,,,,,4,3,0,2009-06-26,2015-01-13,2009-06-26 to 2009-09-24,NO_PARCEL_RECORD,,,,,,,,,
1,UNKNOWN / NOT IN SALE RECORDS,9652 BEACON AVE S,,98118,,,,4,3,0,2009-07-15,2023-01-25,2009-07-15 to 2009-10-13,,,334000,379000,713000,,,,,323049199
1,UNKNOWN / NOT IN SALE RECORDS,1822 N 85TH ST,,,,,,4,3,0,2009-07-31,2018-04-09,2009-07-31 to 2009-10-29,NO_PARCEL_RECORD,,,,,,,,,
1,UNKNOWN / NOT IN SALE RECORDS,6511 50TH AVE NE,,98115,,,,4,3,0,2009-10-19,2020-01-31,2009-10-19 to 2010-01-17,,,1077000,1209000,2286000,,,,,7974200980
1,UNKNOWN / NOT IN SALE RECORDS,5750 27TH AVE NE,,,,,,4,3,0,2009-11-05,2011-08-09,2009-11-05 to 2010-02-03,NO_PARCEL_RECORD,,,,,,,,,
1,UNKNOWN / NOT IN SALE RECORDS,3628 PALATINE AVE N,,,,,,4,3,0,2010-04-19,2010-09-22,2010-04-19 to 2010-07-18,NO_PARCEL_RECORD,,,,,,,,,
1,UNKNOWN / NOT IN SALE RECORDS,5026 M L KING JR WAY S,,,,,,4,3,0,2010-05-05,2024-12-17,2010-05-05 to 2010-08-03,NO_PARCEL_RECORD,,,,,,,,,
1,UNKNOWN / NOT IN SALE RECORDS,2809 E DENNY WAY,2809 E Denny Way Condominiums,98122,,,,4,3,0,2010-06-28,2021-11-12,2010-06-28 to 2010-09-26,,,142500,548500,691000,,,,,8729820000
1,UNKNOWN / NOT IN SALE RECORDS,6803 39TH AVE NE,,98115,,,,4,3,0,2010-07-22,2016-08-17,2010-07-22 to 2010-10-20,,,752000,332000,1084000,,,,,208500070
1,UNKNOWN / NOT IN SALE RECORDS,1601 M L KING JR WAY,,,,,,4,3,0,2010-08-13,2016-12-05,2010-08-13 to 2010-11-11,NO_PARCEL_RECORD,,,,,,,,,
1,UNKNOWN / NOT IN SALE RECORDS,5943 SHAFFER AVE S,,98108,,,,4,3,0,2011-01-06,2016-12-23,2016-12-15 to 2017-03-15,,,340000,302000,642000,,,,,829000105
1,UNKNOWN / NOT IN SALE RECORDS,318 N 138TH ST,,98133,,,,4,3,0,2011-04-29,2011-08-15,2011-04-29 to 2011-07-28,,,446000,233000,679000,,,,,173000025
1,UNKNOWN / NOT IN SALE RECORDS,5956 38TH AVE SW,,98126,,,,4,3,0,2011-05-24,2022-06-27,2022-06-17 to 2022-09-15,,,612000,981000,1593000,,,,,66000070
1,UNKNOWN / NOT IN SALE RECORDS,1502 18TH AVE,,,,,,4,3,0,2011-06-02,2024-08-16,2024-05-23 to 2024-08-21,NO_PARCEL_RECORD,,,,,,,,,
1,UNKNOWN / NOT IN SALE RECORDS,200 2ND AVE N,,,,,,4,3,0,2011-06-14,2018-11-20,2011-06-14 to 2011-09-12,NO_PARCEL_RECORD,,,,,,,,,
1,UNKNOWN / NOT IN SALE RECORDS,5053 FAUNTLEROY WAY SW,,,,,,4,3,0,2011-09-28,2019-09-12,2019-08-19 to 2019-11-17,NO_PARCEL_RECORD,,,,,,,,,
1,UNKNOWN / NOT IN SALE RECORDS,424 8TH AVE N,,,,,,4,3,0,2011-09-30,2012-01-05,2011-09-30 to 2011-12-29,NO_PARCEL_RECORD,,,,,,,,,
1,UNKNOWN / NOT IN SALE RECORDS,6533 5TH AVE NE,,,,,,4,3,0,2011-04-13,2015-02-04,2014-12-16 to 2015-03-16,NO_PARCEL_RECORD,,,,,,,,,
1,UNKNOWN / NOT IN SALE RECORDS,713 MADISON ST,,,,,,4,3,0,2012-01-09,2025-11-04,2025-10-02 to 2025-12-31,NO_PARCEL_RECORD,,,,,,,,,
1,UNKNOWN / NOT IN SALE RECORDS,1813 S BUSH PL,,,,,,4,3,0,2012-01-26,2018-10-08,2012-01-26 to 2012-04-25,NO_PARCEL_RECORD,,,,,,,,,
1,UNKNOWN / NOT IN SALE RECORDS,2556 14TH AVE W,,,,,,4,3,0,2012-08-17,2014-09-29,2012-08-17 to 2012-11-15,NO_PARCEL_RECORD,,,,,,,,,
1,UNKNOWN / NOT IN SALE RECORDS,4408 THACKERAY PL NE,THACKERAY,98105,,,,4,3,0,2012-09-10,2013-06-24,2012-09-10 to 2012-12-09,,,441400,611100,1052500,,,,,8594300000
1,UNKNOWN / NOT IN SALE RECORDS,753 S SULLIVAN ST,,,,,,4,3,0,2012-09-11,2014-07-29,2012-09-11 to 2012-12-10,NO_PARCEL_RECORD,,,,,,,,,
1,UNKNOWN / NOT IN SALE RECORDS,8920 BEACON AVE S,,98118,,,,4,3,0,2012-10-22,2016-01-08,2012-10-22 to 2013-01-20,,,332000,244000,576000,,,,,603000040
1,UNKNOWN / NOT IN SALE RECORDS,5414 DELRIDGE WAY SW,,,,,,4,3,0,2012-11-02,2018-05-02,2018-03-08 to 2018-06-06,NO_PARCEL_RECORD,,,,,,,,,
1,UNKNOWN / NOT IN SALE RECORDS,1906 E ALDER ST,,,,,,4,3,0,2013-02-27,2013-08-28,2013-02-27 to 2013-05-28,NO_PARCEL_RECORD,,,,,,,,,
1,UNKNOWN / NOT IN SALE RECORDS,2218 YALE AVE E,,,,,,4,3,0,2013-05-13,2013-08-26,2013-05-13 to 2013-08-11,NO_PARCEL_RECORD,,,,,,,,,
1,UNKNOWN / NOT IN SALE RECORDS,5424 16TH AVE SW,,,,,,4,3,0,2013-06-21,2013-12-26,2013-06-21 to 2013-09-19,NO_PARCEL_RECORD,,,,,,,,,
1,UNKNOWN / NOT IN SALE RECORDS,2565 MAGNOLIA BLVD W,,,,,,4,3,0,2013-07-08,2014-02-12,2013-07-08 to 2013-10-06,NO_PARCEL_RECORD,,,,,,,,,
1,UNKNOWN / NOT IN SALE RECORDS,1709 26TH AVE S,,98144,,,,4,3,0,2013-08-19,2014-02-03,2014-01-16 to 2014-04-16,,,342000,503000,845000,,,,,272000120
1,UNKNOWN / NOT IN SALE RECORDS,521 4TH AVE W,,,,,,4,3,0,2013-09-03,2020-05-28,2013-09-03 to 2013-12-02,NO_PARCEL_RECORD,,,,,,,,,
1,UNKNOWN / NOT IN SALE RECORDS,4146 25TH AVE SW,,,,,,4,3,0,2013-12-04,2014-03-18,2013-12-04 to 2014-03-04,NO_PARCEL_RECORD,,,,,,,,,
1,UNKNOWN / NOT IN SALE RECORDS,4511 CORLISS AVE N,,98103,,,,4,3,0,2014-02-18,2015-04-16,2014-02-18 to 2014-05-19,,,912000,335000,1247000,,,,,510000895
1,UNKNOWN / NOT IN SALE RECORDS,105 UNIVERSITY ST,,,,,,4,3,0,2014-04-24,2018-01-26,2014-04-24 to 2014-07-23,NO_PARCEL_RECORD,,,,,,,,,
1,UNKNOWN / NOT IN SALE RECORDS,4411 CORLISS AVE N,CORLISS CREST,98103,,,,4,3,0,2014-05-13,2025-06-06,2025-05-05 to 2025-08-03,,,1368000,387000,1755000,,,,,510002215
1,UNKNOWN / NOT IN SALE RECORDS,9538 1ST AVE NE,,,,,,4,3,0,2014-07-09,2015-05-27,2014-07-09 to 2014-10-07,NO_PARCEL_RECORD,,,,,,,,,
1,UNKNOWN / NOT IN SALE RECORDS,10334 LAKE CITY WAY NE,,,,,,4,3,0,2014-07-17,2015-10-01,2015-10-01 to 2015-12-30,NO_PARCEL_RECORD,,,,,,,,,
1,UNKNOWN / NOT IN SALE RECORDS,2942 1ST AVE S,,,,,,4,3,0,2014-08-21,2016-03-03,2014-08-21 to 2014-11-19,NO_PARCEL_RECORD,,,,,,,,,
1,UNKNOWN / NOT IN SALE RECORDS,3034 18TH AVE S,,98144,,,,4,3,0,2014-12-12,2023-06-28,2023-04-05 to 2023-07-04,,,425000,259000,684000,,,,,597000415
1,UNKNOWN / NOT IN SALE RECORDS,227 23RD AVE E,,,,,,4,3,0,2014-07-08,2015-05-27,2015-05-11 to 2015-08-09,NO_PARCEL_RECORD,,,,,,,,,
1,UNKNOWN / NOT IN SALE RECORDS,2419 NW 57TH ST,,,,,,4,3,0,2015-01-28,2020-09-23,2020-07-29 to 2020-10-27,NO_PARCEL_RECORD,,,,,,,,,
1,UNKNOWN / NOT IN SALE RECORDS,11059 GREENWOOD AVE N,,,,,,4,3,0,2015-03-05,2024-03-12,2024-03-12 to 2024-06-10,NO_PARCEL_RECORD,,,,,,,,,
1,UNKNOWN / NOT IN SALE RECORDS,3651 ALBION PL N,,,,,,4,3,0,2015-05-04,2015-08-24,2015-06-16 to 2015-09-14,NO_PARCEL_RECORD,,,,,,,,,
1,UNKNOWN / NOT IN SALE RECORDS,1301 WESTERN AVE,,,,,,4,3,0,2015-06-16,2016-11-18,2015-06-16 to 2015-09-14,NO_PARCEL_RECORD,,,,,,,,,
1,UNKNOWN / NOT IN SALE RECORDS,4016 37TH AVE SW,,98126,,,,4,3,0,2015-07-08,2025-07-30,2025-06-30 to 2025-09-28,,,649000,79000,728000,,,,,952000445
1,UNKNOWN / NOT IN SALE RECORDS,744 N 34TH ST,,,,,,4,3,0,2015-08-20,2018-09-26,2015-08-20 to 2015-11-18,NO_PARCEL_RECORD,,,,,,,,,
1,UNKNOWN / NOT IN SALE RECORDS,12019 33RD AVE NE,,,,,,4,3,0,2015-08-25,2024-06-27,2015-08-25 to 2015-11-23,NO_PARCEL_RECORD,,,,,,,,,
1,UNKNOWN / NOT IN SALE RECORDS,6358 40TH AVE SW,,98136,,,,4,3,0,2015-09-11,2022-07-15,2015-09-11 to 2015-12-10,,,475000,141000,616000,,,,,826000520
1,UNKNOWN / NOT IN SALE RECORDS,2024 NE 85TH ST,,,,,,4,3,0,2015-11-12,2019-07-15,2015-11-12 to 2016-02-10,NO_PARCEL_RECORD,,,,,,,,,
1,UNKNOWN / NOT IN SALE RECORDS,2103 NW 65TH ST,,,,,,4,3,0,2015-11-25,2016-04-11,2015-11-25 to 2016-02-23,NO_PARCEL_RECORD,,,,,,,,,
1,UNKNOWN / NOT IN SALE RECORDS,4455 STONE WAY N,,,,,,4,3,0,2015-12-02,2016-09-21,2015-12-02 to 2016-03-01,NO_PARCEL_RECORD,,,,,,,,,
1,UNKNOWN / NOT IN SALE RECORDS,2212 FRANKLIN AVE E,,,,,,4,3,0,2015-11-05,2017-07-10,2017-05-31 to 2017-08-29,NO_PARCEL_RECORD,,,,,,,,,
1,UNKNOWN / NOT IN SALE RECORDS,7538 43RD AVE S,,,,,,4,3,0,2016-01-22,2016-07-25,2016-05-05 to 2016-08-03,NO_PARCEL_RECORD,,,,,,,,,
1,UNKNOWN / NOT IN SALE RECORDS,5612 DELRIDGE WAY SW,,,,,,4,3,0,2016-02-18,2024-11-04,2016-02-18 to 2016-05-18,NO_PARCEL_RECORD,,,,,,,,,
1,UNKNOWN / NOT IN SALE RECORDS,1601 HARBOR AVE SW,,,,,,4,3,0,2016-04-19,2023-07-25,2023-05-16 to 2023-08-14,NO_PARCEL_RECORD,,,,,,,,,
1,UNKNOWN / NOT IN SALE RECORDS,434 DEXTER AVE N,,,,,,4,3,0,2016-06-21,2016-11-28,2016-06-21 to 2016-09-19,NO_PARCEL_RECORD,,,,,,,,,
1,UNKNOWN / NOT IN SALE RECORDS,1600 3RD AVE,,,,,,4,3,0,2016-07-14,2017-01-17,2016-07-14 to 2016-10-12,NO_PARCEL_RECORD,,,,,,,,,
1,UNKNOWN / NOT IN SALE RECORDS,1935 43RD AVE E,,,,,,4,3,0,2016-09-13,2020-02-07,2020-01-21 to 2020-04-20,NO_PARCEL_RECORD,,,,,,,,,
1,UNKNOWN / NOT IN SALE RECORDS,5626 UNIVERSITY WAY NE,WETHERHOLT AT UNIVERSITY CONDOMINIUM,98105,,,,4,3,0,2016-10-25,2017-10-09,2016-10-25 to 2017-01-23,,,374900,239100,614000,,,,,9328750000
1,UNKNOWN / NOT IN SALE RECORDS,714 BELLEVUE AVE E,714 BELLEVUE AVE E CONDOMINIUM,98102,,,,4,3,0,2016-11-14,2022-03-30,2022-01-28 to 2022-04-28,,,152300,520700,673000,,,,,7697980000
1,UNKNOWN / NOT IN SALE RECORDS,8312 FAUNTLEROY WAY SW,,98136,,,,4,3,0,2016-11-16,2022-11-10,2022-10-26 to 2023-01-24,,,327000,1304000,1631000,,,,,34001050
1,UNKNOWN / NOT IN SALE RECORDS,7408 EAST GREEN LAKE DR N,,,,,,4,3,0,2016-12-13,2017-10-03,2016-12-13 to 2017-03-13,NO_PARCEL_RECORD,,,,,,,,,
1,UNKNOWN / NOT IN SALE RECORDS,6300 SAND POINT WAY NE,WINDERMERE NORTH CONDOMINIUM,98115,,,,4,3,0,2016-12-23,2023-02-09,2022-12-16 to 2023-03-16,,,196400,191600,388000,,,,,9473500000
1,UNKNOWN / NOT IN SALE RECORDS,410 10TH AVE E,,,,,,4,3,0,2016-10-25,2017-07-10,2017-06-20 to 2017-09-18,NO_PARCEL_RECORD,,,,,,,,,
1,UNKNOWN / NOT IN SALE RECORDS,2629 S AVON CREST PL,,98108,,,,4,3,0,2017-03-02,2017-09-20,2017-08-16 to 2017-11-14,,,400000,114000,514000,,,,,339000035
1,UNKNOWN / NOT IN SALE RECORDS,4604 MERIDIAN AVE N,,98103,,,,4,3,0,2017-04-12,2023-06-15,2023-03-31 to 2023-06-29,SUSPICIOUS_IMPR_VALUE_1000,,1528000,1000,1529000,,,,,510000590
1,UNKNOWN / NOT IN SALE RECORDS,2207 1ST AVE,,,,,,4,3,0,2017-04-27,2017-11-08,2017-08-29 to 2017-11-27,NO_PARCEL_RECORD,,,,,,,,,
1,UNKNOWN / NOT IN SALE RECORDS,1220 5TH AVE N,,,,,,4,3,0,2017-06-02,2018-09-05,2017-06-02 to 2017-08-31,NO_PARCEL_RECORD,,,,,,,,,
1,UNKNOWN / NOT IN SALE RECORDS,4848 41ST AVE SW,,,,,,4,3,0,2017-06-08,2019-08-22,2019-07-04 to 2019-10-02,NO_PARCEL_RECORD,,,,,,,,,
1,UNKNOWN / NOT IN SALE RECORDS,6208 5TH AVE NW,,98107,,,,4,3,0,2017-08-15,2017-12-12,2017-08-15 to 2017-11-13,,,506900,27000,533900,,,,,2769602605
1,UNKNOWN / NOT IN SALE RECORDS,659 NW 86TH ST,,98117,,,,4,3,0,2017-10-05,2024-12-05,2024-12-05 to 2025-03-05,,,450000,266000,716000,,,,,946000260
1,UNKNOWN / NOT IN SALE RECORDS,3268 56TH AVE SW,,98116,,,,4,3,0,2017-11-15,2018-03-06,2017-11-15 to 2018-02-13,,,798000,338000,1136000,,,,,219400010
1,UNKNOWN / NOT IN SALE RECORDS,656 NW 85TH ST,CORNER DELI (CHUCK'S HOP SHOP),98117,,,,4,3,0,2017-11-17,2018-07-31,2017-11-17 to 2018-02-15,,,963500,245100,1208600,,,,,946000265
1,UNKNOWN / NOT IN SALE RECORDS,7507 56TH AVE NE,,98115,,,,4,3,0,2017-11-30,2018-11-07,2018-09-07 to 2018-12-06,,,893000,477000,1370000,,,,,330000025
1,UNKNOWN / NOT IN SALE RECORDS,3218 15TH AVE W,,,,,,4,3,0,2017-03-17,2018-06-25,2018-05-22 to 2018-08-20,NO_PARCEL_RECORD,,,,,,,,,
1,UNKNOWN / NOT IN SALE RECORDS,12713 33RD AVE NE,,,,,,4,3,0,2018-04-25,2018-09-06,2018-04-25 to 2018-07-24,NO_PARCEL_RECORD,,,,,,,,,
1,UNKNOWN / NOT IN SALE RECORDS,1600 43RD AVE E,LAKEVIEW LANAI CONDOMINIUM,98112,,,,4,3,0,2018-05-11,2021-08-30,2021-06-10 to 2021-09-08,,,272700,413300,686000,,,,,4147400000
1,UNKNOWN / NOT IN SALE RECORDS,5618 40TH AVE W,,98199,,,,4,3,0,2018-05-10,2020-01-30,2018-05-10 to 2018-08-08,,,955000,1200000,2155000,,,,,573000600
1,UNKNOWN / NOT IN SALE RECORDS,3919 1ST AVE NE,,,,,,4,3,0,2018-01-18,2018-06-04,2018-04-03 to 2018-07-02,NO_PARCEL_RECORD,,,,,,,,,
1,UNKNOWN / NOT IN SALE RECORDS,2019 3RD AVE N,,98109,,,,4,3,0,2018-05-22,2024-07-01,2024-06-25 to 2024-09-23,,,864000,883000,1747000,,,,,809002450
1,UNKNOWN / NOT IN SALE RECORDS,101 NE NORTHLAKE WAY,,,,,,4,3,0,2018-04-13,2025-08-17,2018-04-13 to 2018-07-12,NO_PARCEL_RECORD,,,,,,,,,
1,UNKNOWN / NOT IN SALE RECORDS,820 S BRADFORD ST,,,,,,4,3,0,2018-07-11,2025-07-10,2025-07-01 to 2025-09-29,NO_PARCEL_RECORD,,,,,,,,,
1,UNKNOWN / NOT IN SALE RECORDS,5009 RAVENNA AVE NE,,,,,,4,3,0,2018-07-30,2023-11-02,2018-07-30 to 2018-10-28,NO_PARCEL_RECORD,,,,,,,,,
1,UNKNOWN / NOT IN SALE RECORDS,620 10TH AVE E,,,,,,4,3,0,2018-09-08,2019-03-15,2018-09-08 to 2018-12-07,NO_PARCEL_RECORD,,,,,,,,,
1,UNKNOWN / NOT IN SALE RECORDS,7745 A SAND POINT WAY NE,,,,,,4,3,0,2018-09-24,2019-05-22,2018-09-24 to 2018-12-23,NO_PARCEL_RECORD,,,,,,,,,
1,UNKNOWN / NOT IN SALE RECORDS,14338 B LENORA PL N,,,,,,4,3,0,2018-01-11,2022-02-28,2018-01-11 to 2018-04-11,NO_PARCEL_RECORD,,,,,,,,,
1,UNKNOWN / NOT IN SALE RECORDS,2134 WAVERLY PL N,OUTLOOK CONDOMINIUM,98109,,,,4,3,0,2018-01-25,2025-08-20,2025-07-31 to 2025-10-29,,,176200,259800,436000,,,,,6441600000
1,UNKNOWN / NOT IN SALE RECORDS,3613 COURTLAND PL S,,,,,,4,3,0,2018-02-12,2020-04-30,2018-02-12 to 2018-05-13,NO_PARCEL_RECORD,,,,,,,,,
1,UNKNOWN / NOT IN SALE RECORDS,6538 11TH AVE NW,6538 11TH AVE CONDOMINIUM,98117,,,,4,3,0,2019-02-20,2019-11-16,2019-11-04 to 2020-02-02,,,315600,213400,529000,,,,,7803920000
1,UNKNOWN / NOT IN SALE RECORDS,8506 17TH AVE NW,,98117,,,,4,3,0,2019-03-06,2022-05-10,2019-03-06 to 2019-06-04,,,725000,460000,1185000,,,,,3300701075
1,UNKNOWN / NOT IN SALE RECORDS,7721 36TH AVE SW,,98126,,,,4,3,0,2019-04-01,2020-08-11,2020-06-11 to 2020-09-09,,,528000,297000,825000,,,,,293000159
1,UNKNOWN / NOT IN SALE RECORDS,6040 39TH AVE SW,,,,,,4,3,0,2019-04-09,2019-07-16,2019-04-09 to 2019-07-08,NO_PARCEL_RECORD,,,,,,,,,
1,UNKNOWN / NOT IN SALE RECORDS,4207 SW THISTLE ST,,,,,,4,3,0,2019-05-25,2023-04-11,2019-05-25 to 2019-08-23,NO_PARCEL_RECORD,,,,,,,,,
1,UNKNOWN / NOT IN SALE RECORDS,1532 17TH AVE E,,98112,,,,4,3,0,2019-06-21,2019-12-26,2019-06-21 to 2019-09-19,,,1001000,362000,1363000,,,,,2125049129
1,UNKNOWN / NOT IN SALE RECORDS,4755 1ST AVE S,,,,,,4,3,0,2019-06-24,2021-12-13,2021-10-27 to 2022-01-25,NO_PARCEL_RECORD,,,,,,,,,
1,UNKNOWN / NOT IN SALE RECORDS,2201 S GRAND ST,,98144,,,,4,3,0,2019-06-24,2022-08-01,2022-06-30 to 2022-09-28,,,,,,,,,,2866500000
1,UNKNOWN / NOT IN SALE RECORDS,7355 DELRIDGE WAY SW,,,,,,4,3,0,2019-06-24,2021-01-04,2019-06-24 to 2019-09-22,NO_PARCEL_RECORD,,,,,,,,,
1,UNKNOWN / NOT IN SALE RECORDS,4455 SHILSHOLE AVE NW,SCC MARITIME TRAINING CENTER,98107,,,,4,3,0,2019-07-03,2022-09-22,2022-08-23 to 2022-11-21,,,4906700,4712000,9618700,,,,,467000155
1,UNKNOWN / NOT IN SALE RECORDS,9077 HOLMAN RD NW,,,,,,4,3,0,2019-07-15,2019-10-31,2019-07-15 to 2019-10-13,NO_PARCEL_RECORD,,,,,,,,,
1,UNKNOWN / NOT IN SALE RECORDS,3011 18TH AVE S,,98144,,,,4,3,0,2019-07-27,2023-03-18,2019-07-27 to 2019-10-25,,,297000,420000,717000,,,,,597000551
1,UNKNOWN / NOT IN SALE RECORDS,8001 DENSMORE AVE N,APT 4 PLEX,98103,,,,4,3,0,2019-07-31,2022-04-01,2022-01-31 to 2022-05-01,,,1368000,61000,1429000,,,,,625049345
1,UNKNOWN / NOT IN SALE RECORDS,8605 5TH AVE NE,KONA OHANA,98115,,,,4,3,0,2019-08-13,2020-01-02,2019-08-13 to 2019-11-11,,,315200,1222800,1538000,,,,,3927450000
1,UNKNOWN / NOT IN SALE RECORDS,13510 BURKE AVE N,,,,,,4,3,0,2019-08-21,2024-05-30,2024-05-24 to 2024-08-22,NO_PARCEL_RECORD,,,,,,,,,
1,UNKNOWN / NOT IN SALE RECORDS,4736 35TH AVE S,,,,,,4,3,0,2019-09-20,2022-08-31,2019-09-20 to 2019-12-19,NO_PARCEL_RECORD,,,,,,,,,
1,UNKNOWN / NOT IN SALE RECORDS,708 14TH AVE,,,,,,4,3,0,2019-10-18,2020-11-11,2019-10-18 to 2020-01-16,NO_PARCEL_RECORD,,,,,,,,,
1,UNKNOWN / NOT IN SALE RECORDS,6417 ROOSEVELT WAY NE,,,,,,4,3,0,2019-10-22,2023-06-11,2019-10-22 to 2020-01-20,NO_PARCEL_RECORD,,,,,,,,,
1,UNKNOWN / NOT IN SALE RECORDS,1412 NW 70TH ST,4 PLEX,98117,,,,4,3,0,2019-10-24,2020-12-24,2020-11-28 to 2021-02-26,,,713000,321000,1034000,,,,,461003464
1,UNKNOWN / NOT IN SALE RECORDS,2427 25TH AVE W,,98199,,,,4,3,0,2019-12-15,2020-05-20,2019-12-15 to 2020-03-14,SUSPICIOUS_IMPR_VALUE_1000,,1569000,1000,1570000,,,,,269001253
1,UNKNOWN / NOT IN SALE RECORDS,5621 A FAUNTLEROY WAY SW,,,,,,4,3,0,2020-01-12,2024-06-27,2020-01-12 to 2020-04-11,NO_PARCEL_RECORD,,,,,,,,,
1,UNKNOWN / NOT IN SALE RECORDS,1917 25TH AVE S,,,,,,4,3,0,2020-04-19,2020-12-11,2020-04-19 to 2020-07-18,NO_PARCEL_RECORD,,,,,,,,,
1,UNKNOWN / NOT IN SALE RECORDS,314 BELL ST,,,,,,4,3,0,2020-05-18,2021-01-04,2020-10-25 to 2021-01-23,NO_PARCEL_RECORD,,,,,,,,,
1,UNKNOWN / NOT IN SALE RECORDS,5251 UNIVERSITY WAY NE,,,,,,4,3,0,2020-05-29,2024-11-12,2024-10-15 to 2025-01-13,NO_PARCEL_RECORD,,,,,,,,,
1,UNKNOWN / NOT IN SALE RECORDS,4300 CHEASTY BLVD S,,,,,,4,3,0,2020-06-16,2021-10-23,2020-06-16 to 2020-09-14,NO_PARCEL_RECORD,,,,,,,,,
1,UNKNOWN / NOT IN SALE RECORDS,5927 38TH AVE SW,,98126,,,,4,3,0,2020-06-22,2021-05-11,2020-06-22 to 2020-09-20,,,612000,163000,775000,,,,,66000155
1,UNKNOWN / NOT IN SALE RECORDS,2737 53RD AVE SW,,98116,,,,4,3,0,2020-07-24,2022-01-12,2020-07-24 to 2020-10-22,,,843000,562000,1405000,,,,,59000190
1,UNKNOWN / NOT IN SALE RECORDS,11061 GREENWOOD AVE N,,,,,,4,3,0,2020-08-13,2022-09-27,2020-08-13 to 2020-11-11,NO_PARCEL_RECORD,,,,,,,,,
1,UNKNOWN / NOT IN SALE RECORDS,4219 8TH AVE NE,SINGLE FAMILY,98105,,,,4,3,0,2020-08-27,2024-09-27,2024-09-18 to 2024-12-17,SUSPICIOUS_IMPR_VALUE_1000,,1134000,1000,1135000,,,,,4092301120
1,UNKNOWN / NOT IN SALE RECORDS,4276 NE 50TH ST,,98105,,,,4,3,0,2020-09-03,2021-04-29,2020-09-03 to 2020-12-02,,,351000,670000,1021000,,,,,394500098
1,UNKNOWN / NOT IN SALE RECORDS,823 19TH AVE S,,,,,,4,3,0,2020-09-28,2020-12-30,2020-09-28 to 2020-12-27,NO_PARCEL_RECORD,,,,,,,,,
1,UNKNOWN / NOT IN SALE RECORDS,4302 MERIDIAN AVE N,,98103,,,,4,3,0,2020-09-28,2025-09-26,2025-09-17 to 2025-12-16,,,686000,435000,1121000,,,,,510002710
1,UNKNOWN / NOT IN SALE RECORDS,4220 WILLIAMS AVE W,4220 WILLIAMS AVE W,98199,,,,4,3,0,2020-10-06,2021-01-05,2020-10-06 to 2021-01-04,,,302500,656500,959000,,,,,2603300000
1,UNKNOWN / NOT IN SALE RECORDS,2934 WESTERN AVE,BAVARIAN MEATS,98121,,,,4,3,0,2020-10-13,2021-02-26,2021-02-25 to 2021-05-26,SUSPICIOUS_IMPR_VALUE_1000,,4680000,1000,4681000,,,,,695000045
1,UNKNOWN / NOT IN SALE RECORDS,7938 SEWARD PARK AVE S,,,,,,4,3,0,2020-11-02,2023-08-14,2020-11-02 to 2021-01-31,NO_PARCEL_RECORD,,,,,,,,,
1,UNKNOWN / NOT IN SALE RECORDS,4324 WINSLOW PL N,,,,,,4,3,0,2020-11-28,2021-03-08,2020-11-28 to 2021-02-26,NO_PARCEL_RECORD,,,,,,,,,
1,UNKNOWN / NOT IN SALE RECORDS,9086 CARKEEK DR S,,98118,,,,4,3,0,2020-12-07,2025-05-16,2025-03-24 to 2025-06-22,SUSPICIOUS_IMPR_VALUE_1000,,605000,1000,606000,,,,,603002505
1,UNKNOWN / NOT IN SALE RECORDS,217 24TH AVE,217 24TH AVENUE CONDOMINIUM,98122,,,,4,3,0,2020-12-29,2021-11-19,2020-12-29 to 2021-03-29,,,140000,491000,631000,,,,,8732510000
1,UNKNOWN / NOT IN SALE RECORDS,4751 21ST AVE NE,REDEVELOPMENT,98105,,,,4,3,0,2021-01-12,2023-09-26,2023-09-05 to 2023-12-04,SUSPICIOUS_IMPR_VALUE_1000,,1027000,1000,1028000,,,,,925049255
1,UNKNOWN / NOT IN SALE RECORDS,5205 51ST AVE S,,,,,,4,3,0,2021-01-19,2022-02-23,2021-01-19 to 2021-04-19,NO_PARCEL_RECORD,,,,,,,,,
1,UNKNOWN / NOT IN SALE RECORDS,1568 LAKEVIEW BLVD E,,,,,,4,3,0,2021-04-15,2025-08-12,2025-05-29 to 2025-08-27,NO_PARCEL_RECORD,,,,,,,,,
1,UNKNOWN / NOT IN SALE RECORDS,2617 4TH AVE W,,98119,,,,4,3,0,2021-05-11,2022-06-24,2022-06-22 to 2022-09-20,,,962000,1690000,2652000,,,,,976000125
1,UNKNOWN / NOT IN SALE RECORDS,1147 NW 59TH ST,1147 Northwest 59th Street,98107,,,,4,3,0,2021-05-18,2021-09-08,2021-05-18 to 2021-08-16,,,175000,326000,501000,,,,,2302670000
1,UNKNOWN / NOT IN SALE RECORDS,2226 2ND AVE,,,,,,4,3,0,2021-06-28,2022-08-02,2022-07-26 to 2022-10-24,NO_PARCEL_RECORD,,,,,,,,,
1,UNKNOWN / NOT IN SALE RECORDS,4228 12TH AVE NE,,,,,,4,3,0,2021-06-28,2022-05-20,2022-04-22 to 2022-07-21,NO_PARCEL_RECORD,,,,,,,,,
1,UNKNOWN / NOT IN SALE RECORDS,118 A 26TH AVE E,,,,,,4,3,0,2021-08-02,2022-01-18,2021-08-02 to 2021-10-31,NO_PARCEL_RECORD,,,,,,,,,
1,UNKNOWN / NOT IN SALE RECORDS,3088 G SW AVALON WAY,,,,,,4,3,0,2021-08-19,2022-02-23,2022-02-02 to 2022-05-03,NO_PARCEL_RECORD,,,,,,,,,
1,UNKNOWN / NOT IN SALE RECORDS,3214 SW SPOKANE ST,SUBSTATION,98126,,1926,1,4,3,0,2021-12-09,2025-04-24,2025-02-26 to 2025-05-27,,,800000,9800,809800,,,,,7987400820
1,UNKNOWN / NOT IN SALE RECORDS,814 A W ARGAND ST,,,,,,4,3,0,2021-12-29,2023-08-07,2023-08-07 to 2023-11-05,NO_PARCEL_RECORD,,,,,,,,,
1,UNKNOWN / NOT IN SALE RECORDS,2700 NE 55TH ST,Ravenna Volvo,98105,,,,4,3,0,2022-01-26,2023-07-02,2022-01-26 to 2022-04-26,,,6962300,753800,7716100,,,,,925049042
1,UNKNOWN / NOT IN SALE RECORDS,1131 NW 62ND ST,1131 NW 62ND ST CONDOMINIUM,98107,,,,4,3,0,2022-02-11,2023-03-07,2023-02-11 to 2023-05-12,,,382600,799400,1182000,,,,,6398010000
1,UNKNOWN / NOT IN SALE RECORDS,2208 2ND AVE,BELLTOWN CENTER-LILLIAN RICE CENTER(SENIOR SERVICE,98121,,,,4,3,0,2022-02-17,2025-04-30,2022-02-17 to 2022-05-18,,,1595000,2798600,4393600,,,,,698800000
1,UNKNOWN / NOT IN SALE RECORDS,3649 FRANCIS AVE N,,,,,,4,3,0,2022-05-03,2022-08-11,2022-05-03 to 2022-08-01,NO_PARCEL_RECORD,,,,,,,,,
1,UNKNOWN / NOT IN SALE RECORDS,4020 5TH AVE NE,4020 5TH AVE NE,98105,,,,4,3,0,2022-06-07,2022-11-08,2022-09-30 to 2022-12-29,,,196000,796000,992000,,,,,2603190000
1,UNKNOWN / NOT IN SALE RECORDS,4026 5TH AVE NE,4026 5TH AVE NE,98105,,,,4,3,0,2022-06-07,2022-11-09,2022-09-30 to 2022-12-29,,,173100,802900,976000,,,,,2618010000
1,UNKNOWN / NOT IN SALE RECORDS,1614 S DEARBORN ST,,,,,,4,3,0,2022-06-04,2023-12-27,2023-11-16 to 2024-02-14,NO_PARCEL_RECORD,,,,,,,,,
1,UNKNOWN / NOT IN SALE RECORDS,1515 E YESLER WAY,MIDORI CONDOMINIUM,98122,,,,4,3,0,2022-07-27,2023-01-10,2022-07-27 to 2022-10-25,,,192700,109300,302000,,,,,5511900000
1,UNKNOWN / NOT IN SALE RECORDS,11356 23RD AVE NE,11356 23RD AVE NE,98125,,,,4,3,0,2022-08-24,2023-09-05,2023-07-13 to 2023-10-11,,,107300,666700,774000,,,,,6390810000
1,UNKNOWN / NOT IN SALE RECORDS,1516 A TAYLOR AVE N,,,,,,4,3,0,2022-09-05,2024-04-18,2024-03-15 to 2024-06-13,NO_PARCEL_RECORD,,,,,,,,,
1,UNKNOWN / NOT IN SALE RECORDS,4549 UNIVERSITY WAY NE,,,,,,4,3,0,2022-11-03,2023-09-27,2023-07-19 to 2023-10-17,NO_PARCEL_RECORD,,,,,,,,,
1,UNKNOWN / NOT IN SALE RECORDS,1824 SW HENDERSON ST,,,,,,4,3,0,2022-11-08,2024-10-03,2024-09-23 to 2024-12-22,NO_PARCEL_RECORD,,,,,,,,,
1,UNKNOWN / NOT IN SALE RECORDS,3203 BEACON AVE S,,,,,,4,3,0,2022-12-08,2024-12-16,2022-12-08 to 2023-03-08,NO_PARCEL_RECORD,,,,,,,,,
1,UNKNOWN / NOT IN SALE RECORDS,8702 A MARY AVE NW,,,,,,4,3,0,2022-07-14,2024-03-14,2024-03-13 to 2024-06-11,NO_PARCEL_RECORD,,,,,,,,,
1,UNKNOWN / NOT IN SALE RECORDS,4510 S FINDLAY ST,4510 S Findlay St Condominium,98118,,,,4,3,0,2022-12-17,2023-03-20,2022-12-17 to 2023-03-17,,,94600,668400,763000,,,,,2604200000
1,UNKNOWN / NOT IN SALE RECORDS,904 28TH AVE S,,,,,,4,3,0,2023-01-23,2025-10-20,2025-07-23 to 2025-10-21,NO_PARCEL_RECORD,,,,,,,,,
1,UNKNOWN / NOT IN SALE RECORDS,10027 MARINE VIEW DR SW,,98146,,,,4,3,0,2023-02-06,2023-06-13,2023-02-06 to 2023-05-07,,,1363000,282000,1645000,,,,,223039186
1,UNKNOWN / NOT IN SALE RECORDS,6020 HIGH POINT DR SW,,,,,,4,3,0,2023-02-22,2023-08-02,2023-02-22 to 2023-05-23,NO_PARCEL_RECORD,,,,,,,,,
1,UNKNOWN / NOT IN SALE RECORDS,801 NE NORTHGATE WAY,,,,,,4,3,0,2023-03-13,2024-04-18,2023-03-13 to 2023-06-11,NO_PARCEL_RECORD,,,,,,,,,
1,UNKNOWN / NOT IN SALE RECORDS,4705 SW HANFORD ST,,,,,,4,3,0,2023-03-27,2023-11-02,2023-10-15 to 2024-01-13,NO_PARCEL_RECORD,,,,,,,,,
1,UNKNOWN / NOT IN SALE RECORDS,6500 4TH AVE S,,,,,,4,3,0,2023-04-07,2023-09-18,2023-04-07 to 2023-07-06,NO_PARCEL_RECORD,,,,,,,,,
1,UNKNOWN / NOT IN SALE RECORDS,612 S WELLER ST,,,,,,4,3,0,2023-04-13,2024-01-31,2024-01-19 to 2024-04-18,NO_PARCEL_RECORD,,,,,,,,,
1,UNKNOWN / NOT IN SALE RECORDS,5520 SW LANDER PL,,98116,,,,4,3,0,2023-05-18,2025-06-02,2023-05-18 to 2023-08-16,,,897000,565000,1462000,,,,,59000635
1,UNKNOWN / NOT IN SALE RECORDS,8318 29TH AVE NW,,,,,,4,3,0,2023-06-12,2023-09-16,2023-06-12 to 2023-09-10,NO_PARCEL_RECORD,,,,,,,,,
1,UNKNOWN / NOT IN SALE RECORDS,4232 UNIVERSITY WAY NE,,,,,,4,3,0,2023-06-27,2024-09-03,2023-06-27 to 2023-09-25,NO_PARCEL_RECORD,,,,,,,,,
1,UNKNOWN / NOT IN SALE RECORDS,412 21ST AVE,,,,,,4,3,0,2023-07-05,2024-01-27,2023-07-05 to 2023-10-03,NO_PARCEL_RECORD,,,,,,,,,
1,UNKNOWN / NOT IN SALE RECORDS,2121 N 35TH ST,2121 Building FOR REDEVELOPMENT,98103,,,,4,3,0,2023-07-18,2025-06-24,2023-07-18 to 2023-10-16,,,3482900,1493900,4976800,,,,,354000235
1,UNKNOWN / NOT IN SALE RECORDS,7979 M L KING JR WAY S,,,,,,4,3,0,2023-07-25,2025-11-06,2025-10-17 to 2026-01-15,NO_PARCEL_RECORD,,,,,,,,,
1,UNKNOWN / NOT IN SALE RECORDS,8354 31ST AVE NW,8354 31ST AVENUE NORTHWEST,98117,,,,4,3,0,2023-08-07,2024-09-12,2024-07-19 to 2024-10-17,,,162300,473700,636000,,,,,2286370000
1,UNKNOWN / NOT IN SALE RECORDS,4538 14TH AVE S,4538 14TH AVE S,98108,,,,4,3,0,2023-08-16,2024-07-01,2024-05-23 to 2024-08-21,,,149000,745000,894000,,,,,2603650000
1,UNKNOWN / NOT IN SALE RECORDS,4308 SW BEVERIDGE PL,SHA 4-PLEX,98136,4,1985,2,4,3,0,2023-08-25,2024-10-16,2023-08-25 to 2023-11-23,,,1352000,124000,1476000,,,,,7626200015
1,UNKNOWN / NOT IN SALE RECORDS,4735 S BENNETT ST,S BENNETT ST,98118,,,,4,3,0,2023-09-12,2025-02-15,2023-09-12 to 2023-12-11,,,116700,1046300,1163000,,,,,7878450000
1,UNKNOWN / NOT IN SALE RECORDS,1431 NW 49TH ST,,,,,,4,3,0,2023-09-27,2025-01-07,2024-12-19 to 2025-03-19,NO_PARCEL_RECORD,,,,,,,,,
1,UNKNOWN / NOT IN SALE RECORDS,1215 S BAILEY ST,,,,,,4,3,0,2023-11-02,2025-08-27,2025-07-31 to 2025-10-29,NO_PARCEL_RECORD,,,,,,,,,
1,UNKNOWN / NOT IN SALE RECORDS,1400 E HOWELL ST,,,,,,4,3,0,2023-11-15,2024-03-19,2023-11-15 to 2024-02-13,NO_PARCEL_RECORD,,,,,,,,,
1,UNKNOWN / NOT IN SALE RECORDS,1805 6TH AVE,,,,,,4,3,0,2023-11-13,2025-02-05,2025-01-21 to 2025-04-21,NO_PARCEL_RECORD,,,,,,,,,
1,UNKNOWN / NOT IN SALE RECORDS,2316 4TH AVE,,,,,,4,3,0,2023-11-27,2024-04-19,2024-02-06 to 2024-05-06,NO_PARCEL_RECORD,,,,,,,,,
1,UNKNOWN / NOT IN SALE RECORDS,201 W OLYMPIC PL,,,,,,4,3,0,2023-11-29,2025-08-18,2025-07-18 to 2025-10-16,NO_PARCEL_RECORD,,,,,,,,,
1,UNKNOWN / NOT IN SALE RECORDS,706 N 96TH ST,,98103,,,,4,3,0,2023-12-11,2024-04-02,2024-02-23 to 2024-05-23,,,593000,538000,1131000,,,,,263000195
1,UNKNOWN / NOT IN SALE RECORDS,8050 42ND AVE NE,,98115,,,,4,3,0,2024-01-26,2024-05-03,2024-05-03 to 2024-08-01,,,711000,340000,1051000,,,,,446000095
1,UNKNOWN / NOT IN SALE RECORDS,4406 50TH AVE S,,,,,,4,3,0,2024-01-30,2025-04-23,2024-01-30 to 2024-04-29,NO_PARCEL_RECORD,,,,,,,,,
1,UNKNOWN / NOT IN SALE RECORDS,2215 W BERTONA ST,,,,,,4,3,0,2024-01-31,2025-03-20,2025-03-10 to 2025-06-08,NO_PARCEL_RECORD,,,,,,,,,
1,UNKNOWN / NOT IN SALE RECORDS,908 B 3RD AVE N,,,,,,4,3,0,2024-04-05,2025-07-08,2024-04-05 to 2024-07-04,NO_PARCEL_RECORD,,,,,,,,,
1,UNKNOWN / NOT IN SALE RECORDS,5523 13TH AVE S,,,,,,4,3,0,2024-04-24,2025-10-21,2024-04-24 to 2024-07-23,NO_PARCEL_RECORD,,,,,,,,,
1,UNKNOWN / NOT IN SALE RECORDS,6410 LATONA AVE NE,,,,,,4,3,0,2024-06-03,2025-08-28,2025-06-10 to 2025-09-08,NO_PARCEL_RECORD,,,,,,,,,
1,UNKNOWN / NOT IN SALE RECORDS,1701 19TH AVE,,,,,,4,3,0,2024-05-22,2024-10-31,2024-05-22 to 2024-08-20,NO_PARCEL_RECORD,,,,,,,,,
1,UNKNOWN / NOT IN SALE RECORDS,7716 E M L KING JR WAY S,,,,,,4,3,0,2024-07-31,2025-03-07,2024-07-31 to 2024-10-29,NO_PARCEL_RECORD,,,,,,,,,
1,UNKNOWN / NOT IN SALE RECORDS,2208 4TH AVE N,,98109,,,,4,3,0,2024-07-18,2025-03-31,2025-02-25 to 2025-05-26,,,911000,839000,1750000,,,,,809003065
1,UNKNOWN / NOT IN SALE RECORDS,804 NE 106TH ST,,,,,,4,3,0,2024-10-03,2025-04-22,2025-04-02 to 2025-07-01,NO_PARCEL_RECORD,,,,,,,,,
1,UNKNOWN / NOT IN SALE RECORDS,1115 BROADWAY,,,,,,4,3,0,2024-10-28,2025-05-05,2025-03-20 to 2025-06-18,NO_PARCEL_RECORD,,,,,,,,,
1,UNKNOWN / NOT IN SALE RECORDS,1722 4TH AVE N,,98109,,,,4,3,0,2025-03-20,2025-07-07,2025-05-07 to 2025-08-05,SUSPICIOUS_IMPR_VALUE_1000,,1041000,1000,1042000,,,,,809001275
1,UNKNOWN / NOT IN SALE RECORDS,3622 A INTERLAKE AVE N,,,,,,4,3,0,2025-04-18,2025-09-04,2025-06-09 to 2025-09-07,NO_PARCEL_RECORD,,,,,,,,,
1,UNKNOWN / NOT IN SALE RECORDS,511 A NE 71ST ST,,,,,,4,3,0,2025-06-15,2025-10-03,2025-07-15 to 2025-10-13,NO_PARCEL_RECORD,,,,,,,,,
1,UNKNOWN / NOT IN SALE RECORDS,3002 BEACON AVE S,SINCLAIR,98144,,,,3,3,0,2003-12-11,2004-01-02,2003-12-11 to 2004-03-10,,,1532700,200900,1733600,,,,,597000535
1,UNKNOWN / NOT IN SALE RECORDS,3212 64TH AVE SW,,98116,,,,3,3,0,2003-12-15,2003-12-30,2003-12-15 to 2004-03-14,,,585000,198000,783000,,,,,148000345
1,UNKNOWN / NOT IN SALE RECORDS,1110 10TH AVE E,,,,,,3,3,0,2004-01-05,2004-01-21,2004-01-05 to 2004-04-04,NO_PARCEL_RECORD,,,,,,,,,
1,UNKNOWN / NOT IN SALE RECORDS,130 23RD AVE E,,98112,,,,3,3,0,2004-02-04,2004-04-16,2004-02-04 to 2004-05-04,SUSPICIOUS_IMPR_VALUE_1000,,788000,1000,789000,,,,,955000585
1,UNKNOWN / NOT IN SALE RECORDS,163 18TH AVE,,,,,,3,3,0,2004-03-19,2004-04-22,2004-03-19 to 2004-06-17,NO_PARCEL_RECORD,,,,,,,,,
1,UNKNOWN / NOT IN SALE RECORDS,5915 15TH AVE NW,,,,,,3,3,0,2004-04-02,2004-06-29,2004-04-02 to 2004-07-01,NO_PARCEL_RECORD,,,,,,,,,
1,UNKNOWN / NOT IN SALE RECORDS,9132 RAVENNA AVE NE,,,,,,3,3,0,2004-04-13,2004-05-10,2004-04-13 to 2004-07-12,NO_PARCEL_RECORD,,,,,,,,,
1,UNKNOWN / NOT IN SALE RECORDS,2002 15TH AVE S,,,,,,3,3,0,2004-05-26,2004-05-27,2004-05-26 to 2004-08-24,NO_PARCEL_RECORD,,,,,,,,,
1,UNKNOWN / NOT IN SALE RECORDS,851 NW 61ST ST,,98107,,,,3,3,0,2004-05-27,2004-06-18,2004-05-27 to 2004-08-25,,,550000,355000,905000,,,,,452000020
1,UNKNOWN / NOT IN SALE RECORDS,8363 28TH AVE NW,,,,,,3,3,0,2004-06-16,2004-07-09,2004-06-16 to 2004-09-14,NO_PARCEL_RECORD,,,,,,,,,
1,UNKNOWN / NOT IN SALE RECORDS,2416 W DRAVUS ST,,,,,,3,3,0,2004-06-22,2004-07-27,2004-06-22 to 2004-09-20,NO_PARCEL_RECORD,,,,,,,,,
1,UNKNOWN / NOT IN SALE RECORDS,5236 42ND AVE S,,,,,,3,3,0,2004-05-07,2004-07-13,2004-05-07 to 2004-08-05,NO_PARCEL_RECORD,,,,,,,,,
1,UNKNOWN / NOT IN SALE RECORDS,3052 19TH AVE S,,98144,,,,3,3,0,2004-09-10,2004-09-17,2004-09-10 to 2004-12-09,,,509000,344000,853000,,,,,597000265
1,UNKNOWN / NOT IN SALE RECORDS,3829 24TH AVE W,,98199,,,,3,3,0,2004-09-28,2004-11-02,2004-09-28 to 2004-12-27,,,658000,523000,1181000,,,,,369000965
1,UNKNOWN / NOT IN SALE RECORDS,2619 9TH AVE W,,98119,,,,3,3,0,2004-10-06,2004-11-09,2004-10-06 to 2005-01-04,,,911000,202000,1113000,,,,,275000010
1,UNKNOWN / NOT IN SALE RECORDS,2124 NE 70TH ST,,,,,,3,3,0,2004-11-01,2004-12-14,2004-11-01 to 2005-01-30,NO_PARCEL_RECORD,,,,,,,,,
1,UNKNOWN / NOT IN SALE RECORDS,8121 48TH AVE S,,,,,,3,3,0,2004-11-19,2004-12-01,2004-11-19 to 2005-02-17,NO_PARCEL_RECORD,,,,,,,,,
1,UNKNOWN / NOT IN SALE RECORDS,1316 NW 70TH ST,,98117,,,,3,3,0,2005-01-19,2005-01-27,2005-01-19 to 2005-04-19,,,714000,357000,1071000,,,,,125039059
1,UNKNOWN / NOT IN SALE RECORDS,3334 34TH AVE S,,98144,,,,3,3,0,2005-02-08,2005-02-11,2005-02-08 to 2005-05-09,,,349000,288000,637000,,,,,9834200768
1,UNKNOWN / NOT IN SALE RECORDS,7368 58TH AVE NE,,,,,,3,3,0,2005-03-15,2005-03-16,2005-03-15 to 2005-06-13,NO_PARCEL_RECORD,,,,,,,,,
1,UNKNOWN / NOT IN SALE RECORDS,31 ETRURIA ST,,,,,,3,3,0,2005-04-20,2005-07-19,2005-04-20 to 2005-07-19,NO_PARCEL_RECORD,,,,,,,,,
1,UNKNOWN / NOT IN SALE RECORDS,14 W LEE ST,,,,,,3,3,0,2005-05-11,2005-05-23,2005-05-11 to 2005-08-09,NO_PARCEL_RECORD,,,,,,,,,
1,UNKNOWN / NOT IN SALE RECORDS,12024 28TH AVE NE,,,,,,3,3,0,2005-05-24,2005-08-22,2005-05-24 to 2005-08-22,NO_PARCEL_RECORD,,,,,,,,,
1,UNKNOWN / NOT IN SALE RECORDS,12030 28TH AVE NE,,,,,,3,3,0,2005-05-24,2005-08-22,2005-05-24 to 2005-08-22,NO_PARCEL_RECORD,,,,,,,,,
1,UNKNOWN / NOT IN SALE RECORDS,209 N 39TH ST,VESTALIA CONDOMINIUM,98103,,,,3,3,0,2005-06-08,2005-07-21,2005-06-08 to 2005-09-06,,,91900,309100,401000,,,,,8896600000
1,UNKNOWN / NOT IN SALE RECORDS,2901 S NORMAN ST,Townhouse,98144,,,,3,3,0,2005-06-10,2005-07-11,2005-06-10 to 2005-09-08,,,315000,446000,761000,,,,,567000415
1,UNKNOWN / NOT IN SALE RECORDS,1110 A 29TH AVE S,,,,,,3,3,0,2005-06-16,2005-07-11,2005-06-16 to 2005-09-14,NO_PARCEL_RECORD,,,,,,,,,
1,UNKNOWN / NOT IN SALE RECORDS,940 N 105TH ST,,,,,,3,3,0,2005-06-20,2005-06-24,2005-06-20 to 2005-09-18,NO_PARCEL_RECORD,,,,,,,,,
1,UNKNOWN / NOT IN SALE RECORDS,115 29TH AVE,,,,,,3,3,0,2005-06-22,2005-08-12,2005-06-22 to 2005-09-20,NO_PARCEL_RECORD,,,,,,,,,
1,UNKNOWN / NOT IN SALE RECORDS,8834 MIDVALE AVE N,,,,,,3,3,0,2005-06-28,2005-08-01,2005-06-28 to 2005-09-26,NO_PARCEL_RECORD,,,,,,,,,
1,UNKNOWN / NOT IN SALE RECORDS,2514 S GRAHAM ST,,,,,,3,3,0,2005-07-01,2005-09-05,2005-07-01 to 2005-09-29,NO_PARCEL_RECORD,,,,,,,,,
1,UNKNOWN / NOT IN SALE RECORDS,2515 27TH AVE W,,98199,,,,3,3,0,2005-07-25,2005-08-12,2005-07-25 to 2005-10-23,SUSPICIOUS_IMPR_VALUE_1000,,1518000,1000,1519000,,,,,269000965
1,UNKNOWN / NOT IN SALE RECORDS,13809 DAYTON AVE N,,98133,,,,3,3,0,2005-08-16,2005-09-29,2005-08-16 to 2005-11-14,,,452000,786000,1238000,,,,,173000047
1,UNKNOWN / NOT IN SALE RECORDS,731 BROADWAY E,MORGAN CONDOMINIUM,98102,,,,3,3,0,2005-09-07,2005-09-07,2005-09-07 to 2005-12-06,,,181900,230100,412000,,,,,5635500000
1,UNKNOWN / NOT IN SALE RECORDS,5015 37TH AVE S,,,,,,3,3,0,2005-09-14,2005-11-14,2005-09-14 to 2005-12-13,NO_PARCEL_RECORD,,,,,,,,,
1,UNKNOWN / NOT IN SALE RECORDS,5013 37TH AVE S,,,,,,3,3,0,2005-09-14,2005-11-14,2005-09-14 to 2005-12-13,NO_PARCEL_RECORD,,,,,,,,,
1,UNKNOWN / NOT IN SALE RECORDS,346 27TH AVE,,,,,,3,3,0,2005-11-02,2005-11-02,2005-11-02 to 2006-01-31,NO_PARCEL_RECORD,,,,,,,,,
1,UNKNOWN / NOT IN SALE RECORDS,2500 AURORA AVE N,,,,,,3,3,0,2006-01-10,2006-02-01,2006-01-10 to 2006-04-10,NO_PARCEL_RECORD,,,,,,,,,
1,UNKNOWN / NOT IN SALE RECORDS,12047 33RD AVE NE,,,,,,3,3,0,2006-01-11,2006-03-03,2006-01-11 to 2006-04-11,NO_PARCEL_RECORD,,,,,,,,,
1,UNKNOWN / NOT IN SALE RECORDS,1902 POST AL,,,,,,3,3,0,2006-01-17,2006-03-24,2006-01-17 to 2006-04-17,NO_PARCEL_RECORD,,,,,,,,,
1,UNKNOWN / NOT IN SALE RECORDS,9217 8TH AVE S,,,,,,3,3,0,2006-03-01,2006-03-07,2006-03-01 to 2006-05-30,NO_PARCEL_RECORD,,,,,,,,,
1,UNKNOWN / NOT IN SALE RECORDS,1416 18TH AVE,,,,,,3,3,0,2006-03-07,2006-05-26,2006-03-07 to 2006-06-05,NO_PARCEL_RECORD,,,,,,,,,
1,UNKNOWN / NOT IN SALE RECORDS,9610 ROOSEVELT WAY NE,,,,,,3,3,0,2006-03-24,2006-04-11,2006-03-24 to 2006-06-22,NO_PARCEL_RECORD,,,,,,,,,
1,UNKNOWN / NOT IN SALE RECORDS,1412 NW 67TH ST,,,,,,3,3,0,2006-03-30,2006-04-27,2006-03-30 to 2006-06-28,NO_PARCEL_RECORD,,,,,,,,,
1,UNKNOWN / NOT IN SALE RECORDS,2919 NE 53RD ST,,98105,,,,3,3,0,2006-04-21,2006-06-19,2006-04-21 to 2006-07-20,,,750000,367000,1117000,,,,,925049248
1,UNKNOWN / NOT IN SALE RECORDS,8025 46TH AVE SW,,98136,,,,3,3,0,2006-04-24,2006-05-05,2006-04-24 to 2006-07-23,,,364000,445000,809000,,,,,34001000
1,UNKNOWN / NOT IN SALE RECORDS,4546 B W CRAMER ST,,,,,,3,3,0,2006-04-25,2006-05-04,2006-04-25 to 2006-07-24,NO_PARCEL_RECORD,,,,,,,,,
1,UNKNOWN / NOT IN SALE RECORDS,14394 30TH AVE NE,,,,,,3,3,0,2006-04-26,2006-05-16,2006-04-26 to 2006-07-25,NO_PARCEL_RECORD,,,,,,,,,
1,UNKNOWN / NOT IN SALE RECORDS,4430 S SHELL ST,,,,,,3,3,0,2006-05-11,2006-05-16,2006-05-11 to 2006-08-09,NO_PARCEL_RECORD,,,,,,,,,
1,UNKNOWN / NOT IN SALE RECORDS,707 23RD AVE,,,,,,3,3,0,2006-05-15,2006-08-01,2006-05-15 to 2006-08-13,NO_PARCEL_RECORD,,,,,,,,,
1,UNKNOWN / NOT IN SALE RECORDS,9421 LINDEN AVE N,,,,,,3,3,0,2006-06-23,2006-07-17,2006-06-23 to 2006-09-21,NO_PARCEL_RECORD,,,,,,,,,
1,UNKNOWN / NOT IN SALE RECORDS,12314 33RD AVE NE,,,,,,3,3,0,2006-08-09,2006-10-10,2006-08-09 to 2006-11-07,NO_PARCEL_RECORD,,,,,,,,,
1,UNKNOWN / NOT IN SALE RECORDS,3611 30TH AVE W,,98199,,,,3,3,0,2006-09-18,2006-09-22,2006-09-18 to 2006-12-17,,,540000,290000,830000,,,,,582000285
1,UNKNOWN / NOT IN SALE RECORDS,10112 4TH AVE NW,,,,,,3,3,0,2006-07-24,2006-10-02,2006-07-24 to 2006-10-22,NO_PARCEL_RECORD,,,,,,,,,
1,UNKNOWN / NOT IN SALE RECORDS,2818 NW 56TH ST,2818 NORTHWEST CONDOMINIUM,98107,,,,3,3,0,2006-11-22,2007-01-09,2006-11-22 to 2007-02-20,,,207300,310700,518000,,,,,8726690000
1,UNKNOWN / NOT IN SALE RECORDS,10819 44TH AVE SW,,98146,,,,3,3,0,2006-12-07,2007-01-04,2006-12-07 to 2007-03-07,,,1102000,1334000,2436000,,,,,290000190
1,UNKNOWN / NOT IN SALE RECORDS,3537 SW 98TH ST,,98126,,,,3,3,0,2007-02-01,2007-02-16,2007-02-01 to 2007-05-02,,,402000,266000,668000,,,,,37000180
1,UNKNOWN / NOT IN SALE RECORDS,1417 NE 65TH ST,,,,,,3,3,0,2007-02-15,2007-02-26,2007-02-15 to 2007-05-16,NO_PARCEL_RECORD,,,,,,,,,
1,UNKNOWN / NOT IN SALE RECORDS,2811 E YESLER WAY,Leschi View B,98122,,,,3,3,0,2007-03-02,2007-03-07,2007-03-02 to 2007-05-31,,,1263700,2165300,3429000,,,,,7600217
1,UNKNOWN / NOT IN SALE RECORDS,3833 24TH AVE W,,98199,,,,3,3,0,2007-03-06,2007-03-28,2007-03-06 to 2007-06-04,,,694000,324000,1018000,,,,,369000970
1,UNKNOWN / NOT IN SALE RECORDS,3012 60TH AVE SW,,,,,,3,3,0,2007-03-08,2007-03-14,2007-03-08 to 2007-06-06,NO_PARCEL_RECORD,,,,,,,,,
1,UNKNOWN / NOT IN SALE RECORDS,3421 33RD AVE SW,,,,,,3,3,0,2007-04-02,2007-05-31,2007-04-02 to 2007-07-01,NO_PARCEL_RECORD,,,,,,,,,
1,UNKNOWN / NOT IN SALE RECORDS,210 S WASHINGTON ST,,,,,,3,3,0,2007-04-24,2007-05-07,2007-04-24 to 2007-07-23,NO_PARCEL_RECORD,,,,,,,,,
1,UNKNOWN / NOT IN SALE RECORDS,2021 15TH AVE W,,,,,,3,3,0,2007-05-15,2007-06-14,2007-05-15 to 2007-08-13,NO_PARCEL_RECORD,,,,,,,,,
1,UNKNOWN / NOT IN SALE RECORDS,2919 S FERDINAND ST,,,,,,3,3,0,2007-06-18,2007-06-27,2007-06-18 to 2007-09-16,NO_PARCEL_RECORD,,,,,,,,,
1,UNKNOWN / NOT IN SALE RECORDS,5443 18TH AVE SW,,98106,,,,3,3,0,2007-08-06,2007-09-18,2007-08-06 to 2007-11-04,,,353000,242000,595000,,,,,3438500601
1,UNKNOWN / NOT IN SALE RECORDS,5329 TALLMAN AVE NW,,,,,,3,3,0,2007-08-10,2007-08-22,2007-08-10 to 2007-11-08,NO_PARCEL_RECORD,,,,,,,,,
1,UNKNOWN / NOT IN SALE RECORDS,4419 SW 102ND ST,,98146,,,,3,3,0,2007-11-28,2008-02-12,2007-11-28 to 2008-02-26,,,650000,1120000,1770000,,,,,223039298
1,UNKNOWN / NOT IN SALE RECORDS,9420 37TH AVE S,,98118,,,,3,3,0,2007-11-29,2007-12-07,2007-11-29 to 2008-02-27,,,320000,281000,601000,,,,,603000545
1,UNKNOWN / NOT IN SALE RECORDS,7508 A 24TH AVE NW,,,,,,3,3,0,2007-12-17,2008-02-29,2007-12-17 to 2008-03-16,NO_PARCEL_RECORD,,,,,,,,,
1,UNKNOWN / NOT IN SALE RECORDS,6338 14TH AVE NE,,,,,,3,3,0,2007-03-23,2007-03-23,2007-03-23 to 2007-06-21,NO_PARCEL_RECORD,,,,,,,,,
1,UNKNOWN / NOT IN SALE RECORDS,14338 32ND AVE NE,,,,,,3,3,0,2008-01-18,2008-01-25,2008-01-18 to 2008-04-17,NO_PARCEL_RECORD,,,,,,,,,
1,UNKNOWN / NOT IN SALE RECORDS,1704 30TH AVE S,,98144,,,,3,3,0,2008-03-26,2008-04-22,2008-03-26 to 2008-06-24,,,375000,784000,1159000,,,,,161000065
1,UNKNOWN / NOT IN SALE RECORDS,12308 1ST AVE NE,,,,,,3,3,0,2008-04-25,2008-05-13,2008-04-25 to 2008-07-24,NO_PARCEL_RECORD,,,,,,,,,
1,UNKNOWN / NOT IN SALE RECORDS,4834 DELRIDGE WAY SW,,,,,,3,3,0,2008-05-02,2008-05-06,2008-05-02 to 2008-07-31,NO_PARCEL_RECORD,,,,,,,,,
1,UNKNOWN / NOT IN SALE RECORDS,828 28TH AVE S,,,,,,3,3,0,2008-05-14,2008-06-24,2008-05-14 to 2008-08-12,NO_PARCEL_RECORD,,,,,,,,,
1,UNKNOWN / NOT IN SALE RECORDS,360 HAYES ST,,98109,,,,3,3,0,2008-05-30,2008-07-09,2008-05-30 to 2008-08-28,,,864000,1404000,2268000,,,,,809001175
1,UNKNOWN / NOT IN SALE RECORDS,4042 HILLCREST AVE SW,,,,,,3,3,0,2008-06-02,2008-07-22,2008-06-02 to 2008-08-31,NO_PARCEL_RECORD | NAMED_INSPECTOR,,,,,,,,,
1,UNKNOWN / NOT IN SALE RECORDS,4807 S DAWSON ST,,98118,,,,3,3,0,2008-06-04,2008-06-13,2008-06-04 to 2008-09-02,SUSPICIOUS_IMPR_VALUE_1000,,514000,1000,515000,,,,,5583200355
1,UNKNOWN / NOT IN SALE RECORDS,625 NW 52ND ST,,98107,,,,3,3,0,2008-06-13,2008-06-24,2008-06-13 to 2008-09-11,,,481000,372000,853000,,,,,475000990
1,UNKNOWN / NOT IN SALE RECORDS,2200 32ND AVE W,,98199,,,,3,3,0,2008-07-14,2008-07-29,2008-07-14 to 2008-10-12,,,738000,963000,1701000,,,,,207500010
1,UNKNOWN / NOT IN SALE RECORDS,3801 W GOVERNMENT WAY,,,,,,3,3,0,2008-07-22,2008-10-03,2008-07-22 to 2008-10-20,NO_PARCEL_RECORD,,,,,,,,,
1,UNKNOWN / NOT IN SALE RECORDS,2903 E MADISON ST,,,,,,3,3,0,2008-08-27,2008-10-23,2008-08-27 to 2008-11-25,NO_PARCEL_RECORD,,,,,,,,,
1,UNKNOWN / NOT IN SALE RECORDS,3701 SW 105TH ST,,98146,,,,3,3,0,2008-11-24,2008-12-05,2008-11-24 to 2009-02-22,,,477000,154000,631000,,,,,223039292
1,UNKNOWN / NOT IN SALE RECORDS,711 29TH AVE E,,,,,,3,3,0,2008-12-29,2009-01-05,2008-12-29 to 2009-03-29,NO_PARCEL_RECORD,,,,,,,,,
1,UNKNOWN / NOT IN SALE RECORDS,5505 30TH AVE NE,,,,,,3,3,0,2009-02-09,2009-02-20,2009-02-09 to 2009-05-10,NO_PARCEL_RECORD,,,,,,,,,
1,UNKNOWN / NOT IN SALE RECORDS,6232 CORSON AVE S,,,,,,3,3,0,2009-02-24,2009-04-08,2009-02-24 to 2009-05-25,NO_PARCEL_RECORD,,,,,,,,,
1,UNKNOWN / NOT IN SALE RECORDS,3806 W BERTONA ST,,98199,,,,3,3,0,2009-04-17,2009-04-29,2009-04-17 to 2009-07-16,,,726000,344000,1070000,,,,,871001195
1,UNKNOWN / NOT IN SALE RECORDS,2534 NE 143RD ST,,,,,,3,3,0,2009-05-13,2009-05-22,2009-05-13 to 2009-08-11,NO_PARCEL_RECORD,,,,,,,,,
1,UNKNOWN / NOT IN SALE RECORDS,5502 15TH AVE S,,,,,,3,3,0,2009-05-29,2009-07-27,2009-05-29 to 2009-08-27,NO_PARCEL_RECORD,,,,,,,,,
1,UNKNOWN / NOT IN SALE RECORDS,9232 39TH AVE S,,98118,,,,3,3,0,2009-06-29,2009-08-04,2009-06-29 to 2009-09-27,,,313000,153000,466000,,,,,603001380
1,UNKNOWN / NOT IN SALE RECORDS,9234 39TH AVE S,,98118,,,,3,3,0,2009-06-29,2009-08-04,2009-06-29 to 2009-09-27,,,313000,243000,556000,,,,,603001385
1,UNKNOWN / NOT IN SALE RECORDS,5223 UNIVERSITY WAY NE,,,,,,3,3,0,2009-06-29,2009-07-13,2009-06-29 to 2009-09-27,NO_PARCEL_RECORD,,,,,,,,,
1,UNKNOWN / NOT IN SALE RECORDS,7619 8TH AVE SW,,,,,,3,3,0,2009-07-17,2009-07-23,2009-07-17 to 2009-10-15,NO_PARCEL_RECORD,,,,,,,,,
1,UNKNOWN / NOT IN SALE RECORDS,2318 N 113TH PL,,,,,,3,3,0,2009-07-23,2009-07-31,2009-07-23 to 2009-10-21,NO_PARCEL_RECORD,,,,,,,,,
1,UNKNOWN / NOT IN SALE RECORDS,1140 N 93RD ST,,,,,,3,3,0,2009-08-10,2009-08-18,2009-08-10 to 2009-11-08,NO_PARCEL_RECORD,,,,,,,,,
1,UNKNOWN / NOT IN SALE RECORDS,3053 16TH AVE W,,,,,,3,3,0,2009-09-18,2009-09-23,2009-09-18 to 2009-12-17,NO_PARCEL_RECORD,,,,,,,,,
1,UNKNOWN / NOT IN SALE RECORDS,5457 FAUNTLEROY WAY SW,,,,,,3,3,0,2009-09-28,2009-10-05,2009-09-28 to 2009-12-27,NO_PARCEL_RECORD,,,,,,,,,
1,UNKNOWN / NOT IN SALE RECORDS,3042 4TH AVE W,,,,,,3,3,0,2010-01-04,2010-01-28,2010-01-04 to 2010-04-04,NO_PARCEL_RECORD,,,,,,,,,
1,UNKNOWN / NOT IN SALE RECORDS,314 QUEEN ANNE AVE N,,,,,,3,3,0,2010-01-21,2010-01-26,2010-01-21 to 2010-04-21,NO_PARCEL_RECORD,,,,,,,,,
1,UNKNOWN / NOT IN SALE RECORDS,4506 BAGLEY AVE N,,98103,,,,3,3,0,2010-02-02,2010-02-24,2010-02-02 to 2010-05-03,,,647000,289000,936000,,,,,510000960
1,UNKNOWN / NOT IN SALE RECORDS,8623 8TH AVE S,,,,,,3,3,0,2010-02-10,2010-03-04,2010-02-10 to 2010-05-11,NO_PARCEL_RECORD,,,,,,,,,
1,UNKNOWN / NOT IN SALE RECORDS,11650 BEACON AVE S,,,,,,3,3,0,2010-02-17,2010-02-23,2010-02-17 to 2010-05-18,NO_PARCEL_RECORD,,,,,,,,,
1,UNKNOWN / NOT IN SALE RECORDS,6327 47TH AVE SW,,98136,,,,3,3,0,2010-02-18,2010-03-08,2010-02-18 to 2010-05-19,,,533000,178000,711000,,,,,7436000095
1,UNKNOWN / NOT IN SALE RECORDS,12621 MERIDIAN AVE N,,,,,,3,3,0,2010-03-03,2010-03-29,2010-03-03 to 2010-06-01,NO_PARCEL_RECORD,,,,,,,,,
1,UNKNOWN / NOT IN SALE RECORDS,11035 5TH AVE NE,,,,,,3,3,0,2010-03-22,2010-03-31,2010-03-22 to 2010-06-20,NO_PARCEL_RECORD,,,,,,,,,
1,UNKNOWN / NOT IN SALE RECORDS,4537 41ST AVE SW,,98116,,,,3,3,0,2010-04-16,2010-06-08,2010-04-16 to 2010-07-15,,,342000,318000,660000,,,,,952006725
1,UNKNOWN / NOT IN SALE RECORDS,3915 S EDMUNDS ST,,,,,,3,3,0,2010-05-07,2010-05-20,2010-05-07 to 2010-08-05,NO_PARCEL_RECORD,,,,,,,,,
1,UNKNOWN / NOT IN SALE RECORDS,1403 NE 107TH ST,,,,,,3,3,0,2010-07-01,2010-07-09,2010-07-01 to 2010-09-29,NO_PARCEL_RECORD,,,,,,,,,
1,UNKNOWN / NOT IN SALE RECORDS,9210 38TH AVE S,,98118,,,,3,3,0,2010-07-08,2010-07-09,2010-07-08 to 2010-10-06,,,327000,237000,564000,,,,,603000740
1,UNKNOWN / NOT IN SALE RECORDS,5917 25TH AVE S,,,,,,3,3,0,2010-07-26,2010-08-12,2010-07-26 to 2010-10-24,NO_PARCEL_RECORD,,,,,,,,,
1,UNKNOWN / NOT IN SALE RECORDS,3249 NE 94TH ST,,,,,,3,3,0,2010-08-02,2010-08-03,2010-08-02 to 2010-10-31,NO_PARCEL_RECORD,,,,,,,,,
1,UNKNOWN / NOT IN SALE RECORDS,1419 MADRONA DR,,98122,,,,3,3,0,2010-08-10,2010-11-01,2010-08-10 to 2010-11-08,,,2609000,319000,2928000,,,,,5350200948
1,UNKNOWN / NOT IN SALE RECORDS,6117 24TH AVE NE,,98115,,,,3,3,0,2010-09-07,2010-09-30,2010-09-07 to 2010-12-06,,,775000,1156000,1931000,,,,,103000051
1,UNKNOWN / NOT IN SALE RECORDS,1611 FAIRVIEW AVE E,,,,,,3,3,0,2010-09-23,2010-09-23,2010-09-23 to 2010-12-22,NO_PARCEL_RECORD,,,,,,,,,
1,UNKNOWN / NOT IN SALE RECORDS,3900 MONTLAKE BLVD NE,,,,,,3,3,0,2010-10-30,2010-11-07,2010-10-30 to 2011-01-28,NO_PARCEL_RECORD,,,,,,,,,
1,UNKNOWN / NOT IN SALE RECORDS,2425 S GRAHAM ST,,,,,,3,3,0,2010-11-10,2010-11-18,2010-11-10 to 2011-02-08,NO_PARCEL_RECORD,,,,,,,,,
1,UNKNOWN / NOT IN SALE RECORDS,208 S JACKSON ST,,,,,,3,3,0,2010-11-17,2010-12-02,2010-11-17 to 2011-02-15,NO_PARCEL_RECORD,,,,,,,,,
1,UNKNOWN / NOT IN SALE RECORDS,10020 BEACON AVE S,,98178,,,,3,3,0,2011-01-19,2011-02-15,2011-01-19 to 2011-04-19,,,371000,264000,635000,,,,,323049090
1,UNKNOWN / NOT IN SALE RECORDS,2705 NE 96TH ST,,,,,,3,3,0,2011-03-09,2011-03-15,2011-03-09 to 2011-06-07,NO_PARCEL_RECORD,,,,,,,,,
1,UNKNOWN / NOT IN SALE RECORDS,1568 S ANGELINE ST,,98108,,,,3,3,0,2011-03-22,2011-06-08,2011-03-22 to 2011-06-20,,,424000,454000,878000,,,,,1800006
1,UNKNOWN / NOT IN SALE RECORDS,2404 26TH AVE W,,98199,,,,3,3,0,2011-03-28,2011-06-17,2011-03-28 to 2011-06-26,SUSPICIOUS_IMPR_VALUE_1000,,1703000,1000,1704000,,,,,269001224
1,UNKNOWN / NOT IN SALE RECORDS,2533 16TH AVE S,,,,,,3,3,0,2011-07-12,2011-08-01,2011-07-12 to 2011-10-10,NO_PARCEL_RECORD,,,,,,,,,
1,UNKNOWN / NOT IN SALE RECORDS,4118 E MADISON ST,,,,,,3,3,0,2011-08-08,2011-08-10,2011-08-08 to 2011-11-06,NO_PARCEL_RECORD,,,,,,,,,
1,UNKNOWN / NOT IN SALE RECORDS,1103 M L KING JR WAY,,,,,,3,3,0,2011-08-18,2011-08-24,2011-08-18 to 2011-11-16,NO_PARCEL_RECORD,,,,,,,,,
1,UNKNOWN / NOT IN SALE RECORDS,10728 WHITMAN AVE N,,,,,,3,3,0,2011-09-14,2011-09-30,2011-09-14 to 2011-12-13,NO_PARCEL_RECORD,,,,,,,,,
1,UNKNOWN / NOT IN SALE RECORDS,4201 48TH AVE S,,98118,,,,3,3,0,2011-09-21,2011-09-27,2011-09-21 to 2011-12-20,,,701000,73000,774000,,,,,4154303115
1,UNKNOWN / NOT IN SALE RECORDS,8526 ROOSEVELT WAY NE,,,,,,3,3,0,2011-11-28,2011-12-12,2011-11-28 to 2012-02-26,NO_PARCEL_RECORD,,,,,,,,,
1,UNKNOWN / NOT IN SALE RECORDS,3328 NE 125TH ST,,,,,,3,3,0,2012-03-12,2012-03-28,2012-03-12 to 2012-06-10,NO_PARCEL_RECORD,,,,,,,,,
1,UNKNOWN / NOT IN SALE RECORDS,6717 37TH AVE NW,,98117,,,,3,3,0,2012-03-22,2012-05-24,2012-03-22 to 2012-06-20,,,1402000,1069000,2471000,,,,,486000562
1,UNKNOWN / NOT IN SALE RECORDS,6513 27TH AVE NE,,98115,,,,3,3,0,2012-03-28,2012-04-30,2012-03-28 to 2012-06-26,SUSPICIOUS_IMPR_VALUE_1000,,796000,1000,797000,,,,,425049066
1,UNKNOWN / NOT IN SALE RECORDS,3822 BURKE AVE N,,,,,,3,3,0,2012-04-09,2012-05-24,2012-04-09 to 2012-07-08,NO_PARCEL_RECORD,,,,,,,,,
1,UNKNOWN / NOT IN SALE RECORDS,668 S JACKSON ST,,,,,,3,3,0,2012-05-17,2012-06-04,2012-05-17 to 2012-08-15,NO_PARCEL_RECORD,,,,,,,,,
1,UNKNOWN / NOT IN SALE RECORDS,2923 FUHRMAN AVE E,,,,,,3,3,0,2012-05-23,2012-06-06,2012-05-23 to 2012-08-21,NO_PARCEL_RECORD,,,,,,,,,
1,UNKNOWN / NOT IN SALE RECORDS,8800 38TH AVE S,,98118,,,,3,3,0,2012-08-27,2012-09-05,2012-08-27 to 2012-11-25,,,333000,452000,785000,,,,,603000926
1,UNKNOWN / NOT IN SALE RECORDS,8543 15TH AVE NW,,,,,,3,3,0,2012-08-27,2012-10-22,2012-08-27 to 2012-11-25,NO_PARCEL_RECORD,,,,,,,,,
1,UNKNOWN / NOT IN SALE RECORDS,2539 56TH AVE SW,2539 56TH AVE SW,98116,,,,3,3,0,2012-10-10,2012-10-12,2012-10-10 to 2013-01-08,,,506300,785700,1292000,,,,,8726560000
1,UNKNOWN / NOT IN SALE RECORDS,317 S LUCILE ST,,,,,,3,3,0,2012-10-19,2013-01-09,2012-10-19 to 2013-01-17,NO_PARCEL_RECORD,,,,,,,,,
1,UNKNOWN / NOT IN SALE RECORDS,915 M L KING JR WAY S,,,,,,3,3,0,2012-10-22,2012-12-03,2012-10-22 to 2013-01-20,NO_PARCEL_RECORD,,,,,,,,,
1,UNKNOWN / NOT IN SALE RECORDS,11307 CORLISS AVE N,,,,,,3,3,0,2012-11-16,2012-12-24,2012-11-16 to 2013-02-14,NO_PARCEL_RECORD,,,,,,,,,
1,UNKNOWN / NOT IN SALE RECORDS,1710 11TH AVE,CENTRAL LUTHERAN CHURCH,98122,,1932,1,3,3,0,2012-12-12,2013-01-14,2012-12-12 to 2013-03-12,,,3935700,,3935700,,,,,6003500595
1,UNKNOWN / NOT IN SALE RECORDS,1231 7TH AVE W,,,,,,3,3,0,2013-01-04,2013-03-08,2013-01-04 to 2013-04-04,NO_PARCEL_RECORD,,,,,,,,,
1,UNKNOWN / NOT IN SALE RECORDS,9840 M L KING JR WAY S,,,,,,3,3,0,2013-02-21,2013-05-15,2013-02-21 to 2013-05-22,NO_PARCEL_RECORD,,,,,,,,,
1,UNKNOWN / NOT IN SALE RECORDS,4043 8TH AVE NE,,,,,,3,3,0,2013-03-14,2013-04-01,2013-03-14 to 2013-06-12,NO_PARCEL_RECORD,,,,,,,,,
1,UNKNOWN / NOT IN SALE RECORDS,3015 SW 106TH ST,,98146,,,,3,3,0,2013-03-18,2013-04-11,2013-03-18 to 2013-06-16,,,589000,179000,768000,,,,,123039253
1,UNKNOWN / NOT IN SALE RECORDS,9519 5TH AVE NE,9519 5TH AVE NE,98115,,,,3,3,0,2013-04-12,2013-04-17,2013-04-12 to 2013-07-11,,,244700,401300,646000,,,,,6094640000
1,UNKNOWN / NOT IN SALE RECORDS,1320 E PIKE ST,,,,,,3,3,0,2013-05-06,2013-07-08,2013-05-06 to 2013-08-04,NO_PARCEL_RECORD,,,,,,,,,
1,UNKNOWN / NOT IN SALE RECORDS,2706 B E HELEN ST,,,,,,3,3,0,2013-10-14,2013-11-15,2013-10-14 to 2014-01-12,NO_PARCEL_RECORD,,,,,,,,,
1,UNKNOWN / NOT IN SALE RECORDS,2351 24TH AVE W,,98199,,,,3,3,0,2014-05-27,2014-06-03,2014-05-27 to 2014-08-25,,,867000,519000,1386000,,,,,269001360
1,UNKNOWN / NOT IN SALE RECORDS,2104 N 54TH ST,,,,,,3,3,0,2014-07-01,2014-08-04,2014-07-01 to 2014-09-29,NO_PARCEL_RECORD,,,,,,,,,
1,UNKNOWN / NOT IN SALE RECORDS,920 B 2ND AVE W,,,,,,3,3,0,2014-08-18,2014-09-25,2014-08-18 to 2014-11-16,NO_PARCEL_RECORD,,,,,,,,,
1,UNKNOWN / NOT IN SALE RECORDS,1804 25TH AVE,,,,,,3,3,0,2014-08-20,2014-09-09,2014-08-20 to 2014-11-18,NO_PARCEL_RECORD,,,,,,,,,
1,UNKNOWN / NOT IN SALE RECORDS,6554 28TH AVE NE,,98115,,,,3,3,0,2014-09-16,2014-10-15,2014-09-16 to 2014-12-15,,,820000,445000,1265000,,,,,425049072
1,UNKNOWN / NOT IN SALE RECORDS,2611 45TH AVE SW,,,,,,3,3,0,2014-10-28,2014-11-10,2014-10-28 to 2015-01-26,NO_PARCEL_RECORD,,,,,,,,,
1,UNKNOWN / NOT IN SALE RECORDS,8039 14TH AVE NW,,98117,,,,3,3,0,2015-01-27,2015-03-06,2015-01-27 to 2015-04-27,,,885000,918000,1803000,,,,,458000275
1,UNKNOWN / NOT IN SALE RECORDS,10016 51ST AVE SW,,98146,,,,3,3,0,2015-03-17,2015-04-09,2015-03-17 to 2015-06-15,,,636000,582000,1218000,,,,,223039188
1,UNKNOWN / NOT IN SALE RECORDS,10003 47TH AVE SW,,98146,,,,3,3,0,2015-03-18,2015-04-15,2015-03-18 to 2015-06-16,,,1456000,866000,2322000,,,,,223039024
1,UNKNOWN / NOT IN SALE RECORDS,6731 14TH AVE NW,,,,,,3,3,0,2015-04-06,2015-06-16,2015-04-06 to 2015-07-05,NO_PARCEL_RECORD,,,,,,,,,
1,UNKNOWN / NOT IN SALE RECORDS,11051 ARROYO BEACH PL SW,,98146,,,,3,3,0,2015-05-22,2015-07-27,2015-05-22 to 2015-08-20,,,2034000,1643000,3677000,,,,,284000034
1,UNKNOWN / NOT IN SALE RECORDS,9226 17TH AVE SW,,,,,,3,3,0,2015-05-28,2015-06-18,2015-05-28 to 2015-08-26,NO_PARCEL_RECORD,,,,,,,,,
1,UNKNOWN / NOT IN SALE RECORDS,8715 27TH AVE NE,,98115,,,,3,3,0,2015-06-22,2015-07-01,2015-06-22 to 2015-09-20,,,796000,232000,1028000,,,,,439000320
1,UNKNOWN / NOT IN SALE RECORDS,2426 NW 64TH ST,,,,,,3,3,0,2015-07-06,2015-07-14,2015-07-06 to 2015-10-04,NO_PARCEL_RECORD,,,,,,,,,
1,UNKNOWN / NOT IN SALE RECORDS,1202 HARRISON ST,,,,,,3,3,0,2015-07-23,2015-08-19,2015-07-23 to 2015-10-21,NO_PARCEL_RECORD,,,,,,,,,
1,UNKNOWN / NOT IN SALE RECORDS,2818 62ND AVE SW,,,,,,3,3,0,2015-08-19,2015-09-04,2015-08-19 to 2015-11-17,NO_PARCEL_RECORD,,,,,,,,,
1,UNKNOWN / NOT IN SALE RECORDS,2106 E THOMAS ST,,98112,,,,3,3,0,2015-09-10,2015-10-23,2015-09-10 to 2015-12-09,,,824000,128000,952000,,,,,958000190
1,UNKNOWN / NOT IN SALE RECORDS,2341 NW 96TH ST,,98117,,,,3,3,0,2015-09-16,2015-11-23,2015-09-16 to 2015-12-15,,,672000,1188000,1860000,,,,,579003610
1,UNKNOWN / NOT IN SALE RECORDS,113 17TH AVE E,,,,,,3,3,0,2015-10-22,2015-11-23,2015-10-22 to 2016-01-20,NO_PARCEL_RECORD,,,,,,,,,
1,UNKNOWN / NOT IN SALE RECORDS,7731 38TH AVE SW,,98126,,,,3,3,0,2015-10-27,2015-10-28,2015-10-27 to 2016-01-25,,,528000,272000,800000,,,,,293000055
1,UNKNOWN / NOT IN SALE RECORDS,6012 12TH AVE S,,,,,,3,3,0,2016-01-08,2016-03-04,2016-01-08 to 2016-04-07,NO_PARCEL_RECORD,,,,,,,,,
1,UNKNOWN / NOT IN SALE RECORDS,922 NW 63RD ST,,98107,,,,3,3,0,2016-01-21,2016-02-08,2016-01-21 to 2016-04-20,,,687000,228000,915000,,,,,452001810
1,UNKNOWN / NOT IN SALE RECORDS,13018 20TH AVE NE,OLYMPIC HILLS SCHOOL,98125,,2017,1,3,3,0,2016-01-26,2016-04-08,2016-01-26 to 2016-04-25,,,13852400,27400700,41253100,,,,,2126049041
1,UNKNOWN / NOT IN SALE RECORDS,3911 S MORGAN ST,,,,,,3,3,0,2016-02-04,2016-02-10,2016-02-04 to 2016-05-04,NO_PARCEL_RECORD,,,,,,,,,
1,UNKNOWN / NOT IN SALE RECORDS,2051 7TH AVE,AMAZON - DOPPLER TOWER (imps carried on -0880),98121,,,,3,3,0,2016-02-18,2016-03-02,2016-02-18 to 2016-05-18,,,21576000,,21576000,,,,,659000860
1,UNKNOWN / NOT IN SALE RECORDS,2420 W LYNN PL,,98199,,,,3,3,0,2016-02-25,2016-03-01,2016-02-25 to 2016-05-25,,,1280000,619000,1899000,,,,,269001355
1,UNKNOWN / NOT IN SALE RECORDS,8012 36TH AVE NE,,98115,,,,3,3,0,2016-03-08,2016-03-15,2016-03-08 to 2016-06-06,,,658000,308000,966000,,,,,441000135
1,UNKNOWN / NOT IN SALE RECORDS,7110 ROOSEVELT WAY NE,,,,,,3,3,0,2016-04-19,2016-05-23,2016-04-19 to 2016-07-18,NO_PARCEL_RECORD,,,,,,,,,
1,UNKNOWN / NOT IN SALE RECORDS,1003 NE 72ND ST,,,,,,3,3,0,2016-05-10,2016-05-23,2016-05-10 to 2016-08-08,NO_PARCEL_RECORD,,,,,,,,,
1,UNKNOWN / NOT IN SALE RECORDS,3851 26TH AVE W,,98199,,,,3,3,0,2016-05-24,2016-07-11,2016-05-24 to 2016-08-22,,,726000,245000,971000,,,,,369000515
1,UNKNOWN / NOT IN SALE RECORDS,10815 44TH AVE SW,,98146,,,,3,3,0,2016-05-27,2016-06-13,2016-05-27 to 2016-08-25,,,1008000,974000,1982000,,,,,290000185
1,UNKNOWN / NOT IN SALE RECORDS,3785 JEFFERSON RD NE,,,,,,3,3,0,2016-06-20,2016-06-24,2016-06-20 to 2016-09-18,NO_PARCEL_RECORD,,,,,,,,,
1,UNKNOWN / NOT IN SALE RECORDS,4233 EASTERN AVE N,,98103,,,,3,3,0,2016-07-14,2016-09-08,2016-07-14 to 2016-10-12,,,741000,383000,1124000,,,,,510003750
1,UNKNOWN / NOT IN SALE RECORDS,2405 1ST AVE,HULL BUILDING (HISTORICAL LANDMARK BUILDING ORD. #,98121,,,,3,3,0,2016-07-15,2016-08-03,2016-07-15 to 2016-10-13,SUSPICIOUS_IMPR_VALUE_1000,,3369800,1000,3370800,,,,,653000120
1,UNKNOWN / NOT IN SALE RECORDS,4011 42ND AVE SW,,98116,,,,3,3,0,2016-08-01,2016-08-03,2016-08-01 to 2016-10-30,,,586000,309000,895000,,,,,952001945
1,UNKNOWN / NOT IN SALE RECORDS,8830 10TH AVE SW,,98106,,,,3,3,0,2016-10-06,2016-11-04,2016-10-06 to 2017-01-04,,,280000,244000,524000,,,,,7750500115
1,UNKNOWN / NOT IN SALE RECORDS,5003 RENTON AVE S,,,,,,3,3,0,2016-10-19,2016-10-28,2016-10-19 to 2017-01-17,NO_PARCEL_RECORD,,,,,,,,,
1,UNKNOWN / NOT IN SALE RECORDS,102 NE 56TH ST,,,,,,3,3,0,2017-01-05,2017-01-23,2017-01-05 to 2017-04-05,NO_PARCEL_RECORD,,,,,,,,,
1,UNKNOWN / NOT IN SALE RECORDS,6145 4TH AVE S,King  County Waste Water Facility - SODO associate,98108,,,,3,3,0,2017-01-11,2017-03-21,2017-01-11 to 2017-04-11,,,2214600,,2214600,,,,,5367200447
1,UNKNOWN / NOT IN SALE RECORDS,1743 NW 57TH ST,BAL HARBOUR CONDOMINIUM,98107,,,,3,3,0,2017-02-03,2017-02-17,2017-02-03 to 2017-05-04,,,393500,166500,560000,,,,,379800000
1,UNKNOWN / NOT IN SALE RECORDS,419 2ND AVE W,,,,,,3,3,0,2017-04-24,2017-05-02,2017-04-24 to 2017-07-23,NO_PARCEL_RECORD,,,,,,,,,
1,UNKNOWN / NOT IN SALE RECORDS,224 M L KING JR WAY E,,,,,,3,3,0,2017-05-26,2017-06-05,2017-05-26 to 2017-08-24,NO_PARCEL_RECORD,,,,,,,,,
1,UNKNOWN / NOT IN SALE RECORDS,5544 15TH AVE S,,,,,,3,3,0,2017-07-19,2017-08-21,2017-07-19 to 2017-10-17,NO_PARCEL_RECORD,,,,,,,,,
1,UNKNOWN / NOT IN SALE RECORDS,9746 HOLMAN RD NW,,,,,,3,3,0,2017-08-22,2017-10-20,2017-08-22 to 2017-11-20,NO_PARCEL_RECORD,,,,,,,,,
1,UNKNOWN / NOT IN SALE RECORDS,4325 SW 102ND ST,,,,,,3,3,0,2017-09-26,2017-09-29,2017-09-26 to 2017-12-25,NO_PARCEL_RECORD,,,,,,,,,
1,UNKNOWN / NOT IN SALE RECORDS,12325 B 10TH PL NE,,,,,,3,3,0,2017-10-02,2017-10-05,2017-10-02 to 2017-12-31,NO_PARCEL_RECORD,,,,,,,,,
1,UNKNOWN / NOT IN SALE RECORDS,2840 NW 93RD ST,,,,,,3,3,0,2017-10-09,2017-10-31,2017-10-09 to 2018-01-07,NO_PARCEL_RECORD,,,,,,,,,
1,UNKNOWN / NOT IN SALE RECORDS,5818 EAST GREEN LAKE WAY N,,,,,,3,3,0,2017-10-19,2017-11-08,2017-10-19 to 2018-01-17,NO_PARCEL_RECORD,,,,,,,,,
1,UNKNOWN / NOT IN SALE RECORDS,2632 NW 56TH ST,,,,,,3,3,0,2017-10-26,2017-11-01,2017-10-26 to 2018-01-24,NO_PARCEL_RECORD,,,,,,,,,
1,UNKNOWN / NOT IN SALE RECORDS,12226 4TH AVE NW,,98177,,,,3,3,0,2017-11-16,2018-02-05,2017-11-16 to 2018-02-14,,,617000,491000,1108000,,,,,930000189
1,UNKNOWN / NOT IN SALE RECORDS,236 SW ROXBURY ST,,98106,,,,3,3,0,2017-11-28,2017-11-30,2017-11-28 to 2018-02-26,SUSPICIOUS_IMPR_VALUE_1000,,787000,1000,788000,,,,,6453300030
1,UNKNOWN / NOT IN SALE RECORDS,6050 EAST MARGINAL WAY S,,,,,,3,3,0,2017-12-06,2018-02-08,2017-12-06 to 2018-03-06,NO_PARCEL_RECORD,,,,,,,,,
1,UNKNOWN / NOT IN SALE RECORDS,4500 LAKE WASHINGTON BLVD S,,98118,,,,3,3,0,2017-12-11,2017-12-22,2017-12-11 to 2018-03-11,,,,,,,,,,142404UNKN
1,UNKNOWN / NOT IN SALE RECORDS,3620 NE 73RD PL,TERRACE VIEW APTS BLDG #1,98115,5,1960,2,3,3,0,2017-12-12,2018-03-06,2017-12-12 to 2018-03-12,,,1347700,234300,1582000,,,,,8077100015
1,UNKNOWN / NOT IN SALE RECORDS,4515 40TH AVE NE,,,,,,3,3,0,2017-12-14,2017-12-19,2017-12-14 to 2018-03-14,NO_PARCEL_RECORD,,,,,,,,,
1,UNKNOWN / NOT IN SALE RECORDS,2902 S JUDKINS ST,,98144,,,,3,3,0,2018-04-16,2018-05-18,2018-04-16 to 2018-07-15,,,315000,309000,624000,,,,,567000376
1,UNKNOWN / NOT IN SALE RECORDS,3407 29TH AVE W,,98199,,,,3,3,0,2018-05-17,2018-06-28,2018-05-17 to 2018-08-15,,,869000,150000,1019000,,,,,582000815
1,UNKNOWN / NOT IN SALE RECORDS,6700 CARLETON AVE S,,,,,,3,3,0,2018-05-23,2018-06-07,2018-05-23 to 2018-08-21,NO_PARCEL_RECORD,,,,,,,,,
1,UNKNOWN / NOT IN SALE RECORDS,933 11TH AVE E,,,,,,3,3,0,2018-03-19,2018-05-23,2018-03-19 to 2018-06-17,NO_PARCEL_RECORD,,,,,,,,,
1,UNKNOWN / NOT IN SALE RECORDS,3630 B PALATINE AVE N,,,,,,3,3,0,2018-06-18,2018-06-28,2018-06-18 to 2018-09-16,NO_PARCEL_RECORD,,,,,,,,,
1,UNKNOWN / NOT IN SALE RECORDS,231 23RD AVE E,,,,,,3,3,0,2018-06-29,2018-07-19,2018-06-29 to 2018-09-27,NO_PARCEL_RECORD,,,,,,,,,
1,UNKNOWN / NOT IN SALE RECORDS,4744 35TH AVE NE,,,,,,3,3,0,2018-07-10,2018-07-11,2018-07-10 to 2018-10-08,NO_PARCEL_RECORD,,,,,,,,,
1,UNKNOWN / NOT IN SALE RECORDS,600 TERRY AVE N,,,,,,3,3,0,2018-07-12,2018-09-13,2018-07-12 to 2018-10-10,NO_PARCEL_RECORD,,,,,,,,,
1,UNKNOWN / NOT IN SALE RECORDS,1505 NE 65TH ST,,,,,,3,3,0,2018-07-12,2018-07-23,2018-07-12 to 2018-10-10,NO_PARCEL_RECORD,,,,,,,,,
1,UNKNOWN / NOT IN SALE RECORDS,17700 RAINIER AVE S,,,,,,3,3,0,2018-07-03,2018-08-07,2018-07-03 to 2018-10-01,NO_PARCEL_RECORD,,,,,,,,,
1,UNKNOWN / NOT IN SALE RECORDS,10715 FREMONT AVE N,,,,,,3,3,0,2018-07-18,2018-08-07,2018-07-18 to 2018-10-16,NO_PARCEL_RECORD,,,,,,,,,
1,UNKNOWN / NOT IN SALE RECORDS,109 BELL ST,,,,,,3,3,0,2018-07-23,2018-07-24,2018-07-23 to 2018-10-21,NO_PARCEL_RECORD,,,,,,,,,
1,UNKNOWN / NOT IN SALE RECORDS,100 14TH AVE S,,,,,,3,3,0,2018-08-01,2018-08-09,2018-08-01 to 2018-10-30,NO_PARCEL_RECORD,,,,,,,,,
1,UNKNOWN / NOT IN SALE RECORDS,201 GARFIELD ST,JOHN HAY ELEMENTARY SCHOOL,98109,,,,3,3,0,2018-08-25,2018-09-11,2018-08-25 to 2018-11-23,,,25616000,8405200,34021200,,,,,809000005
1,UNKNOWN / NOT IN SALE RECORDS,2306 HOBART AVE SW,,98116,,,,3,3,0,2018-08-25,2018-09-27,2018-08-25 to 2018-11-23,,,576000,217000,793000,,,,,913000390
1,UNKNOWN / NOT IN SALE RECORDS,2700 NE 75TH ST,,98115,,,,3,3,0,2018-09-06,2018-11-02,2018-09-06 to 2018-12-05,,,567000,1166000,1733000,,,,,425049191
1,UNKNOWN / NOT IN SALE RECORDS,8617 B DELRIDGE WAY SW,,,,,,3,3,0,2018-09-13,2018-09-14,2018-09-13 to 2018-12-12,NO_PARCEL_RECORD,,,,,,,,,
1,UNKNOWN / NOT IN SALE RECORDS,224 23RD AVE E,,,,,,3,3,0,2018-09-14,2018-10-16,2018-09-14 to 2018-12-13,NO_PARCEL_RECORD,,,,,,,,,
1,UNKNOWN / NOT IN SALE RECORDS,9239 14TH AVE NW,,,,,,3,3,0,2018-10-18,2018-11-27,2018-10-18 to 2019-01-16,NO_PARCEL_RECORD,,,,,,,,,
1,UNKNOWN / NOT IN SALE RECORDS,714 11TH AVE E,,,,,,3,3,0,2018-10-26,2019-01-02,2018-10-26 to 2019-01-24,NO_PARCEL_RECORD,,,,,,,,,
1,UNKNOWN / NOT IN SALE RECORDS,128 W FLORENTIA ST,,,,,,3,3,0,2018-11-02,2019-01-22,2018-11-02 to 2019-01-31,NO_PARCEL_RECORD,,,,,,,,,
1,UNKNOWN / NOT IN SALE RECORDS,1416 A N 46TH ST,,,,,,3,3,0,2018-12-11,2018-12-18,2018-12-11 to 2019-03-11,NO_PARCEL_RECORD,,,,,,,,,
1,UNKNOWN / NOT IN SALE RECORDS,1775 B 17TH AVE S,,,,,,3,3,0,2018-01-10,2018-02-09,2018-01-10 to 2018-04-10,NO_PARCEL_RECORD,,,,,,,,,
1,UNKNOWN / NOT IN SALE RECORDS,1521 A 30TH AVE S,,,,,,3,3,0,2018-01-25,2018-02-02,2018-01-25 to 2018-04-25,NO_PARCEL_RECORD,,,,,,,,,
1,UNKNOWN / NOT IN SALE RECORDS,1961 THORNDYKE AVE W,,,,,,3,3,0,2018-02-08,2018-03-22,2018-02-08 to 2018-05-09,NO_PARCEL_RECORD,,,,,,,,,
1,UNKNOWN / NOT IN SALE RECORDS,2344 44TH AVE SW,,,,,,3,3,0,2018-02-21,2018-03-09,2018-02-21 to 2018-05-22,NO_PARCEL_RECORD,,,,,,,,,
1,UNKNOWN / NOT IN SALE RECORDS,8342 WABASH AVE S,,,,,,3,3,0,2018-03-01,2018-03-20,2018-03-01 to 2018-05-30,NO_PARCEL_RECORD,,,,,,,,,
1,UNKNOWN / NOT IN SALE RECORDS,3020 18TH AVE S,,,,,,3,3,0,2018-03-09,2018-04-18,2018-03-09 to 2018-06-07,NO_PARCEL_RECORD,,,,,,,,,
1,UNKNOWN / NOT IN SALE RECORDS,1504 6TH AVE,,,,,,3,3,0,2018-03-23,2018-04-02,2018-03-23 to 2018-06-21,NO_PARCEL_RECORD,,,,,,,,,
1,UNKNOWN / NOT IN SALE RECORDS,5212 RAINIER AVE S,Afrikando Restaurant,98118,,1947,1,3,3,0,2019-01-31,2019-04-16,2019-01-31 to 2019-05-01,SUSPICIOUS_IMPR_VALUE_1000,,1262000,1000,1263000,,,,,5649600050
1,UNKNOWN / NOT IN SALE RECORDS,2523 YALE AVE E,THE WATER LILY CONDOMINIUMS,98102,,,,3,3,0,2019-02-04,2019-03-21,2019-02-04 to 2019-05-05,,,496500,33500,530000,,,,,9194300000
1,UNKNOWN / NOT IN SALE RECORDS,10208 15TH AVE NE,,,,,,3,3,0,2019-02-15,2019-04-05,2019-02-15 to 2019-05-16,NO_PARCEL_RECORD,,,,,,,,,
1,UNKNOWN / NOT IN SALE RECORDS,2047 NW 63RD ST,,,,,,3,3,0,2019-02-21,2019-05-10,2019-02-21 to 2019-05-22,NO_PARCEL_RECORD,,,,,,,,,
1,UNKNOWN / NOT IN SALE RECORDS,4264 NE 50TH ST,,98105,,,,3,3,0,2019-03-06,2019-04-16,2019-03-06 to 2019-06-04,,,351000,643000,994000,,,,,394500092
1,UNKNOWN / NOT IN SALE RECORDS,4314 BAGLEY AVE N,,98103,,,,3,3,0,2019-03-13,2019-03-28,2019-03-13 to 2019-06-11,,,892000,1723000,2615000,,,,,510002955
1,UNKNOWN / NOT IN SALE RECORDS,1312 6TH AVE N,CITY VIEW PLACE CONDOMINIUM,98109,,,,3,3,0,2019-03-21,2019-04-11,2019-03-21 to 2019-06-19,,,93600,171400,265000,,,,,1598900000
1,UNKNOWN / NOT IN SALE RECORDS,7544 12TH AVE NE,,98115,,,,3,3,0,2019-03-22,2019-04-05,2019-03-22 to 2019-06-20,,,688000,43000,731000,,,,,525049074
1,UNKNOWN / NOT IN SALE RECORDS,750 N 82ND ST,,,,,,3,3,0,2019-04-16,2019-04-16,2019-04-16 to 2019-07-15,NO_PARCEL_RECORD,,,,,,,,,
1,UNKNOWN / NOT IN SALE RECORDS,11027 ARROYO BEACH PL SW,,98146,,,,3,3,0,2019-05-17,2019-06-06,2019-05-17 to 2019-08-15,,,1784000,3188000,4972000,,,,,284000015
1,UNKNOWN / NOT IN SALE RECORDS,4014 36TH AVE SW,,98126,,,,3,3,0,2019-05-28,2019-08-10,2019-05-28 to 2019-08-26,,,618000,290000,908000,,,,,952000175
1,UNKNOWN / NOT IN SALE RECORDS,5507 4TH AVE NW,,,,,,3,3,0,2019-06-03,2019-07-18,2019-06-03 to 2019-09-01,NO_PARCEL_RECORD,,,,,,,,,
1,UNKNOWN / NOT IN SALE RECORDS,7305 42ND AVE NE,,98115,,,,3,3,0,2019-06-03,2019-07-09,2019-06-03 to 2019-09-01,,,838000,480000,1318000,,,,,431500395
1,UNKNOWN / NOT IN SALE RECORDS,7757 57TH AVE NE,,98115,,,,3,3,0,2019-06-10,2019-06-13,2019-06-10 to 2019-09-08,,,919000,687000,1606000,,,,,327000229
1,UNKNOWN / NOT IN SALE RECORDS,2025 25TH AVE S,,,,,,3,3,0,2019-06-11,2019-08-29,2019-06-11 to 2019-09-09,NO_PARCEL_RECORD,,,,,,,,,
1,UNKNOWN / NOT IN SALE RECORDS,2817 NW 92ND ST,,98117,,,,3,3,0,2019-06-19,2019-08-06,2019-06-19 to 2019-09-17,,,602000,709000,1311000,,,,,464000664
1,UNKNOWN / NOT IN SALE RECORDS,3915 S HUDSON ST,,,,,,3,3,0,2019-07-02,2019-08-07,2019-07-02 to 2019-09-30,NO_PARCEL_RECORD,,,,,,,,,
1,UNKNOWN / NOT IN SALE RECORDS,220 BOSTON ST,Twnhse,98109,,,,3,3,0,2019-06-19,2019-07-26,2019-06-19 to 2019-09-17,,,297000,510000,807000,,,,,809003350
1,UNKNOWN / NOT IN SALE RECORDS,6500 32ND AVE NW,,,,,,3,3,0,2019-07-10,2019-07-19,2019-07-10 to 2019-10-08,NO_PARCEL_RECORD,,,,,,,,,
1,UNKNOWN / NOT IN SALE RECORDS,1406 E PIKE ST,,,,,,3,3,0,2019-07-12,2019-07-20,2019-07-12 to 2019-10-10,NO_PARCEL_RECORD,,,,,,,,,
1,UNKNOWN / NOT IN SALE RECORDS,8315 13TH AVE NW,,,,,,3,3,0,2019-07-30,2019-08-29,2019-07-30 to 2019-10-28,NO_PARCEL_RECORD,,,,,,,,,
1,UNKNOWN / NOT IN SALE RECORDS,9223 FREMONT AVE N,SEG FROM 07890005500,98103,,,,3,3,0,2019-08-19,2019-09-19,2019-08-19 to 2019-11-17,,,219000,338000,557000,,,,,789000530
1,UNKNOWN / NOT IN SALE RECORDS,6721 33RD AVE NW,,,,,,3,3,0,2019-08-19,2019-08-22,2019-08-19 to 2019-11-17,NO_PARCEL_RECORD,,,,,,,,,
1,UNKNOWN / NOT IN SALE RECORDS,1010 TURNER WAY E,,,,,,3,3,0,2019-09-02,2019-09-06,2019-09-02 to 2019-12-01,NO_PARCEL_RECORD,,,,,,,,,
1,UNKNOWN / NOT IN SALE RECORDS,1929 43RD AVE E,PARK VIEW THE CONDOMINIUM,98112,,1998,1,3,3,0,2019-09-04,2019-10-07,2019-09-04 to 2019-12-03,,,176900,673500,850400,,,,,6649680000
1,UNKNOWN / NOT IN SALE RECORDS,5725 S ROXBURY ST,,98118,,,,3,3,0,2019-09-09,2019-09-13,2019-09-09 to 2019-12-08,,,371000,359000,730000,,,,,223049039
1,UNKNOWN / NOT IN SALE RECORDS,833 NW 61ST ST,,98107,,,,3,3,0,2019-09-13,2019-09-23,2019-09-13 to 2019-12-12,,,627000,1198000,1825000,,,,,452000060
1,UNKNOWN / NOT IN SALE RECORDS,536 N 67TH ST,536 N 67TH ST,98103,,,,3,3,0,2019-10-01,2019-10-18,2019-10-01 to 2019-12-30,,,257800,1061200,1319000,,,,,2569890000
1,UNKNOWN / NOT IN SALE RECORDS,119 A 27TH AVE E,,,,,,3,3,0,2019-10-16,2019-11-26,2019-10-16 to 2020-01-14,NO_PARCEL_RECORD,,,,,,,,,
1,UNKNOWN / NOT IN SALE RECORDS,1919 G 24TH AVE S,,,,,,3,3,0,2019-10-23,2019-10-28,2019-10-23 to 2020-01-21,NO_PARCEL_RECORD,,,,,,,,,
1,UNKNOWN / NOT IN SALE RECORDS,206 SW MICHIGAN ST,,,,,,3,3,0,2019-10-27,2019-11-07,2019-10-27 to 2020-01-25,NO_PARCEL_RECORD,,,,,,,,,
1,UNKNOWN / NOT IN SALE RECORDS,606 NW 85TH ST,duplex w/2 imps,98117,,,,3,3,0,2019-11-04,2019-11-08,2019-11-04 to 2020-02-02,,,474000,897000,1371000,,,,,946000315
1,UNKNOWN / NOT IN SALE RECORDS,8818 38TH AVE S,,98118,,,,3,3,0,2019-11-11,2019-12-05,2019-11-11 to 2020-02-09,,,337000,113000,450000,,,,,603000951
1,UNKNOWN / NOT IN SALE RECORDS,5034 20TH AVE NE,,,,,,3,3,0,2019-11-21,2020-01-24,2019-11-21 to 2020-02-19,NO_PARCEL_RECORD,,,,,,,,,
1,UNKNOWN / NOT IN SALE RECORDS,5311 M L KING JR WAY S,,,,,,3,3,0,2019-12-03,2020-01-03,2019-12-03 to 2020-03-02,NO_PARCEL_RECORD,,,,,,,,,
1,UNKNOWN / NOT IN SALE RECORDS,115 A 26TH AVE E,,,,,,3,3,0,2020-02-03,2020-02-18,2020-02-03 to 2020-05-03,NO_PARCEL_RECORD,,,,,,,,,
1,UNKNOWN / NOT IN SALE RECORDS,5031 35TH AVE S,,,,,,3,3,0,2020-03-05,2020-04-06,2020-03-05 to 2020-06-03,NO_PARCEL_RECORD,,,,,,,,,
1,UNKNOWN / NOT IN SALE RECORDS,5913 A CALIFORNIA AVE SW,,,,,,3,3,0,2020-03-21,2020-06-08,2020-03-21 to 2020-06-19,NO_PARCEL_RECORD,,,,,,,,,
1,UNKNOWN / NOT IN SALE RECORDS,4516 SUNNYSIDE AVE N,,98103,,,,3,3,0,2020-03-30,2020-04-21,2020-03-30 to 2020-06-28,,,925000,724000,1649000,,,,,510001391
1,UNKNOWN / NOT IN SALE RECORDS,750 CROCKETT ST,750 CROCKETT STREET CONDOMINIUM,98109,,,,3,3,0,2020-04-03,2020-04-30,2020-04-03 to 2020-07-02,,,109700,236300,346000,,,,,7697950000
1,UNKNOWN / NOT IN SALE RECORDS,220 1ST AVE N,,,,,,3,3,0,2020-04-21,2020-06-25,2020-04-21 to 2020-07-20,NO_PARCEL_RECORD,,,,,,,,,
1,UNKNOWN / NOT IN SALE RECORDS,1200 N 45TH ST,,,,,,3,3,0,2020-05-16,2020-06-25,2020-05-16 to 2020-08-14,NO_PARCEL_RECORD,,,,,,,,,
1,UNKNOWN / NOT IN SALE RECORDS,13045 B 10TH AVE NW,,,,,,3,3,0,2020-05-20,2020-05-22,2020-05-20 to 2020-08-18,NO_PARCEL_RECORD,,,,,,,,,
1,UNKNOWN / NOT IN SALE RECORDS,12303 LAKE CITY WAY NE,,,,,,3,3,0,2020-05-24,2020-06-30,2020-05-24 to 2020-08-22,NO_PARCEL_RECORD,,,,,,,,,
1,UNKNOWN / NOT IN SALE RECORDS,5727 28TH AVE NE,,98105,,,,3,3,0,2020-07-01,2020-08-02,2020-07-01 to 2020-09-29,,,800000,220000,1020000,,,,,925049027
1,UNKNOWN / NOT IN SALE RECORDS,3519 BAGLEY AVE N,,98103,,,,3,3,0,2020-07-02,2020-07-22,2020-07-02 to 2020-09-30,,,844000,1858000,2702000,,,,,354000095
1,UNKNOWN / NOT IN SALE RECORDS,1402 NE 75TH ST,,98115,,,,3,3,0,2020-06-29,2020-07-29,2020-06-29 to 2020-09-27,,,688000,652000,1340000,,,,,7537300175
1,UNKNOWN / NOT IN SALE RECORDS,14334 32ND AVE NE,,,,,,3,3,0,2020-07-10,2020-07-13,2020-07-10 to 2020-10-08,NO_PARCEL_RECORD,,,,,,,,,
1,UNKNOWN / NOT IN SALE RECORDS,919 NW 51ST ST,,,,,,3,3,0,2020-07-11,2020-07-13,2020-07-11 to 2020-10-09,NO_PARCEL_RECORD,,,,,,,,,
1,UNKNOWN / NOT IN SALE RECORDS,9028 12TH AVE NE,,,,,,3,3,0,2020-07-27,2020-09-10,2020-07-27 to 2020-10-25,NO_PARCEL_RECORD,,,,,,,,,
1,UNKNOWN / NOT IN SALE RECORDS,3800 WEST MARGINAL WAY SW,,,,,,3,3,0,2020-08-05,2020-08-05,2020-08-05 to 2020-11-03,NO_PARCEL_RECORD,,,,,,,,,
1,UNKNOWN / NOT IN SALE RECORDS,5200 B RAVENNA AVE NE,,,,,,3,3,0,2020-09-04,2020-09-11,2020-09-04 to 2020-12-03,NO_PARCEL_RECORD,,,,,,,,,
1,UNKNOWN / NOT IN SALE RECORDS,7041 11TH AVE NW,,98117,,,,3,3,0,2020-09-21,2020-09-25,2020-09-21 to 2020-12-20,,,714000,146000,860000,,,,,461004170
1,UNKNOWN / NOT IN SALE RECORDS,7731 28TH AVE NW,,98117,,,,3,3,0,2020-10-27,2020-11-04,2020-10-27 to 2021-01-25,SUSPICIOUS_IMPR_VALUE_1000,,1266000,1000,1267000,,,,,225039062
1,UNKNOWN / NOT IN SALE RECORDS,713 N 72ND ST,,98103,,,,3,3,0,2021-01-22,2021-03-16,2021-01-22 to 2021-04-22,,,788000,331000,1119000,,,,,3362401355
1,UNKNOWN / NOT IN SALE RECORDS,4428 52ND PL SW,,,,,,3,3,0,2021-03-04,2021-05-05,2021-03-04 to 2021-06-02,NO_PARCEL_RECORD,,,,,,,,,
1,UNKNOWN / NOT IN SALE RECORDS,6506 A 42ND AVE SW,,,,,,3,3,0,2021-04-22,2021-06-30,2021-04-22 to 2021-07-21,NO_PARCEL_RECORD,,,,,,,,,
1,UNKNOWN / NOT IN SALE RECORDS,8015 MARY AVE NW,,,,,,3,3,0,2021-04-27,2021-06-29,2021-04-27 to 2021-07-26,NO_PARCEL_RECORD,,,,,,,,,
1,UNKNOWN / NOT IN SALE RECORDS,127 26TH AVE,,,,,,3,3,0,2021-04-27,2021-05-22,2021-04-27 to 2021-07-26,NO_PARCEL_RECORD,,,,,,,,,
1,UNKNOWN / NOT IN SALE RECORDS,1908 QUEEN ANNE AVE N,,,,,,3,3,0,2021-05-04,2021-06-11,2021-05-04 to 2021-08-02,NO_PARCEL_RECORD,,,,,,,,,
1,UNKNOWN / NOT IN SALE RECORDS,1414 A E CHERRY ST,,,,,,3,3,0,2021-05-28,2021-06-12,2021-05-28 to 2021-08-26,NO_PARCEL_RECORD,,,,,,,,,
1,UNKNOWN / NOT IN SALE RECORDS,505 A S CLOVERDALE ST,,,,,,3,3,0,2021-06-14,2021-07-15,2021-06-14 to 2021-09-12,NO_PARCEL_RECORD,,,,,,,,,
1,UNKNOWN / NOT IN SALE RECORDS,1634 S KING ST,,,,,,3,3,0,2021-06-16,2021-06-18,2021-06-16 to 2021-09-14,NO_PARCEL_RECORD,,,,,,,,,
1,UNKNOWN / NOT IN SALE RECORDS,700 SENECA ST,Portion of Freeway Park (used as a yard for Exeter,98101,,,,3,3,0,2021-09-01,2021-11-04,2021-09-01 to 2021-11-30,,,227700,,227700,,,,,1976700270
1,UNKNOWN / NOT IN SALE RECORDS,1515 3RD AVE,,,,,,3,3,0,2021-09-21,2021-09-22,2021-09-21 to 2021-12-20,NO_PARCEL_RECORD,,,,,,,,,
1,UNKNOWN / NOT IN SALE RECORDS,13741 15TH AVE NE,,,,,,3,3,0,2021-10-14,2021-12-21,2021-10-14 to 2022-01-12,NO_PARCEL_RECORD,,,,,,,,,
1,UNKNOWN / NOT IN SALE RECORDS,13821 GREENWOOD AVE N,,,,,,3,3,0,2021-10-20,2021-11-10,2021-10-20 to 2022-01-18,NO_PARCEL_RECORD,,,,,,,,,
1,UNKNOWN / NOT IN SALE RECORDS,3018 13TH AVE S,,,,,,3,3,0,2021-11-19,2021-12-21,2021-11-19 to 2022-02-17,NO_PARCEL_RECORD,,,,,,,,,
1,UNKNOWN / NOT IN SALE RECORDS,530 25TH AVE S,,,,,,3,3,0,2021-11-19,2022-01-20,2021-11-19 to 2022-02-17,NO_PARCEL_RECORD,,,,,,,,,
1,UNKNOWN / NOT IN SALE RECORDS,2636 NW 56TH ST,,,,,,3,3,0,2021-12-02,2022-01-27,2021-12-02 to 2022-03-02,NO_PARCEL_RECORD,,,,,,,,,
1,UNKNOWN / NOT IN SALE RECORDS,10533 13TH AVE NW,,98177,,,,3,3,0,2021-12-21,2021-12-30,2021-12-21 to 2022-03-21,,,824000,244000,1068000,,,,,868000450
1,UNKNOWN / NOT IN SALE RECORDS,417 7TH AVE S,,,,,,3,3,0,2022-01-13,2022-01-14,2022-01-13 to 2022-04-13,NO_PARCEL_RECORD,,,,,,,,,
1,UNKNOWN / NOT IN SALE RECORDS,3221 SW WESTBRIDGE PL,,,,,,3,3,0,2022-01-27,2022-03-31,2022-01-27 to 2022-04-27,NO_PARCEL_RECORD,,,,,,,,,
1,UNKNOWN / NOT IN SALE RECORDS,1707 32ND AVE S,,98144,,,,3,3,0,2022-02-19,2022-02-22,2022-02-19 to 2022-05-20,,,586000,164000,750000,,,,,161000115
1,UNKNOWN / NOT IN SALE RECORDS,9221 14TH AVE NW,,,,,,3,3,0,2022-03-04,2022-04-27,2022-03-04 to 2022-06-02,NO_PARCEL_RECORD,,,,,,,,,
1,UNKNOWN / NOT IN SALE RECORDS,3920 B 1ST AVE NE,,,,,,3,3,0,2022-03-08,2022-03-08,2022-03-08 to 2022-06-06,NO_PARCEL_RECORD,,,,,,,,,
1,UNKNOWN / NOT IN SALE RECORDS,647 NW 54TH ST,,,,,,3,3,0,2022-03-17,2022-03-18,2022-03-17 to 2022-06-15,NO_PARCEL_RECORD,,,,,,,,,
1,UNKNOWN / NOT IN SALE RECORDS,5015 DELRIDGE WAY SW,,,,,,3,3,0,2022-03-24,2022-04-22,2022-03-24 to 2022-06-22,NO_PARCEL_RECORD,,,,,,,,,
1,UNKNOWN / NOT IN SALE RECORDS,3227 NE 145TH ST,,,,,,3,3,0,2022-04-25,2022-04-26,2022-04-25 to 2022-07-24,NO_PARCEL_RECORD,,,,,,,,,
1,UNKNOWN / NOT IN SALE RECORDS,620 1ST AVE,,,,,,3,3,0,2022-05-06,2022-06-14,2022-05-06 to 2022-08-04,NO_PARCEL_RECORD,,,,,,,,,
1,UNKNOWN / NOT IN SALE RECORDS,8328 13TH AVE NW,,,,,,3,3,0,2022-06-01,2022-06-09,2022-06-01 to 2022-08-30,NO_PARCEL_RECORD,,,,,,,,,
1,UNKNOWN / NOT IN SALE RECORDS,216 E BOSTON ST,,,,,,3,3,0,2022-07-07,2022-07-12,2022-07-07 to 2022-10-05,NO_PARCEL_RECORD,,,,,,,,,
1,UNKNOWN / NOT IN SALE RECORDS,200 BELL ST,,,,,,3,3,0,2022-07-10,2022-07-26,2022-07-10 to 2022-10-08,NO_PARCEL_RECORD,,,,,,,,,
1,UNKNOWN / NOT IN SALE RECORDS,9559 AURORA AVE N,,,,,,3,3,0,2022-07-06,2022-07-19,2022-07-06 to 2022-10-04,NO_PARCEL_RECORD,,,,,,,,,
1,UNKNOWN / NOT IN SALE RECORDS,3800 DIAGONAL AVE S,,,,,,3,3,0,2022-07-28,2022-08-10,2022-07-28 to 2022-10-26,NO_PARCEL_RECORD,,,,,,,,,
1,UNKNOWN / NOT IN SALE RECORDS,575 M L KING JR WAY,,,,,,3,3,0,2022-08-06,2022-08-21,2022-08-06 to 2022-11-04,NO_PARCEL_RECORD,,,,,,,,,
1,UNKNOWN / NOT IN SALE RECORDS,3643 PALATINE AVE N,Sfr,98103,,,,3,3,0,2022-08-15,2022-10-15,2022-08-15 to 2022-11-13,SUSPICIOUS_IMPR_VALUE_1000,,705000,1000,706000,,,,,1972200235
1,UNKNOWN / NOT IN SALE RECORDS,8631 PALATINE AVE N,,,,,,3,3,0,2022-08-19,2022-09-23,2022-08-19 to 2022-11-17,NO_PARCEL_RECORD,,,,,,,,,
1,UNKNOWN / NOT IN SALE RECORDS,12327 A 28TH AVE NE,,,,,,3,3,0,2022-09-14,2022-09-23,2022-09-14 to 2022-12-13,NO_PARCEL_RECORD,,,,,,,,,
1,UNKNOWN / NOT IN SALE RECORDS,3480 26TH AVE SW,,,,,,3,3,0,2022-07-08,2022-09-30,2022-07-08 to 2022-10-06,NO_PARCEL_RECORD,,,,,,,,,
1,UNKNOWN / NOT IN SALE RECORDS,7235 WEST GREEN LAKE DR N,,,,,,3,3,0,2022-10-13,2022-10-19,2022-10-13 to 2023-01-11,NO_PARCEL_RECORD,,,,,,,,,
1,UNKNOWN / NOT IN SALE RECORDS,1740 NE 88TH ST,1740 NE 88TH ST,98115,,,,3,3,0,2022-12-18,2022-12-18,2022-12-18 to 2023-03-18,,,227400,1131600,1359000,,,,,7698910000
1,UNKNOWN / NOT IN SALE RECORDS,5922 19TH AVE SW,,,,,,3,3,0,2023-01-11,2023-03-24,2023-01-11 to 2023-04-11,NO_PARCEL_RECORD,,,,,,,,,
1,UNKNOWN / NOT IN SALE RECORDS,11131 BEACON AVE S,,,,,,3,3,0,2023-01-25,2023-03-16,2023-01-25 to 2023-04-25,NO_PARCEL_RECORD,,,,,,,,,
1,UNKNOWN / NOT IN SALE RECORDS,2326 1ST AVE,,,,,,3,3,0,2023-02-06,2023-04-14,2023-02-06 to 2023-05-07,NO_PARCEL_RECORD,,,,,,,,,
1,UNKNOWN / NOT IN SALE RECORDS,811 A NW 53RD ST,,,,,,3,3,0,2023-03-02,2023-04-20,2023-03-02 to 2023-05-31,NO_PARCEL_RECORD,,,,,,,,,
1,UNKNOWN / NOT IN SALE RECORDS,2000 NE COLUMBIA RD,,,,,,3,3,0,2023-05-17,2023-05-23,2023-05-17 to 2023-08-15,NO_PARCEL_RECORD,,,,,,,,,
1,UNKNOWN / NOT IN SALE RECORDS,12302 5TH AVE NE,12302 5TH AVE NE,98125,,,,3,3,0,2023-05-25,2023-07-12,2023-05-25 to 2023-08-23,,,202100,403900,606000,,,,,6390680000
1,UNKNOWN / NOT IN SALE RECORDS,1137 NW 59TH ST,1139 NW 59TH ST,98107,,,,3,3,0,2023-06-07,2023-07-27,2023-06-07 to 2023-09-05,,,163600,323400,487000,,,,,3202850000
1,UNKNOWN / NOT IN SALE RECORDS,1806 NW BLUE RIDGE DR,,98177,,,,3,3,0,2023-06-20,2023-08-01,2023-06-20 to 2023-09-18,,,1172000,480000,1652000,,,,,868001529
1,UNKNOWN / NOT IN SALE RECORDS,3110 S ALASKA ST,,,,,,3,3,0,2023-07-08,2023-08-23,2023-07-08 to 2023-10-06,NO_PARCEL_RECORD,,,,,,,,,
1,UNKNOWN / NOT IN SALE RECORDS,308 YALE AVE N,,,,,,3,3,0,2023-07-11,2023-09-14,2023-07-11 to 2023-10-09,NO_PARCEL_RECORD,,,,,,,,,
1,UNKNOWN / NOT IN SALE RECORDS,519 N 137TH ST,,98133,,,,3,3,0,2023-07-14,2023-07-20,2023-07-14 to 2023-10-12,,,446000,752000,1198000,,,,,164000411
1,UNKNOWN / NOT IN SALE RECORDS,14347 LAKE CITY WAY NE,,,,,,3,3,0,2023-07-02,2023-09-21,2023-07-02 to 2023-09-30,NO_PARCEL_RECORD,,,,,,,,,
1,UNKNOWN / NOT IN SALE RECORDS,7977 M L KING JR WAY S,,,,,,3,3,0,2023-07-26,2023-09-12,2023-07-26 to 2023-10-24,NO_PARCEL_RECORD,,,,,,,,,
1,UNKNOWN / NOT IN SALE RECORDS,330 A NW 85TH ST,,,,,,3,3,0,2023-08-05,2023-10-25,2023-08-05 to 2023-11-03,NO_PARCEL_RECORD,,,,,,,,,
1,UNKNOWN / NOT IN SALE RECORDS,2114 N 43RD ST,2114 NORTH 43RD STREET,98103,,,,3,3,0,2023-08-08,2023-09-15,2023-08-08 to 2023-11-06,,,283800,501200,785000,,,,,8725910000
1,UNKNOWN / NOT IN SALE RECORDS,21 BOSTON ST,,,,,,3,3,0,2023-08-17,2023-08-28,2023-08-17 to 2023-11-15,NO_PARCEL_RECORD,,,,,,,,,
1,UNKNOWN / NOT IN SALE RECORDS,415 10TH AVE N,,,,,,3,3,0,2022-05-05,2022-05-25,2022-05-05 to 2022-08-03,NO_PARCEL_RECORD,,,,,,,,,
1,UNKNOWN / NOT IN SALE RECORDS,1818 NW 89TH ST,,,,,,3,3,0,2023-08-30,2023-10-03,2023-08-30 to 2023-11-28,NO_PARCEL_RECORD,,,,,,,,,
1,UNKNOWN / NOT IN SALE RECORDS,2302 NE 91ST ST,2302 NE 91ST ST,98115,,,,3,3,0,2023-09-02,2023-09-02,2023-09-02 to 2023-12-01,,,308600,714400,1023000,,,,,8730500000
1,UNKNOWN / NOT IN SALE RECORDS,122 TERRY AVE N,,,,,,3,3,0,2023-08-31,2023-09-07,2023-08-31 to 2023-11-29,NO_PARCEL_RECORD,,,,,,,,,
1,UNKNOWN / NOT IN SALE RECORDS,3700 41ST AVE SW,,98116,,,,3,3,0,2023-10-13,2023-12-13,2023-10-13 to 2024-01-11,,,742000,581000,1323000,,,,,324000055
1,UNKNOWN / NOT IN SALE RECORDS,3852 35TH AVE SW,35TH AVE SW CONDOMINIUM,98126,,,,3,3,0,2023-10-21,2024-01-18,2023-10-21 to 2024-01-19,,,205000,504000,709000,,,,,8601750000
1,UNKNOWN / NOT IN SALE RECORDS,5717 SW HANFORD ST,,98116,,,,3,3,0,2023-10-30,2023-12-07,2023-10-30 to 2024-01-28,,,1115000,346000,1461000,,,,,148000490
1,UNKNOWN / NOT IN SALE RECORDS,2118 2ND AVE,,,,,,3,3,0,2023-10-30,2024-01-24,2023-10-30 to 2024-01-28,NO_PARCEL_RECORD,,,,,,,,,
1,UNKNOWN / NOT IN SALE RECORDS,3511 NE 50TH ST,,,,,,3,3,0,2023-12-01,2024-01-16,2023-12-01 to 2024-02-29,NO_PARCEL_RECORD,,,,,,,,,
1,UNKNOWN / NOT IN SALE RECORDS,4526 42ND AVE SW,,98116,,,,3,3,0,2023-12-15,2024-01-16,2023-12-15 to 2024-03-14,,,360000,147000,507000,,,,,952006560
1,UNKNOWN / NOT IN SALE RECORDS,1041 S SULLIVAN ST,,,,,,3,3,0,2023-12-20,2024-03-12,2023-12-20 to 2024-03-19,NO_PARCEL_RECORD,,,,,,,,,
1,UNKNOWN / NOT IN SALE RECORDS,1716 23RD AVE,EBENEZER AME ZION CHURCH,98122,,1900,1,3,3,0,2023-12-26,2024-02-13,2023-12-26 to 2024-03-25,,,1759500,237200,1996700,,,,,7228500010
1,UNKNOWN / NOT IN SALE RECORDS,343 NE 90TH ST,,,,,,3,3,0,2024-01-29,2024-02-19,2024-01-29 to 2024-04-28,NO_PARCEL_RECORD,,,,,,,,,
1,UNKNOWN / NOT IN SALE RECORDS,10527 15TH AVE NW,,98177,,,,3,3,0,2024-01-30,2024-02-14,2024-01-30 to 2024-04-29,,,1238000,1035000,2273000,,,,,868000765
1,UNKNOWN / NOT IN SALE RECORDS,206 12TH AVE E,5-UNIT APT,98102,6,1901,2,3,3,0,2024-01-31,2024-02-29,2024-01-31 to 2024-04-30,SUSPICIOUS_IMPR_VALUE_1000,,1680000,1000,1681000,,,,,6003501630
1,UNKNOWN / NOT IN SALE RECORDS,8073 27TH AVE NW,,98117,,,,3,3,0,2024-02-01,2024-02-27,2024-02-01 to 2024-05-01,,,609000,448000,1057000,,,,,225039066
1,UNKNOWN / NOT IN SALE RECORDS,4724 45TH AVE SW,,,,,,3,3,0,2024-02-01,2024-04-20,2024-02-01 to 2024-05-01,NO_PARCEL_RECORD,,,,,,,,,
1,UNKNOWN / NOT IN SALE RECORDS,1433 LAKE WASHINGTON BLVD,,98122,,,,3,3,0,2024-01-31,2024-04-09,2024-01-31 to 2024-04-30,SUSPICIOUS_IMPR_VALUE_1000,,2516000,1000,2517000,,,,,5350201230
1,UNKNOWN / NOT IN SALE RECORDS,7748 13TH AVE SW,7748 13TH AVENUE SW,98106,,,,3,3,0,2024-02-08,2024-03-30,2024-02-08 to 2024-05-08,,,224600,442400,667000,,,,,7699210000
1,UNKNOWN / NOT IN SALE RECORDS,3816 36TH AVE W,DISCOVERY RESIDENCES,98199,,,,3,3,0,2024-02-26,2024-03-08,2024-02-26 to 2024-05-26,,,113300,704700,818000,,,,,2042100000
1,UNKNOWN / NOT IN SALE RECORDS,1317 NE 66TH ST,Value in the land,98115,,,,3,3,0,2024-03-04,2024-03-29,2024-03-04 to 2024-06-02,SUSPICIOUS_IMPR_VALUE_1000,,1558000,1000,1559000,,,,,525049028
1,UNKNOWN / NOT IN SALE RECORDS,504 NE 65TH ST,,,,,,3,3,0,2024-03-12,2024-03-18,2024-03-12 to 2024-06-10,NO_PARCEL_RECORD,,,,,,,,,
1,UNKNOWN / NOT IN SALE RECORDS,4600 S ANGELINE ST,4600 S ANGELINE ST,98118,,,,3,3,0,2024-03-18,2024-04-04,2024-03-18 to 2024-06-16,,,152900,962100,1115000,,,,,2603340000
1,UNKNOWN / NOT IN SALE RECORDS,5305 ERSKINE WAY SW,,,,,,3,3,0,2024-04-04,2024-06-20,2024-04-04 to 2024-07-03,NO_PARCEL_RECORD,,,,,,,,,
1,UNKNOWN / NOT IN SALE RECORDS,10515 GREENWOOD AVE N,,,,,,3,3,0,2024-06-18,2024-08-05,2024-06-18 to 2024-09-16,NO_PARCEL_RECORD,,,,,,,,,
1,UNKNOWN / NOT IN SALE RECORDS,2607 SW GENESEE ST,,,,,,3,3,0,2024-06-26,2024-07-03,2024-06-26 to 2024-09-24,NO_PARCEL_RECORD,,,,,,,,,
1,UNKNOWN / NOT IN SALE RECORDS,529 N 68TH ST,,,,,,3,3,0,2024-06-21,2024-09-06,2024-06-21 to 2024-09-19,NO_PARCEL_RECORD,,,,,,,,,
1,UNKNOWN / NOT IN SALE RECORDS,10713 2ND AVE NW,,,,,,3,3,0,2024-07-07,2024-07-11,2024-07-07 to 2024-10-05,NO_PARCEL_RECORD,,,,,,,,,
1,UNKNOWN / NOT IN SALE RECORDS,7915 M L KING JR WAY S,,,,,,3,3,0,2024-07-11,2024-07-11,2024-07-11 to 2024-10-09,NO_PARCEL_RECORD,,,,,,,,,
1,UNKNOWN / NOT IN SALE RECORDS,5307 S HENDERSON ST,,,,,,3,3,0,2024-07-10,2024-08-27,2024-07-10 to 2024-10-08,NO_PARCEL_RECORD,,,,,,,,,
1,UNKNOWN / NOT IN SALE RECORDS,327 NE THORNTON PL,,,,,,3,3,0,2024-07-16,2024-10-11,2024-07-16 to 2024-10-14,NO_PARCEL_RECORD,,,,,,,,,
1,UNKNOWN / NOT IN SALE RECORDS,1820 E MARION ST,,,,,,3,3,0,2024-07-10,2024-08-22,2024-07-10 to 2024-10-08,NO_PARCEL_RECORD,,,,,,,,,
1,UNKNOWN / NOT IN SALE RECORDS,4420 S OTHELLO ST,,98118,,,,3,3,0,2024-07-25,2024-08-22,2024-07-25 to 2024-10-23,,,230000,,230000,,,,,1005000151
1,UNKNOWN / NOT IN SALE RECORDS,2734 NE 90TH ST,2734 NE 90TH ST,98115,,,,3,3,0,2024-08-12,2024-08-20,2024-08-12 to 2024-11-10,,,440400,1618600,2059000,,,,,8728170000
1,UNKNOWN / NOT IN SALE RECORDS,12015 B 36TH AVE NE,,,,,,3,3,0,2024-08-25,2024-08-29,2024-08-25 to 2024-11-23,NO_PARCEL_RECORD,,,,,,,,,
1,UNKNOWN / NOT IN SALE RECORDS,3813 S LUCILE ST,,,,,,3,3,0,2024-08-26,2024-09-09,2024-08-26 to 2024-11-24,NO_PARCEL_RECORD,,,,,,,,,
1,UNKNOWN / NOT IN SALE RECORDS,316 B 26TH AVE S,,,,,,3,3,0,2024-08-26,2024-08-28,2024-08-26 to 2024-11-24,NO_PARCEL_RECORD,,,,,,,,,
1,UNKNOWN / NOT IN SALE RECORDS,2345 BOYLSTON AVE E,BOYLSTON AVE EAST CONDOMINIUM,98102,,,,3,3,0,2024-08-27,2024-09-04,2024-08-27 to 2024-11-25,,,357200,50800,408000,,,,,1029500000
1,UNKNOWN / NOT IN SALE RECORDS,9651 BEACON AVE S,,98118,,,,3,3,0,2024-08-28,2024-11-01,2024-08-28 to 2024-11-26,,,1041000,543000,1584000,,,,,323049003
1,UNKNOWN / NOT IN SALE RECORDS,2216 A NW 63RD ST,,,,,,3,3,0,2024-07-03,2024-09-10,2024-07-03 to 2024-10-01,NO_PARCEL_RECORD,,,,,,,,,
1,UNKNOWN / NOT IN SALE RECORDS,2761 38TH AVE SW,,98126,,,,3,3,0,2024-09-04,2024-11-22,2024-09-04 to 2024-12-03,,,566000,538000,1104000,,,,,838000100
1,UNKNOWN / NOT IN SALE RECORDS,1800 5TH AVE N,,,,,,3,3,0,2024-10-01,2024-10-01,2024-10-01 to 2024-12-30,NO_PARCEL_RECORD,,,,,,,,,
1,UNKNOWN / NOT IN SALE RECORDS,5255 UNIVERSITY WAY NE,,,,,,3,3,0,2024-09-27,2024-11-14,2024-09-27 to 2024-12-26,NO_PARCEL_RECORD,,,,,,,,,
1,UNKNOWN / NOT IN SALE RECORDS,2011 1ST AVE N,BAPTIST CHURCH,98109,,1925,3,3,3,0,2024-10-10,2024-12-05,2024-10-10 to 2025-01-08,,,2430000,2563400,4993400,,,,,1794500975
1,UNKNOWN / NOT IN SALE RECORDS,911 N 95TH ST,LINDEN AVENUE TOWNHOMES,98103,,,,3,3,0,2024-10-29,2024-10-29,2024-10-29 to 2025-01-27,,,258500,363500,622000,,,,,4339600000
1,UNKNOWN / NOT IN SALE RECORDS,3537 MERIDIAN AVE N,3537 MERIDIAN AVENUE NORTH,98103,,,,3,3,0,2024-11-05,2024-11-06,2024-11-05 to 2025-02-03,,,175700,756300,932000,,,,,8637290000
1,UNKNOWN / NOT IN SALE RECORDS,4753 S BOND ST,,,,,,3,3,0,2024-12-05,2025-01-28,2024-12-05 to 2025-03-05,NO_PARCEL_RECORD,,,,,,,,,
1,UNKNOWN / NOT IN SALE RECORDS,4123 CHILBERG AVE SW,,,,,,3,3,0,2024-12-29,2025-01-12,2024-12-29 to 2025-03-29,NO_PARCEL_RECORD,,,,,,,,,
1,UNKNOWN / NOT IN SALE RECORDS,6810 VISTA AVE S,,98108,,,,3,3,0,2025-01-10,2025-01-13,2025-01-10 to 2025-04-10,,,390000,288000,678000,,,,,613400100
1,UNKNOWN / NOT IN SALE RECORDS,1050 NE 45TH ST,,,,,,3,3,0,2025-01-09,2025-01-30,2025-01-09 to 2025-04-09,NO_PARCEL_RECORD,,,,,,,,,
1,UNKNOWN / NOT IN SALE RECORDS,3368 M L KING JR WAY S,,,,,,3,3,0,2025-01-23,2025-02-05,2025-01-23 to 2025-04-23,NO_PARCEL_RECORD,,,,,,,,,
1,UNKNOWN / NOT IN SALE RECORDS,1511 NE 96TH ST,,,,,,3,3,0,2025-02-05,2025-02-21,2025-02-05 to 2025-05-06,NO_PARCEL_RECORD,,,,,,,,,
1,UNKNOWN / NOT IN SALE RECORDS,1715 NW 56TH ST,,,,,,3,3,0,2025-02-03,2025-04-29,2025-02-03 to 2025-05-04,NO_PARCEL_RECORD,,,,,,,,,
1,UNKNOWN / NOT IN SALE RECORDS,2600 SW ANDOVER ST,,,,,,3,3,0,2025-02-12,2025-03-27,2025-02-12 to 2025-05-13,NO_PARCEL_RECORD,,,,,,,,,
1,UNKNOWN / NOT IN SALE RECORDS,4307 35TH AVE W,LAWTON CONDOMINIUM,98199,,,,3,3,0,2025-02-24,2025-04-03,2025-02-24 to 2025-05-25,,,306500,200,306700,,,,,4234200000
1,UNKNOWN / NOT IN SALE RECORDS,4400 WALLINGFORD AVE N,,,,,,3,3,0,2025-03-18,2025-04-22,2025-03-18 to 2025-06-16,NO_PARCEL_RECORD,,,,,,,,,
1,UNKNOWN / NOT IN SALE RECORDS,251 6TH AVE S,,,,,,3,3,0,2025-03-24,2025-05-08,2025-03-24 to 2025-06-22,NO_PARCEL_RECORD,,,,,,,,,
1,UNKNOWN / NOT IN SALE RECORDS,506 12TH AVE,,,,,,3,3,0,2025-03-31,2025-05-08,2025-03-31 to 2025-06-29,NO_PARCEL_RECORD,,,,,,,,,
1,UNKNOWN / NOT IN SALE RECORDS,3824 MARTIN LUTHER KING JR WAY S,,,,,,3,3,0,2025-03-28,2025-06-03,2025-03-28 to 2025-06-26,NO_PARCEL_RECORD,,,,,,,,,
1,UNKNOWN / NOT IN SALE RECORDS,2126 B NE 137TH ST,,,,,,3,3,0,2025-04-10,2025-05-22,2025-04-10 to 2025-07-09,NO_PARCEL_RECORD,,,,,,,,,
1,UNKNOWN / NOT IN SALE RECORDS,4016 NE 38TH ST,,98105,,,,3,3,0,2025-04-25,2025-07-21,2025-04-25 to 2025-07-24,,,976000,913000,1889000,,,,,723000270
1,UNKNOWN / NOT IN SALE RECORDS,10000 CALIFORNIA AVE SW,,98146,,,,3,3,0,2025-04-25,2025-06-17,2025-04-25 to 2025-07-24,,,655000,19000,674000,,,,,254000225
1,UNKNOWN / NOT IN SALE RECORDS,812 B NW 49TH ST,,,,,,3,3,0,2025-04-26,2025-07-09,2025-04-26 to 2025-07-25,NO_PARCEL_RECORD,,,,,,,,,
1,UNKNOWN / NOT IN SALE RECORDS,10432 LAKE CITY WAY NE,,,,,,3,3,0,2025-04-29,2025-05-14,2025-04-29 to 2025-07-28,NO_PARCEL_RECORD,,,,,,,,,
1,UNKNOWN / NOT IN SALE RECORDS,10202 44TH AVE SW,,98146,,,,3,3,0,2025-06-05,2025-06-05,2025-06-05 to 2025-09-03,,,402000,,402000,,,,,223039338
1,UNKNOWN / NOT IN SALE RECORDS,7946 35TH AVE SW,PRIMO COVE,98126,,,,3,3,0,2025-06-22,2025-09-10,2025-06-22 to 2025-09-20,,,137300,275700,413000,,,,,6895200000
1,UNKNOWN / NOT IN SALE RECORDS,1706 12TH AVE,,,,,,3,3,0,2025-06-20,2025-08-22,2025-06-20 to 2025-09-18,NO_PARCEL_RECORD,,,,,,,,,
1,UNKNOWN / NOT IN SALE RECORDS,8515 12TH AVE NW,,,,,,3,3,0,2025-06-25,2025-06-25,2025-06-25 to 2025-09-23,NO_PARCEL_RECORD,,,,,,,,,
1,UNKNOWN / NOT IN SALE RECORDS,14033 DENSMORE AVE N,,,,,,3,3,0,2025-07-07,2025-08-27,2025-07-07 to 2025-10-05,NO_PARCEL_RECORD,,,,,,,,,
1,UNKNOWN / NOT IN SALE RECORDS,3406 37TH AVE W,,98199,,,,3,3,0,2025-07-16,2025-08-01,2025-07-16 to 2025-10-14,,,1010000,411000,1421000,,,,,871000394
1,UNKNOWN / NOT IN SALE RECORDS,9323 MARCUS AVE S,,,,,,3,3,0,2025-07-18,2025-07-18,2025-07-18 to 2025-10-16,NO_PARCEL_RECORD,,,,,,,,,
1,UNKNOWN / NOT IN SALE RECORDS,3934 S ANGELINE ST,,,,,,3,3,0,2025-07-21,2025-08-19,2025-07-21 to 2025-10-19,NO_PARCEL_RECORD,,,,,,,,,
1,UNKNOWN / NOT IN SALE RECORDS,2501 NW MARKET ST,,,,,,3,3,0,2025-07-10,2025-08-12,2025-07-10 to 2025-10-08,NO_PARCEL_RECORD,,,,,,,,,
1,UNKNOWN / NOT IN SALE RECORDS,910 19TH AVE,,98122,,,,3,3,0,2025-07-24,2025-10-21,2025-07-24 to 2025-10-22,,,644000,210000,854000,,,,,7228502450
1,UNKNOWN / NOT IN SALE RECORDS,4214 NE 82ND ST,,98115,,,,3,3,0,2025-07-24,2025-10-16,2025-07-24 to 2025-10-22,,,732000,196000,928000,,,,,443000050
1,UNKNOWN / NOT IN SALE RECORDS,4294 LITTLE CANOE CHANNEL NE,,,,,,3,3,0,2025-09-16,2025-09-18,2025-09-16 to 2025-12-15,NO_PARCEL_RECORD,,,,,,,,,
1,UNKNOWN / NOT IN SALE RECORDS,2102 N 105TH ST,,,,,,3,3,0,2025-10-31,2025-11-05,2025-10-31 to 2026-01-29,NO_PARCEL_RECORD,,,,,,,,,
2,SEATTLE CITY OF,4126 12TH AVE NE,Accolade Student Housing (main),98105,226,2021,21,38,14,0,2013-06-13,2025-10-20,2025-09-13 to 2025-12-12,,,2448000,123952000,126400000,11/03/2020,0,GEDR LAKEVIEW LLC,11/03/2020:SEATTLE CITY OF($0) | 10/01/2020:GEDR LAKEVIEW LLC($3911500) | 05/29/1998:SABAH SHARIFAH($0) | 05/29/1998:SABAH SHARIFAH+BAHARAIN($317000) | 01/03/2025:4126 12TH AVE NE OWNER LLC($124400000),1142001610
2,SEATTLE CITY OF,2010 S JACKSON ST,ERNESTINE ANDERSON PLACE - LOW INCOME HOUSING,98144,61,2013,6,28,4,0,2004-09-10,2025-01-09,2024-10-21 to 2025-01-19,,,1956600,14519400,16476000,08/17/2011,0,2010 JACKSON STREET LLLP,08/17/2011:SEATTLE CITY OF($0) | 08/05/2011:2010 JACKSON STREET LLLP($0) | 05/02/2011:2010 JACKSON STREET LLLP($0),3319501010
2,SEATTLE CITY OF,3616 34TH AVE S,RAINIER COURT IV WEST,98144,81,2018,4,26,5,0,2017-03-30,2025-10-15,2025-08-18 to 2025-11-16,,,3643600,16302200,19945800,04/06/2016,0,SEATTLE CITY OF,04/06/2016:SEATTLE CITY OF($0) | 04/06/2016:SEATTLE CITY OF($0) | 03/27/2002:SOUTH EAST EFFECTIVE DEVELOPMENT($550000) | 03/08/1996:EMPIRE WELDING & FABRICATING L L C($135000),9835200170
2,SEATTLE CITY OF,14352 LAKE CITY WAY NE,WALGREENS,98125,,1997,1,24,8,0,2008-05-22,2025-06-09,2024-03-12 to 2024-06-10,SUSPICIOUS_IMPR_VALUE_1000,,6607200,1000,6608200,10/31/2014,11105,LAKE CITY WG LIMITED PARTNERSHIP,10/31/2014:SEATTLE CITY OF($11105) | 10/06/1997:LAKE CITY WG LIMITED PARTNERSHIP($0) | 09/11/1998:DVM INVESTMENTS L L C($4225000) | 05/31/1996:VILLAGE/LAKE CITY WAY PARTNERS($2000000),7663700240
2,SEATTLE CITY OF,12743 30TH AVE NE,FOUR PLEX,98125,4,1954,1,23,3,0,2006-04-05,2024-06-21,2009-05-11 to 2009-08-09,,,1620000,18000,1638000,12/04/2019,0,LAKESIDE DEVELOPMENT LLC,12/04/2019:SEATTLE CITY OF($0) | 11/27/2000:LAKESIDE DEVELOPMENT LLC($740000) | 11/18/1999:ROMNEY CHRISTOPHER D+CYNTHIA($299400) | 07/14/2005:CASPIAN LLC($1000000),3834500025
2,SEATTLE CITY OF,315 1ST AVE N,Astro (Imps on -1185),98109,,,,20,5,0,2016-09-21,2025-01-30,2024-12-11 to 2025-03-11,,,7788000,,7788000,12/03/2014,0,ANDREWS NICKOLAOS D+RODOPI TTE,12/03/2014:SEATTLE CITY OF($0) | 07/23/1992:ANDREWS NICKOLAOS D+RODOPI TTE($0) | 05/03/2013:SRMQA LLC($0) | 03/29/2012:SRMTHOMAS LLC($4000000) | 02/24/1995:ANDREWS RODOPI+NICKOLAOS D($0),1989201195
2,SEATTLE CITY OF,1753 NW 56TH ST,Nyer-Urness-House,98107,80,2012,7,20,3,0,2006-09-15,2025-04-09,2009-03-02 to 2009-05-31,,,3780000,16533000,20313000,11/03/2011,0,OLYMPIC COMMONS L.L.C,11/03/2011:SEATTLE CITY OF($0) | 10/14/1998:OLYMPIC COMMONS L.L.C($425000) | 03/21/1994:WOODS JAMES E+SUSAN L($325000) | 02/28/2008:COMPASS CENTER BALLARD LLC($1900000) | 01/18/2005:LOW INCOME HOUSING INSTITUTE($1000000),2767700740
2,SEATTLE CITY OF,330 3RD AVE W,AVA QUEEN ANNE,98119,204,2011,9,18,3,0,2015-04-28,2025-06-25,2025-05-15 to 2025-08-13,,,15840000,54515000,70355000,08/23/2011,0,GRE THIRD AVENUE WEST+EIRTEP II LLC,08/23/2011:SEATTLE CITY OF($0) | 03/02/2007:GRE THIRD AVENUE WEST+EIRTEP II LLC($5887422) | 01/20/2000:US WEST COMMUNICATIONS($750) | 01/14/2010:AVALON QUEEN ANNE LLC($11750000),1989200620
2,SEATTLE CITY OF,4727 42ND AVE SW,Mural Apartments,98116,136,2008,7,18,3,0,2015-08-14,2025-10-29,2020-09-21 to 2020-12-20,,,3819400,2126700,5946100,10/30/2007,0,MURAL EVERGREEN SPE LLC +VIRTU JV-I MURAL SPE LLC,10/30/2007:SEATTLE CITY OF($0) | 09/12/2025:MURAL EVERGREEN SPE LLC +VIRTU JV-I MURAL SPE LLC($46030000) | 08/28/2008:HARBOR WEST SEATTLE FOUR LLC($0) | 06/06/2013:4724 CALIFORNIA AVE DEVELOPMENT CO LLC($45806) | 05/11/2006:HARBOR PROPERTIES INC($0),7579200155
2,SEATTLE CITY OF,3325 BURKE AVE N,AMLI WALLINGFORD APARTMENT - SOUTH (Econ unit w/ -,98103,88,2016,5,16,10,0,2018-02-28,2025-10-28,2023-11-27 to 2024-02-25,,,6658700,21167900,27826600,06/25/2014,0,PPF AMLI 3400 WALLINGFORD AVENUE NORTH LLC,06/25/2014:SEATTLE CITY OF($0) | 02/07/2014:PPF AMLI 3400 WALLINGFORD AVENUE NORTH LLC($17100000),4083307105
2,SEATTLE CITY OF,427 9TH AVE N,427 9th Ave N,98109,,1929,1,16,6,0,2012-02-24,2024-09-09,2024-02-06 to 2024-05-06,SUSPICIOUS_IMPR_VALUE_1000,,13452000,1000,13453000,12/21/2016,0,WC SEATTLE II L L C,12/21/2016:SEATTLE CITY OF($0) | 12/20/2013:WC SEATTLE II L L C($5850000) | 11/18/1985:BAYLESS GEORGE A JR($0) | 09/29/2004:BAYLESS GEORGE A JR -TTEE($0) | 09/21/2017:MGCW LLC($772650),1988201555
2,SEATTLE CITY OF,2209 1ST AVE,HOTEL SCARGO,98121,,1910,3,16,5,0,2012-10-31,2025-08-06,2025-05-20 to 2025-08-18,,,3247400,1011900,4259300,09/07/2010,58500,PLYMOUTH HOUSING GROUP,09/07/2010:SEATTLE CITY OF($58500) | 03/04/1988:PLYMOUTH HOUSING GROUP($450000),1977200610
2,SEATTLE CITY OF,3400 WALLINGFORD AVE N,AMLI WALLINGFORD APARTMENT - NORTH (Econ Unit w/ -,98103,143,2016,5,16,3,0,2005-09-02,2025-10-16,2014-06-25 to 2014-09-23,,,13317400,35019400,48336800,07/29/2014,0,PPF AMLI 3400 WALLINGFORD AVENUE NORTH LLC,07/29/2014:SEATTLE CITY OF($0) | 02/07/2014:PPF AMLI 3400 WALLINGFORD AVENUE NORTH LLC($17100000),4083306670
2,SEATTLE CITY OF,7184 SYLVAN WAY SW,SFR/BUSINESS USE,98106,,1922,1,14,3,0,2005-02-28,2016-01-26,2005-02-28 to 2005-05-29,SUSPICIOUS_IMPR_VALUE_1000,,568200,1000,569200,10/23/2006,0,SPAULDING RAYMOND D,10/23/2006:SEATTLE CITY OF($0) | 03/16/1987:SPAULDING RAYMOND D($0),7985400440
2,SEATTLE CITY OF,400 FAIRVIEW AVE N,400 FAIRVIEW OFFICE BUILDING,98109,,2015,14,12,4,0,2013-10-24,2025-06-11,2025-05-16 to 2025-08-14,,,40233400,101534600,141768000,12/13/2013,0,T-C/SK FAIRVIEW OWNER LLC,12/13/2013:SEATTLE CITY OF($0) | 12/09/2015:T-C/SK FAIRVIEW OWNER LLC($234764000) | 11/05/2013:400 FAIRVIEW LLC($0) | 07/10/2018:400 FAIRVIEW AVE LLC($338425250) | 03/05/2009:SEATTLE CITY OF($0),2467400120
2,SEATTLE CITY OF,12729 30TH AVE NE,FOUR PLEX,98125,4,1954,1,11,3,0,2011-01-31,2019-01-08,2018-11-27 to 2019-02-25,,,1620000,18000,1638000,12/04/2019,0,LAKESIDE DEVELOPMENT LLC,12/04/2019:SEATTLE CITY OF($0) | 11/27/2000:LAKESIDE DEVELOPMENT LLC($740000) | 11/18/1999:ROMNEY CHRISTOPHER D+CYNTHIA L($299400) | 07/14/2005:CASPIAN LLC($1000000),3834500020
2,SEATTLE CITY OF,1145 NW MARKET ST,FIRESTONE MASTER CARE SERVICE,98107,,1973,1,10,4,0,2018-03-22,2025-11-07,2025-02-07 to 2025-05-08,SUSPICIOUS_IMPR_VALUE_1000,,7872000,1000,7873000,10/21/2021,0,1145 NW MARKET LLC,10/21/2021:SEATTLE CITY OF($0) | 05/29/2020:1145 NW MARKET LLC($7000000) | 04/21/2019:MORSE NEILSEN LLC($0) | 04/21/2016:MORSE NEILSEN LLC($0) | 04/21/2016:MORSE NEILSEN LLC($0),2768300125
2,SEATTLE CITY OF,4029 RAINIER AVE S,4029 Rainier,98118,26,2021,4,10,3,0,2007-06-05,2023-04-07,2020-01-08 to 2020-04-07,,,577900,4025100,4603000,09/23/2020,0,ALDER INVESTMENTS LLC,09/23/2020:SEATTLE CITY OF($0) | 06/27/2006:ALDER INVESTMENTS LLC($0) | 06/22/2006:LEE TIMOTHY F+KIU J($411500) | 06/01/1999:WILSON RONALD H+WILSON BARBARA J($183000) | 04/26/1996:BUI DEAN DUC+LOAN MAI-THI PHAM($55000),1604602235
2,SEATTLE CITY OF,6300 9TH AVE NE,Corner 63,98115,139,2022,7,9,4,0,2019-05-21,2023-11-27,2023-03-27 to 2023-06-25,,,,32399000,32399000,09/17/2018,0,SANDLER JOAN GAIL+SHAW RITA,09/17/2018:SEATTLE CITY OF($0) | 08/24/2016:SANDLER JOAN GAIL+SHAW RITA($0) | 08/24/2016:SANDLER-SHAW REVOCABLE TRUST($0) | 07/15/2021:CORNER 63 VENTURE LLC($12160000) | 06/10/2004:SHAW RITA($310000),9221400445
2,SEATTLE CITY OF,100 DENNY WAY,ALEXAN 100,98109,164,2018,7,9,3,0,2017-08-30,2025-04-06,2017-08-30 to 2017-11-28,,,15517700,44738300,60256000,12/27/2016,0,MAGNUSON GERALD F,12/27/2016:SEATTLE CITY OF($0) | 12/10/1997:MAGNUSON GERALD F($0) | 11/16/1993:MAGNUSON CARRIE LYN($0) | 11/04/2010:DENNY PROPERTY LLC($0) | 08/28/2007:MAGNUSON REAL ESTATE LLC($0),1989201430
2,SEATTLE CITY OF,2925 E MADISON ST,The Arbory,98112,82,2025,4,8,5,0,2005-03-21,2025-01-15,2005-03-21 to 2005-06-19,,,12830300,16405284,29235584,07/25/2022,0,LEAP ASSOCIATES,07/25/2022:SEATTLE CITY OF($0) | 06/01/1988:LEAP ASSOCIATES($0) | 05/30/2023:MADISON PARK PLACE LLC($10850000) | 02/28/2023:LOSH JOHN BRIAN+BETSY Q($0),5016000007
2,SEATTLE CITY OF,8815 SEWARD PARK AVE S,RAINIER BEACH HIGH SCHOOL,98118,,1960,2,8,4,0,2009-05-26,2025-09-03,2025-06-09 to 2025-09-07,,,12257700,52316900,64574600,09/22/1993,0,,09/22/1993:SEATTLE CITY OF($0),3524049149
2,SEATTLE CITY OF,400 QUEEN ANNE AVE N,Artix Apartments,98109,143,2022,7,8,3,0,2009-07-21,2025-02-23,2025-02-19 to 2025-05-20,,,11682000,45057000,56739000,09/08/2020,0,400 QUEEN ANNE LP,09/08/2020:SEATTLE CITY OF($0) | 07/16/2020:400 QUEEN ANNE LP($10000000) | 06/30/1999:CORPORATE COUNCIL FOR THE ARTS($0) | 03/10/2020:ARTSFUND($20000) | 03/10/2020:ARTSFUND($20000),1988200090
2,SEATTLE CITY OF,215 QUEEN ANNE AVE N,Verra Apts-formerly Hovi Court,98109,51,2022,6,7,4,0,2019-09-11,2025-06-24,2020-02-11 to 2020-05-11,,,3300000,10813000,14113000,12/16/2019,0,215 QUEEN ANNE AVE N LLC,12/16/2019:SEATTLE CITY OF($0) | 06/24/2021:215 QUEEN ANNE AVE N LLC($0) | 06/19/1986:PEDERSEN LEON C($150000) | 02/10/2014:NELSON MICHAEL R+LAURA J($1000000),1989201005
2,SEATTLE CITY OF,2123 18TH AVE S,,98144,,,,7,3,0,2003-12-18,2017-07-06,2006-07-13 to 2006-10-11,,,459000,486000,945000,04/04/2025,5430115,STORYBUILT SUMIE LLC,04/04/2025:SEATTLE CITY OF($5430115) | 01/25/2023:STORYBUILT SUMIE LLC($4600000),1498301500
2,SEATTLE CITY OF,5031 11TH AVE NE,Duplex,98105,,,,7,3,0,2005-03-21,2021-08-18,2005-03-21 to 2005-06-19,SUSPICIOUS_IMPR_VALUE_1000,,1197000,1000,1198000,11/01/2021,0,WEBER BERNHARD W+SUSAN M,11/01/2021:SEATTLE CITY OF($0) | 09/29/2014:WEBER BERNHARD W+SUSAN M($0) | 09/24/2010:PACIFIC COAST UNIVERSITY DISTRICT LLC($0) | 09/21/2020:PACIFIC COAST UNIVERSITY DISTRICT LLC($0) | 07/02/2003:WEBER BERNHARD+SUSAN M($250000),6746701715
2,SEATTLE CITY OF,7041 DELRIDGE WAY SW,MYRTLE STREET TOWNHOMES,98106,,,,5,4,0,2005-03-21,2007-01-02,2005-03-21 to 2005-06-19,,,259000,418000,677000,12/21/2005,0,LANDERHOLM E A+S L+JOHNSON A,12/21/2005:SEATTLE CITY OF($0) | 11/28/1988:LANDERHOLM E A+S L+JOHNSON A($49950) | 11/11/2004:SALTAIRE HOMES LLC($599900) | 11/06/2013:LOPES RICHARD W+LINDA GAIL($0) | 10/27/2016:MA LI($0),3438502440
2,SEATTLE CITY OF,9510 STONE AVE N,EHS ELECTRICIAN CO,98103,,1965,1,4,4,0,2016-06-03,2016-08-15,2016-06-03 to 2016-09-01,SUSPICIOUS_IMPR_VALUE_1000,,1886800,1000,1887800,09/12/2025,0,WHETZEL RICK L,09/12/2025:SEATTLE CITY OF($0) | 07/24/1994:WHETZEL RICK L($0) | 06/12/2022:9510 STONE AVENUE LLC($3200000) | 01/25/2010:STONE NORTH LLC($875000) | 01/14/2016:ORIENTAL DEVELOPMENT LLC($2360000),4310701290
2,SEATTLE CITY OF,4747 12TH AVE NE,HELIX APARTMENTS,98105,77,2006,6,4,3,0,2005-04-14,2016-12-13,2016-11-01 to 2017-01-30,,,3420000,12688000,16108000,12/22/2006,0,HELIX ELLIPSE APARTMENTS LLC,12/22/2006:SEATTLE CITY OF($0) | 08/10/2017:HELIX ELLIPSE APARTMENTS LLC($27701878) | 08/06/2003:UNIVERSITY DEVELOPMENT ASSOCIATES LLC($0) | 04/23/2003:PALERMO L L C($0) | 03/16/2007:GRANITE HELIX LLC($20659669),6746700995
2,SEATTLE CITY OF,2020 NW MARKET ST,WASHINGTON FEDERAL SAVINGS & LOAN ASSOCIATION,98107,,2012,2,4,3,0,2025-01-16,2025-06-09,2025-05-05 to 2025-08-03,,,2145100,296400,2441500,03/28/2011,0,,03/28/2011:SEATTLE CITY OF($0),2767700955
2,SEATTLE CITY OF,1500 FAIRVIEW AVE E,WASH STATE EMPLOYEE CREDIT UNION,98102,,1993,3,3,3,0,2022-07-06,2022-08-13,2022-07-06 to 2022-10-04,,,5790600,2652500,8443100,12/13/2016,0,WASHINGTON STATE EMPLOYEES CRE,12/13/2016:SEATTLE CITY OF($0) | 11/06/1992:WASHINGTON STATE EMPLOYEES CRE($1250000),2107700260
3,LOWELL EMERSON ASSOCIATES LLC,1102 8TH AVE,LOWELL APT'S,98101,158,1928,11,118,15,0,2003-12-19,2025-10-13,2022-12-09 to 2023-03-09,KNOWN_CASE | LLC_OWNED,LOWELL EMERSON Lowell Bldg - Ray Russo/Joanne Somerville/MMC LLC,5520000,19810000,25330000,12/31/1997,7460400,,12/31/1997:LOWELL EMERSON ASSOCIATES LLC($7460400),1979200186
3,LOWELL EMERSON ASSOCIATES LLC,1110 8TH AVE,EMERSON APT'S,98101,37,1928,10,72,10,0,2008-06-06,2025-10-28,2024-05-28 to 2024-08-26,KNOWN_CASE | LLC_OWNED,LOWELL EMERSON Emerson Bldg - Ray Russo/Joanne Somerville/MMC LLC,2760000,3775000,6535000,12/31/1997,7460400,,12/31/1997:LOWELL EMERSON ASSOCIATES LLC($7460400),1979200185
4,GRE 4TH AVENUE SOUTH LLC,308 4TH AVE S,ADDISON ON FOURTH (low income),98104,254,1910,9,160,20,0,2004-09-03,2025-09-29,2019-11-09 to 2020-02-07,KNOWN_CASE | EXTREME_VOLUME | LLC_OWNED,THE ADDISON ON FOURTH - Subsidized Low Income,8030500,9582300,17612800,08/15/2014,98280,GRE DOWNTOWNER LLC,08/15/2014:GRE 4TH AVENUE SOUTH LLC($98280) | 08/15/2014:GRE DOWNTOWNER LLC($98280) | 06/06/2012:GRE DOWNTOWNER LLC($12517655) | 04/18/2023:CENTRAL PUGET SOUND REGIONAL TRASNSIT AUTHORITY($0) | 02/23/2023:KING COUNTY A HOME RULE CHARTER COUNTY AND POLITIC($0),5247801370
4,GRE 4TH AVENUE SOUTH LLC,400 S JACKSON ST,ICON APARTMENTS,98104,120,2015,7,28,4,0,2015-09-03,2025-01-27,2021-08-16 to 2021-11-14,LLC_OWNED,,,30053400,30053400,08/15/2014,98280,GRE DOWNTOWNER LLC,08/15/2014:GRE 4TH AVENUE SOUTH LLC($98280) | 08/15/2014:GRE DOWNTOWNER LLC($98280) | 06/06/2012:GRE 4TH AVENUE SOUTH LLC($1809846) | 04/18/2023:CENTRAL PUGET SOUND REGIONAL TRASNSIT AUTHORITY($0) | 02/23/2023:KING COUNTY A HOME RULE CHARTER COUNTY AND POLITIC($0),5247801380
5,RAINIER COURT ASSOCIATES 2002-1 L L C,3621 33RD AVE S,Rainier Court - imp on 787940-0030,98144,,,,160,19,0,2006-11-28,2025-11-04,2021-08-19 to 2021-11-17,,,276400,,276400,06/11/2003,0,RAINIER COURT ASSOCIATES 2002-1,06/11/2003:RAINIER COURT ASSOCIATES 2002-1 L L C($0) | 06/11/2003:RAINIER COURT ASSOCIATES 2002-1($0) | 03/28/2003:SOUTH EAST EFFECTIVE DEVELOPMENT($2300000),9835200005
6,WA SENECA HOLDINGS L L C,800 SENECA ST,CIELO APTS,98101,337,2014,32,128,36,0,2013-02-20,2025-11-07,2025-06-22 to 2025-09-20,EXTREME_VOLUME,,4140000,120650600,124790600,12/20/2010,0,ALFARETTA L L C,12/20/2010:WA SENECA HOLDINGS L L C($0) | 11/21/2005:ALFARETTA L L C($3895000) | 11/03/1997:VIRGINIA MASON MEDICAL CTR($1225) | 10/28/1994:LUI BARBARA+OKIMOTO GERALDINE($0) | 06/01/2012:FIRST HILL/EIGHTH AVENUE LLC($12000000),1978200025
7,LAKE WASHINGTON LIMITED PARTNERSHIP,9061 SEWARD PARK AVE S,LAKE WASHINGTON APARTMENTS,98118,379,1947,2,106,11,0,2005-05-27,2025-05-08,2022-02-04 to 2022-05-05,,,347500,274700,622200,06/11/1996,7350000,SEATTLE CITY GOVT,06/11/1996:LAKE WASHINGTON LIMITED PARTNERSHIP($7350000) | 06/06/2013:SEATTLE CITY GOVT($11000) | 06/06/2013:SEATTLE CITY GOVT($9600) | 03/14/2014:LAKE WASHINGTON II LLLP($22745000),3524049015
8,BITTER LAKE VILLAGE ASSOCIATES,13000 LINDEN AVE N,Senior Apartments,98133,251,2006,7,70,8,0,2004-08-19,2025-10-16,2024-02-21 to 2024-05-21,,,719000,4033200,4752200,09/21/2005,2246803,,09/21/2005:BITTER LAKE VILLAGE ASSOCIATES($2246803),1926049438
8,BITTER LAKE VILLAGE ASSOCIATES,13030 LINDEN AVE N,THE CAMBRIDGE - Linden Place at Bitter Lake,98133,140,2007,6,35,5,0,2008-03-24,2025-02-24,2018-09-05 to 2018-12-04,,,7281400,34553400,41834800,09/21/2005,1253197,,09/21/2005:BITTER LAKE VILLAGE ASSOCIATES($1253197),1926049133
9,LOW INCOME HOUSING INSTITUTE,223 YESLER WAY,FRYE APARTMENTS HUD 221(d)(3),98104,234,1908,11,68,8,0,2007-02-09,2025-08-27,2023-08-25 to 2023-11-23,LLC_OWNED,,1232500,946100,2178600,12/06/1997,5400000,223 YESLER LLLP,12/06/1997:LOW INCOME HOUSING INSTITUTE($5400000) | 04/12/2019:223 YESLER LLLP($17900000) | 03/02/1998:FRYE BUILDING LIMITED PARTNERSHIP($0),5247801000
9,LOW INCOME HOUSING INSTITUTE,975 JOHN ST,Boxcar Apartments,98109,145,2012,7,25,5,0,2007-04-02,2025-09-26,2024-06-20 to 2024-09-18,LLC_OWNED,,14916000,,14916000,09/28/2005,3950000,975 JOHN STREET LLC,09/28/2005:LOW INCOME HOUSING INSTITUTE($3950000) | 09/26/2007:975 JOHN STREET LLC($4950000) | 07/25/2002:YOUTHCARE($2900000) | 05/25/1999:A.F.L. LLC($1850000) | 02/24/2012:975 JOHN STREET LLC($75000),1986200305
9,LOW INCOME HOUSING INSTITUTE,8808 6TH AVE NW,,98117,,,,5,3,0,2006-06-29,2020-01-21,2019-03-14 to 2019-06-12,LLC_OWNED,,989000,290000,1279000,02/12/1999,0,,02/12/1999:LOW INCOME HOUSING INSTITUTE($0),3502100035
10,PIONEER PRESERVATION ASSOCIATES LP,201 YESLER WAY,QUINTESSA APTS-low income,98104,132,2007,13,98,15,0,2011-06-17,2025-10-18,2025-03-31 to 2025-06-29,,,2865800,27744400,30610200,12/20/2022,0,YESLER APARTMENTS LLC,12/20/2022:PIONEER PRESERVATION ASSOCIATES LP($0) | 08/09/2005:YESLER APARTMENTS LLC($1050000) | 04/18/2000:EXCELSIOR ALLIANCE INVESTMENTS LLC($600000) | 02/14/2011:CAP-VI QUINTESSA LLC($0),5247800955
11,SUMMIT HOUSE APARTMENTS REAL ESTATE INVESTMENTS LL,1727 SUMMIT AVE,The LARKSPUR  APTS,98122,50,1960,5,97,16,0,2007-11-05,2025-10-30,2024-12-02 to 2025-03-02,KNOWN_CASE | SUSPICIOUS_IMPR_VALUE_1000,LARKSPUR - Chris Garvin/CRE Real Estate/Section 8 IMPR=$1000 RED FLAG,7440000,1000,7441000,11/03/2003,0,NEYHART DOUGLAS J,11/03/2003:SUMMIT HOUSE APARTMENTS REAL ESTATE INVESTMENTS LL($0) | 05/01/1993:NEYHART DOUGLAS J($0) | 04/16/2001:NEYHART DOUGLAS J($0) | 03/12/2024:CRE SUMMIT LLC($6795000),8804901095
12,SENYAH-BLOOD TRUST,2114 E FIR ST,APARTMENT BLDG 6 UNITS,98122,6,1962,2,33,13,0,2006-05-18,2025-11-04,2025-08-07 to 2025-11-05,,,816000,690000,1506000,09/16/2006,0,,09/16/2006:SENYAH-BLOOD TRUST($0),9826701500
12,SENYAH-BLOOD TRUST,1635 22ND AVE,,98122,,,,19,7,0,2023-06-28,2025-07-21,2024-03-10 to 2024-06-08,,,750000,113000,863000,09/16/2006,0,,09/16/2006:SENYAH-BLOOD TRUST($0),7228500740
12,SENYAH-BLOOD TRUST,324 26TH AVE S,,98144,,,,17,4,0,2004-08-12,2024-02-26,2010-02-17 to 2010-05-18,,,401000,1000,402000,09/16/2006,0,,09/16/2006:SENYAH-BLOOD TRUST($0),1250200514
12,SENYAH-BLOOD TRUST,4636 S FONTANELLE ST,,98118,,,,8,6,0,2023-08-27,2024-05-20,2024-04-13 to 2024-07-12,,,466000,110000,576000,09/16/2006,0,HAYNES JOE W+SUE M,09/16/2006:SENYAH-BLOOD TRUST($0) | 01/13/1989:HAYNES JOE W+SUE M($0),2589300120
12,SENYAH-BLOOD TRUST,322 26TH AVE S,,98144,,,,8,3,0,2006-11-14,2023-12-15,2006-11-14 to 2007-02-12,,,401000,1000,402000,09/16/2006,0,,09/16/2006:SENYAH-BLOOD TRUST($0),1250200515
12,SENYAH-BLOOD TRUST,338 16TH AVE,,98122,,,,7,3,0,2011-12-23,2020-03-05,2018-06-14 to 2018-09-12,,,707000,241000,948000,09/16/2006,0,HAYNES JOE W+SUE M,09/16/2006:SENYAH-BLOOD TRUST($0) | 07/09/1999:HAYNES JOE W+SUE M($190000),7942601325
13,MEYER PAUL RAUCH+NANCY,1621 17TH AVE,CASCADIA APARTMENTS,98122,34,1924,3,91,43,0,2022-11-25,2025-05-07,2023-01-18 to 2023-04-18,EXTREME_VOLUME,,4320000,2330000,6650000,12/02/1993,0,CASCADIA APARTMENTS C/O CASCADIA APARTMENTS C/O GE,12/02/1993:MEYER PAUL RAUCH+NANCY($0) | 07/01/2006:CASCADIA APARTMENTS C/O CASCADIA APARTMENTS C/O GE($0) | 05/23/1994:GEMPERLE A RICHARD+MARY BETH($1360000),7234600490
14,REDWATER ASSOCIATES INC,322 20TH AVE,,98122,,,,43,7,0,2011-02-15,2023-06-16,2017-06-14 to 2017-09-12,LLC_OWNED,,520000,810000,1330000,11/28/2013,0,WRIGHT ERIKA JOSEPHINE+GORDON ROBERT ALLEN III,11/28/2013:REDWATER ASSOCIATES INC($0) | 11/19/2019:WRIGHT ERIKA JOSEPHINE+GORDON ROBERT ALLEN III($1150000) | 05/11/2017:ELITE REALESTATE LLC($0) | 05/06/2025:PATEL AVANI H+PANAYOTOV GEORGE($1589000) | 04/28/2016:MAYBERRY DIRK M($0),9126100660
14,REDWATER ASSOCIATES INC,8801 36TH AVE S,,98118,,,,29,5,0,2010-06-14,2022-01-26,2015-04-10 to 2015-07-09,LLC_OWNED,,350000,357000,707000,11/28/2013,0,ANDERSON KEVEN E,11/28/2013:REDWATER ASSOCIATES INC($0) | 10/12/2016:ANDERSON KEVEN E($383000) | 09/26/2020:AREGAWI MERHAWI($0) | 07/22/2020:AREGAWI MERHAWI($375000) | 07/01/2019:DEUTSCHE BANK NATIONAL TRUST CO($0),3241600005
14,REDWATER ASSOCIATES INC,8123 48TH AVE S,,98118,,,,13,5,0,2010-02-22,2013-09-20,2013-06-26 to 2013-09-24,LLC_OWNED,,301000,308000,609000,11/28/2013,0,WELLS FARGO BANK NA,11/28/2013:REDWATER ASSOCIATES INC($0) | 10/06/2014:WELLS FARGO BANK NA($180773) | 08/07/2018:YEATES COURTNEY+ KYLE($0) | 06/11/2015:KOMAI COURTNEY($194000) | 06/07/1985:MAYBERRY DONALD M($30342),5621100165
15,PAYNE R GREGORY,9434 DELRIDGE WAY SW,RETAIL & APTS,98106,,1926,2,60,7,0,2008-04-02,2024-12-04,2014-09-15 to 2014-12-14,,,422400,596300,1018700,11/17/1987,0,NGUYEN QUYNH-GIAO THY+PHAN PHUC,11/17/1987:PAYNE R GREGORY($0) | 06/22/2016:NGUYEN QUYNH-GIAO THY+PHAN PHUC($0) | 03/11/2005:NGUYEN QUYNH T+PHAN PHUC($577000) | 03/11/2005:PHAN DINH($0),9352901220
15,PAYNE R GREGORY,1405 DEXTER AVE N,Stellar Flats Apartments- formerly WINEMAKERS STUD,98109,160,2022,10,16,3,0,2009-01-22,2025-08-10,2009-01-22 to 2009-04-22,,,7182500,40237300,47419800,12/30/2009,1350000,DANILCHIK FAMILY COMPANY L.L.C,12/30/2009:PAYNE R GREGORY($1350000) | 12/27/1996:DANILCHIK FAMILY COMPANY L.L.C($0) | 12/08/2015:POLYGON WLH LLC($4500000) | 10/28/2021:STELLAR FLATS LLC($201593) | 10/20/2021:STELLAR FLATS LLC($0),3386900030
15,PAYNE R GREGORY,3440 15TH AVE W,,98119,,,,9,3,0,2008-08-28,2024-05-08,2019-07-01 to 2019-09-29,,,396000,220000,616000,10/28/1982,29000,RANJAN KUMUD+MANGALAMPALLI SRINIVASA B+ET AL,10/28/1982:PAYNE R GREGORY($29000) | 06/21/2023:RANJAN KUMUD+MANGALAMPALLI SRINIVASA B+ET AL($600000) | 06/21/2023:RANJAN KUMUD($0) | 06/21/2023:SACHDEVA DEEPAK($0) | 06/15/2023:MANGALAMPALLI SRINIVASA B($0),2770603425
16,FIRST STATE INVESTORS 5200 LLC,2012 NW 56TH ST,BANK OF AMERICA DRIVE THRU,98107,,,,84,60,0,2022-04-18,2025-01-28,2024-09-23 to 2024-12-22,SUSPICIOUS_IMPR_VALUE_1000 | EXTREME_VOLUME | LLC_OWNED,,6150000,1000,6151000,10/07/2004,846053,WH BALLARD LLC,10/07/2004:FIRST STATE INVESTORS 5200 LLC($846053) | 04/25/2016:WH BALLARD LLC($4060000),2767700310
17,AMUNDSON RON E+EDEL M,915 CHERRY ST,Starlight,98104,51,1956,3,24,4,0,2005-11-03,2025-09-12,2025-07-25 to 2025-10-23,,,8280000,1126000,9406000,07/04/2008,6450000,CHERRY TERRACE APARTMENTS JOIN,07/04/2008:AMUNDSON RON E+EDEL M($6450000) | 04/23/1986:CHERRY TERRACE APARTMENTS JOIN($957422) | 03/21/2014:STARLIGHT APARTMENTS LLC($0) | 01/01/2008:MILLER M EUGENE+BRAD E+FLIC THOMAS L+MOLLY T($0),8590900145
17,AMUNDSON RON E+EDEL M,213 S MAIN ST,THE OLD CANNERY WORKERS ILWU LOCAL 37 UNION BUILDI,98104,,1900,1,22,4,0,2007-02-02,2025-09-10,2023-04-10 to 2023-07-09,SUSPICIOUS_IMPR_VALUE_1000,,2592000,1000,2593000,06/14/2000,660000,,06/14/2000:AMUNDSON RON E+EDEL M($660000),5247800880
17,AMUNDSON RON E+EDEL M,320 HARVARD AVE E,FOURPLEX,98102,4,1905,2,18,3,0,2006-01-23,2025-05-22,2015-10-12 to 2016-01-10,,,2597000,49000,2646000,03/24/2000,400000,,03/24/2000:AMUNDSON RON E+EDEL M($400000),6850700395
17,AMUNDSON RON E+EDEL M,127 BROADWAY E,Hollywood Lofts,98102,24,1929,6,12,3,0,2013-07-22,2024-07-23,2023-08-21 to 2023-11-19,,,4536300,5677700,10214000,12/22/1989,0,HOLLYWOOD LOFTS LLC,12/22/1989:AMUNDSON RON E+EDEL M($0) | 12/13/2013:HOLLYWOOD LOFTS LLC($0) | 01/02/2014:SEATTLE CITY OF($0),6003002090
17,AMUNDSON RON E+EDEL M,910 E PIKE ST,THE HAYDEN,98122,17,1908,3,8,3,0,2006-08-03,2025-01-23,2025-01-07 to 2025-04-07,,,3292800,1124200,4417000,03/28/2007,2424900,MCELROY JAMES P+KAAREN E,03/28/2007:AMUNDSON RON E+EDEL M($2424900) | 01/31/1985:MCELROY JAMES P+KAAREN E($447600),6003000416
18,FAIRFIELD LAKE CITY LP,12740 30TH AVE NE,Subsidiay to -0660,98125,,,,81,25,0,2004-05-28,2025-09-09,2021-11-18 to 2022-02-16,EXTREME_VOLUME,,2827700,,2827700,12/16/2019,37300000,AMERICAN FAMILY LLC,12/16/2019:FAIRFIELD LAKE CITY LP($37300000) | 11/07/2016:AMERICAN FAMILY LLC($25000) | 07/25/2006:LAKE CITY SENIOR HOUSING ASSOCIATES  -LP($1527552),1453600640
19,KP CASA NITA LLC,430 12TH AVE E,CASA NITA APTS,98102,26,1925,3,79,10,0,2004-01-26,2024-09-11,2018-01-29 to 2018-04-29,LLC_OWNED,,3600000,2201000,5801000,12/01/2022,5892900,CASA-NIDA APARTMENTS REAL ESTATE INVESTMENT LLC,12/01/2022:KP CASA NITA LLC($5892900) | 11/03/2003:CASA-NIDA APARTMENTS REAL ESTATE INVESTMENT LLC($0) | 05/01/1993:NEYHART DOUGLAS J($0),6851700285
20,J-PAN INVESTMENT LLC,621 9TH AVE,BROWNS ROOMING HOUSE,98104,,,,77,24,0,2015-01-05,2025-08-08,2025-05-19 to 2025-08-17,EXTREME_VOLUME | LLC_OWNED,,3429300,,3429300,12/29/2017,3300000,HERRON STEWART,12/29/2017:J-PAN INVESTMENT LLC($3300000) | 10/21/1997:HERRON STEWART($0) | 03/03/2010:FAMILY STATIONS INC($0) | 01/21/2011:HERRON STEWART($0),8590400795
21,LEE PROPERTIES LLC,2415 8TH AVE N,SHERRI LEE APTS,98109,9,1962,4,26,8,0,2011-10-13,2024-09-26,2023-02-21 to 2023-05-22,LLC_OWNED,,1505000,993000,2498000,12/28/1995,0,LEE PROPERTIES L L C,12/28/1995:LEE PROPERTIES LLC($0) | 12/28/1995:LEE PROPERTIES L L C($0) | 08/30/2019:QUEEN VIEW LLC($2398650),3528901035
21,LEE PROPERTIES LLC,2020 WAVERLY PL N,VIRGINIA LEE APTS,98109,11,1966,3,14,10,0,2018-10-17,2020-01-17,2019-01-22 to 2019-04-22,LLC_OWNED,,1870500,1595500,3466000,12/28/1995,0,LEE PROPERTIES L L C,12/28/1995:LEE PROPERTIES LLC($0) | 12/28/1995:LEE PROPERTIES L L C($0) | 09/21/2018:CASBEN L.L.C.($3608900),9301300510
21,LEE PROPERTIES LLC,2119 23RD AVE W,Luke Apartments,98199,16,1972,3,12,5,0,2016-10-18,2025-07-18,2019-03-26 to 2019-06-24,LLC_OWNED,,2203500,2044500,4248000,12/28/1995,0,LEE PROPERTIES L L C,12/28/1995:LEE PROPERTIES LLC($0) | 12/28/1995:LEE PROPERTIES L L C($0) | 10/12/2018:LUKE APARTMENTS LLC($4498500),2771603560
21,LEE PROPERTIES LLC,41 DRAVUS ST,22 UNIT MULTIFAMILY BUILDING W/GROUND LEVEL COMMER,98109,22,1991,4,7,4,0,2017-01-19,2023-11-01,2017-01-19 to 2017-04-19,LLC_OWNED,,2942900,5675100,8618000,12/28/1995,0,SEDRA LLC +TDES 34791 LLC,12/28/1995:LEE PROPERTIES LLC($0) | 04/19/2021:SEDRA LLC +TDES 34791 LLC($6594500),1972206040
21,LEE PROPERTIES LLC,2315 W LYNN ST,LYNN VIEW APT,98199,7,1970,3,6,4,0,2017-02-24,2023-03-22,2017-02-24 to 2017-05-25,LLC_OWNED,,780000,1119000,1899000,12/28/1995,0,LEE PROPERTIES L L C,12/28/1995:LEE PROPERTIES LLC($0) | 12/28/1995:LEE PROPERTIES L L C($0) | 07/31/2019:URBAN ARTS ON LYNN STREET LLC($1553500) | 05/12/2023:2315 W LYNN APTS LLC($2063250),2771603445
21,LEE PROPERTIES LLC,2410 DEXTER AVE N,The Dex,98109,9,1986,3,6,3,0,2019-05-22,2020-12-03,2019-11-12 to 2020-02-10,LLC_OWNED,,1715500,1536500,3252000,12/28/1995,0,LEE PROPERTIES L L C,12/28/1995:LEE PROPERTIES LLC($0) | 12/28/1995:LEE PROPERTIES L L C($0) | 08/09/2019:2410 DEXTER ALLIANCE INVESTMENTS LLC($3372750),3528901010
22,NELSON MICHAEL R+LAURA J,4067 28TH AVE SW,,98126,,,,15,3,0,2004-02-19,2025-08-07,2004-02-19 to 2004-05-19,,,685000,80000,765000,09/25/2009,0,NELSON MICHAEL R,09/25/2009:NELSON MICHAEL R+LAURA J($0) | 09/03/2009:NELSON MICHAEL R($310000) | 07/29/1996:MACE WALTER($0) | 07/29/1996:MACE WALTER R($0),9358000725
22,NELSON MICHAEL R+LAURA J,2058 14TH AVE W,Triplex,98119,,,,14,5,0,2007-05-02,2022-11-11,2010-10-05 to 2011-01-03,,,777000,208000,985000,10/24/2006,375000,,10/24/2006:NELSON MICHAEL R+LAURA J($375000),2771602405
22,NELSON MICHAEL R+LAURA J,414 E MERCER ST,,98102,,,,9,4,0,2015-07-13,2018-05-14,2018-04-23 to 2018-07-22,,,1067000,44000,1111000,09/04/2014,625000,PINNEO GREGORY M,09/04/2014:NELSON MICHAEL R+LAURA J($625000) | 08/28/1995:PINNEO GREGORY M($0) | 08/19/1992:NELSON MICHAEL R($0) | 08/14/1992:PINNEO GREGORY M+BETHLYN J($180000) | 05/23/1996:TENACE ROBERT+DEBORAH A($224950),6848200325
22,NELSON MICHAEL R+LAURA J,7011 ROOSEVELT WAY NE,VISTA 7011,98115,53,2018,4,9,3,0,2009-10-06,2024-01-08,2022-06-15 to 2022-09-13,,,,10666800,10666800,03/28/2013,765000,NELSON MICHAEL R+LAURA J,03/28/2013:NELSON MICHAEL R+LAURA J($765000) | 03/28/2013:NELSON MICHAEL R+LAURA J($0) | 03/21/2012:WALTERS MARINA PAPAS($0) | 03/15/2018:7011 ROOSEVELT WAY NE LLC($0) | 02/05/2018:7011 ROOSEVELT WAY NE LLC($0),9138100481
22,NELSON MICHAEL R+LAURA J,5329 9TH AVE NE,,98105,,,,8,5,0,2015-01-13,2024-06-07,2019-08-26 to 2019-11-24,,,700000,231000,931000,05/26/1999,135000,LEXICON RELOCATION,05/26/1999:NELSON MICHAEL R+LAURA J($135000) | 02/18/2005:LEXICON RELOCATION($400500) | 02/18/2005:HOSKINS BRIAN T($400500) | 02/14/2001:RITTER CHRISTOPHER A+CYNTHIA L($278500),2862100460
22,NELSON MICHAEL R+LAURA J,4301 34TH AVE W,6 UNIT APT,98199,6,1959,2,8,3,0,2006-07-11,2023-12-13,2009-09-16 to 2009-12-15,,,1141000,115000,1256000,11/29/2007,775000,,11/29/2007:NELSON MICHAEL R+LAURA J($775000),4235400555
22,NELSON MICHAEL R+LAURA J,6202 12TH AVE NE,,98115,,,,4,4,0,2011-12-23,2012-02-03,2011-12-23 to 2012-03-22,,,585000,729000,1314000,11/08/2011,170000,RAMEY JANICE V,11/08/2011:NELSON MICHAEL R+LAURA J($170000) | 10/28/2011:RAMEY JANICE V($0) | 07/23/2012:SEIGLE MARK C+KACIE A($741000),1797500485
22,NELSON MICHAEL R+LAURA J,7516 ROOSEVELT WAY NE,7 UNIT APT,98115,7,1954,2,3,3,0,2019-10-18,2019-10-31,2019-10-18 to 2020-01-16,,,1236100,51900,1288000,04/20/2006,725000,CORLISS CREST-ROOSEVELT APTS LLC,04/20/2006:NELSON MICHAEL R+LAURA J($725000) | 04/06/2001:CORLISS CREST-ROOSEVELT APTS LLC($0) | 03/31/2000:DAVIS RUTH L($0) | 03/31/2000:DAVIS RUTH L+BLISS KATHIE($0) | 03/31/2000:DAVIS RUTH L+BLISS KATHIE($0),2979801381
23,SOUTHEAST EFFECTIVE DEVELOPMENT,3642 33RD AVE S,The Dakota at Rainier Court,98118,178,2005,7,70,17,0,2007-11-26,2025-09-04,2021-10-23 to 2022-01-21,,,9481000,47751200,57232200,12/23/2003,0,RAINIER COURT ASSOCIATES 2003-IIA LLC,12/23/2003:SOUTHEAST EFFECTIVE DEVELOPMENT($0) | 12/12/2003:RAINIER COURT ASSOCIATES 2003-IIA LLC($0) | 09/10/1996:DALEY BRETRAM($0) | 04/17/1998:RAINIER COMMUNITY CAPITAL CORP($0) | 04/09/1997:DALEY DUMP TRUCK SERVICE INC($0),3357400125
24,MYCON AL,4219 S OTHELLO ST,STATION AT OTHELLO PARK,98118,351,2010,7,55,9,0,2016-07-29,2025-09-09,2024-04-29 to 2024-07-28,,,9319700,3526500,12846200,12/13/1994,0,OHELLO LLC,12/13/1994:MYCON AL($0) | 12/01/2004:OHELLO LLC($2750000) | 08/28/2001:MYCON REAL ESTATE INVESTMENT LLC($0) | 07/15/2014:STATION AT OTHELLO PARK LLC($74766000) | 05/23/2008:SOUTH OTHELLO STREET LLC($8400000),1005000168
24,MYCON AL,2807 S HANFORD ST,The Hanford,98144,33,2024,6,9,4,0,2007-04-04,2020-10-14,2007-04-04 to 2007-07-03,,,504000,4895000,5399000,12/13/1994,0,MYCON REAL ESTATE INVESTMENT LLC,12/13/1994:MYCON AL($0) | 08/28/2001:MYCON REAL ESTATE INVESTMENT LLC($0) | 08/01/2008:O'NEILL KOHL LLC($0) | 06/13/2016:ABBC LLC($450000) | 05/23/2008:DEAN ASSOCIATES TITLEHOLDERS LLC($325000),1282300440
24,MYCON AL,3513 RAINIER AVE S,Rainier Avenue Car Wash,98144,,1973,1,3,3,0,2005-01-06,2005-01-10,2005-01-06 to 2005-04-06,SUSPICIOUS_IMPR_VALUE_1000,,2916000,1000,2917000,12/13/1994,0,MYCON REAL ESTATE INVESTMENT LLC,12/13/1994:MYCON AL($0) | 08/28/2001:MYCON REAL ESTATE INVESTMENT LLC($0) | 08/10/2001:MYCON STEVEN C($0),7879400155
25,OK HOTEL APARTMENTS LLC,212 ALASKAN WAY S,OK HOTEL APTS & Artist Studios,98104,44,1914,5,66,10,0,2017-03-10,2025-10-21,2023-11-02 to 2024-01-31,LLC_OWNED,,4348100,511400,4859500,12/28/2021,0,TRIAD OK LIMITED PARTNERSHIP ATTN: JOHN A GOODMAN,12/28/2021:OK HOTEL APARTMENTS LLC($0) | 11/06/2002:TRIAD OK LIMITED PARTNERSHIP ATTN: JOHN A GOODMAN($1590000) | 05/13/1997:FRANCIS AND BUTTNICK LLC($0),5247800090
26,MARTINEZ VASQUEZ JACQUELINE G,6968 24TH AVE SW,,98106,,,,65,21,0,2005-03-15,2022-11-01,2020-11-10 to 2021-02-08,EXTREME_VOLUME,,317000,540000,857000,10/16/2025,950000,FIELDS GLEN R,10/16/2025:MARTINEZ VASQUEZ JACQUELINE G($950000) | 08/09/1991:FIELDS GLEN R($0) | 07/02/2003:FIELDS GERALD G($0) | 05/11/2020:SY JIMMY($390000) | 02/15/2022:CENTURIAN PROPERTIES II LLC($580000),3438502390
27,PIONEER HUMAN SVCS,1717 BELMONT AVE,"Aspen Terrace Apartments, Primary",98122,90,2020,7,24,9,0,2014-09-24,2024-12-18,2018-04-19 to 2018-07-18,,,2000000,10028900,12028900,12/16/1995,3000000,PIONEER BELMONT 1 LLLP,12/16/1995:PIONEER HUMAN SVCS($3000000) | 08/30/2019:PIONEER BELMONT 1 LLLP($7572437),8804900680
27,PIONEER HUMAN SVCS,1712 SUMMIT AVE,Richard M Hudson House,98122,61,1906,3,24,3,0,2007-02-27,2025-09-17,2008-10-17 to 2009-01-15,,,3333200,1166800,4500000,12/16/1995,3000000,HHOUSE LLC,12/16/1995:PIONEER HUMAN SVCS($3000000) | 05/15/2024:HHOUSE LLC($4496450),8804900710
27,PIONEER HUMAN SVCS,1737 BELMONT AVE,VACANT LAND (FORMERLY THE GRANDBERG APTS),98122,,,,17,3,0,2004-08-30,2024-11-19,2011-08-31 to 2011-11-29,,,1720000,,1720000,12/16/1995,3000000,DOWNTOWN EMERGENCY SERVICE CENTER,12/16/1995:PIONEER HUMAN SVCS($3000000) | 07/18/2024:DOWNTOWN EMERGENCY SERVICE CENTER($6500000) | 01/13/2026:DESC BELMONT LLLP($0),8804900660
28,CITY OF SEATTLE,3021 SW BRADFORD ST,CITY VIEWS APTS,98126,107,1992,4,42,8,0,2014-11-24,2025-09-24,2022-02-03 to 2022-05-04,,,4641300,18223700,22865000,08/26/1992,0,MMJV LLC,08/26/1992:CITY OF SEATTLE($0) | 08/20/2020:MMJV LLC($0) | 03/28/1994:CITY VIEW APARTMENTS($5300000),1324039102
28,CITY OF SEATTLE,920 NE 63RD ST,ACTON APTS,98115,20,1992,5,17,4,0,2022-06-21,2025-08-11,2023-07-12 to 2023-10-10,,,3352800,4171200,7524000,06/01/1991,0,,06/01/1991:CITY OF SEATTLE($0),9221400410
28,CITY OF SEATTLE,4746 11TH AVE NE,LEE PLAZA,98105,40,1991,5,6,3,0,2004-02-09,2025-08-15,2005-12-23 to 2006-03-23,,,7569000,6939000,14508000,11/07/1990,0,LEE PLAZA ASSOCIATES LLC,11/07/1990:CITY OF SEATTLE($0) | 08/30/2011:LEE PLAZA ASSOCIATES LLC($0) | 04/30/2002:LEE PLAZA ASSOCIATES($0),6746701020
29,CAMBRIDGE LLLP,903 UNION ST,CAMBRIDGE APTS (LOW INCOME),98101,157,1922,10,63,5,0,2004-01-06,2025-08-26,2024-07-09 to 2024-10-07,,,161700,103100,264800,12/20/2016,18775000,HOUSING RESOURCE GROUP,12/20/2016:CAMBRIDGE LLLP($18775000) | 07/31/2001:HOUSING RESOURCE GROUP($4757667),1978200225
30,BEACON HILL INVESTORS I LLC,1410 S COLUMBIAN WAY,THE COLUMBIAN APTS,98144,20,1965,4,36,10,0,2008-08-18,2024-02-02,2017-02-03 to 2017-05-04,LLC_OWNED,,2454500,2079500,4534000,10/05/2016,5815200,SKC BEACON LLC,10/05/2016:BEACON HILL INVESTORS I LLC($5815200) | 07/02/2004:SKC BEACON LLC($2538985) | 04/30/1990:THE C AND C PARTENRSHIP($1153000) | 04/25/2008:THAI COLUMBIAN APARTMENTS LLC($3448200) | 03/07/2002:SMITH JOE R($2350000),3679400045
30,BEACON HILL INVESTORS I LLC,1414 S COLUMBIAN WAY,THE COLUMBIAN APTS,98144,20,1963,4,26,13,0,2006-05-18,2025-01-09,2016-11-15 to 2017-02-13,LLC_OWNED,,2067200,2932800,5000000,10/05/2016,5815200,SKC BEACON LLC,10/05/2016:BEACON HILL INVESTORS I LLC($5815200) | 07/02/2004:SKC BEACON LLC($2538985) | 04/30/1990:THE C AND C PARTENRSHIP($1153000) | 04/25/2008:THAI COLUMBIAN APARTMENTS LLC($3448200) | 03/07/2002:SMITH JOE R($2350000),3679400060
31,SEATTLE CHINESE ALLIANCE,2803 S ORCAS ST,SEATTLE CHINESE ALLIANCE CHURCH,98108,,1958,2,62,19,0,2004-03-11,2025-06-21,2020-01-04 to 2020-04-03,,,1242500,922800,2165300,06/17/1988,800000,,06/17/1988:SEATTLE CHINESE ALLIANCE($800000),7857000920
32,BOULTON ENTERPRISES L.L.C,518 N 79TH ST,,98103,,,,24,5,0,2005-05-12,2020-12-24,2020-01-06 to 2020-04-05,,,520000,628000,1148000,12/28/1998,0,BOULTON EDWARD C+HILLE A,12/28/1998:BOULTON ENTERPRISES L.L.C($0) | 11/30/1993:BOULTON EDWARD C+HILLE A($0) | 11/18/2022:SAGOIAN PROPERTIES LLC($730000),1923300180
32,BOULTON ENTERPRISES L.L.C,3618 2ND AVE NW,3618 FREMONT,98107,21,2019,3,18,3,0,2006-04-12,2022-06-28,2008-12-16 to 2009-03-16,,,860000,3201000,4061000,12/28/1998,0,BOULTON EDWARD C+HILLE A,12/28/1998:BOULTON ENTERPRISES L.L.C($0) | 11/29/1995:BOULTON EDWARD C+HILLE A($110000) | 10/03/2006:THORPE PROPERTIES L L C($450000) | 10/02/2009:BOULTON ENTERPRISES LLC($0) | 02/27/2014:GREEN IS GOOD LLC($275000),1972200091
32,BOULTON ENTERPRISES L.L.C,6408 PHINNEY AVE N,APARTMENTS,98103,7,1919,2,10,4,0,2004-11-03,2015-05-05,2015-03-06 to 2015-06-04,,,893000,879000,1772000,12/28/1998,0,KOGA 6408 PHINNEY LLC,12/28/1998:BOULTON ENTERPRISES L.L.C($0) | 08/01/2017:KOGA 6408 PHINNEY LLC($2250000) | 05/09/2023:WONG WILLIAM M+JANE SU+ET AL($2069500) | 01/26/2015:BLUEPRINT 6408 LLC($600000),9523101586
32,BOULTON ENTERPRISES L.L.C,813 N 44TH ST,FOURPLEX,98103,,,,7,3,0,2009-09-21,2017-08-15,2013-09-13 to 2013-12-12,,,460000,1001000,1461000,12/28/1998,0,THORPE PROPERTIES LLC,12/28/1998:BOULTON ENTERPRISES L.L.C($0) | 12/10/2007:THORPE PROPERTIES LLC($0) | 11/14/2007:THROPE JAMES W+KIMBERLY L($0) | 11/07/2014:FARRELL AARON J($352950) | 10/03/2006:THORPE PROPERTIES L L C($400000),5694000710
33,ELLENBERT APARTMENTS REAL ESTATE INVESTMENTS LLC,915 E HARRISON ST,ELLEN BERT APTS,98102,43,1928,4,59,8,0,2006-01-10,2025-08-29,2021-10-13 to 2022-01-11,LLC_OWNED,,5734500,1315500,7050000,11/03/2003,0,NEYHART DOUGLAS J,11/03/2003:ELLENBERT APARTMENTS REAL ESTATE INVESTMENTS LLC($0) | 05/01/1993:NEYHART DOUGLAS J($0) | 04/01/2023:ELLENBERT APARTMENTS LLC($7045700),6850700005
34,JOSEPHINUM ASSOCIATES,1902 2ND AVE,JOSEPHINUM-Archdiocesan Housing Authority,98101,222,1907,14,59,6,0,2009-10-26,2025-08-11,2023-08-17 to 2023-11-15,,,486800,900400,1387200,12/29/1989,3300000,SEATTLE CITY OF,12/29/1989:JOSEPHINUM ASSOCIATES($3300000) | 08/07/2017:SEATTLE CITY OF($1653919) | 06/30/2009:ARCHDIOCESAN HOUSING AUTHORITY($0) | 05/07/2012:1915 SECOND AVENUE LLC($10000),1977201060
35,B T S INTERNATIONAL LLC,505 HARRISON ST,I MUSIC DANCE CLUB,98109,,,,58,44,0,2021-01-13,2025-10-27,2025-08-05 to 2025-11-03,EXTREME_VOLUME | LLC_OWNED,,5424000,,5424000,05/24/2012,0,LEE BASIL+LEE TERESA,05/24/2012:B T S INTERNATIONAL LLC($0) | 05/16/2002:LEE BASIL+LEE TERESA($0) | 02/26/2008:LEE BASIL+TERESA+WANG STEPHANIE($0) | 01/28/1987:LEE NAI LI($0),1991200400
36,FEDERAL NATIONAL MORTGAGE ASSOCIATION,5243 17TH AVE SW,,98106,,,,13,4,0,2004-11-08,2020-08-20,2017-08-23 to 2017-11-21,,,339000,325000,664000,07/07/2011,0,FEDERAL NATIONAL MORTGAGE ASSN,07/07/2011:FEDERAL NATIONAL MORTGAGE ASSOCIATION($0) | 07/07/2011:FEDERAL NATIONAL MORTGAGE ASSN($0) | 06/21/1993:TRINH HONG($112000) | 03/31/1992:BELL MARTINEZ ROBERSON SANDRA($0) | 01/04/2012:MUELLER KARYN($205000),3438500170
36,FEDERAL NATIONAL MORTGAGE ASSOCIATION,12550 ASHWORTH AVE N,,98133,,,,12,4,0,2004-02-26,2011-06-29,2004-06-24 to 2004-09-22,,,468000,361000,829000,05/04/2005,0,BECK DEVON P+LAURA L,05/04/2005:FEDERAL NATIONAL MORTGAGE ASSOCIATION($0) | 02/01/2006:BECK DEVON P+LAURA L($237000),3034200870
36,FEDERAL NATIONAL MORTGAGE ASSOCIATION,4626 S KENYON ST,,98118,,,,11,4,0,2007-02-26,2023-03-05,2009-10-29 to 2010-01-27,,,320000,304000,624000,12/17/2013,245453,BLOCK CYNTHIA+RAFAEL,12/17/2013:FEDERAL NATIONAL MORTGAGE ASSOCIATION($245453) | 08/15/1996:BLOCK CYNTHIA+RAFAEL($128000) | 07/24/2014:BOTHA ADELE S+ROMICH JENNIFER L+TAYLOR SHARON($255500) | 06/22/1996:BACKMAN ERIK PEHR EBENHARD+BIRGITT EA($0) | 04/08/2003:BLOCK CYNTHIA($0),1443501060
36,FEDERAL NATIONAL MORTGAGE ASSOCIATION,8427 48TH AVE S,,98118,,,,7,3,0,2013-07-02,2021-03-22,2013-07-02 to 2013-09-30,,,392000,147000,539000,08/02/2011,0,XIA HAI LIN,08/02/2011:FEDERAL NATIONAL MORTGAGE ASSOCIATION($0) | 07/24/1995:XIA HAI LIN($0) | 07/11/1995:XIA HAI  LIN($75000) | 06/14/2000:NGUYEN THIEN HUU+JONG NHUNG THI TA($155000) | 06/11/2007:LE BON THI+VO SANG THANH+THUY HIEU NGUYEN($310000),2123700120
36,FEDERAL NATIONAL MORTGAGE ASSOCIATION,3924 S PILGRIM ST,,98118,,,,6,4,0,2007-11-01,2013-06-26,2013-06-13 to 2013-09-11,,,273000,272000,545000,12/02/2015,245000,ZACKERY EARL C,12/02/2015:FEDERAL NATIONAL MORTGAGE ASSOCIATION($245000) | 11/21/2006:ZACKERY EARL C($0) | 11/04/2020:MCMENAMY SARA L+DAVID ALAN($0) | 10/28/2002:ZACKERY EARL+GANDY TAMIKO($176000) | 08/15/1994:TAYLOR FREDERICK L+YUNULAH($0),8101900260
36,FEDERAL NATIONAL MORTGAGE ASSOCIATION,5223 S ROXBURY ST,,98118,,,,6,4,0,2011-07-18,2013-07-03,2011-07-18 to 2011-10-16,,,255000,460000,715000,08/21/2014,325585,BONNEVIE LILIA B,08/21/2014:FEDERAL NATIONAL MORTGAGE ASSOCIATION($325585) | 08/04/2000:BONNEVIE LILIA B($0) | 04/29/2015:WU YA CHANG+YU CHAORONG($350000) | 03/23/2005:DANG PAUL+PHAM THAO($315000) | 03/04/2015:PT HOLDING LLC($0),7131300063
36,FEDERAL NATIONAL MORTGAGE ASSOCIATION,9037 21ST AVE SW,,98106,,,,3,3,0,2015-08-21,2015-08-27,2015-08-21 to 2015-11-19,SUSPICIOUS_IMPR_VALUE_1000,,867000,1000,868000,11/16/2015,152797,BROWN EMILY+JOHN,11/16/2015:FEDERAL NATIONAL MORTGAGE ASSOCIATION($152797) | 06/27/2016:BROWN EMILY+JOHN($290000),4365700465
37,LOFTON DARRYL G,7319 31ST AVE SW,,98126,,,,58,18,0,2015-12-03,2024-06-02,2020-02-28 to 2020-05-28,,,322000,213000,535000,10/03/1995,93500,,10/03/1995:LOFTON DARRYL G($93500),8122100540
38,BUDDHIST CULTURAL CENTER OF THE NW,6924 42ND AVE S,BUDDHIST CULTURAL CENTER,98118,,1919,2,58,7,0,2005-09-07,2021-08-13,2015-05-22 to 2015-08-20,NAMED_INSPECTOR,,,4710300,4710300,08/26/2016,0,LEE WILLIAM,08/26/2016:BUDDHIST CULTURAL CENTER OF THE NW($0) | 06/26/1996:LEE WILLIAM($170000),2724049004
39,PANORAMA SEATTLE LLC,1100 UNIVERSITY ST,PANORAMA HOUSE APTS,98101,179,1962,18,57,10,0,2012-06-07,2025-10-11,2025-07-08 to 2025-10-06,LLC_OWNED,,21804000,74263000,96067000,11/16/2021,119865750,PANORAMA HOUSE VENTURE LLC,11/16/2021:PANORAMA SEATTLE LLC($119865750) | 09/05/2014:PANORAMA HOUSE VENTURE LLC($73982000) | 08/27/1997:PANORAMA HOUSE L L C($0) | 07/23/2025:PANORAMA SEATTLE APARTMENTS LLC($0) | 05/11/2022:PANORAMA SEATTLE II LLC($0),1978200470
40,BURLESON CARL ELI+JOAN,2023 24TH AVE S,,98144,,,,56,13,0,2017-01-19,2023-08-01,2020-06-16 to 2020-09-14,SUSPICIOUS_IMPR_VALUE_1000,,806000,1000,807000,07/19/2003,0,BURLESON JOAN,07/19/2003:BURLESON CARL ELI+JOAN($0) | 06/12/2014:BURLESON JOAN($0) | 05/19/2014:2023 24TH AVE LLC($333000),1498302783
41,DOAN CINDY LYN,9032 17TH AVE SW,,98106,,,,56,7,0,2015-02-18,2025-09-10,2021-01-24 to 2021-04-24,SUSPICIOUS_IMPR_VALUE_1000,,544000,1000,545000,12/24/2014,0,LUU LIN,12/24/2014:DOAN CINDY LYN($0) | 11/20/2002:LUU LIN($0) | 11/20/2002:LUU LIN($115000) | 10/29/2004:LE PHUC VAN($0) | 04/24/1989:LE THIEN D+NGUYEN KIM-ANH($40875),7899800975
42,WEINER JERALD DAVID+MARC V -REV TRUST,504 E DENNY WAY,ST FLORENCE APT,98122,39,1914,3,40,8,0,2006-07-11,2025-05-28,2022-01-25 to 2022-04-25,,,3528400,5104600,8633000,11/29/2012,0,WEINER MARC VICTOR,11/29/2012:WEINER JERALD DAVID+MARC V -REV TRUST($0) | 11/01/2002:WEINER MARC VICTOR($0) | 11/01/2002:WEINER JERALD DAVID($0) | 10/01/2002:WEINER JERALD DAVID($0) | 10/01/2002:WEINER MARC VICTOR($0),6848200650
42,WEINER JERALD DAVID+MARC V -REV TRUST,621 1ST AVE W,QUEEN ANNE ARMS APTS,98119,30,1918,4,15,5,0,2006-12-08,2022-01-11,2021-11-15 to 2022-02-13,SUSPICIOUS_IMPR_VALUE_1000,,7040000,1000,7041000,11/29/2012,0,WEINER JERALD DAVID+DEUTSCH DARYL+DANZ RONALD+WEIN,11/29/2012:WEINER JERALD DAVID+MARC V -REV TRUST($0) | 11/29/2012:WEINER JERALD DAVID+DEUTSCH DARYL+DANZ RONALD+WEIN($0) | 11/01/2002:WEINER MARC VICTOR($0) | 11/01/2002:WEINER JERALD DAVID($0) | 10/02/2013:QUEEN ANNE ARNS INVESTORS 2013 L L C($0),3879900530
43,HAGLUND CARL R,3430 RENTON PL S,THE OWYHEE,98144,23,1968,3,33,4,0,2006-07-20,2025-09-05,2015-06-10 to 2015-09-08,,,2574000,2187000,4761000,04/15/1994,650000,COLUMBIA CITY CONDOS-OWAHE LLC,04/15/1994:HAGLUND CARL R($650000) | 03/17/2008:COLUMBIA CITY CONDOS-OWAHE LLC($0),1282300555
43,HAGLUND CARL R,8401 RAINIER PL S,EDEN'S ROCK APTS,98118,11,1961,2,22,5,0,2004-09-22,2022-11-14,2007-11-16 to 2008-02-14,,,983200,1688800,2672000,11/28/2005,256785,HAGLUND VICTOR,11/28/2005:HAGLUND CARL R($256785) | 10/20/2005:HAGLUND VICTOR($0) | 08/17/2018:SEWARD PARK LLC($0) | 08/17/2018:HAGLUND CARL($0) | 08/01/1994:RAGAN LLOYD+GLENDA L($314000),2123700010
44,SEA21G LLC,415 31ST AVE E,,98112,,,,40,6,0,2012-03-12,2023-09-30,2021-05-27 to 2021-08-25,LLC_OWNED,,615000,1423000,2038000,09/13/2021,500000,WOLF CLAIRE D+BUTLER ANDREW M,09/13/2021:SEA21G LLC($500000) | 07/26/2024:WOLF CLAIRE D+BUTLER ANDREW M($2155400) | 05/03/2023:31ST AVENUE LLC($690000) | 04/08/2006:REYNOLDS TRACY L+LAURA M+TONIA E($0),9209900320
44,SEA21G LLC,520 NE 92ND ST,,98115,,,,5,3,0,2017-11-20,2023-09-17,2023-09-11 to 2023-12-10,LLC_OWNED,,679000,1622000,2301000,11/30/2021,675000,SMITH SUSAN T+MCKEOWN DENNIS J,11/30/2021:SEA21G LLC($675000) | 10/18/2023:SMITH SUSAN T+MCKEOWN DENNIS J($2000000) | 09/28/2015:CARD JESSE I+BOPP ANTHONY H($370000) | 08/24/1993:WHITE BARBARA STROBEL($125000) | 06/05/1997:PAPKE BRAD L($139900),5100403576
44,SEA21G LLC,2521 E MCGRAW ST,,98112,,,,5,3,0,2024-08-29,2024-12-18,2024-08-29 to 2024-11-27,LLC_OWNED,,833000,1399000,2232000,12/11/2023,900000,HOPPE ERIC J,12/11/2023:SEA21G LLC($900000) | 12/03/1998:HOPPE ERIC J($278000) | 07/21/1997:SCOTT KEN($0) | 05/09/2024:KHALIL MUNIRA+GUPTA SUBHADEEP($1300000),6788201235
44,SEA21G LLC,1542 NE 88TH ST,,98115,,,,4,3,0,2008-03-18,2022-02-03,2021-11-29 to 2022-02-27,LLC_OWNED,,679000,1350000,2029000,12/17/2021,745000,HAMMER CHRISTOPHER,12/17/2021:SEA21G LLC($745000) | 10/19/1992:HAMMER CHRISTOPHER($143500) | 06/26/2007:LALONDE GUYLAINE V($528875) | 02/20/2024:CHEN CHUNLI+CHENG YENSHUANG($2100000) | 02/07/2023:ABCD HOLDINGS LLC($690000),5101401765
45,PLYMOUTH HOUSING GROUP,1400 MADISON ST,THE RISE ON MADISON-Bellweather Housing,98104,,2021,18,54,12,0,2018-09-04,2025-08-20,2024-04-22 to 2024-07-21,NAMED_INSPECTOR,,4206000,23164300,27370300,03/27/2023,2161563,,03/27/2023:PLYMOUTH HOUSING GROUP($2161563),5009800000
46,FFHS HOUSING PARTNERS LP,747 N 135TH ST,FOUR FREEDOMS HOUSE OF SEATTLE,98133,372,1964,7,53,7,0,2004-03-03,2025-09-11,2023-10-27 to 2024-01-25,,,29081260,52318740,81400000,12/12/2018,14710000,,12/12/2018:FFHS HOUSING PARTNERS LP($14710000),1926049347
47,ERICKSON JAMES P+TAMSIN J,10 E ROANOKE ST,ROANOKE REEF THE CONDOMINIUM,98102,,,,50,41,0,2005-12-07,2021-08-17,2008-12-08 to 2009-03-08,EXTREME_VOLUME,,2009900,1309400,3319300,02/08/1983,10000,,02/08/1983:ERICKSON JAMES P+TAMSIN J($10000),7356200000
48,GREENWOOD SHOPPING CENTER INC,100 NW 85TH ST,FRED MEYER - GREENWOOD (ECON. UNITS ON #0255 & 567,98117,,1970,2,50,9,0,2006-08-15,2025-08-05,2023-06-07 to 2023-09-05,SUSPICIOUS_IMPR_VALUE_1000 | LLC_OWNED,,59320800,1000,59321800,12/18/1986,0,GREENWOOD FM PROPERTIES LLC,12/18/1986:GREENWOOD SHOPPING CENTER INC($0) | 11/29/2012:GREENWOOD FM PROPERTIES LLC($0) | 05/30/2012:SEATTLE CITY OF($0),9231900160
49,HARSCH INVESTMENT REALTY L L C+SERIES I,1317 BOREN AVE,Sovereign Apartments,98101,49,1925,5,50,5,0,2009-06-04,2025-10-28,2013-09-20 to 2013-12-19,,,8280000,844000,9124000,12/21/2000,0,SOVEREIGN ASSOCIATES DELAWARE LLC,12/21/2000:HARSCH INVESTMENT REALTY L L C+SERIES I($0) | 10/09/2024:SOVEREIGN ASSOCIATES DELAWARE LLC($0) | 09/16/2002:HARSCH INVESTMENT REALTY LLC($0) | 04/14/2003:SOVEREIGN ASSOCIATES LLC C/O CITY CENTER REAL ESTA($4567817),1978200340
50,HHC DEVELOPMENTS INC,5109 S WILLOW ST,,98118,,,,50,4,0,2005-02-04,2024-05-31,2007-04-06 to 2007-07-05,LLC_OWNED,,420000,320000,740000,09/02/2020,365000,,09/02/2020:HHC DEVELOPMENTS INC($365000),1112000080
51,FEDERAL NATIONAL MORTGAGE ASSN,8456 7TH AVE SW,,98106,,,,17,4,0,2004-04-30,2025-05-02,2007-12-10 to 2008-03-09,,,417000,877000,1294000,11/29/2011,269800,HULLIN DAVID+JUDITH,11/29/2011:FEDERAL NATIONAL MORTGAGE ASSN($269800) | 06/08/2000:HULLIN DAVID+JUDITH($300000) | 05/27/2003:HAYS DORIS F($330000) | 05/10/2012:BEACH ROCK INVESTMENTS LLC($259900),7972601825
51,FEDERAL NATIONAL MORTGAGE ASSN,4700 S MEAD ST,,98118,,,,9,4,0,2006-03-02,2010-07-29,2007-07-05 to 2007-10-03,,,161000,424000,585000,12/17/2010,0,THIELK MICHAEL,12/17/2010:FEDERAL NATIONAL MORTGAGE ASSN($0) | 12/03/2025:THIELK MICHAEL($690000) | 08/27/2004:BROWN CHRISTINE D($71343) | 06/30/1992:EVANGELISTA REVELINA C($54500) | 05/10/2012:SKAKHRAMANOV ARTUR($0),3332000370
51,FEDERAL NATIONAL MORTGAGE ASSN,6521 21ST AVE SW,,98106,,,,8,4,0,2009-07-17,2013-03-13,2012-03-06 to 2012-06-04,,,430000,412000,842000,12/05/2012,0,DEARDORFF SUSAN L,12/05/2012:FEDERAL NATIONAL MORTGAGE ASSN($0) | 05/15/2003:DEARDORFF SUSAN L($0) | 02/25/2013:WASTMAN KELLY R+MY NHUNG T PHAN($139900) | 01/30/1996:DEARDORFF DENNIS C+SUSAN L($0),3438501603
51,FEDERAL NATIONAL MORTGAGE ASSN,6242 FLORA AVE S,,98108,,,,7,4,0,2021-04-27,2025-09-09,2025-08-13 to 2025-11-11,,,316000,273000,589000,12/18/2012,0,MOSS DAVID,12/18/2012:FEDERAL NATIONAL MORTGAGE ASSN($0) | 03/19/2013:MOSS DAVID($255000) | 02/19/2020:JT PROPERTIES DEVELOPMENT LLC($382000),2734100975
51,FEDERAL NATIONAL MORTGAGE ASSN,13757 19TH AVE NE,,98125,,,,5,3,0,2012-06-21,2013-12-04,2013-10-29 to 2014-01-27,,,521000,281000,802000,12/13/2012,276250,ARREYGUE ALFREDO R+MARIA V HERNANDEZ+HERNANDEZ GUM,12/13/2012:FEDERAL NATIONAL MORTGAGE ASSN($276250) | 10/25/2001:ARREYGUE ALFREDO R+MARIA V HERNANDEZ+HERNANDEZ GUM($265000) | 08/01/2006:HERNANDEZ MARIA V+ARREYGUE ALFREDO($402825) | 06/18/2013:DOUGLAS DOROTHY($385000) | 03/31/2004:PEREZ GUMECINDO HERNANDEZ($81701),6632300043
51,FEDERAL NATIONAL MORTGAGE ASSN,9204 12TH AVE NW,,98117,,,,3,3,0,2013-11-27,2013-12-18,2013-11-27 to 2014-02-25,,,527000,397000,924000,12/13/2013,0,TAKAKURA MASAHIRO+OGATA LISA,12/13/2013:FEDERAL NATIONAL MORTGAGE ASSN($0) | 09/17/2021:TAKAKURA MASAHIRO+OGATA LISA($0) | 09/12/2007:SORENSEN DAVID($0) | 08/02/2006:SORENSEN DAVID+HAZEL($0) | 07/29/2014:SCHOELERMAN RYAN+RENEE($315000),1862400201
52,HOUSING AUTHORITY OF THE CITY OF SEATTLE,9000 20TH AVE SW,MONTRIDGE ARMS-SHA,98106,33,1968,3,14,3,0,2008-06-10,2021-06-18,2017-02-06 to 2017-05-07,,,1763700,6104300,7868000,12/31/2001,1786800,HOUSING AUTHORITY OF THE CITY OF SEATTLE,12/31/2001:HOUSING AUTHORITY OF THE CITY OF SEATTLE($1786800) | 12/31/2001:HOUSING AUTHORITY OF THE CITY OF SEATTLE($0),7899800640
52,HOUSING AUTHORITY OF THE CITY OF SEATTLE,3716 NE 75TH ST,WEDGWOOD ESTATES,98115,204,1960,2,12,4,0,2004-10-28,2025-04-07,2007-11-16 to 2008-02-14,,,42504000,17650000,60154000,07/11/2001,20350000,,07/11/2001:HOUSING AUTHORITY OF THE CITY OF SEATTLE($20350000),6392001040
52,HOUSING AUTHORITY OF THE CITY OF SEATTLE,1115 NW MARKET ST,MARKET TERRACE APTS 30 UNITS,98107,30,1980,3,10,3,0,2014-02-26,2024-12-06,2023-10-23 to 2024-01-21,,,5000000,2154000,7154000,07/24/2002,2796622,BURNETT BEVERLY+RODENHAUSER DONNA,07/24/2002:HOUSING AUTHORITY OF THE CITY OF SEATTLE($2796622) | 03/22/1999:BURNETT BEVERLY+RODENHAUSER DONNA($0) | 02/04/1997:IVERSON EVELYN M($0),2768300150
52,HOUSING AUTHORITY OF THE CITY OF SEATTLE,9440 27TH AVE SW,ROXBURY APARTMENTS,98126,42,1997,3,9,4,0,2017-05-09,2025-08-25,2023-12-06 to 2024-03-05,,,2297800,6387200,8685000,12/31/2002,0,MASTRO MICHAEL R,12/31/2002:HOUSING AUTHORITY OF THE CITY OF SEATTLE($0) | 12/28/1996:MASTRO MICHAEL R($325000) | 03/31/1998:VAN PHAM MINH+DU MY DAN($2500000),6882500035
52,HOUSING AUTHORITY OF THE CITY OF SEATTLE,2811 S NORMAN ST,,98144,,,,4,3,0,2012-08-13,2019-07-10,2019-06-18 to 2019-09-16,,,315000,288000,603000,10/30/2002,175130,DECKER+FEDAN,10/30/2002:HOUSING AUTHORITY OF THE CITY OF SEATTLE($175130) | 08/29/2002:DECKER+FEDAN($0) | 04/02/1996:CIMARRON 8 LLC($0) | 01/15/2002:CIMARRON 8 LLC($0) | 01/02/2002:DECKER BRAD ET AL($0),3274800640
53,STACK HOUSE HOLDCO LLC,420 PONTIUS AVE N,STACK HOUSE APARTMENTS- w/-0100,98109,278,2014,7,49,11,0,2012-02-21,2025-10-30,2021-01-05 to 2021-04-05,LLC_OWNED,,22302000,94322000,116624000,12/20/2018,0,CITY INVESTORS XVIII L L C,12/20/2018:STACK HOUSE HOLDCO LLC($0) | 07/07/2000:CITY INVESTORS XVIII L L C($9500000) | 06/07/2024:STACK HOUSE APARTMENTS LLC($103464517) | 04/17/2012:SEATTLE CITY OF($0) | 02/13/2015:STACK HOUSE ACQUISITION LLC($148737327),6849200065
54,DOVER LLC,614 13TH AVE E,614 13th Ave E,98102,20,2023,6,49,7,0,2015-12-11,2025-07-18,2018-05-17 to 2018-08-15,LLC_OWNED,,1800000,3188000,4988000,09/17/2019,1850000,MOORE CLIFFORD C FAMILY L L C,09/17/2019:DOVER LLC($1850000) | 06/27/1997:MOORE CLIFFORD C FAMILY L L C($0) | 05/17/2015:614 13TH AVE E LLC($1250000) | 05/17/2015:614 13TH AVE E LLC($0) | 03/30/2015:THE FONNER FAMILY LLC($0),6851700040
55,HO INVESTMENT LIMITED PARTNERSHIP,4754 19TH AVE NE,ROOMING HOUSE,98105,,1919,2,34,5,0,2004-04-07,2024-04-03,2005-02-09 to 2005-05-10,SUSPICIOUS_IMPR_VALUE_1000,,1277300,1000,1278300,07/26/1999,455000,SABAH SHARIFAH,07/26/1999:HO INVESTMENT LIMITED PARTNERSHIP($455000) | 03/29/2005:SABAH SHARIFAH($0) | 03/29/2005:SABAH SHARIFAH+BAHARAIN LINA($559000),8823901485
55,HO INVESTMENT LIMITED PARTNERSHIP,4758 19TH AVE NE,TRIPLEX,98105,,,,14,3,0,2005-05-11,2025-10-01,2012-09-25 to 2012-12-24,,,1007000,381000,1388000,07/26/1999,425000,SABAH SHARIFAH+BAHARAIN LINA,07/26/1999:HO INVESTMENT LIMITED PARTNERSHIP($425000) | 04/20/2005:SABAH SHARIFAH+BAHARAIN LINA($552500) | 04/20/2005:SABAH SHARIFAH+BAHARAIN LINA($0),8823901480
56,WSCO MPPP,3804 23RD AVE SW,,98106,,,,48,7,0,2006-10-02,2025-09-18,2018-01-12 to 2018-04-12,SUSPICIOUS_IMPR_VALUE_1000,,524000,1000,525000,12/12/2014,0,126 LLC,12/12/2014:WSCO MPPP($0) | 06/04/2018:126 LLC($245000) | 04/06/2017:11815 SE 282ND LLC($249950) | 02/13/2017:3804 23RD LLC($0) | 02/10/2017:3804 23RD  LLC($60000),2848700125
57,PIONEER HUMAN SERVICES,1515 BELMONT AVE,The Helen,98122,39,1908,3,48,5,0,2004-06-28,2025-03-06,2023-03-10 to 2023-06-08,,,2625000,1881400,4506400,10/15/1991,639533,PROJECT S41 LLC,10/15/1991:PIONEER HUMAN SERVICES($639533) | 03/30/2021:PROJECT S41 LLC($2875000),8804900850
58,VO TONY+TRUNG HUE THI,3506 S ADAMS ST,,98118,,,,47,11,0,2006-07-26,2025-06-26,2012-01-13 to 2012-04-12,SUSPICIOUS_IMPR_VALUE_1000,,568000,1000,569000,12/30/1998,22368,VO TONY,12/30/1998:VO TONY+TRUNG HUE THI($22368) | 01/13/2006:VO TONY($33852),1604601541
59,NEW LIFE BIBLE FELLOWSHIP,4200 S OTHELLO ST,ASSEMBLY118 APTS (OTHELLO STATION NORTH),98118,359,2016,7,47,11,0,2009-09-08,2025-07-03,2023-07-30 to 2023-10-28,,,,98465300,98465300,12/20/1997,0,OTHELLO NORTH LP,12/20/1997:NEW LIFE BIBLE FELLOWSHIP($0) | 10/28/2013:OTHELLO NORTH LP($0) | 06/12/2013:OTHELLO NORTH LP($4800000) | 06/12/2013:OTHELLO NORTH LP($0) | 02/06/2007:OTHELLO STATION NORTH LLC($4500000),8800000035
60,STOUT DAVID E,5052 25TH AVE SW,,98106,,,,47,8,0,2008-07-30,2025-09-20,2023-05-15 to 2023-08-13,,,302000,306000,608000,05/09/2018,0,STOUT DICK,05/09/2018:STOUT DAVID E($0) | 03/20/2011:STOUT DICK($0),1773100805
61,EQR-HARBOR STEPS LLC,1221 1ST AVE,HARBOR STEPS (SE TOWER),98101,303,1996,25,26,4,0,2008-09-04,2025-03-20,2022-04-14 to 2022-07-13,LLC_OWNED,,76090500,49248500,125339000,09/23/2005,171788831,HARBOR STEPS HOLDINGS LLC,09/23/2005:EQR-HARBOR STEPS LLC($171788831) | 08/28/2003:HARBOR STEPS HOLDINGS LLC($0) | 08/28/2003:HARBOR STEPS LLC($0) | 05/29/1992:HARBOR STEPS LTD PARTNERSHIP($0),1976200076
61,EQR-HARBOR STEPS LLC,1301 1ST AVE,Harbor Steps NE Tower,98101,170,2000,28,21,4,0,2007-07-18,2025-07-28,2024-01-11 to 2024-04-10,LLC_OWNED,,17136000,78906000,96042000,09/23/2005,171788831,HARBOR STEPS HOLDINGS LLC,09/23/2005:EQR-HARBOR STEPS LLC($171788831) | 08/28/2003:HARBOR STEPS HOLDINGS LLC($0) | 08/28/2003:HARBOR STEPS LLC($0) | 05/29/1992:HARBOR STEPS LTD PARTNERSHIP($0),1976200075
62,BROADWAY FORTUNE ASSOCIATES LLC,1203 JAMES ST,THE BROADWAY APTS,98104,33,1925,3,47,7,0,2007-01-09,2025-04-22,2019-07-29 to 2019-10-27,LLC_OWNED,,3712500,1319500,5032000,12/27/2005,3158440,BROADWAY-JAMES L L C,12/27/2005:BROADWAY FORTUNE ASSOCIATES LLC($3158440) | 10/08/1997:BROADWAY-JAMES L L C($1747850),8590900845
63,BACKUS YVONNE+MUCKLESTONE ROBERT S,418 E LORETTA PL,THE BILTMORE APARTMENTS,98102,126,1924,7,47,7,0,2010-06-28,2025-09-20,2024-07-15 to 2024-10-13,,,6936400,23296600,30233000,08/15/1997,0,STOLLER SUSAN B,08/15/1997:BACKUS YVONNE+MUCKLESTONE ROBERT S($0) | 06/19/1997:STOLLER SUSAN B($0) | 06/16/1999:BILTMORE ASSOCIATES L L C($8973700) | 06/10/1999:LAUGHLIN BETTY T+BANK OF AMERICA($0) | 06/10/1999:LAUGHLIN BETTY T+BANK OF AMERICA($0),7449500005
64,MATTESON GREENHOUSE INVESTORS LLC,3701 S HUDSON ST,Greenhouse Apartments,98118,124,2012,5,46,30,0,2012-03-22,2024-09-26,2023-12-17 to 2024-03-16,EXTREME_VOLUME | LLC_OWNED,,,30762700,30762700,10/09/2013,32100000,HARBOR GREENHOUSE LLC,10/09/2013:MATTESON GREENHOUSE INVESTORS LLC($32100000) | 02/22/2012:HARBOR GREENHOUSE LLC($8500000) | 01/15/2010:HARBOR COLUMBIA ONE L L C($3454422),5649600172
65,SHARED ROOF LLC,7009 GREENWOOD AVE N,SHARED ROOF (FORMER OROWHEAT BAKERY),98103,35,2020,5,46,19,0,2019-05-02,2025-11-06,2023-02-15 to 2023-05-16,LLC_OWNED,,,12903700,12903700,12/08/2025,0,JANA LLC,12/08/2025:SHARED ROOF LLC($0) | 10/21/2015:JANA LLC($0) | 09/29/1992:JANA LIMITED PARTNERSHIP($0) | 01/14/2016:70TH & GREENWOOD AVE LLC($2800000),2877104085
66,HU WEE GEK LIM,2016 DEXTER AVE N,Sfr,98109,,,,26,7,0,2004-05-31,2025-09-23,2022-09-04 to 2022-12-03,,,622000,155000,777000,05/05/1999,0,,05/05/1999:HU WEE GEK LIM($0),9301300975
66,HU WEE GEK LIM,2012 DEXTER AVE N,Sfr,98109,,,,20,4,0,2004-05-31,2025-06-16,2023-03-28 to 2023-06-26,SUSPICIOUS_IMPR_VALUE_1000,,622000,1000,623000,05/05/1999,0,,05/05/1999:HU WEE GEK LIM($0),9301300965
67,ASW PROPERTIES LLC,4547 19TH AVE NE,ROOMING HOUSE,98105,,1926,3,46,9,0,2004-09-21,2025-06-06,2021-06-03 to 2021-09-01,LLC_OWNED,,1209600,1832800,3042400,09/25/1999,0,JX HUANG L L C,09/25/1999:ASW PROPERTIES LLC($0) | 05/10/2004:JX HUANG L L C($0) | 04/24/2002:HUANG JIANXIN($1110000) | 01/24/1996:WEST JOHN A ET AL($480000),8823902695
68,LAI YING NAN+LING FEI,155 21ST AVE,SPRUCE PARK APARTMENTS (low income),98122,45,1912,4,46,8,0,2018-10-04,2025-02-14,2020-04-21 to 2020-07-20,,,1014000,6073000,7087000,08/31/1993,0,LAI YING NAN+LING FEI+ET AL,08/31/1993:LAI YING NAN+LING FEI($0) | 08/24/1993:LAI YING NAN+LING FEI+ET AL($967600) | 03/14/1995:ARCHDIOCESAN HOUSING AUTHORITY($1040000),9826701275
69,PERANZI JOHN MARIO,2815 BOYLSTON AVE E,THE SHELBY APT,98102,28,1928,4,20,5,0,2013-08-05,2025-11-04,2022-11-29 to 2023-02-27,,,4405800,4015200,8421000,05/18/1993,0,SHELBY APARTMENTS LLC,05/18/1993:PERANZI JOHN MARIO($0) | 03/17/2006:SHELBY APARTMENTS LLC($0),1959701480
69,PERANZI JOHN MARIO,4408 SW ADMIRAL WAY,BOARDING HOUSE,98116,,1914,2,11,3,0,2009-04-10,2025-10-14,2009-04-10 to 2009-07-09,SUSPICIOUS_IMPR_VALUE_1000,,534700,1000,535700,11/01/1983,0,TOSCAMERICA LLC,11/01/1983:PERANZI JOHN MARIO($0) | 06/24/2006:TOSCAMERICA LLC($0),6379500350
69,PERANZI JOHN MARIO,2349 44TH AVE SW,Duplex,98116,,,,10,3,0,2009-10-06,2025-05-14,2024-11-12 to 2025-02-10,SUSPICIOUS_IMPR_VALUE_1000,,1092000,1000,1093000,12/05/1984,0,TOSCAMERICA LLC,12/05/1984:PERANZI JOHN MARIO($0) | 06/24/2006:TOSCAMERICA LLC($0),6379500340
69,PERANZI JOHN MARIO,1818 S KING ST,,98144,,,,4,4,0,2019-12-19,2020-02-20,2019-12-19 to 2020-03-18,,,870000,188000,1058000,12/06/1999,255000,PERANZI JOHN MARIO,12/06/1999:PERANZI JOHN MARIO($255000) | 12/03/1999:PERANZI JOHN MARIO($0) | 07/28/1998:GARCIA ROMEO B+FRANCES ELAINE B($0) | 06/24/2006:TOSCAMERICA LLC($0),3319501370
70,DESC ESTEELE SUPPORTIVE HOUSING LP,3501 RAINIER AVE S,Estelle Apartments,98144,91,2017,6,45,13,0,2008-04-29,2025-04-02,2021-06-09 to 2021-09-07,,,1433700,16163400,17597100,11/10/2016,0,SEATTLE CITY OF,11/10/2016:DESC ESTEELE SUPPORTIVE HOUSING LP($0) | 09/23/2016:SEATTLE CITY OF($0) | 09/04/2015:DOWNTOWN EMERGENCY SERVICE CENTER($800000),7879400125
71,BROWN TRUST THEODORE F +THEODORE F,618 NW 58TH ST,,98107,,,,45,8,0,2006-01-30,2025-07-15,2022-08-11 to 2022-11-09,,,687000,139000,826000,06/26/2015,0,,06/26/2015:BROWN TRUST THEODORE F +THEODORE F($0),2767800130
72,HIDDEN CREEK ASSOCIATES,13751 32ND AVE NE,HIDDEN CREEK VILLAGE(0005) CONDOMINIUM,98125,,1979,4,45,7,0,2009-02-03,2025-04-28,2024-09-03 to 2024-12-02,,,6137000,15004000,21141000,10/23/2012,0,,10/23/2012:HIDDEN CREEK ASSOCIATES($0),3274900000
73,COTTAGE COMMUNITIES LLC,7533 31ST AVE NE,,98115,,,,14,5,0,2008-09-17,2025-10-07,2025-04-17 to 2025-07-16,LLC_OWNED,,732000,496000,1228000,10/23/2024,950000,TSENG TONY S+TSENG HSIU-LING JENNY,10/23/2024:COTTAGE COMMUNITIES LLC($950000) | 09/16/2004:TSENG TONY S+TSENG HSIU-LING JENNY($307000) | 09/16/2004:TSENG TONY S+HSIU-LING JENNY TSENG($0) | 03/15/2005:FRANK BRIAN+HERINGTON PATRICK($412000) | 02/16/2021:FRANK BRIAN+HERINGTON PATRICK($0),7977200280
73,COTTAGE COMMUNITIES LLC,3626 NE 115TH ST,,98125,,,,12,3,0,2006-09-29,2025-09-15,2017-08-07 to 2017-11-05,SUSPICIOUS_IMPR_VALUE_1000 | LLC_OWNED,,532000,1000,533000,06/12/2025,525000,EATON O ANNETTE,06/12/2025:COTTAGE COMMUNITIES LLC($525000) | 03/16/1982:EATON O ANNETTE($0),3992700115
73,COTTAGE COMMUNITIES LLC,1555 NE 90TH ST,,98115,,,,8,3,0,2006-07-06,2024-09-26,2024-09-23 to 2024-12-22,SUSPICIOUS_IMPR_VALUE_1000 | LLC_OWNED,,573000,1000,574000,09/30/2024,1128000,BRINE RUSSELL A,09/30/2024:COTTAGE COMMUNITIES LLC($1128000) | 08/08/1994:BRINE RUSSELL A($182500),5101402303
73,COTTAGE COMMUNITIES LLC,11733 DURLAND AVE NE,,98125,,,,5,5,0,2025-01-10,2025-02-13,2025-01-10 to 2025-04-10,LLC_OWNED,,546000,781000,1327000,04/04/2024,560000,,04/04/2024:COTTAGE COMMUNITIES LLC($560000),8820902570
73,COTTAGE COMMUNITIES LLC,1116 NW 59TH ST,,98107,,,,5,3,0,2006-07-17,2025-04-23,2025-02-28 to 2025-05-29,SUSPICIOUS_IMPR_VALUE_1000 | LLC_OWNED,,1272000,1000,1273000,12/17/2025,1100000,YUZER HOLLY,12/17/2025:COTTAGE COMMUNITIES LLC($1100000) | 08/24/2023:YUZER HOLLY($0) | 03/29/2017:HENRY CHARLES DOUGLAS($0),2767704900
74,SKYLINE HOUSE APARTMENTS LLC,600 W OLYMPIC PL,SKYLINE HOUSE APTS,98119,85,1955,6,44,10,0,2004-06-30,2025-08-27,2019-04-02 to 2019-07-01,LLC_OWNED,,4664200,21402800,26067000,12/21/2001,0,,12/21/2001:SKYLINE HOUSE APARTMENTS LLC($0),3879901925
75,HALCYON MHP LLC,12200 STONE AVE N,HALCYON MOBILE HOME PARK (56 SW & 20 DW),98133,,1965,1,44,10,0,2014-01-17,2025-05-22,2024-02-15 to 2024-05-15,SUSPICIOUS_IMPR_VALUE_1000 | LLC_OWNED,,5935400,1000,5936400,12/03/2019,10400000,,12/03/2019:HALCYON MHP LLC($10400000),3026049117
76,DOORISH PETE,13051 27TH AVE NE,,98125,,,,28,5,0,2007-03-15,2022-12-14,2013-07-08 to 2013-10-06,,,529000,177000,706000,12/09/2005,0,DOORISH PETE,12/09/2005:DOORISH PETE($0) | 06/21/2001:DOORISH PETE($303000) | 02/08/2005:OLSON LAURIE J($275000),2126049097
76,DOORISH PETE,13045 27TH AVE NE,,98125,,,,16,4,0,2006-05-01,2020-06-05,2020-04-23 to 2020-07-22,,,508000,316000,824000,06/21/2001,303000,,06/21/2001:DOORISH PETE($303000),2126049107
77,HARSCH INVESTMENT REALTY L L C+SERIES H,1020 UNIVERSITY ST,Ten Twenty Apartments,98101,45,1962,5,44,7,0,2005-01-20,2025-08-20,2024-10-24 to 2025-01-22,,,8280000,2292000,10572000,12/21/2000,0,TEN TWENTY ASSOCIATES DELAWARE LLC,12/21/2000:HARSCH INVESTMENT REALTY L L C+SERIES H($0) | 10/10/2024:TEN TWENTY ASSOCIATES DELAWARE LLC($0) | 06/11/2003:TEN-TWENTY UNIVERSITY L L C($4168948),1978200360
78,WILSON TAYLOR,6746 15TH AVE NW,,98117,,,,44,7,0,2007-06-05,2025-06-30,2020-07-16 to 2020-10-14,SUSPICIOUS_IMPR_VALUE_1000,,886000,1000,887000,12/04/2019,0,KAN TREESIA+LIEM RONNIE+HENTLEY,12/04/2019:WILSON TAYLOR($0) | 08/15/1997:KAN TREESIA+LIEM RONNIE+HENTLEY($0) | 08/07/2015:KAN TREESIA+KINGLEY($0) | 01/13/1993:KAN TREESIA+KINGSLEY($170000),3052700025
79,CHENG TIETH-CHAO+DORIS JUNG,1144 N 92ND ST,sfr,98103,,,,44,5,0,2006-02-03,2025-10-21,2024-05-09 to 2024-08-07,SUSPICIOUS_IMPR_VALUE_1000,,939000,1000,940000,04/20/1988,82500,,04/20/1988:CHENG TIETH-CHAO+DORIS JUNG($82500),9524100070
80,FENIMORE 510,510 BROADWAY,510 Broadway formerly Common Broadway,98122,84,2020,5,43,10,0,2006-12-08,2025-08-31,2024-12-04 to 2025-03-04,,,3960000,7310000,11270000,07/24/1990,0,510 BROADWAY PARTNERS LLC,07/24/1990:FENIMORE 510($0) | 07/03/2017:510 BROADWAY PARTNERS LLC($4500000),2198100010
81,ZORICH MELODIE A,538 LAKESIDE AVE S,Avana on the Lake,98144,79,1961,4,31,4,0,2007-01-08,2025-06-18,2016-01-25 to 2016-04-24,,,6338000,13660800,19998800,12/31/1992,0,TC LAKEFRONT LLC+CG LAKEFRONT LLC+JSP LAKEFRONE I,12/31/1992:ZORICH MELODIE A($0) | 12/22/2021:TC LAKEFRONT LLC+CG LAKEFRONT LLC+JSP LAKEFRONE I($31021000) | 09/10/2014:GS SHANGRILA LLC($23124900) | 05/24/1999:ZORICH NICHOLAS J SR($0) | 05/24/1999:ZORICH FAMILY PARTNERSHIP($0),4114601380
81,ZORICH MELODIE A,702 LAKESIDE AVE S,Assoc. w/ -1380,98144,,,,11,5,0,2019-02-15,2025-09-17,2025-08-10 to 2025-11-08,,,1136200,,1136200,12/31/1992,0,TC LAKEFRONT LLC+CG LAKEFRONT LLC+JSP LAKEFRONE I,12/31/1992:ZORICH MELODIE A($0) | 12/22/2021:TC LAKEFRONT LLC+CG LAKEFRONT LLC+JSP LAKEFRONE I($31021000) | 09/10/2014:GS SHANGRILA LLC($23124900) | 05/24/1999:ZORICH NICHOLAS J SR($0) | 05/24/1999:ZORICH FAMILY PARTNERSHIP($0),4114601415
82,HAGLUND CARL RAYMOND,3916 S PEARL ST,Coral Reef Apts,98118,17,1961,2,30,4,0,2008-03-28,2024-09-10,2013-08-20 to 2013-11-18,,,2230800,1131200,3362000,09/26/2007,1599200,KIRKLAND INVESTMENT INC,09/26/2007:HAGLUND CARL RAYMOND($1599200) | 07/10/1995:KIRKLAND INVESTMENT INC($894800) | 03/17/2008:COLUMBIA CITY CONDOS-CORAL REFF NO 2 LLC($0),5649600065
82,HAGLUND CARL RAYMOND,5014 39TH AVE S,Coral Reef Apts (part),98118,17,1959,2,12,3,0,2007-11-13,2025-10-20,2008-07-15 to 2008-10-13,,,2745600,787400,3533000,09/26/2007,1699110,KIRKLAND INVESTMENT INC,09/26/2007:HAGLUND CARL RAYMOND($1699110) | 07/10/1995:KIRKLAND INVESTMENT INC($894800) | 03/17/2008:COLUMBIA CITY CONDOS-CORAL REEF NO 1 LLC($0),5649600066
83,WANG YUN GUO+RONG YUN,14337 32ND AVE NE,Lake City Apartments,98125,71,2024,6,42,5,0,2004-08-09,2024-04-12,2004-08-09 to 2004-11-07,,,1653400,12450600,14104000,07/07/1997,354500,PROJECT S8 LLC,07/07/1997:WANG YUN GUO+RONG YUN($354500) | 04/28/2015:PROJECT S8 LLC($683400) | 03/29/2022:SEATTLE CITY OF($0) | 03/29/2022:SEATTLE CITY OF($0),7663700341
84,FAIRFIELD WASHINGTON TERRACE LP,120 6TH AVE S,Washington Terrace Apts-Senior Housing,98104,136,2005,7,42,5,0,2008-05-02,2025-09-19,2021-10-08 to 2022-01-06,,,8100000,18856900,26956900,12/16/2019,0,WASHINGTON TERRACE ASSOCIATES LIMITED PARTNERSHIP,12/16/2019:FAIRFIELD WASHINGTON TERRACE LP($0) | 09/27/2004:WASHINGTON TERRACE ASSOCIATES LIMITED PARTNERSHIP($2500000),5247802065
85,SAKAYORI NAOTO,714 7TH AVE,ZINDORF APTS,98104,74,1911,5,42,4,0,2005-10-06,2025-06-27,2019-10-07 to 2020-01-05,,,4140000,6907000,11047000,12/28/2012,0,KURIHARA SHUICHI,12/28/2012:SAKAYORI NAOTO($0) | 12/28/2012:KURIHARA SHUICHI($0) | 12/28/2012:NIIMOTO HIDEAKI($0) | 12/28/2012:WATANABE TOSHIRO($0) | 12/08/1992:GOODMAN ASSOCIATES($0),8590400465
86,KEYBANK NATIONAL ASSOCIATION,2371 FRANKLIN AVE E,2371 Franklin formerly Common Rodgers,98102,35,2013,5,22,4,0,2009-07-08,2025-02-14,2009-07-08 to 2009-10-06,,,1210000,,1210000,10/21/2011,0,LAKE UNION PROPERTIES INC,10/21/2011:KEYBANK NATIONAL ASSOCIATION($0) | 10/19/1998:LAKE UNION PROPERTIES INC($253000) | 10/11/2002:BURGER CHARLES($0) | 10/08/1997:BURGER CHARLES($0) | 06/09/1998:PACIFIC COAST INVESTMENT CO($0),2902200916
86,KEYBANK NATIONAL ASSOCIATION,101 MADRONA PL E,,98112,,,,19,9,0,2004-06-02,2025-06-05,2025-02-07 to 2025-05-08,,,1136000,1287000,2423000,09/25/2017,1980255,BADENOV INVESTMENTS LLC,09/25/2017:KEYBANK NATIONAL ASSOCIATION($1980255) | 09/19/2018:BADENOV INVESTMENTS LLC($0) | 08/22/2018:MOORKU INVESTMENTS LLC($1525000) | 08/07/1986:PROWDA ROBERT M+SHERRY L Y($225000) | 07/26/2006:LEE R BRYAN+NYE HILLERY L($1870000),1954700665
87,YOSHIKAWA TERRANCE,2541 15TH AVE S,APARTMENT,98144,13,1929,2,18,3,0,2003-11-17,2025-08-19,2024-02-27 to 2024-05-27,,,1600000,1418000,3018000,07/18/1985,158000,YOSHIKAWA FAMILY TRUST,07/18/1985:YOSHIKAWA TERRANCE($158000) | 06/02/2011:YOSHIKAWA FAMILY TRUST($0) | 01/23/2017:LANDER 2541 LLC($0),1389800100
87,YOSHIKAWA TERRANCE,4812 46TH AVE SW,,98116,,,,13,4,0,2008-02-06,2025-10-21,2018-01-08 to 2018-04-08,,,624000,406000,1030000,06/18/1984,55000,YOSHIKAWA TERRANCE -FAMILY TRUST,06/18/1984:YOSHIKAWA TERRANCE($55000) | 06/02/2011:YOSHIKAWA TERRANCE -FAMILY TRUST($0),8608900085
87,YOSHIKAWA TERRANCE,2700 ALKI AVE SW,ALKI SANDS APT,98116,20,1963,4,10,3,0,2017-03-24,2022-02-07,2019-09-24 to 2019-12-23,,,2636700,4058300,6695000,12/27/2012,0,YOSHIKAWA FAMILY TRUST (LIVING TRUST),12/27/2012:YOSHIKAWA TERRANCE($0) | 08/18/2012:YOSHIKAWA FAMILY TRUST (LIVING TRUST)($0),6371000005
88,TARA APTS LLC,2442 8TH AVE N,TARA APTS,98109,24,1964,4,41,7,0,2008-10-08,2024-03-14,2019-01-22 to 2019-04-22,LLC_OWNED,,4869700,2314300,7184000,11/02/1998,0,HUMF TARA LLC,11/02/1998:TARA APTS LLC($0) | 02/16/2023:HUMF TARA LLC($7997100),3528901115
89,SUMMIT ASSOCIATES,1412 SUMMIT AVE,MANCHESTER ARMS,98122,60,1908,5,41,7,0,2013-12-20,2025-11-07,2025-01-01 to 2025-04-01,,,2400000,6309000,8709000,08/11/1993,0,DANZ RONALD G+MARJORIE,08/11/1993:SUMMIT ASSOCIATES($0) | 06/17/1993:DANZ RONALD G+MARJORIE($850000) | 05/04/1998:MANCHESTER LLC($0) | 04/11/2022:MANCHESTER SERIES 1 LLC($8244000),8804900955
90,LINDEN FLATS LLLP,13280 LINDEN AVE N,Linden Flat Apartment,98133,170,2017,7,40,8,0,2018-07-06,2025-10-30,2023-09-20 to 2023-12-19,,,55300,614500,669800,10/13/2016,2300000,SEATTLE CITY OF,10/13/2016:LINDEN FLATS LLLP($2300000) | 04/24/2017:SEATTLE CITY OF($0) | 03/23/2017:SEATTLE CITY OF($0),1926049445
91,BOYD JAMES J  JR+EARNELL M,5231 39TH AVE S,39th Ave Flats-formerly ISLANDER APTS,98118,30,1960,2,28,4,0,2004-10-26,2024-11-26,2023-03-07 to 2023-06-05,,,4236400,2087600,6324000,11/13/1995,1340000,THIRTY-NINTH AVE FLATS ACQUISITION LLC,11/13/1995:BOYD JAMES J  JR+EARNELL M($1340000) | 10/26/2012:THIRTY-NINTH AVE FLATS ACQUISITION LLC($2597000) | 09/24/2020:CRE 39TH STREET PARTNERS LLC($4894000) | 08/18/2016:BIG BUY LLC($0) | 08/06/2004:BOYD ISLANDER APARTMENTS LLC($0),5649600335
91,BOYD JAMES J  JR+EARNELL M,5205 39TH AVE S,CHINOOK APTS,98118,22,1966,3,12,4,0,2006-03-07,2023-03-28,2011-06-29 to 2011-09-27,,,2209000,2725000,4934000,11/13/1995,1340000,RAINIER VALLEY APTS LLC,11/13/1995:BOYD JAMES J  JR+EARNELL M($1340000) | 11/02/2009:RAINIER VALLEY APTS LLC($1398800) | 08/06/2004:BOYD CHINOOK APARTMENTS LLC($0) | 08/06/2004:BOYD PROPERTIES LLC($0) | 03/07/2012:LEXINGTON INVESTMENTS LLC($2126700),5649600350
92,GRS PROPERTIES LLC,4328 SW TRENTON ST,,98136,,,,40,6,0,2005-01-07,2025-04-01,2012-10-09 to 2013-01-07,LLC_OWNED,,1068000,,1068000,07/23/2014,280000,BEVENS THOMAS+ULRIKA,07/23/2014:GRS PROPERTIES LLC($280000) | 07/20/2004:BEVENS THOMAS+ULRIKA($587000),9169600275
93,HARSCH INVESTMENT REALTY L L C+SERIES F,1000 8TH AVE,The Mill at First Hill,98104,352,1949,14,40,6,0,2005-09-16,2025-09-16,2023-07-31 to 2023-10-29,,,14276000,24640300,38916300,12/21/2000,0,BASROCK NORTHWEST NETTLETON SEATTLE LLC C/O THE BA,12/21/2000:HARSCH INVESTMENT REALTY L L C+SERIES F($0) | 11/09/2004:BASROCK NORTHWEST NETTLETON SEATTLE LLC C/O THE BA($37179087) | 08/01/1988:HARSCH INVESTMENT CORP($0) | 07/12/2011:SEA EIGHT 11B12B LLC($60934488) | 06/30/2015:CYPRESS-OT8 LLC+DAVIS-OTB LLC+CROSS CREEK-OTB LLC($92873198),1979200125
94,888 WESTERN AVENUE LLC,888 WESTERN AVE,Griffis Waterfront-formerly the Post at the Pier,98104,208,2013,16,40,6,0,2013-04-26,2025-05-12,2020-11-16 to 2021-02-14,LLC_OWNED,,17985000,77828000,95813000,12/29/2021,107300000,COLMAN TOWERS LLC,12/29/2021:888 WESTERN AVENUE LLC($107300000) | 11/19/1999:COLMAN TOWERS LLC($5800000) | 11/12/2012:WASHINGTON STATE OF: DEPARTMENT OF TRANSPORTATION($0) | 02/28/2017:888 WESTERN AVENUE APARTMENTS CAPITAL LLC($6950000),7666202540
95,SMA PROPERTIES LLC,315 SUMMIT AVE E,SUMMIT CREST,98102,14,1930,3,39,14,0,2018-12-05,2025-09-25,2024-12-16 to 2025-03-16,LLC_OWNED,,2880000,205000,3085000,11/20/2012,0,ELIASEN GARY R+NANCY S,11/20/2012:SMA PROPERTIES LLC($0) | 06/26/1991:ELIASEN GARY R+NANCY S($570000) | 06/09/2022:PROJECT S44 LLC($3147000),6848200165
96,TAFT ST LIFE LLC,7253 S TAFT ST,,98178,,,,39,8,0,2018-03-28,2025-05-07,2024-06-20 to 2024-09-18,LLC_OWNED,,531000,1095000,1626000,12/26/2017,800000,LUNA WUACA,12/26/2017:TAFT ST LIFE LLC($800000) | 07/31/2019:LUNA WUACA($0) | 07/31/2019:LUNA WUACA($0) | 07/30/2019:BAXTER KANGSUN+LUNA WUACA($675000) | 07/23/2025:FLOYD CLEODIS+GRACE($2400000),7129300060
97,SONG ELAINE CHOW+HAYNUY WONG CHOW,2035 NW 63RD ST,APARTMENT,98107,6,1989,2,28,5,0,2017-12-28,2025-09-25,2019-06-08 to 2019-09-06,,,1025000,709000,1734000,12/19/2019,0,CHOWSONG SILVESTRE ET AL,12/19/2019:SONG ELAINE CHOW+HAYNUY WONG CHOW($0) | 10/23/1995:CHOWSONG SILVESTRE ET AL($0) | 08/21/2019:SONG HAYNUY CHOW($0) | 06/16/2023:2035 NW 63RD STREET LLC($0) | 03/31/1992:CHOWSONG HAY NUY+CHOWSONG($381500),2767601790
97,SONG ELAINE CHOW+HAYNUY WONG CHOW,10538 STONE AVE N,triplex,98133,,,,11,3,0,2014-07-07,2023-09-07,2021-08-07 to 2021-11-05,,,652000,278000,930000,12/19/2019,0,ROHWEDER ANNE W ET AL,12/19/2019:SONG ELAINE CHOW+HAYNUY WONG CHOW($0) | 11/12/1993:ROHWEDER ANNE W ET AL($230000) | 08/21/2019:SONG HAYNUY CHOW($0) | 06/16/2023:10538 STONE AVE N LLC($0) | 06/16/2008:EBALLAR JESUS L+REMEDIOS P -REVOCABLE LIVING TRUST($0),6300000366
98,BIT INVESTMENT FIFTY-SEVEN LLC,4040 26TH AVE SW,YOUNGSTOWN FLATS,98106,195,2012,6,39,7,0,2008-08-19,2024-09-10,2023-12-18 to 2024-03-17,LLC_OWNED,,5776200,60192800,65969000,08/12/2011,6300000,PORTVUE LLC,08/12/2011:BIT INVESTMENT FIFTY-SEVEN LLC($6300000) | 04/06/2007:PORTVUE LLC($4050000) | 01/11/2018:PACNORTH PROPERTIES LLC+RIVERCROFT REAL ESTATE ASS($71900000),2444600025
99,VISTA INVESTORS LLC,114 24TH AVE E,Madison View/Gramercy Flats- formerly MADISON VIST,98112,56,1910,3,39,5,0,2005-01-03,2025-09-03,2005-08-26 to 2005-11-24,LLC_OWNED,,3960000,8403000,12363000,11/15/2012,4336600,MADISON VIEW FLATS LLC,11/15/2012:VISTA INVESTORS LLC($4336600) | 09/21/2015:MADISON VIEW FLATS LLC($6745300) | 05/13/1988:ROYAL VISTA APARTMENTS($425000) | 05/02/2005:DIZMOND DG LLC($0) | 04/29/2005:MANTICORE INVESTMENTS LLC($0),9828702540
100,T J IMPORT-EXPORT CORP,3025 SW AVALON WAY,WEST SEATTLE CHURCH OF GOD,98126,,1970,2,39,4,0,2004-05-05,2025-01-15,2017-05-19 to 2017-08-17,,,3269000,177600,3446600,10/25/1989,0,,10/25/1989:T J IMPORT-EXPORT CORP($0),9297300710
