RecordNum,District,OpenDate,LastInspDate,LastInspResult,StatusCurrent,OriginalAddress1,OriginalZip,Link,HealthSafetyHabitability,HarassmentRetaliationDisplacement,RightsViolations,HealthSafetyTermsFound,HarassmentTermsFound,RightsTermsFound
011424-19CP,7,2019 Dec 11 12:00:00 AM,2019 Dec 26 12:00:00 AM,Completed,Completed,3018 14TH AVE W,98119,https://services.seattle.gov/portal/customize/LinkToRecord.aspx?altId=011424-19CP,True,True,False,mold|toxic mold|asbestos,because i complained,
011718-23CP,7,2023 Oct 02 12:00:00 AM,,,Completed,420 WALL ST,98121,https://services.seattle.gov/portal/customize/LinkToRecord.aspx?altId=011718-23CP,True,False,False,no ventilation|asbestos,,
001148-15CP,7,2015 Jan 13 12:00:00 AM,2015 Jan 13 12:00:00 AM,Completed,Completed,822 6TH AVE N,98109,https://services.seattle.gov/portal/customize/LinkToRecord.aspx?altId=001148-15CP,True,False,False,no heat,,
006361-15CP,7,2015 Sep 29 12:00:00 AM,2015 Sep 29 12:00:00 AM,Completed,Completed,2058 14TH AVE W,98119,https://services.seattle.gov/portal/customize/LinkToRecord.aspx?altId=006361-15CP,True,False,False,water damage|mold|hazard,,
006911-15CP,7,2015 Oct 28 12:00:00 AM,2015 Oct 28 12:00:00 AM,Completed,Completed,702 2ND AVE W,98119,https://services.seattle.gov/portal/customize/LinkToRecord.aspx?altId=006911-15CP,True,False,False,no heat,,
1033760-VI,7,2015 Jan 15 12:00:00 AM,,,Completed,822 6TH AVE N,98109,https://services.seattle.gov/portal/customize/LinkToRecord.aspx?altId=1033760-VI,True,False,False,no heat,,
1035769-VI,7,2015 Sep 30 12:00:00 AM,2015 Oct 02 12:00:00 AM,Compliance Achieved,Completed,2058 14TH AVE W,98119,https://services.seattle.gov/portal/customize/LinkToRecord.aspx?altId=1035769-VI,True,False,False,water damage|mold|hazard,,
1035877-VI,7,2015 Oct 14 12:00:00 AM,2016 Jan 13 12:00:00 AM,Compliance Achieved,Completed,2058 14TH AVE W,98119,https://services.seattle.gov/portal/customize/LinkToRecord.aspx?altId=1035877-VI,True,False,False,water damage|mold|hazard,,
006423-16CP,7,2016 Sep 13 12:00:00 AM,2016 Sep 14 12:00:00 AM,Completed,Completed,807 NEWTON ST,98109,https://services.seattle.gov/portal/customize/LinkToRecord.aspx?altId=006423-16CP,True,False,False,sewage,,
007297-16CP,7,2016 Oct 27 12:00:00 AM,2016 Oct 28 12:00:00 AM,Completed,Completed,1102 8TH AVE,98101,https://services.seattle.gov/portal/customize/LinkToRecord.aspx?altId=007297-16CP,True,False,False,no water,,
007946-16CP,7,2016 Dec 13 12:00:00 AM,2016 Dec 13 12:00:00 AM,Completed,Completed,903 9TH AVE,98104,https://services.seattle.gov/portal/customize/LinkToRecord.aspx?altId=007946-16CP,True,False,False,no heat,,
008048-16CP,7,2016 Dec 19 12:00:00 AM,2016 Dec 19 12:00:00 AM,Completed,Completed,3039 HUMES PL W,98119,https://services.seattle.gov/portal/customize/LinkToRecord.aspx?altId=008048-16CP,True,False,False,no heat|infestation|rodent|hazard|fire hazard,,
008135-16CP,7,2016 Dec 27 12:00:00 AM,2016 Dec 27 12:00:00 AM,Completed,Completed,823 MADISON ST,98104,https://services.seattle.gov/portal/customize/LinkToRecord.aspx?altId=008135-16CP,True,False,False,no heat,,
1038422-VI,7,2016 Sep 14 12:00:00 AM,2017 Aug 03 12:00:00 AM,Compliance Achieved,Completed,807 NEWTON ST,98109,https://services.seattle.gov/portal/customize/LinkToRecord.aspx?altId=1038422-VI,True,False,False,sewage,,
1039072-VI,7,2016 Dec 13 12:00:00 AM,2016 Dec 16 12:00:00 AM,Compliance Achieved,Completed,903 9TH AVE,98104,https://services.seattle.gov/portal/customize/LinkToRecord.aspx?altId=1039072-VI,True,False,False,no heat,,
1039107-VI,7,2016 Dec 19 12:00:00 AM,2017 Jan 04 12:00:00 AM,Compliance Achieved,Completed,3039 HUMES PL W,98119,https://services.seattle.gov/portal/customize/LinkToRecord.aspx?altId=1039107-VI,True,False,False,no heat|infestation|rodent|hazard|fire hazard,,
1039124-VI,7,2016 Dec 21 12:00:00 AM,2017 Jan 04 12:00:00 AM,Compliance Achieved,Completed,3039 HUMES PL W,98119,https://services.seattle.gov/portal/customize/LinkToRecord.aspx?altId=1039124-VI,True,False,False,no heat|infestation|rodent|hazard|fire hazard,,
001378-17CP,7,2017 Jan 25 12:00:00 AM,2017 Jan 27 12:00:00 AM,Completed,Completed,119 W ROY ST,98119,https://services.seattle.gov/portal/customize/LinkToRecord.aspx?altId=001378-17CP,True,False,False,no heat,,
007433-17CP,7,2017 Oct 17 12:00:00 AM,2017 Oct 17 12:00:00 AM,Completed,Completed,2230 4TH AVE,98121,https://services.seattle.gov/portal/customize/LinkToRecord.aspx?altId=007433-17CP,True,False,False,mold|black mold,,
1039230-VI,7,2017 Jan 10 12:00:00 AM,,,NOV Issued,3039 HUMES PL W,98119,https://services.seattle.gov/portal/customize/LinkToRecord.aspx?altId=1039230-VI,True,False,False,no heat|infestation|rodent|hazard|fire hazard,,
1045601-VI,7,2018 Dec 13 12:00:00 AM,2018 Dec 14 12:00:00 AM,Compliance Achieved,Completed,3435 A 21ST AVE W,98199,https://services.seattle.gov/portal/customize/LinkToRecord.aspx?altId=1045601-VI,True,True,False,water damage|mold,pota,
009688-19CP,7,2019 Oct 08 12:00:00 AM,2019 Oct 08 12:00:00 AM,Completed,Completed,2438 5TH AVE W,98119,https://services.seattle.gov/portal/customize/LinkToRecord.aspx?altId=009688-19CP,True,False,False,no heat|moisture,,
002356-20CP,7,2020 Mar 18 12:00:00 AM,,,Completed,62 CEDAR ST,98121,https://services.seattle.gov/portal/customize/LinkToRecord.aspx?altId=002356-20CP,True,False,False,no heat,,
003254-20CP,7,2020 Apr 22 12:00:00 AM,2020 Apr 23 12:00:00 AM,Completed,Completed,699 JOHN ST,98109,https://services.seattle.gov/portal/customize/LinkToRecord.aspx?altId=003254-20CP,True,False,False,no water,,
004289-20CP,7,2020 May 26 12:00:00 AM,2020 Jun 05 12:00:00 AM,Completed,Completed,1902 2ND AVE,98101,https://services.seattle.gov/portal/customize/LinkToRecord.aspx?altId=004289-20CP,True,False,False,no heat,,
1050382-VI,7,2020 Jun 05 12:00:00 AM,2020 Jun 12 12:00:00 AM,Compliance Achieved,Completed,1902 2ND AVE,98101,https://services.seattle.gov/portal/customize/LinkToRecord.aspx?altId=1050382-VI,True,False,False,no heat,,
008272-20CP,7,2020 Sep 18 12:00:00 AM,2020 Sep 18 12:00:00 AM,Completed,Completed,604 W HOWE ST,98119,https://services.seattle.gov/portal/customize/LinkToRecord.aspx?altId=008272-20CP,True,False,False,sewage,,
007679-21CP,7,2021 Sep 15 12:00:00 AM,,,Completed,2721 4TH AVE,98121,https://services.seattle.gov/portal/customize/LinkToRecord.aspx?altId=007679-21CP,True,False,False,no heat,,
000865-22CP,7,2022 Jan 27 12:00:00 AM,2022 Jan 28 12:00:00 AM,Completed,Completed,100 ROY ST,98109,https://services.seattle.gov/portal/customize/LinkToRecord.aspx?altId=000865-22CP,True,False,False,no heat,,
001508-22CP,7,2022 Feb 17 12:00:00 AM,,,Closed,2814 1ST AVE N,98109,https://services.seattle.gov/portal/customize/LinkToRecord.aspx?altId=001508-22CP,True,False,False,no running water,,
1053822-VI,7,2022 Feb 17 12:00:00 AM,,,Completed,100 ROY ST,98109,https://services.seattle.gov/portal/customize/LinkToRecord.aspx?altId=1053822-VI,True,False,False,no heat,,
005611-22CP,7,2022 Jun 16 12:00:00 AM,,,Completed,100 roy ST,,https://services.seattle.gov/portal/customize/LinkToRecord.aspx?altId=005611-22CP,True,True,False,sewage|flooded,trao,
001314-23CP,7,2023 Feb 07 12:00:00 AM,2023 Feb 07 12:00:00 AM,Completed,Completed,151 JOHN ST,98109,https://services.seattle.gov/portal/customize/LinkToRecord.aspx?altId=001314-23CP,True,False,False,no heat,,
1055440-VI,7,2023 Feb 07 12:00:00 AM,2023 Feb 07 12:00:00 AM,Completed,EO Repair Restore Issued,151 JOHN ST,98109,https://services.seattle.gov/portal/customize/LinkToRecord.aspx?altId=1055440-VI,True,False,False,no heat,,
002076-23CP,7,2023 Feb 27 12:00:00 AM,2023 May 09 12:00:00 AM,Completed,Completed,1110 8TH AVE,98101,https://services.seattle.gov/portal/customize/LinkToRecord.aspx?altId=002076-23CP,True,False,False,mold|black mold,,
002541-23CP,7,2023 Mar 13 12:00:00 AM,2023 Mar 13 12:00:00 AM,Completed,Completed,2838 21ST AVE W,98199,https://services.seattle.gov/portal/customize/LinkToRecord.aspx?altId=002541-23CP,True,False,False,no heat,,
003376-23CP,7,2023 Apr 03 12:00:00 AM,,,Closed,1624 BOREN AVE,98101,https://services.seattle.gov/portal/customize/LinkToRecord.aspx?altId=003376-23CP,True,False,False,no heat,,
1055966-VI,7,2023 May 09 12:00:00 AM,2024 Aug 30 12:00:00 AM,Compliance Achieved,Completed,1102 8TH AVE,98101,https://services.seattle.gov/portal/customize/LinkToRecord.aspx?altId=1055966-VI,True,False,False,leak|leaking,,
1055976-VI,7,2023 May 10 12:00:00 AM,2024 Sep 06 12:00:00 AM,Compliance Achieved,Completed,1110 8TH AVE,98101,https://services.seattle.gov/portal/customize/LinkToRecord.aspx?altId=1055976-VI,True,False,False,mold|black mold,,
007010-23CP,7,2023 Jun 27 12:00:00 AM,2023 Sep 13 12:00:00 AM,Completed,Completed,702 SPRING ST,98101,https://services.seattle.gov/portal/customize/LinkToRecord.aspx?altId=007010-23CP,True,False,False,flooded,,
013441-23CP,7,2023 Nov 15 12:00:00 AM,2023 Nov 15 12:00:00 AM,Completed,Completed,1823 TERRY AVE,98101,https://services.seattle.gov/portal/customize/LinkToRecord.aspx?altId=013441-23CP,True,False,False,no heat,,
1057242-VI,7,2023 Nov 27 12:00:00 AM,2023 Oct 31 12:00:00 AM,Completed,Completed,85 PIKE ST,98101,https://services.seattle.gov/portal/customize/LinkToRecord.aspx?altId=1057242-VI,True,False,False,no power|leak|mold,,
013985-23CP,7,2023 Dec 02 12:00:00 AM,2023 Dec 07 12:00:00 AM,Completed,Completed,2602 4th AVE,,https://services.seattle.gov/portal/customize/LinkToRecord.aspx?altId=013985-23CP,True,False,False,no heat,,
014175-23CP,7,2023 Dec 07 12:00:00 AM,,,Completed,1922 9TH AVE,98101,https://services.seattle.gov/portal/customize/LinkToRecord.aspx?altId=014175-23CP,True,False,False,no heat,,
1057326-VI,7,2023 Dec 08 12:00:00 AM,2024 Jan 04 12:00:00 AM,Compliance Achieved-Virtual,Completed,2602 4th AVE,,https://services.seattle.gov/portal/customize/LinkToRecord.aspx?altId=1057326-VI,True,False,False,no heat,,
1057336-VI,7,2023 Dec 12 12:00:00 AM,2023 Dec 12 12:00:00 AM,Compliance Achieved,Completed,705 2ND AVE W,98119,https://services.seattle.gov/portal/customize/LinkToRecord.aspx?altId=1057336-VI,True,False,False,no heat,,
014388-23CP,7,2023 Dec 12 12:00:00 AM,2023 Dec 27 12:00:00 AM,Completed,Completed,22 John ST,,https://services.seattle.gov/portal/customize/LinkToRecord.aspx?altId=014388-23CP,True,False,False,leak|flooded,,
014578-23CP,7,2023 Dec 18 12:00:00 AM,,,Completed,121 VINE ST,98121,https://services.seattle.gov/portal/customize/LinkToRecord.aspx?altId=014578-23CP,False,False,True,,,eviction notice
1057441-VI,7,2023 Dec 27 12:00:00 AM,2023 Dec 18 12:00:00 AM,Completed,Completed,22 John ST,,https://services.seattle.gov/portal/customize/LinkToRecord.aspx?altId=1057441-VI,True,False,False,leak|flooded,,
000482-24CP,7,2024 Jan 12 12:00:00 AM,,,Completed,22 JOHN ST,98109,https://services.seattle.gov/portal/customize/LinkToRecord.aspx?altId=000482-24CP,True,False,False,no heat,,
000678-24CP,7,2024 Jan 17 12:00:00 AM,,,Completed,1823 TERRY AVE,98101,https://services.seattle.gov/portal/customize/LinkToRecord.aspx?altId=000678-24CP,True,False,False,no heat|no water,,
002124-24CP,7,2024 Feb 24 12:00:00 AM,2024 Mar 04 12:00:00 AM,Completed,Completed,403 ROY ST,98109,https://services.seattle.gov/portal/customize/LinkToRecord.aspx?altId=002124-24CP,True,False,False,no heat,,
002460-24CP,7,2024 Mar 05 12:00:00 AM,,,Completed,221 W MERCER ST,98119,https://services.seattle.gov/portal/customize/LinkToRecord.aspx?altId=002460-24CP,True,False,False,no heat,,
003631-24CP,7,2024 Apr 05 12:00:00 AM,2024 Apr 12 12:00:00 AM,Completed,Completed,1823 MINOR AVE,98101,https://services.seattle.gov/portal/customize/LinkToRecord.aspx?altId=003631-24CP,True,False,False,no heat,,
004635-24CP,7,2024 May 02 12:00:00 AM,2024 May 22 12:00:00 AM,Completed,Completed,76 CEDAR ST,,https://services.seattle.gov/portal/customize/LinkToRecord.aspx?altId=004635-24CP,True,False,False,garbage,,
1058447-VI,7,2024 May 23 12:00:00 AM,2024 Aug 15 12:00:00 AM,Compliance Achieved-Virtual,Completed,76 CEDAR ST,,https://services.seattle.gov/portal/customize/LinkToRecord.aspx?altId=1058447-VI,True,False,False,garbage,,
1058786-VI,7,2024 Jul 05 12:00:00 AM,2024 Sep 06 12:00:00 AM,Compliance Achieved,Completed,1110 8TH AVE,98101,https://services.seattle.gov/portal/customize/LinkToRecord.aspx?altId=1058786-VI,True,True,True,leak|leaks|flooding,pota,tenant rights
008526-24CP,7,2024 Aug 06 12:00:00 AM,2024 Aug 13 12:00:00 AM,Completed,Completed,1200 WESTERN AVE,98101,https://services.seattle.gov/portal/customize/LinkToRecord.aspx?altId=008526-24CP,True,False,False,sewage|leak|leaking,,
008645-24CP,7,2024 Aug 08 12:00:00 AM,,,Completed,1321 QUEEN ANNE AVE N,98109,https://services.seattle.gov/portal/customize/LinkToRecord.aspx?altId=008645-24CP,True,False,False,no electricity,,
1059090-VI,7,2024 Aug 08 12:00:00 AM,2024 Aug 15 12:00:00 AM,Compliance Achieved,Completed,1321 QUEEN ANNE AVE N,98109,https://services.seattle.gov/portal/customize/LinkToRecord.aspx?altId=1059090-VI,True,False,False,no electricity,,
009405-24CP,7,2024 Aug 23 12:00:00 AM,2024 Aug 23 12:00:00 AM,Completed,Completed,2204 1ST AVE,98121,https://services.seattle.gov/portal/customize/LinkToRecord.aspx?altId=009405-24CP,True,False,False,no water,,
1059265-VI,7,2024 Aug 28 12:00:00 AM,,,Completed,2204 1ST AVE,98121,https://services.seattle.gov/portal/customize/LinkToRecord.aspx?altId=1059265-VI,True,False,False,no water,,
012547-24CP,7,2024 Nov 06 12:00:00 AM,2024 Nov 07 12:00:00 AM,Completed,Completed,2021 4TH AVE,98121,https://services.seattle.gov/portal/customize/LinkToRecord.aspx?altId=012547-24CP,True,False,False,leak|water damage,,
1059758-VI,7,2024 Nov 07 12:00:00 AM,2024 Nov 13 12:00:00 AM,Compliance Achieved-Virtual,Completed,2021 4TH AVE,98121,https://services.seattle.gov/portal/customize/LinkToRecord.aspx?altId=1059758-VI,True,False,False,leak|water damage,,
013381-24CP,7,2024 Dec 02 12:00:00 AM,2024 Dec 04 12:00:00 AM,Completed,Completed,810 HARRISON ST,98109,https://services.seattle.gov/portal/customize/LinkToRecord.aspx?altId=013381-24CP,True,False,False,no heat,,
1059903-VI,7,2024 Dec 04 12:00:00 AM,2024 Dec 09 12:00:00 AM,Compliance Achieved,Completed,810 HARRISON ST,98109,https://services.seattle.gov/portal/customize/LinkToRecord.aspx?altId=1059903-VI,True,False,False,no heat,,
013513-24CP,7,2024 Dec 04 12:00:00 AM,2024 Dec 04 12:00:00 AM,Completed,Completed,704 SPRING ST,98101,https://services.seattle.gov/portal/customize/LinkToRecord.aspx?altId=013513-24CP,True,False,False,no heat,,
1059910-VI,7,2024 Dec 04 12:00:00 AM,2024 Dec 04 12:00:00 AM,Completed,NOV Issued,810 HARRISON ST,98109,https://services.seattle.gov/portal/customize/LinkToRecord.aspx?altId=1059910-VI,True,False,False,no heat,,
1059916-VI,7,2024 Dec 05 12:00:00 AM,2025 Jan 07 12:00:00 AM,Compliance Achieved,Completed,704 SPRING ST,98101,https://services.seattle.gov/portal/customize/LinkToRecord.aspx?altId=1059916-VI,True,False,False,no heat,,
001622-25CP,7,2025 Feb 12 12:00:00 AM,2025 Feb 12 12:00:00 AM,Completed,Completed,2829 PROSCH AVE W,98119,https://services.seattle.gov/portal/customize/LinkToRecord.aspx?altId=001622-25CP,True,False,False,no heat,,
1060279-VI,7,2025 Feb 12 12:00:00 AM,2025 Feb 19 12:00:00 AM,Compliance Achieved,Completed,2829 PROSCH AVE W,98119,https://services.seattle.gov/portal/customize/LinkToRecord.aspx?altId=1060279-VI,True,False,False,no heat,,
004569-25CP,7,2025 Apr 21 12:00:00 AM,,,Completed,800 SENECA ST,98101,https://services.seattle.gov/portal/customize/LinkToRecord.aspx?altId=004569-25CP,True,True,False,no heat|leak|unsanitary|unsanitary conditions,pota,
006355-25CP,7,2025 May 30 12:00:00 AM,,,Closed,111 FAIRVIEW AVE N,98109,https://services.seattle.gov/portal/customize/LinkToRecord.aspx?altId=006355-25CP,True,False,False,sewage|leak,,
014012-25CP,7,2025 Nov 04 12:00:00 AM,2025 Nov 04 12:00:00 AM,Completed,Completed,527 EASTLAKE AVE E,98109,https://services.seattle.gov/portal/customize/LinkToRecord.aspx?altId=014012-25CP,True,False,False,no heat,,
014462-25CP,7,2025 Nov 13 12:00:00 AM,,,Closed,62 CEDAR ST,98121,https://services.seattle.gov/portal/customize/LinkToRecord.aspx?altId=014462-25CP,True,False,False,no heat,,
014897-25CP,7,2025 Nov 24 12:00:00 AM,2025 Nov 26 12:00:00 AM,Completed,Completed,800 SENECA ST,98101,https://services.seattle.gov/portal/customize/LinkToRecord.aspx?altId=014897-25CP,True,False,False,no heat,,
1062116-VI,7,2025 Nov 26 12:00:00 AM,2025 Nov 26 12:00:00 AM,Completed,EO Repair Restore Issued,800 SENECA ST,98101,https://services.seattle.gov/portal/customize/LinkToRecord.aspx?altId=1062116-VI,True,False,False,no heat,,
015550-25CP,7,2025 Dec 12 12:00:00 AM,2025 Dec 12 12:00:00 AM,Completed,Completed,94 BAY ST,98121,https://services.seattle.gov/portal/customize/LinkToRecord.aspx?altId=015550-25CP,False,True,False,,retaliat,
015637-25CP,7,2025 Dec 15 12:00:00 AM,,,Completed,800 SENECA ST,98101,https://services.seattle.gov/portal/customize/LinkToRecord.aspx?altId=015637-25CP,True,False,False,no water,,
015659-25CP,7,2025 Dec 16 12:00:00 AM,2025 Dec 17 12:00:00 AM,Completed,Completed,602 Terry AVE N,,https://services.seattle.gov/portal/customize/LinkToRecord.aspx?altId=015659-25CP,True,False,False,unsafe,,
015865-25CP,7,2025 Dec 22 12:00:00 AM,,,Under Investigation,500 WALL ST,98121,https://services.seattle.gov/portal/customize/LinkToRecord.aspx?altId=015865-25CP,True,False,False,no heat,,
015962-25CP,7,2025 Dec 23 12:00:00 AM,,,Under Investigation,1118 5TH AVE,98101,https://services.seattle.gov/portal/customize/LinkToRecord.aspx?altId=015962-25CP,False,False,True,,,notice to vacate
016091-25CP,7,2025 Dec 29 12:00:00 AM,,,Under Investigation,221 MINOR AVE N,98109,https://services.seattle.gov/portal/customize/LinkToRecord.aspx?altId=016091-25CP,True,False,False,no heat,,
000881-21CP,7,2021 Feb 01 12:00:00 AM,2021 Feb 18 12:00:00 AM,Completed,Completed,229 1ST AVE N,98109,https://services.seattle.gov/portal/customize/LinkToRecord.aspx?altId=000881-21CP,True,False,True,no heat,,tenant rights
008117-22CP,7,2022 Aug 04 12:00:00 AM,,,Completed,1901 WESTERN AVE,98101,https://services.seattle.gov/portal/customize/LinkToRecord.aspx?altId=008117-22CP,True,True,False,no power,threaten|lockout,
001834-23CP,7,2023 Feb 21 12:00:00 AM,,,Completed,2415 8TH AVE N,98109,https://services.seattle.gov/portal/customize/LinkToRecord.aspx?altId=001834-23CP,False,True,False,,retaliat|changed locks,
002653-23CP,7,2023 Mar 15 12:00:00 AM,2023 Apr 03 12:00:00 AM,No Access/Unable to Observe,Completed,403 ROY ST,98109,https://services.seattle.gov/portal/customize/LinkToRecord.aspx?altId=002653-23CP,True,True,False,leak,trao,
003259-23CP,7,2023 Mar 30 12:00:00 AM,2023 Mar 31 12:00:00 AM,Completed,Under Investigation,1102 8TH AVE,98101,https://services.seattle.gov/portal/customize/LinkToRecord.aspx?altId=003259-23CP,True,False,False,leak|leaking,,
003933-23CP,7,2023 Apr 17 12:00:00 AM,,,Completed,1526 3RD AVE,98101,https://services.seattle.gov/portal/customize/LinkToRecord.aspx?altId=003933-23CP,False,False,True,,,pay or vacate|vacate notice
004865-23CP,7,2023 May 10 12:00:00 AM,,,Under Investigation,714 7TH AVE,98104,https://services.seattle.gov/portal/customize/LinkToRecord.aspx?altId=004865-23CP,False,False,True,,,notice to vacate
005568-23CP,7,2023 May 26 12:00:00 AM,,,Under Investigation,403 ROY ST,98109,https://services.seattle.gov/portal/customize/LinkToRecord.aspx?altId=005568-23CP,False,True,True,,threaten,vacate notice
006291-23CP,7,2023 Jun 13 12:00:00 AM,,,Completed,221 W MERCER ST,98119,https://services.seattle.gov/portal/customize/LinkToRecord.aspx?altId=006291-23CP,False,True,False,,told to leave,
006365-23CP,7,2023 Jun 14 12:00:00 AM,,,Completed,810 HARRISON ST,98109,https://services.seattle.gov/portal/customize/LinkToRecord.aspx?altId=006365-23CP,False,False,True,,,rent increase
006662-23CP,7,2023 Jun 16 12:00:00 AM,,,Completed,2134 WESTERN AVE,98121,https://services.seattle.gov/portal/customize/LinkToRecord.aspx?altId=006662-23CP,False,False,True,,,notice to vacate
007370-23CP,7,2023 Jul 06 12:00:00 AM,,,Completed,1118 5TH AVE,98101,https://services.seattle.gov/portal/customize/LinkToRecord.aspx?altId=007370-23CP,False,False,True,,,notice to vacate
007489-23CP,7,2023 Jul 10 12:00:00 AM,,,Completed,2121 6TH AVE,98121,https://services.seattle.gov/portal/customize/LinkToRecord.aspx?altId=007489-23CP,False,False,True,,,eviction notice
008667-23CP,7,2023 Jul 28 12:00:00 AM,,,Closed,2004 DEXTER AVE N,98109,https://services.seattle.gov/portal/customize/LinkToRecord.aspx?altId=008667-23CP,False,False,True,,,notice to vacate
009789-23CP,7,2023 Aug 17 12:00:00 AM,,,Completed,2004 DEXTER AVE N,98109,https://services.seattle.gov/portal/customize/LinkToRecord.aspx?altId=009789-23CP,False,False,True,,,eviction notice
009794-23CP,7,2023 Aug 17 12:00:00 AM,,,Completed,1902 2ND AVE,98101,https://services.seattle.gov/portal/customize/LinkToRecord.aspx?altId=009794-23CP,True,False,False,leak,,
009937-23CP,7,2023 Aug 15 12:00:00 AM,,,Completed,76 CEDAR ST,98121,https://services.seattle.gov/portal/customize/LinkToRecord.aspx?altId=009937-23CP,False,False,True,,,rent increase
010310-23CP,7,2023 Aug 30 12:00:00 AM,,,Completed,1820 MINOR AVE,98101,https://services.seattle.gov/portal/customize/LinkToRecord.aspx?altId=010310-23CP,False,False,True,,,notice to vacate
010397-23CP,7,2023 Sep 01 12:00:00 AM,,,Completed,840 W NICKERSON ST,98119,https://services.seattle.gov/portal/customize/LinkToRecord.aspx?altId=010397-23CP,False,False,True,,,rent increase|late fees
010505-23CP,7,2023 Sep 05 12:00:00 AM,,,Under Investigation,1233 TAYLOR AVE N,98109,https://services.seattle.gov/portal/customize/LinkToRecord.aspx?altId=010505-23CP,False,False,True,,,rent increase
010808-23CP,7,2023 Sep 12 12:00:00 AM,,,Completed,1820 MINOR AVE,98101,https://services.seattle.gov/portal/customize/LinkToRecord.aspx?altId=010808-23CP,False,False,True,,,eviction notice
010913-23CP,7,2023 Sep 14 12:00:00 AM,,,Completed,1102 8TH AVE,98101,https://services.seattle.gov/portal/customize/LinkToRecord.aspx?altId=010913-23CP,False,True,False,,locked out,
012327-23CP,7,2023 Oct 16 12:00:00 AM,,,Completed,2004 DEXTER AVE N,98109,https://services.seattle.gov/portal/customize/LinkToRecord.aspx?altId=012327-23CP,True,False,False,uninhabitable,,
012733-23CP,7,2023 Oct 25 12:00:00 AM,,,Completed,2 SMITH ST,98109,https://services.seattle.gov/portal/customize/LinkToRecord.aspx?altId=012733-23CP,False,False,True,,,eviction notice
012903-23CP,7,2023 Oct 30 12:00:00 AM,2023 Oct 31 12:00:00 AM,Completed,Under Investigation,85 PIKE ST,98101,https://services.seattle.gov/portal/customize/LinkToRecord.aspx?altId=012903-23CP,True,False,False,no power|leak|mold,,
013245-23CP,7,2023 Nov 08 12:00:00 AM,,,Completed,1255 HARRISON ST,98109,https://services.seattle.gov/portal/customize/LinkToRecord.aspx?altId=013245-23CP,False,False,True,,,eviction notice
013357-23CP,7,2023 Nov 13 12:00:00 AM,,,Completed,1814 MINOR AVE,98101,https://services.seattle.gov/portal/customize/LinkToRecord.aspx?altId=013357-23CP,False,False,True,,,notice to vacate
013996-23CP,7,2023 Dec 04 12:00:00 AM,2024 Jan 26 12:00:00 AM,Completed,Under Investigation,5 W Roy ST,,https://services.seattle.gov/portal/customize/LinkToRecord.aspx?altId=013996-23CP,True,False,False,hazard,,
014028-23CP,7,2023 Dec 04 12:00:00 AM,,,Completed,2721 4TH AVE,98121,https://services.seattle.gov/portal/customize/LinkToRecord.aspx?altId=014028-23CP,False,False,True,,,notice to vacate
014351-23CP,7,2023 Dec 11 12:00:00 AM,,,Completed,705 2ND AVE W,98119,https://services.seattle.gov/portal/customize/LinkToRecord.aspx?altId=014351-23CP,True,False,False,no heat,,
014531-23CP,7,2023 Dec 15 12:00:00 AM,,,Completed,2305 1ST AVE,98121,https://services.seattle.gov/portal/customize/LinkToRecord.aspx?altId=014531-23CP,False,False,True,,,eviction notice
000676-24CP,7,2024 Jan 17 12:00:00 AM,,,Completed,1823 TERRY AVE,98101,https://services.seattle.gov/portal/customize/LinkToRecord.aspx?altId=000676-24CP,True,False,False,no hot water,,
000821-24CP,7,2024 Jan 22 12:00:00 AM,,,Completed,255 LENORA ST,98121,https://services.seattle.gov/portal/customize/LinkToRecord.aspx?altId=000821-24CP,False,True,True,,relocation assistance,notice to vacate
000823-24CP,7,2024 Jan 22 12:00:00 AM,,,Closed,1170 HARRISON ST,98109,https://services.seattle.gov/portal/customize/LinkToRecord.aspx?altId=000823-24CP,True,False,False,no water,,
000889-24CP,7,2024 Jan 23 12:00:00 AM,,,Closed,1170 HARRISON ST,98109,https://services.seattle.gov/portal/customize/LinkToRecord.aspx?altId=000889-24CP,True,False,False,no water,,
001274-24CP,7,2024 Jan 31 12:00:00 AM,,,Completed,211 PINE ST,98101,https://services.seattle.gov/portal/customize/LinkToRecord.aspx?altId=001274-24CP,False,False,True,,,3 day notice
001497-24CP,7,2024 Feb 06 12:00:00 AM,,,Completed,2516 3RD AVE W,98119,https://services.seattle.gov/portal/customize/LinkToRecord.aspx?altId=001497-24CP,False,True,False,,threaten,
001570-24CP,7,2024 Feb 08 12:00:00 AM,,,Completed,1831 8TH AVE,98101,https://services.seattle.gov/portal/customize/LinkToRecord.aspx?altId=001570-24CP,False,False,True,,,10 day notice
001579-24CP,7,2024 Feb 08 12:00:00 AM,,,Completed,3104 WESTERN AVE,98121,https://services.seattle.gov/portal/customize/LinkToRecord.aspx?altId=001579-24CP,False,False,True,,,eviction notice
001616-24CP,7,2024 Feb 08 12:00:00 AM,,,Completed,1110 8TH AVE,98101,https://services.seattle.gov/portal/customize/LinkToRecord.aspx?altId=001616-24CP,True,True,True,leak|flooding|uninhabitable,pota,tenant rights
001641-24CP,7,2024 Feb 09 12:00:00 AM,,,Completed,2801 WESTERN AVE,98121,https://services.seattle.gov/portal/customize/LinkToRecord.aspx?altId=001641-24CP,False,False,True,,,rent increase
001803-24CP,7,2024 Feb 14 12:00:00 AM,,,Completed,1249 5TH AVE N,98109,https://services.seattle.gov/portal/customize/LinkToRecord.aspx?altId=001803-24CP,False,False,True,,,tenant rights
002153-24CP,7,2024 Feb 26 12:00:00 AM,,,Completed,2400 4TH AVE,98121,https://services.seattle.gov/portal/customize/LinkToRecord.aspx?altId=002153-24CP,False,False,True,,,eviction notice
002376-24CP,7,2024 Mar 04 12:00:00 AM,,,Completed,2706 WESTLAKE AVE N,98109,https://services.seattle.gov/portal/customize/LinkToRecord.aspx?altId=002376-24CP,False,False,True,,,rent increase
002416-24CP,7,2024 Mar 04 12:00:00 AM,,,Completed,802 5TH AVE N,98109,https://services.seattle.gov/portal/customize/LinkToRecord.aspx?altId=002416-24CP,False,False,True,,,pay or vacate|vacate notice
002637-24CP,7,2024 Mar 08 12:00:00 AM,,,Completed,2300 ELLIOTT AVE,98121,https://services.seattle.gov/portal/customize/LinkToRecord.aspx?altId=002637-24CP,False,False,True,,,eviction notice
002837-24CP,7,2024 Mar 14 12:00:00 AM,,,Completed,435 DEXTER AVE N,98109,https://services.seattle.gov/portal/customize/LinkToRecord.aspx?altId=002837-24CP,False,False,True,,,tenant rights
002940-24CP,7,2024 Mar 18 12:00:00 AM,,,Completed,420 PONTIUS AVE N,98109,https://services.seattle.gov/portal/customize/LinkToRecord.aspx?altId=002940-24CP,False,False,True,,,rent increase
003121-24CP,7,2024 Mar 22 12:00:00 AM,,,Under Investigation,2519 1ST AVE,98121,https://services.seattle.gov/portal/customize/LinkToRecord.aspx?altId=003121-24CP,False,False,True,,,late fees|tenant rights
003263-24CP,7,2024 Mar 26 12:00:00 AM,,,Completed,111 FAIRVIEW AVE N,98109,https://services.seattle.gov/portal/customize/LinkToRecord.aspx?altId=003263-24CP,False,False,True,,,tenant rights
003296-24CP,7,2024 Mar 27 12:00:00 AM,,,Completed,211 PINE ST,98101,https://services.seattle.gov/portal/customize/LinkToRecord.aspx?altId=003296-24CP,False,False,True,,,notice to terminate|eviction notice
003299-24CP,7,2024 Mar 27 12:00:00 AM,,,Completed,1915 1ST AVE N,98109,https://services.seattle.gov/portal/customize/LinkToRecord.aspx?altId=003299-24CP,False,False,True,,,rent increase
003313-24CP,7,2024 Mar 27 12:00:00 AM,,,Completed,819 VIRGINIA ST,98101,https://services.seattle.gov/portal/customize/LinkToRecord.aspx?altId=003313-24CP,False,False,True,,,rent increase
003449-24CP,7,2024 Apr 01 12:00:00 AM,,,Completed,121 STEWART ST,98101,https://services.seattle.gov/portal/customize/LinkToRecord.aspx?altId=003449-24CP,False,False,True,,,rent increase
003463-24CP,7,2024 Apr 01 12:00:00 AM,,,Under Investigation,523 PINE ST,98101,https://services.seattle.gov/portal/customize/LinkToRecord.aspx?altId=003463-24CP,False,False,True,,,rent increase
003492-24CP,7,2024 Apr 02 12:00:00 AM,,,Completed,711 W FLORENTIA PL,98119,https://services.seattle.gov/portal/customize/LinkToRecord.aspx?altId=003492-24CP,False,False,True,,,notice to vacate|security deposit
003528-24CP,7,2024 Apr 03 12:00:00 AM,,,Completed,820 LENORA ST,98121,https://services.seattle.gov/portal/customize/LinkToRecord.aspx?altId=003528-24CP,False,False,True,,,rent increase
003542-24CP,7,2024 Apr 03 12:00:00 AM,,,Completed,888 WESTERN AVE,98104,https://services.seattle.gov/portal/customize/LinkToRecord.aspx?altId=003542-24CP,False,False,True,,,eviction notice
003599-24CP,7,2024 Apr 02 12:00:00 AM,,,Completed,624 YALE AVE N,98109,https://services.seattle.gov/portal/customize/LinkToRecord.aspx?altId=003599-24CP,False,False,True,,,rent increase
003707-24CP,7,2024 Apr 03 12:00:00 AM,,,Completed,66 BELL ST,98121,https://services.seattle.gov/portal/customize/LinkToRecord.aspx?altId=003707-24CP,True,False,False,leak|water damage,,
003713-24CP,7,2024 Apr 04 12:00:00 AM,,,Completed,1260 REPUBLICAN ST,98109,https://services.seattle.gov/portal/customize/LinkToRecord.aspx?altId=003713-24CP,False,False,True,,,rent increase
003740-24CP,7,2024 Apr 09 12:00:00 AM,,,Completed,1522 POST AL,98101,https://services.seattle.gov/portal/customize/LinkToRecord.aspx?altId=003740-24CP,False,False,True,,,eviction notice
003758-24CP,7,2024 Apr 09 12:00:00 AM,,,Completed,617 QUEEN ANNE AVE N,98109,https://services.seattle.gov/portal/customize/LinkToRecord.aspx?altId=003758-24CP,False,False,True,,,rent increase
004063-24CP,7,2024 Apr 16 12:00:00 AM,,,Completed,159 DENNY WAY,98109,https://services.seattle.gov/portal/customize/LinkToRecord.aspx?altId=004063-24CP,False,False,True,,,rent increase
004463-24CP,7,2024 Apr 26 12:00:00 AM,,,Under Investigation,121 STEWART ST,98101,https://services.seattle.gov/portal/customize/LinkToRecord.aspx?altId=004463-24CP,False,False,True,,,without proper notice
004806-24CP,7,2024 May 07 12:00:00 AM,,,Closed,50 UNIVERSITY ST,98101,https://services.seattle.gov/portal/customize/LinkToRecord.aspx?altId=004806-24CP,False,False,True,,,rent increase|improper notice
004820-24CP,7,2024 May 07 12:00:00 AM,,,Completed,1137 9TH AVE W,98119,https://services.seattle.gov/portal/customize/LinkToRecord.aspx?altId=004820-24CP,False,False,True,,,notice to vacate|rental registration
004909-24CP,7,2024 May 03 12:00:00 AM,,,Closed,2721 4TH AVE,98121,https://services.seattle.gov/portal/customize/LinkToRecord.aspx?altId=004909-24CP,True,False,False,no heat|mold,,
004951-24CP,7,2024 May 10 12:00:00 AM,,,Completed,600 7TH AVE,98104,https://services.seattle.gov/portal/customize/LinkToRecord.aspx?altId=004951-24CP,False,True,True,,locked out,eviction notice
005280-24CP,7,2024 May 20 12:00:00 AM,,,Completed,307 W OLYMPIC PL,98119,https://services.seattle.gov/portal/customize/LinkToRecord.aspx?altId=005280-24CP,False,False,True,,,rent increase
005283-24CP,7,2024 May 20 12:00:00 AM,,,Under Investigation,430 8TH AVE N,98109,https://services.seattle.gov/portal/customize/LinkToRecord.aspx?altId=005283-24CP,False,False,True,,,rent increase
005349-24CP,7,2024 May 21 12:00:00 AM,,,Completed,2900 1ST AVE,98121,https://services.seattle.gov/portal/customize/LinkToRecord.aspx?altId=005349-24CP,False,False,True,,,rent increase
005393-24CP,7,2024 May 22 12:00:00 AM,,,Under Investigation,1000 8TH AVE,98104,https://services.seattle.gov/portal/customize/LinkToRecord.aspx?altId=005393-24CP,False,False,True,,,rent increase|improper notice
005467-24CP,7,2024 May 23 12:00:00 AM,,,Completed,1000 8TH AVE,98104,https://services.seattle.gov/portal/customize/LinkToRecord.aspx?altId=005467-24CP,False,False,True,,,pay or vacate
005574-24CP,7,2024 May 28 12:00:00 AM,,,Completed,656 B W EMERSON ST,98119,https://services.seattle.gov/portal/customize/LinkToRecord.aspx?altId=005574-24CP,False,False,True,,,rent increase
005586-24CP,7,2024 May 28 12:00:00 AM,,,Completed,420 PONTIUS AVE N,98109,https://services.seattle.gov/portal/customize/LinkToRecord.aspx?altId=005586-24CP,False,False,True,,,rent increase|without proper notice
005711-24CP,7,2024 May 30 12:00:00 AM,2024 Jul 05 12:00:00 AM,Completed,Completed,1110 8TH AVE,98101,https://services.seattle.gov/portal/customize/LinkToRecord.aspx?altId=005711-24CP,True,True,True,leak|leaks|flooding,pota,tenant rights
005759-24CP,7,2024 May 28 12:00:00 AM,,,Completed,202 W OLYMPIC PL,98119,https://services.seattle.gov/portal/customize/LinkToRecord.aspx?altId=005759-24CP,False,False,True,,,improper notice
005808-24CP,7,2024 Jun 03 12:00:00 AM,,,Completed,3419 23RD AVE W,98199,https://services.seattle.gov/portal/customize/LinkToRecord.aspx?altId=005808-24CP,False,False,True,,,rent increase
005811-24CP,7,2024 Jun 03 12:00:00 AM,,,Completed,2021 1ST AVE,98121,https://services.seattle.gov/portal/customize/LinkToRecord.aspx?altId=005811-24CP,False,False,True,,,pay or vacate|vacate notice
005907-24CP,7,2024 Jun 03 12:00:00 AM,,,Completed,75 VINE ST,98121,https://services.seattle.gov/portal/customize/LinkToRecord.aspx?altId=005907-24CP,False,False,True,,,rent increase
005929-24CP,7,2024 Jun 05 12:00:00 AM,,,Closed,121 VINE ST,98121,https://services.seattle.gov/portal/customize/LinkToRecord.aspx?altId=005929-24CP,False,False,True,,,rent increase
006017-24CP,7,2024 Jun 07 12:00:00 AM,,,Completed,702 SPRING ST,98101,https://services.seattle.gov/portal/customize/LinkToRecord.aspx?altId=006017-24CP,False,False,True,,,10 day notice
006161-24CP,7,2024 Jun 11 12:00:00 AM,,,Under Investigation,422 1ST AVE W,98119,https://services.seattle.gov/portal/customize/LinkToRecord.aspx?altId=006161-24CP,False,False,True,,,rent increase
006346-24CP,7,2024 Jun 16 12:00:00 AM,,,Completed,1110 8TH AVE,98101,https://services.seattle.gov/portal/customize/LinkToRecord.aspx?altId=006346-24CP,True,False,False,leak|hazard,,
006560-24CP,7,2024 Jun 20 12:00:00 AM,,,Completed,1340 4TH AVE,98101,https://services.seattle.gov/portal/customize/LinkToRecord.aspx?altId=006560-24CP,False,False,True,,,rent increase
006625-24CP,7,2024 Jun 21 12:00:00 AM,,,Completed,1305 DEXTER AVE N,98109,https://services.seattle.gov/portal/customize/LinkToRecord.aspx?altId=006625-24CP,False,False,True,,,rent increase
006866-24CP,7,2024 Jun 26 12:00:00 AM,,,Under Investigation,583 BATTERY ST,98121,https://services.seattle.gov/portal/customize/LinkToRecord.aspx?altId=006866-24CP,False,False,True,,,rent increase|without proper notice
006881-24CP,7,2024 Jun 27 12:00:00 AM,,,Under Investigation,155 ALOHA ST,98109,https://services.seattle.gov/portal/customize/LinkToRecord.aspx?altId=006881-24CP,False,False,True,,,late fees
006999-24CP,7,2024 Jun 28 12:00:00 AM,,,Under Investigation,75 VINE ST,98121,https://services.seattle.gov/portal/customize/LinkToRecord.aspx?altId=006999-24CP,False,False,True,,,rent increase
007055-24CP,7,2024 Jul 01 12:00:00 AM,,,Completed,2233 1ST AVE,98121,https://services.seattle.gov/portal/customize/LinkToRecord.aspx?altId=007055-24CP,False,False,True,,,rent increase|without proper notice
007276-24CP,7,2024 Jul 08 12:00:00 AM,,,Closed,1120 8TH AVE,98101,https://services.seattle.gov/portal/customize/LinkToRecord.aspx?altId=007276-24CP,False,False,True,,,rent increase|without proper notice
007410-24CP,7,2024 Jul 10 12:00:00 AM,,,Closed,2706 WESTLAKE AVE N,98109,https://services.seattle.gov/portal/customize/LinkToRecord.aspx?altId=007410-24CP,False,False,True,,,rent increase
007479-24CP,7,2024 Jul 11 12:00:00 AM,,,Completed,1811 EASTLAKE AVE,98101,https://services.seattle.gov/portal/customize/LinkToRecord.aspx?altId=007479-24CP,True,True,False,hazard,pota,
007513-24CP,7,2024 Jul 12 12:00:00 AM,,,Completed,1255 HARRISON ST,98109,https://services.seattle.gov/portal/customize/LinkToRecord.aspx?altId=007513-24CP,False,True,False,,lockout,
007552-24CP,7,2024 Jul 15 12:00:00 AM,,,Completed,975 JOHN ST,98109,https://services.seattle.gov/portal/customize/LinkToRecord.aspx?altId=007552-24CP,False,False,True,,,eviction notice
007558-24CP,7,2024 Jul 15 12:00:00 AM,,,Completed,2905 1ST AVE,98121,https://services.seattle.gov/portal/customize/LinkToRecord.aspx?altId=007558-24CP,False,True,True,,locked out,eviction notice
008155-24CP,7,2024 Jul 26 12:00:00 AM,,,Completed,2801 WESTERN AVE,98121,https://services.seattle.gov/portal/customize/LinkToRecord.aspx?altId=008155-24CP,False,True,True,,locked out,eviction notice
008401-24CP,7,2024 Aug 02 12:00:00 AM,,,Completed,1915 2ND AVE,98101,https://services.seattle.gov/portal/customize/LinkToRecord.aspx?altId=008401-24CP,False,False,True,,,rent increase
008506-24CP,7,2024 Aug 06 12:00:00 AM,,,Closed,62 CEDAR ST,98121,https://services.seattle.gov/portal/customize/LinkToRecord.aspx?altId=008506-24CP,False,False,True,,,rent increase
008640-24CP,7,2024 Aug 08 12:00:00 AM,,,Completed,2312 3RD AVE,98121,https://services.seattle.gov/portal/customize/LinkToRecord.aspx?altId=008640-24CP,False,False,True,,,eviction notice
008711-24CP,7,2024 Aug 08 12:00:00 AM,,,Completed,1255 HARRISON ST,98109,https://services.seattle.gov/portal/customize/LinkToRecord.aspx?altId=008711-24CP,False,False,True,,,rent increase
008844-24CP,7,2024 Aug 12 12:00:00 AM,,,Completed,76 CEDAR ST,98121,https://services.seattle.gov/portal/customize/LinkToRecord.aspx?altId=008844-24CP,False,False,True,,,tenant rights
008852-24CP,7,2024 Aug 12 12:00:00 AM,,,Completed,2101 7TH AVE W,98119,https://services.seattle.gov/portal/customize/LinkToRecord.aspx?altId=008852-24CP,False,False,True,,,rent increase
009008-24CP,7,2024 Aug 14 12:00:00 AM,,,Completed,123 2ND AVE N,98109,https://services.seattle.gov/portal/customize/LinkToRecord.aspx?altId=009008-24CP,False,False,True,,,rent increase|improper notice
009232-24CP,7,2024 Aug 20 12:00:00 AM,,,Completed,103 VINE ST,98121,https://services.seattle.gov/portal/customize/LinkToRecord.aspx?altId=009232-24CP,False,False,True,,,3 day notice
009255-24CP,7,2024 Aug 20 12:00:00 AM,,,Completed,2911 2ND AVE,98121,https://services.seattle.gov/portal/customize/LinkToRecord.aspx?altId=009255-24CP,False,False,True,,,rent increase
009402-24CP,7,2024 Aug 23 12:00:00 AM,,,Completed,800 SENECA ST,98101,https://services.seattle.gov/portal/customize/LinkToRecord.aspx?altId=009402-24CP,False,False,True,,,eviction notice
009456-24CP,7,2024 Aug 26 12:00:00 AM,,,Completed,224 PONTIUS AVE N,98109,https://services.seattle.gov/portal/customize/LinkToRecord.aspx?altId=009456-24CP,False,False,True,,,rent increase|illegal rent
009546-24CP,7,2024 Aug 28 12:00:00 AM,,,Closed,430 MINOR AVE N,98109,https://services.seattle.gov/portal/customize/LinkToRecord.aspx?altId=009546-24CP,False,False,True,,,rent increase
009548-24CP,7,2024 Aug 28 12:00:00 AM,,,Closed,1808 MINOR AVE,98101,https://services.seattle.gov/portal/customize/LinkToRecord.aspx?altId=009548-24CP,False,False,True,,,rent increase
009607-24CP,7,2024 Aug 29 12:00:00 AM,,,Completed,2233 1ST AVE,98121,https://services.seattle.gov/portal/customize/LinkToRecord.aspx?altId=009607-24CP,False,False,True,,,20-day notice|notice to vacate
009624-24CP,7,2024 Aug 29 12:00:00 AM,,,Completed,2300 ELLIOTT AVE,98121,https://services.seattle.gov/portal/customize/LinkToRecord.aspx?altId=009624-24CP,False,False,True,,,rent increase
009688-24CP,7,2024 Aug 29 12:00:00 AM,,,Completed,588 BELL ST,98121,https://services.seattle.gov/portal/customize/LinkToRecord.aspx?altId=009688-24CP,False,False,True,,,rent increase
009720-24CP,7,2024 Sep 01 12:00:00 AM,,,Under Investigation,1120 8TH AVE,98101,https://services.seattle.gov/portal/customize/LinkToRecord.aspx?altId=009720-24CP,False,False,True,,,rent increase|without proper notice
009893-24CP,7,2024 Sep 05 12:00:00 AM,,,Completed,2706 WESTLAKE AVE N,98109,https://services.seattle.gov/portal/customize/LinkToRecord.aspx?altId=009893-24CP,False,False,True,,,rent increase
010076-24CP,7,2024 Sep 10 12:00:00 AM,,,Completed,2402 2ND AVE,98121,https://services.seattle.gov/portal/customize/LinkToRecord.aspx?altId=010076-24CP,False,True,False,,locked out,
010335-24CP,7,2024 Sep 13 12:00:00 AM,,,Completed,510 MINOR AVE N,98109,https://services.seattle.gov/portal/customize/LinkToRecord.aspx?altId=010335-24CP,False,False,True,,,tenant rights
010429-24CP,7,2024 Sep 17 12:00:00 AM,,,Completed,1701 DEXTER AVE N,98109,https://services.seattle.gov/portal/customize/LinkToRecord.aspx?altId=010429-24CP,False,False,True,,,rent increase
010495-24CP,7,2024 Sep 18 12:00:00 AM,,,Completed,919 STEWART ST,98101,https://services.seattle.gov/portal/customize/LinkToRecord.aspx?altId=010495-24CP,False,False,True,,,rent increase
010583-24CP,7,2024 Sep 20 12:00:00 AM,,,Completed,2620 23RD AVE W,98199,https://services.seattle.gov/portal/customize/LinkToRecord.aspx?altId=010583-24CP,False,False,True,,,notice to vacate
010606-24CP,7,2024 Sep 20 12:00:00 AM,,,Completed,3821 14TH AVE W,98119,https://services.seattle.gov/portal/customize/LinkToRecord.aspx?altId=010606-24CP,False,False,True,,,rent increase
010673-24CP,7,2024 Sep 23 12:00:00 AM,,,Completed,211 LENORA ST,98121,https://services.seattle.gov/portal/customize/LinkToRecord.aspx?altId=010673-24CP,False,False,True,,,rent increase
010751-24CP,7,2024 Sep 24 12:00:00 AM,,,Completed,1515 6TH AVE W,98119,https://services.seattle.gov/portal/customize/LinkToRecord.aspx?altId=010751-24CP,False,False,True,,,rent increase
010979-24CP,7,2024 Sep 27 12:00:00 AM,,,Completed,800 1ST AVE N,98109,https://services.seattle.gov/portal/customize/LinkToRecord.aspx?altId=010979-24CP,False,False,True,,,vacate notice
011001-24CP,7,2024 Sep 30 12:00:00 AM,,,Closed,2134 WESTERN AVE,98121,https://services.seattle.gov/portal/customize/LinkToRecord.aspx?altId=011001-24CP,False,False,True,,,rent increase
011249-24CP,7,2024 Oct 03 12:00:00 AM,,,Completed,2319 1ST AVE,98121,https://services.seattle.gov/portal/customize/LinkToRecord.aspx?altId=011249-24CP,False,False,True,,,rent increase|without proper notice
011284-24CP,7,2024 Oct 04 12:00:00 AM,,,Completed,101 W OLYMPIC PL,98119,https://services.seattle.gov/portal/customize/LinkToRecord.aspx?altId=011284-24CP,False,False,True,,,rent increase
011325-24CP,7,2024 Oct 05 12:00:00 AM,,,Completed,809 OLIVE WAY,98101,https://services.seattle.gov/portal/customize/LinkToRecord.aspx?altId=011325-24CP,False,False,True,,,rent increase|unlawful rent|without proper notice
011608-24CP,7,2024 Oct 11 12:00:00 AM,,,Completed,2519 1ST AVE,98121,https://services.seattle.gov/portal/customize/LinkToRecord.aspx?altId=011608-24CP,False,False,True,,,3-day notice
011669-24CP,7,2024 Oct 15 12:00:00 AM,,,Completed,1820 MINOR AVE,98101,https://services.seattle.gov/portal/customize/LinkToRecord.aspx?altId=011669-24CP,True,False,True,infestation,,pay or vacate|vacate notice
011826-24CP,7,2024 Oct 17 12:00:00 AM,,,Completed,1942 WESTLAKE AVE,98101,https://services.seattle.gov/portal/customize/LinkToRecord.aspx?altId=011826-24CP,False,False,True,,,rent increase|pay or vacate
012268-24CP,7,2024 Oct 29 12:00:00 AM,,,Completed,718 CHERRY ST,98104,https://services.seattle.gov/portal/customize/LinkToRecord.aspx?altId=012268-24CP,False,False,True,,,eviction notice
012308-24CP,7,2024 Oct 30 12:00:00 AM,,,Completed,422 1ST AVE W,98119,https://services.seattle.gov/portal/customize/LinkToRecord.aspx?altId=012308-24CP,False,False,True,,,rent increase
012348-24CP,7,2024 Oct 30 12:00:00 AM,,,Under Investigation,617 3RD AVE W,98119,https://services.seattle.gov/portal/customize/LinkToRecord.aspx?altId=012348-24CP,False,False,True,,,rent increase
012740-24CP,7,2024 Nov 12 12:00:00 AM,,,Completed,3040 17TH AVE W,98119,https://services.seattle.gov/portal/customize/LinkToRecord.aspx?altId=012740-24CP,False,False,True,,,3 day notice
012757-24CP,7,2024 Nov 12 12:00:00 AM,,,Closed,2504 WESTERN AVE,98121,https://services.seattle.gov/portal/customize/LinkToRecord.aspx?altId=012757-24CP,False,False,True,,,rent increase
012793-24CP,7,2024 Nov 13 12:00:00 AM,,,Completed,211 LENORA ST,98121,https://services.seattle.gov/portal/customize/LinkToRecord.aspx?altId=012793-24CP,False,False,True,,,rent increase
012865-24CP,7,2024 Nov 14 12:00:00 AM,,,Completed,1120 8TH AVE,98101,https://services.seattle.gov/portal/customize/LinkToRecord.aspx?altId=012865-24CP,False,False,True,,,rent increase
012983-24CP,7,2024 Nov 18 12:00:00 AM,,,Completed,76 CEDAR ST,98121,https://services.seattle.gov/portal/customize/LinkToRecord.aspx?altId=012983-24CP,False,False,True,,,rent increase
013134-24CP,7,2024 Nov 21 12:00:00 AM,,,Completed,702 SPRING ST,98101,https://services.seattle.gov/portal/customize/LinkToRecord.aspx?altId=013134-24CP,False,False,True,,,10-day notice
013180-24CP,7,2024 Nov 22 12:00:00 AM,,,Completed,2230 4TH AVE,98121,https://services.seattle.gov/portal/customize/LinkToRecord.aspx?altId=013180-24CP,True,False,False,no heat,,
013203-24CP,7,2024 Nov 22 12:00:00 AM,,,Completed,1811 EASTLAKE AVE,98101,https://services.seattle.gov/portal/customize/LinkToRecord.aspx?altId=013203-24CP,False,True,False,,lockout,
013227-24CP,7,2024 Nov 25 12:00:00 AM,,,Closed,903 9TH AVE,98104,https://services.seattle.gov/portal/customize/LinkToRecord.aspx?altId=013227-24CP,False,False,True,,,rent increase
013323-24CP,7,2024 Nov 27 12:00:00 AM,,,Under Investigation,2706 WESTLAKE AVE N,98109,https://services.seattle.gov/portal/customize/LinkToRecord.aspx?altId=013323-24CP,False,False,True,,,rent increase
013382-24CP,7,2024 Dec 02 12:00:00 AM,,,Completed,810 HARRISON ST,98109,https://services.seattle.gov/portal/customize/LinkToRecord.aspx?altId=013382-24CP,False,False,True,,,rent increase
013711-24CP,7,2024 Dec 09 12:00:00 AM,,,Under Investigation,1200 MERCER ST,98109,https://services.seattle.gov/portal/customize/LinkToRecord.aspx?altId=013711-24CP,False,False,True,,,10 day notice
013745-24CP,7,2024 Dec 10 12:00:00 AM,,,Completed,617 3RD AVE W,98119,https://services.seattle.gov/portal/customize/LinkToRecord.aspx?altId=013745-24CP,False,False,True,,,10 day notice
013748-24CP,7,2024 Dec 10 12:00:00 AM,,,Completed,62 CEDAR ST,98121,https://services.seattle.gov/portal/customize/LinkToRecord.aspx?altId=013748-24CP,False,False,True,,,rent increase
013825-24CP,7,2024 Dec 11 12:00:00 AM,,,Completed,3429 21ST AVE W,98199,https://services.seattle.gov/portal/customize/LinkToRecord.aspx?altId=013825-24CP,False,True,False,,harass|threaten,
013829-24CP,7,2024 Dec 11 12:00:00 AM,,,Under Investigation,1701 DEXTER AVE N,98109,https://services.seattle.gov/portal/customize/LinkToRecord.aspx?altId=013829-24CP,False,False,True,,,rent increase
013849-24CP,7,2024 Dec 11 12:00:00 AM,,,Completed,2801 WESTERN AVE,98121,https://services.seattle.gov/portal/customize/LinkToRecord.aspx?altId=013849-24CP,False,False,True,,,notice to vacate
013987-24CP,7,2024 Dec 16 12:00:00 AM,,,Completed,275 W ROY ST,98119,https://services.seattle.gov/portal/customize/LinkToRecord.aspx?altId=013987-24CP,False,False,True,,,rent increase
014005-24CP,7,2024 Dec 16 12:00:00 AM,,,Under Investigation,2911 2ND AVE,98121,https://services.seattle.gov/portal/customize/LinkToRecord.aspx?altId=014005-24CP,False,False,True,,,rent increase
014224-24CP,7,2024 Dec 23 12:00:00 AM,,,Completed,1511 11TH AVE W,98119,https://services.seattle.gov/portal/customize/LinkToRecord.aspx?altId=014224-24CP,False,False,True,,,without proper notice
014273-24CP,7,2024 Dec 24 12:00:00 AM,,,Completed,115 WARREN AVE N,98109,https://services.seattle.gov/portal/customize/LinkToRecord.aspx?altId=014273-24CP,False,False,True,,,rent increase
014345-24CP,7,2024 Dec 27 12:00:00 AM,,,Completed,306 QUEEN ANNE AVE N,98109,https://services.seattle.gov/portal/customize/LinkToRecord.aspx?altId=014345-24CP,False,False,True,,,rent increase
014347-24CP,7,2024 Dec 27 12:00:00 AM,,,Completed,809 OLIVE WAY,98101,https://services.seattle.gov/portal/customize/LinkToRecord.aspx?altId=014347-24CP,False,False,True,,,eviction notice
000240-25CP,7,2025 Jan 06 12:00:00 AM,,,Completed,1823 TERRY AVE,98101,https://services.seattle.gov/portal/customize/LinkToRecord.aspx?altId=000240-25CP,False,False,True,,,rent increase
000311-25CP,7,2025 Jan 07 12:00:00 AM,,,Under Investigation,1701 DEXTER AVE N,98109,https://services.seattle.gov/portal/customize/LinkToRecord.aspx?altId=000311-25CP,False,False,True,,,rent increase
000348-25CP,7,2025 Jan 08 12:00:00 AM,,,Completed,800 SENECA ST,98101,https://services.seattle.gov/portal/customize/LinkToRecord.aspx?altId=000348-25CP,False,False,True,,,rent increase
000758-25CP,7,2025 Jan 16 12:00:00 AM,,,Under Investigation,120 WESTLAKE AVE N,98109,https://services.seattle.gov/portal/customize/LinkToRecord.aspx?altId=000758-25CP,False,True,False,,locked out,
000880-25CP,7,2025 Jan 21 12:00:00 AM,,,Under Investigation,3046 17TH AVE W,98119,https://services.seattle.gov/portal/customize/LinkToRecord.aspx?altId=000880-25CP,False,False,True,,,rent increase
000915-25CP,7,2025 Jan 22 12:00:00 AM,,,Closed,801 2ND AVE N,98109,https://services.seattle.gov/portal/customize/LinkToRecord.aspx?altId=000915-25CP,False,False,True,,,rent increase
000971-25CP,7,2025 Jan 23 12:00:00 AM,,,Completed,919 STEWART ST,98101,https://services.seattle.gov/portal/customize/LinkToRecord.aspx?altId=000971-25CP,False,True,False,,threaten,
001060-25CP,7,2025 Jan 24 12:00:00 AM,,,Completed,315 1ST AVE N,98109,https://services.seattle.gov/portal/customize/LinkToRecord.aspx?altId=001060-25CP,False,False,True,,,eviction notice
001241-25CP,7,2025 Jan 29 12:00:00 AM,,,Completed,1340 4TH AVE,98101,https://services.seattle.gov/portal/customize/LinkToRecord.aspx?altId=001241-25CP,False,False,True,,,rent increase
001416-25CP,7,2025 Feb 04 12:00:00 AM,,,Completed,400 W MERCER ST,98119,https://services.seattle.gov/portal/customize/LinkToRecord.aspx?altId=001416-25CP,False,False,True,,,rent increase
001573-25CP,7,2025 Feb 10 12:00:00 AM,,,Completed,600 7TH AVE,98104,https://services.seattle.gov/portal/customize/LinkToRecord.aspx?altId=001573-25CP,False,False,True,,,rent increase
001597-25CP,7,2025 Feb 11 12:00:00 AM,,,Completed,2033 2ND AVE,98121,https://services.seattle.gov/portal/customize/LinkToRecord.aspx?altId=001597-25CP,False,False,True,,,rent increase
001637-25CP,7,2025 Jan 16 12:00:00 AM,,,Completed,1633 10TH AVE W,98119,https://services.seattle.gov/portal/customize/LinkToRecord.aspx?altId=001637-25CP,False,False,True,,,rent increase
001678-25CP,7,2025 Feb 13 12:00:00 AM,,,Completed,2405 W LYNN ST,98199,https://services.seattle.gov/portal/customize/LinkToRecord.aspx?altId=001678-25CP,False,False,True,,,rent increase|discrimination
001797-25CP,7,2025 Feb 18 12:00:00 AM,,,Under Investigation,800 HARRISON ST,98109,https://services.seattle.gov/portal/customize/LinkToRecord.aspx?altId=001797-25CP,False,True,True,,harass,rent increase
002178-25CP,7,2025 Feb 26 12:00:00 AM,,,Completed,588 BELL ST,98121,https://services.seattle.gov/portal/customize/LinkToRecord.aspx?altId=002178-25CP,False,False,True,,,rent increase
002251-25CP,7,2025 Feb 27 12:00:00 AM,,,Completed,2510 6TH AVE,98121,https://services.seattle.gov/portal/customize/LinkToRecord.aspx?altId=002251-25CP,False,False,True,,,just cause|just cause eviction
002404-25CP,7,2025 Mar 04 12:00:00 AM,,,Under Investigation,1660 AURORA AVE N,98109,https://services.seattle.gov/portal/customize/LinkToRecord.aspx?altId=002404-25CP,False,False,True,,,rent increase
002427-25CP,7,2025 Mar 04 12:00:00 AM,,,Completed,3016 1ST AVE,98121,https://services.seattle.gov/portal/customize/LinkToRecord.aspx?altId=002427-25CP,False,False,True,,,rent increase
002458-25CP,7,2025 Mar 05 12:00:00 AM,,,Completed,101 DENNY WAY,98109,https://services.seattle.gov/portal/customize/LinkToRecord.aspx?altId=002458-25CP,False,False,True,,,3 day notice
002503-25CP,7,2025 Mar 06 12:00:00 AM,,,Under Investigation,620 5TH AVE W,98119,https://services.seattle.gov/portal/customize/LinkToRecord.aspx?altId=002503-25CP,False,False,True,,,rent increase
002655-25CP,7,2025 Mar 10 12:00:00 AM,,,Under Investigation,1205 QUEEN ANNE AVE N,98109,https://services.seattle.gov/portal/customize/LinkToRecord.aspx?altId=002655-25CP,False,False,True,,,rent increase
002755-25CP,7,2025 Mar 12 12:00:00 AM,,,Completed,800 SENECA ST,98101,https://services.seattle.gov/portal/customize/LinkToRecord.aspx?altId=002755-25CP,False,False,True,,,eviction notice
002774-25CP,7,2025 Mar 12 12:00:00 AM,,,Under Investigation,906 DEXTER AVE N,98109,https://services.seattle.gov/portal/customize/LinkToRecord.aspx?altId=002774-25CP,False,True,False,,threaten,
1060493-VI,7,2025 Mar 14 12:00:00 AM,,,Warning,3016 1ST AVE,98121,https://services.seattle.gov/portal/customize/LinkToRecord.aspx?altId=1060493-VI,False,False,True,,,rent increase
003137-25CP,7,2025 Mar 21 12:00:00 AM,,,Completed,535 PONTIUS AVE N,98109,https://services.seattle.gov/portal/customize/LinkToRecord.aspx?altId=003137-25CP,False,False,True,,,notice to vacate
003141-25CP,7,2025 Mar 21 12:00:00 AM,,,Completed,2572 GILMAN DR W,98119,https://services.seattle.gov/portal/customize/LinkToRecord.aspx?altId=003141-25CP,False,False,True,,,rent increase
003163-25CP,7,2025 Mar 21 12:00:00 AM,,,Completed,75 VINE ST,98121,https://services.seattle.gov/portal/customize/LinkToRecord.aspx?altId=003163-25CP,False,False,True,,,rent increase
003211-25CP,7,2025 Mar 24 12:00:00 AM,,,Completed,2112 9TH AVE W,98119,https://services.seattle.gov/portal/customize/LinkToRecord.aspx?altId=003211-25CP,False,True,False,,trao,
003229-25CP,7,2025 Mar 24 12:00:00 AM,,,Completed,1420 WESTERN AVE,98101,https://services.seattle.gov/portal/customize/LinkToRecord.aspx?altId=003229-25CP,False,False,True,,,rent increase
003235-25CP,7,2025 Mar 24 12:00:00 AM,,,Completed,50 UNIVERSITY ST,98101,https://services.seattle.gov/portal/customize/LinkToRecord.aspx?altId=003235-25CP,False,False,True,,,rent increase
003238-25CP,7,2025 Mar 24 12:00:00 AM,,,Completed,103 VINE ST,98121,https://services.seattle.gov/portal/customize/LinkToRecord.aspx?altId=003238-25CP,False,False,True,,,notice to vacate
003310-25CP,7,2025 Mar 25 12:00:00 AM,,,Closed,699 JOHN ST,98109,https://services.seattle.gov/portal/customize/LinkToRecord.aspx?altId=003310-25CP,False,False,True,,,rent increase
003319-25CP,7,2025 Mar 25 12:00:00 AM,,,Completed,2312 3RD AVE,98121,https://services.seattle.gov/portal/customize/LinkToRecord.aspx?altId=003319-25CP,False,False,True,,,10 day notice
003340-25CP,7,2025 Mar 26 12:00:00 AM,,,Closed,2063 13TH AVE W,98119,https://services.seattle.gov/portal/customize/LinkToRecord.aspx?altId=003340-25CP,False,False,True,,,tenant rights
003341-25CP,7,2025 Mar 26 12:00:00 AM,,,Completed,3230 16TH AVE W,98119,https://services.seattle.gov/portal/customize/LinkToRecord.aspx?altId=003341-25CP,False,False,True,,,rent increase
003552-25CP,7,2025 Mar 31 12:00:00 AM,,,Completed,1824 8TH AVE W,98119,https://services.seattle.gov/portal/customize/LinkToRecord.aspx?altId=003552-25CP,False,False,True,,,rent increase
003705-25CP,7,2025 Apr 02 12:00:00 AM,,,Completed,2510 6TH AVE,98121,https://services.seattle.gov/portal/customize/LinkToRecord.aspx?altId=003705-25CP,False,False,True,,,vacate notice
003825-25CP,7,2025 Apr 04 12:00:00 AM,,,Completed,1823 TERRY AVE,98101,https://services.seattle.gov/portal/customize/LinkToRecord.aspx?altId=003825-25CP,False,False,True,,,rent increase
003885-25CP,7,2025 Apr 07 12:00:00 AM,,,Completed,320 W REPUBLICAN ST,98119,https://services.seattle.gov/portal/customize/LinkToRecord.aspx?altId=003885-25CP,False,False,True,,,rent increase
003892-25CP,7,2025 Apr 07 12:00:00 AM,,,Completed,320 CEDAR ST,98121,https://services.seattle.gov/portal/customize/LinkToRecord.aspx?altId=003892-25CP,False,False,True,,,tenant rights
003939-25CP,7,2025 Apr 08 12:00:00 AM,,,Completed,1800 BOREN AVE,98101,https://services.seattle.gov/portal/customize/LinkToRecord.aspx?altId=003939-25CP,False,False,True,,,rent increase
003948-25CP,7,2025 Apr 08 12:00:00 AM,,,Completed,1306 1ST AVE W,98119,https://services.seattle.gov/portal/customize/LinkToRecord.aspx?altId=003948-25CP,False,False,True,,,rent increase
003973-25CP,7,2025 Apr 08 12:00:00 AM,,,Completed,120 WESTLAKE AVE N,98109,https://services.seattle.gov/portal/customize/LinkToRecord.aspx?altId=003973-25CP,False,False,True,,,rent increase
004152-25CP,7,2025 Apr 11 12:00:00 AM,,,Completed,1902 2ND AVE,98101,https://services.seattle.gov/portal/customize/LinkToRecord.aspx?altId=004152-25CP,False,False,True,,,3 day notice
004251-25CP,7,2025 Apr 15 12:00:00 AM,,,Completed,1015 QUEEN ANNE AVE N,98109,https://services.seattle.gov/portal/customize/LinkToRecord.aspx?altId=004251-25CP,False,False,True,,,rent increase
004568-25CP,7,2025 Apr 21 12:00:00 AM,,,Closed,800 SENECA ST,98101,https://services.seattle.gov/portal/customize/LinkToRecord.aspx?altId=004568-25CP,True,False,False,no heat|leak|unsanitary|unsanitary conditions,,
004678-25CP,7,2025 Apr 23 12:00:00 AM,,,Completed,3412 10TH AVE W,98119,https://services.seattle.gov/portal/customize/LinkToRecord.aspx?altId=004678-25CP,False,False,True,,,rent increase
004789-25CP,7,2025 Apr 25 12:00:00 AM,,,Under Investigation,133 PONTIUS AVE N,98109,https://services.seattle.gov/portal/customize/LinkToRecord.aspx?altId=004789-25CP,False,False,True,,,rent increase
004920-25CP,7,2025 Apr 29 12:00:00 AM,,,Completed,2614 4TH AVE,98121,https://services.seattle.gov/portal/customize/LinkToRecord.aspx?altId=004920-25CP,False,False,True,,,rent increase
005052-25CP,7,2025 May 01 12:00:00 AM,,,Completed,211 LENORA ST,98121,https://services.seattle.gov/portal/customize/LinkToRecord.aspx?altId=005052-25CP,False,False,True,,,rent increase
005105-25CP,7,2025 May 02 12:00:00 AM,,,Completed,500 WALL ST,98121,https://services.seattle.gov/portal/customize/LinkToRecord.aspx?altId=005105-25CP,False,False,True,,,rent increase
005112-25CP,7,2025 May 02 12:00:00 AM,,,Under Investigation,76 CEDAR ST,98121,https://services.seattle.gov/portal/customize/LinkToRecord.aspx?altId=005112-25CP,False,False,True,,,rent increase
005198-25CP,7,2025 May 05 12:00:00 AM,,,Completed,1000 1ST AVE W,98119,https://services.seattle.gov/portal/customize/LinkToRecord.aspx?altId=005198-25CP,False,False,True,,,rent increase
005389-25CP,7,2025 May 08 12:00:00 AM,,,Completed,420 PONTIUS AVE N,98109,https://services.seattle.gov/portal/customize/LinkToRecord.aspx?altId=005389-25CP,False,True,False,,trao,
005503-25CP,7,2025 May 12 12:00:00 AM,,,Completed,1145 REPUBLICAN ST,98109,https://services.seattle.gov/portal/customize/LinkToRecord.aspx?altId=005503-25CP,False,False,True,,,rent increase
005626-25CP,7,2025 May 14 12:00:00 AM,,,Under Investigation,910 JOHN ST,98109,https://services.seattle.gov/portal/customize/LinkToRecord.aspx?altId=005626-25CP,False,True,False,,forced out,
005627-25CP,7,2025 May 09 12:00:00 AM,,,Under Investigation,315 1ST AVE W,98119,https://services.seattle.gov/portal/customize/LinkToRecord.aspx?altId=005627-25CP,False,False,True,,,rent increase
005698-25CP,7,2025 May 15 12:00:00 AM,,,Under Investigation,2121 6TH AVE,98121,https://services.seattle.gov/portal/customize/LinkToRecord.aspx?altId=005698-25CP,False,False,True,,,rent increase
005846-25CP,7,2025 May 20 12:00:00 AM,,,Closed,2614 14TH AVE W,98119,https://services.seattle.gov/portal/customize/LinkToRecord.aspx?altId=005846-25CP,False,False,True,,,rent increase
005863-25CP,7,2025 May 20 12:00:00 AM,,,Completed,1701 DEXTER AVE N,98109,https://services.seattle.gov/portal/customize/LinkToRecord.aspx?altId=005863-25CP,False,False,True,,,rent increase
006034-25CP,7,2025 May 22 12:00:00 AM,,,Completed,2614 4TH AVE,98121,https://services.seattle.gov/portal/customize/LinkToRecord.aspx?altId=006034-25CP,False,False,True,,,rent increase
006141-25CP,7,2025 May 21 12:00:00 AM,,,Completed,121 STEWART ST,98101,https://services.seattle.gov/portal/customize/LinkToRecord.aspx?altId=006141-25CP,False,False,True,,,rent increase
006153-25CP,7,2025 May 27 12:00:00 AM,,,Completed,819 VIRGINIA ST,98101,https://services.seattle.gov/portal/customize/LinkToRecord.aspx?altId=006153-25CP,False,False,True,,,rent increase
006291-25CP,7,2025 May 29 12:00:00 AM,,,Completed,2201 4TH AVE,98121,https://services.seattle.gov/portal/customize/LinkToRecord.aspx?altId=006291-25CP,False,False,True,,,rent increase
006411-25CP,7,2025 Jun 02 12:00:00 AM,,,Completed,320 W REPUBLICAN ST,98119,https://services.seattle.gov/portal/customize/LinkToRecord.aspx?altId=006411-25CP,False,False,True,,,rent increase
006550-25CP,7,2025 Jun 04 12:00:00 AM,,,Completed,315 1ST AVE W,98119,https://services.seattle.gov/portal/customize/LinkToRecord.aspx?altId=006550-25CP,False,False,True,,,rent increase
006653-25CP,7,2025 Jun 05 12:00:00 AM,,,Completed,2450 AURORA AVE N,98109,https://services.seattle.gov/portal/customize/LinkToRecord.aspx?altId=006653-25CP,False,False,True,,,rent increase
006663-25CP,7,2025 Jun 05 12:00:00 AM,,,Completed,2226 ELLIOTT AVE,98121,https://services.seattle.gov/portal/customize/LinkToRecord.aspx?altId=006663-25CP,False,False,True,,,rent increase
006670-25CP,7,2025 Jun 05 12:00:00 AM,,,Completed,501 ROY ST,98109,https://services.seattle.gov/portal/customize/LinkToRecord.aspx?altId=006670-25CP,False,False,True,,,rent increase
006709-25CP,7,2025 Jun 06 12:00:00 AM,,,Completed,1407 2ND AVE W,98119,https://services.seattle.gov/portal/customize/LinkToRecord.aspx?altId=006709-25CP,False,False,True,,,10-day notice
006819-25CP,7,2025 Jun 09 12:00:00 AM,,,Completed,554 PROSPECT ST,98109,https://services.seattle.gov/portal/customize/LinkToRecord.aspx?altId=006819-25CP,False,False,True,,,tenant rights
006928-25CP,7,2025 Jun 10 12:00:00 AM,,,Completed,1902 2ND AVE,98101,https://services.seattle.gov/portal/customize/LinkToRecord.aspx?altId=006928-25CP,False,False,True,,,3 day notice
006989-25CP,7,2025 Jun 11 12:00:00 AM,,,Completed,720 W CROCKETT ST,98119,https://services.seattle.gov/portal/customize/LinkToRecord.aspx?altId=006989-25CP,False,False,True,,,rent increase
007068-25CP,7,2025 Jun 12 12:00:00 AM,,,Completed,3008 16TH AVE W,98119,https://services.seattle.gov/portal/customize/LinkToRecord.aspx?altId=007068-25CP,False,False,True,,,pay or vacate
007080-25CP,7,2025 Jun 12 12:00:00 AM,,,Completed,800 1ST AVE N,98109,https://services.seattle.gov/portal/customize/LinkToRecord.aspx?altId=007080-25CP,False,False,True,,,tenant rights
007108-25CP,7,2025 Jun 13 12:00:00 AM,,,Completed,1824 8TH AVE W,98119,https://services.seattle.gov/portal/customize/LinkToRecord.aspx?altId=007108-25CP,False,False,True,,,rent increase
007112-25CP,7,2025 Jun 13 12:00:00 AM,,,Completed,1907 1ST AVE,98101,https://services.seattle.gov/portal/customize/LinkToRecord.aspx?altId=007112-25CP,False,False,True,,,eviction notice
007202-25CP,7,2025 Jun 16 12:00:00 AM,,,Under Investigation,1600 DEXTER AVE N,98109,https://services.seattle.gov/portal/customize/LinkToRecord.aspx?altId=007202-25CP,False,False,True,,,security deposit
007287-25CP,7,2025 Jun 17 12:00:00 AM,,,Completed,1529 QUEEN ANNE AVE N,98109,https://services.seattle.gov/portal/customize/LinkToRecord.aspx?altId=007287-25CP,False,False,True,,,rent increase
007295-25CP,7,2025 Jun 17 12:00:00 AM,,,Closed,909 5TH AVE,98164,https://services.seattle.gov/portal/customize/LinkToRecord.aspx?altId=007295-25CP,False,False,True,,,rent increase
007464-25CP,7,2025 Jun 20 12:00:00 AM,,,Closed,3630 22ND AVE W,98199,https://services.seattle.gov/portal/customize/LinkToRecord.aspx?altId=007464-25CP,False,False,True,,,rent increase
007504-25CP,7,2025 Jun 20 12:00:00 AM,,,Completed,524 6TH AVE W,98119,https://services.seattle.gov/portal/customize/LinkToRecord.aspx?altId=007504-25CP,False,True,True,,retaliat,illegal rent|tenant rights
007573-25CP,7,2025 Jun 23 12:00:00 AM,,,Closed,420 PONTIUS AVE N,98109,https://services.seattle.gov/portal/customize/LinkToRecord.aspx?altId=007573-25CP,False,False,True,,,rent increase
007590-25CP,7,2025 Jun 23 12:00:00 AM,,,Completed,500 ALOHA ST,98109,https://services.seattle.gov/portal/customize/LinkToRecord.aspx?altId=007590-25CP,False,False,True,,,rent increase
007606-25CP,7,2025 Jun 23 12:00:00 AM,,,Closed,737 OLIVE WAY,98101,https://services.seattle.gov/portal/customize/LinkToRecord.aspx?altId=007606-25CP,False,False,True,,,rent increase
007699-25CP,7,2025 Jun 24 12:00:00 AM,,,Completed,1701 DEXTER AVE N,98109,https://services.seattle.gov/portal/customize/LinkToRecord.aspx?altId=007699-25CP,False,False,True,,,raised my rent|rrio
007773-25CP,7,2025 Jun 25 12:00:00 AM,,,Closed,330 3RD AVE W,98119,https://services.seattle.gov/portal/customize/LinkToRecord.aspx?altId=007773-25CP,False,False,True,,,rent increase
007778-25CP,7,2025 Jun 25 12:00:00 AM,,,Completed,75 VINE ST,98121,https://services.seattle.gov/portal/customize/LinkToRecord.aspx?altId=007778-25CP,False,False,True,,,rent increase
007987-25CP,7,2025 Jun 30 12:00:00 AM,,,Completed,1525 9TH AVE,98101,https://services.seattle.gov/portal/customize/LinkToRecord.aspx?altId=007987-25CP,False,False,True,,,rent increase
008179-25CP,7,2025 Jul 03 12:00:00 AM,,,Completed,1301 1ST AVE,98101,https://services.seattle.gov/portal/customize/LinkToRecord.aspx?altId=008179-25CP,False,False,True,,,rent increase
008421-25CP,7,2025 Jul 09 12:00:00 AM,,,Completed,320 W REPUBLICAN ST,98119,https://services.seattle.gov/portal/customize/LinkToRecord.aspx?altId=008421-25CP,False,False,True,,,rent increase
008617-25CP,7,2025 Jul 11 12:00:00 AM,,,Completed,639 W EMERSON ST,98119,https://services.seattle.gov/portal/customize/LinkToRecord.aspx?altId=008617-25CP,False,False,True,,,rent increase
008657-25CP,7,2025 Jul 12 12:00:00 AM,,,Completed,1525 9TH AVE,98101,https://services.seattle.gov/portal/customize/LinkToRecord.aspx?altId=008657-25CP,True,False,True,leak|mold|hazard|hazardous,,unauthorized entry
008693-25CP,7,2025 Jul 14 12:00:00 AM,,,Completed,133 PONTIUS AVE N,98109,https://services.seattle.gov/portal/customize/LinkToRecord.aspx?altId=008693-25CP,False,False,True,,,rent increase
008799-25CP,7,2025 Jul 15 12:00:00 AM,,,Completed,157 VALLEY ST,98109,https://services.seattle.gov/portal/customize/LinkToRecord.aspx?altId=008799-25CP,False,False,True,,,rent increase|without proper notice
008831-25CP,7,2025 Jul 15 12:00:00 AM,,,Closed,3421 14TH AVE W,98119,https://services.seattle.gov/portal/customize/LinkToRecord.aspx?altId=008831-25CP,False,False,True,,,rent increase
008911-25CP,7,2025 Jul 16 12:00:00 AM,,,Closed,3812 14TH AVE W,98119,https://services.seattle.gov/portal/customize/LinkToRecord.aspx?altId=008911-25CP,False,False,True,,,rent increase
009387-25CP,7,2025 Jul 24 12:00:00 AM,,,Completed,1966 THORNDYKE AVE W,98199,https://services.seattle.gov/portal/customize/LinkToRecord.aspx?altId=009387-25CP,False,False,True,,,pay or vacate|vacate notice
009494-25CP,7,2025 Jul 25 12:00:00 AM,,,Completed,3630 22ND AVE W,98199,https://services.seattle.gov/portal/customize/LinkToRecord.aspx?altId=009494-25CP,False,False,True,,,rent increase
009520-25CP,7,2025 Jul 25 12:00:00 AM,,,Completed,2701 3RD AVE W,98119,https://services.seattle.gov/portal/customize/LinkToRecord.aspx?altId=009520-25CP,False,False,True,,,rent increase
009548-25CP,7,2025 Jul 27 12:00:00 AM,,,Completed,1511 DEXTER AVE N,98109,https://services.seattle.gov/portal/customize/LinkToRecord.aspx?altId=009548-25CP,False,False,True,,,eviction notice
009596-25CP,7,2025 Jul 28 12:00:00 AM,,,Completed,306 BLANCHARD ST,98121,https://services.seattle.gov/portal/customize/LinkToRecord.aspx?altId=009596-25CP,False,False,True,,,eviction notice
009687-25CP,7,2025 Jul 29 12:00:00 AM,,,Completed,600 W OLYMPIC PL,98119,https://services.seattle.gov/portal/customize/LinkToRecord.aspx?altId=009687-25CP,False,True,True,,forced to move,pay or vacate|vacate notice
009927-25CP,7,2025 Aug 04 12:00:00 AM,,,Completed,1823 TERRY AVE,98101,https://services.seattle.gov/portal/customize/LinkToRecord.aspx?altId=009927-25CP,False,False,True,,,rent increase|without proper notice
009941-25CP,7,2025 Aug 04 12:00:00 AM,,,Completed,1814 MINOR AVE,98101,https://services.seattle.gov/portal/customize/LinkToRecord.aspx?altId=009941-25CP,False,False,True,,,3 day notice
010100-25CP,7,2025 Aug 06 12:00:00 AM,,,Closed,3040 17TH AVE W,98119,https://services.seattle.gov/portal/customize/LinkToRecord.aspx?altId=010100-25CP,False,False,True,,,rent increase
010106-25CP,7,2025 Aug 06 12:00:00 AM,,,Completed,2519 1ST AVE,98121,https://services.seattle.gov/portal/customize/LinkToRecord.aspx?altId=010106-25CP,False,True,False,,locked out,
010217-25CP,7,2025 Aug 07 12:00:00 AM,,,Closed,605 5TH AVE N,98109,https://services.seattle.gov/portal/customize/LinkToRecord.aspx?altId=010217-25CP,False,False,True,,,rent increase
010346-25CP,7,2025 Aug 11 12:00:00 AM,,,Completed,2523 GILMAN DR W,98119,https://services.seattle.gov/portal/customize/LinkToRecord.aspx?altId=010346-25CP,False,False,True,,,rent increase
010469-25CP,7,2025 Aug 12 12:00:00 AM,,,Completed,2800 WESTERN AVE,98121,https://services.seattle.gov/portal/customize/LinkToRecord.aspx?altId=010469-25CP,False,False,True,,,rent increase
010552-25CP,7,2025 Aug 13 12:00:00 AM,,,Completed,831 W NICKERSON ST,98119,https://services.seattle.gov/portal/customize/LinkToRecord.aspx?altId=010552-25CP,False,False,True,,,rent increase|without proper notice
010792-25CP,7,2025 Aug 19 12:00:00 AM,,,Closed,101 TAYLOR AVE N,98109,https://services.seattle.gov/portal/customize/LinkToRecord.aspx?altId=010792-25CP,False,False,True,,,rent increase
010853-25CP,7,2025 Aug 20 12:00:00 AM,,,Completed,2720 4TH AVE,98121,https://services.seattle.gov/portal/customize/LinkToRecord.aspx?altId=010853-25CP,False,False,True,,,rent increase|without proper notice
010922-25CP,7,2025 Aug 22 12:00:00 AM,,,Completed,1920 QUEEN ANNE AVE N,98109,https://services.seattle.gov/portal/customize/LinkToRecord.aspx?altId=010922-25CP,False,False,True,,,rent increase
010996-25CP,7,2025 Aug 25 12:00:00 AM,,,Closed,1701 DEXTER AVE N,98109,https://services.seattle.gov/portal/customize/LinkToRecord.aspx?altId=010996-25CP,False,False,True,,,rent increase|rent increase without notice
011030-25CP,7,2025 Aug 11 12:00:00 AM,,,Completed,3240 15TH AVE W,98119,https://services.seattle.gov/portal/customize/LinkToRecord.aspx?altId=011030-25CP,True,False,False,no hot water|water damage|mold,,
011042-25CP,7,2025 Aug 26 12:00:00 AM,,,Completed,2856 14TH AVE W,98119,https://services.seattle.gov/portal/customize/LinkToRecord.aspx?altId=011042-25CP,False,False,True,,,rent increase|without proper notice
011086-25CP,7,2025 Aug 27 12:00:00 AM,,,Completed,2121 6TH AVE,98121,https://services.seattle.gov/portal/customize/LinkToRecord.aspx?altId=011086-25CP,False,False,True,,,rent increase
011155-25CP,7,2025 Aug 28 12:00:00 AM,,,Completed,2706 WESTLAKE AVE N,98109,https://services.seattle.gov/portal/customize/LinkToRecord.aspx?altId=011155-25CP,False,False,True,,,rent increase
011201-25CP,7,2025 Aug 29 12:00:00 AM,,,Closed,2408 2ND AVE,98121,https://services.seattle.gov/portal/customize/LinkToRecord.aspx?altId=011201-25CP,False,True,False,,trao,
011319-25CP,7,2025 Sep 03 12:00:00 AM,,,Completed,2402 2ND AVE,98121,https://services.seattle.gov/portal/customize/LinkToRecord.aspx?altId=011319-25CP,True,True,False,mold,forced to move|trao,
011412-25CP,7,2025 Sep 05 12:00:00 AM,,,Completed,3230 16TH AVE W,98119,https://services.seattle.gov/portal/customize/LinkToRecord.aspx?altId=011412-25CP,False,False,True,,,tenant rights
011462-25CP,7,2025 Sep 07 12:00:00 AM,,,Completed,1811 Eastlake AVE,,https://services.seattle.gov/portal/customize/LinkToRecord.aspx?altId=011462-25CP,True,True,True,rats|rodent|cockroach|roaches|bedbug,harass|threaten|retaliat,rights violation|code violation
011728-25CP,7,2025 Sep 12 12:00:00 AM,,,Completed,75 VINE ST,98121,https://services.seattle.gov/portal/customize/LinkToRecord.aspx?altId=011728-25CP,True,False,False,leak|water damage,,
011766-25CP,7,2025 Sep 13 12:00:00 AM,,,Completed,500 Wall ST,,https://services.seattle.gov/portal/customize/LinkToRecord.aspx?altId=011766-25CP,False,False,True,,,utility billing
011813-25CP,7,2025 Sep 15 12:00:00 AM,,,Completed,100 VALLEY ST,98109,https://services.seattle.gov/portal/customize/LinkToRecord.aspx?altId=011813-25CP,False,False,True,,,rent increase
011835-25CP,7,2025 Sep 15 12:00:00 AM,,,Completed,320 CEDAR ST,98121,https://services.seattle.gov/portal/customize/LinkToRecord.aspx?altId=011835-25CP,False,True,True,,threaten,notice to terminate
011853-25CP,7,2025 Sep 16 12:00:00 AM,,,Completed,171 MCGRAW ST,98109,https://services.seattle.gov/portal/customize/LinkToRecord.aspx?altId=011853-25CP,False,False,True,,,rent increase
011854-25CP,7,2025 Sep 16 12:00:00 AM,,,Completed,855 W NICKERSON ST,98119,https://services.seattle.gov/portal/customize/LinkToRecord.aspx?altId=011854-25CP,False,False,True,,,rent increase
011990-25CP,7,2025 Sep 18 12:00:00 AM,,,Completed,900 LENORA ST,98121,https://services.seattle.gov/portal/customize/LinkToRecord.aspx?altId=011990-25CP,False,False,True,,,rent increase
012020-25CP,7,2025 Sep 19 12:00:00 AM,,,Completed,812 3RD AVE N,98109,https://services.seattle.gov/portal/customize/LinkToRecord.aspx?altId=012020-25CP,False,False,True,,,tenant rights
012133-25CP,7,2025 Sep 23 12:00:00 AM,,,Completed,1232 HARRISON ST,98109,https://services.seattle.gov/portal/customize/LinkToRecord.aspx?altId=012133-25CP,False,False,True,,,rent increase|without proper notice
012240-25CP,7,2025 Sep 25 12:00:00 AM,,,Closed,10 BLAINE ST,98109,https://services.seattle.gov/portal/customize/LinkToRecord.aspx?altId=012240-25CP,False,False,True,,,vacate notice
012639-25CP,7,2025 Oct 06 12:00:00 AM,,,Completed,1823 TERRY AVE,98101,https://services.seattle.gov/portal/customize/LinkToRecord.aspx?altId=012639-25CP,False,False,True,,,rent increase
012811-25CP,7,2025 Oct 07 12:00:00 AM,,,Completed,2142 8TH AVE N,98109,https://services.seattle.gov/portal/customize/LinkToRecord.aspx?altId=012811-25CP,False,False,True,,,rent increase
013014-25CP,7,2025 Oct 14 12:00:00 AM,,,Completed,2614 4TH AVE,98121,https://services.seattle.gov/portal/customize/LinkToRecord.aspx?altId=013014-25CP,False,False,True,,,rent increase
013045-25CP,7,2025 Oct 14 12:00:00 AM,,,Completed,75 VINE ST,98121,https://services.seattle.gov/portal/customize/LinkToRecord.aspx?altId=013045-25CP,False,False,True,,,vacate notice
013292-25CP,7,2025 Oct 20 12:00:00 AM,,,Completed,1823 TERRY AVE,98101,https://services.seattle.gov/portal/customize/LinkToRecord.aspx?altId=013292-25CP,False,False,True,,,without proper notice
013415-25CP,7,2025 Oct 22 12:00:00 AM,,,Completed,120 WESTLAKE AVE N,98109,https://services.seattle.gov/portal/customize/LinkToRecord.aspx?altId=013415-25CP,False,False,True,,,rent increase
013657-25CP,7,2025 Oct 27 12:00:00 AM,,,Completed,1920 4TH AVE,98101,https://services.seattle.gov/portal/customize/LinkToRecord.aspx?altId=013657-25CP,False,False,True,,,eviction notice
013813-25CP,7,2025 Oct 30 12:00:00 AM,,,Completed,2202 8TH AVE,98121,https://services.seattle.gov/portal/customize/LinkToRecord.aspx?altId=013813-25CP,False,False,True,,,rent increase
013815-25CP,7,2025 Oct 30 12:00:00 AM,,,Completed,1719 2ND AVE N,98109,https://services.seattle.gov/portal/customize/LinkToRecord.aspx?altId=013815-25CP,False,False,True,,,rent increase
013873-25CP,7,2025 Oct 15 12:00:00 AM,,,Completed,609 W NICKERSON ST,98119,https://services.seattle.gov/portal/customize/LinkToRecord.aspx?altId=013873-25CP,False,True,True,,changed the locks|changed locks,illegal entry
013886-25CP,7,2025 Oct 31 12:00:00 AM,,,Completed,2510 WESTERN AVE,98121,https://services.seattle.gov/portal/customize/LinkToRecord.aspx?altId=013886-25CP,False,False,True,,,eviction notice
014081-25CP,7,2025 Nov 05 12:00:00 AM,,,Completed,80 STEWART ST,98101,https://services.seattle.gov/portal/customize/LinkToRecord.aspx?altId=014081-25CP,False,False,True,,,10 day notice
014093-25CP,7,2025 Oct 17 12:00:00 AM,,,Completed,75 VINE ST,98121,https://services.seattle.gov/portal/customize/LinkToRecord.aspx?altId=014093-25CP,False,False,True,,,pay or vacate|vacate notice
014218-25CP,7,2025 Nov 07 12:00:00 AM,,,Under Investigation,2305 1ST AVE,98121,https://services.seattle.gov/portal/customize/LinkToRecord.aspx?altId=014218-25CP,False,False,True,,,rent increase
014460-25CP,7,2025 Nov 13 12:00:00 AM,,,Completed,300 1ST AVE W,98119,https://services.seattle.gov/portal/customize/LinkToRecord.aspx?altId=014460-25CP,False,False,True,,,rent increase
014489-25CP,7,2025 Nov 14 12:00:00 AM,,,Under Investigation,801 SPRING ST,98104,https://services.seattle.gov/portal/customize/LinkToRecord.aspx?altId=014489-25CP,True,False,False,infestation,,
014530-25CP,7,2025 Nov 14 12:00:00 AM,,,Completed,600 7TH AVE,98104,https://services.seattle.gov/portal/customize/LinkToRecord.aspx?altId=014530-25CP,True,True,True,flooding|flooded,retaliat,vacate notice
014656-25CP,7,2025 Nov 18 12:00:00 AM,,,Completed,110 W OLYMPIC PL,98119,https://services.seattle.gov/portal/customize/LinkToRecord.aspx?altId=014656-25CP,False,False,True,,,rent increase
014752-25CP,7,2025 Nov 20 12:00:00 AM,,,Completed,2451 thorndyke AVE W,,https://services.seattle.gov/portal/customize/LinkToRecord.aspx?altId=014752-25CP,False,False,True,,,rent increase
014856-25CP,7,2025 Nov 23 12:00:00 AM,,,Completed,901 6TH AVE,98104,https://services.seattle.gov/portal/customize/LinkToRecord.aspx?altId=014856-25CP,False,False,True,,,unlawful rent
014913-25CP,7,2025 Nov 19 12:00:00 AM,,,Under Investigation,2202 8TH AVE,98121,https://services.seattle.gov/portal/customize/LinkToRecord.aspx?altId=014913-25CP,False,False,True,,,rent increase
015058-25CP,7,2025 Dec 01 12:00:00 AM,,,Completed,80 STEWART ST,98101,https://services.seattle.gov/portal/customize/LinkToRecord.aspx?altId=015058-25CP,True,False,True,mold|unsanitary,,vacate notice
1062118-VI,7,2025 Dec 01 12:00:00 AM,,,NOV Issued,901 6TH AVE,98104,https://services.seattle.gov/portal/customize/LinkToRecord.aspx?altId=1062118-VI,False,False,True,,,unlawful rent
015137-25CP,7,2025 Dec 02 12:00:00 AM,,,Completed,2204 1ST AVE,98121,https://services.seattle.gov/portal/customize/LinkToRecord.aspx?altId=015137-25CP,False,True,False,,locked out,
015186-25CP,7,2025 Dec 03 12:00:00 AM,,,Completed,1902 2ND AVE,98101,https://services.seattle.gov/portal/customize/LinkToRecord.aspx?altId=015186-25CP,False,False,True,,,eviction notice
015275-25CP,7,2025 Dec 05 12:00:00 AM,,,Closed,1260 REPUBLICAN ST,98109,https://services.seattle.gov/portal/customize/LinkToRecord.aspx?altId=015275-25CP,False,False,True,,,rent increase
015340-25CP,7,2025 Dec 08 12:00:00 AM,,,Completed,1526 3RD AVE,98101,https://services.seattle.gov/portal/customize/LinkToRecord.aspx?altId=015340-25CP,False,False,True,,,eviction notice
015482-25CP,7,2025 Dec 10 12:00:00 AM,,,Under Investigation,110 W OLYMPIC PL,98119,https://services.seattle.gov/portal/customize/LinkToRecord.aspx?altId=015482-25CP,False,False,True,,,rent increase
015532-25CP,7,2025 Dec 11 12:00:00 AM,,,Completed,888 WESTERN AVE,98104,https://services.seattle.gov/portal/customize/LinkToRecord.aspx?altId=015532-25CP,False,False,True,,,rent increase
015552-25CP,7,2025 Dec 12 12:00:00 AM,,,Under Investigation,620 5TH AVE W,98119,https://services.seattle.gov/portal/customize/LinkToRecord.aspx?altId=015552-25CP,False,False,True,,,rent increase
015586-25CP,7,2025 Dec 12 12:00:00 AM,,,Under Investigation,315 1ST AVE N,98109,https://services.seattle.gov/portal/customize/LinkToRecord.aspx?altId=015586-25CP,False,True,False,,tenant relocation,
015587-25CP,7,2025 Dec 12 12:00:00 AM,,,Under Investigation,80 STEWART ST,98101,https://services.seattle.gov/portal/customize/LinkToRecord.aspx?altId=015587-25CP,True,True,True,mold,retaliat,vacate notice
015589-25CP,7,2025 Dec 12 12:00:00 AM,,,Completed,2024 3RD AVE,98102,https://services.seattle.gov/portal/customize/LinkToRecord.aspx?altId=015589-25CP,False,True,False,,harass,
015628-25CP,7,2025 Dec 15 12:00:00 AM,,,Completed,901 6TH AVE,98104,https://services.seattle.gov/portal/customize/LinkToRecord.aspx?altId=015628-25CP,False,False,True,,,utility billing
015632-25CP,7,2025 Dec 15 12:00:00 AM,,,Completed,888 WESTERN AVE,98104,https://services.seattle.gov/portal/customize/LinkToRecord.aspx?altId=015632-25CP,False,False,True,,,rent increase
015763-25CP,7,2025 Dec 18 12:00:00 AM,,,Completed,1808 MINOR AVE,98101,https://services.seattle.gov/portal/customize/LinkToRecord.aspx?altId=015763-25CP,False,False,True,,,rent increase
015875-25CP,7,2025 Dec 22 12:00:00 AM,,,Under Investigation,2024 3RD AVE,98121,https://services.seattle.gov/portal/customize/LinkToRecord.aspx?altId=015875-25CP,False,False,True,,,rent increase|without proper notice
016087-25CP,7,2025 Dec 29 12:00:00 AM,,,Under Investigation,513 1ST AVE N,98109,https://services.seattle.gov/portal/customize/LinkToRecord.aspx?altId=016087-25CP,True,False,False,unsafe,,
013580-25CP,7,2025 Oct 24 12:00:00 AM,,,Completed,2144 WESTLAKE AVE N,98109,https://services.seattle.gov/portal/customize/LinkToRecord.aspx?altId=013580-25CP,False,False,True,,,notice to vacate
011768-19CP,7,2019 Dec 24 12:00:00 AM,,,Completed,3018 4TH AVE W,98119,https://services.seattle.gov/portal/customize/LinkToRecord.aspx?altId=011768-19CP,False,False,True,,,rrio
000564-20CP,7,2020 Jan 10 12:00:00 AM,,,Closed,3018 14TH AVE W,98119,https://services.seattle.gov/portal/customize/LinkToRecord.aspx?altId=000564-20CP,True,False,False,hazard|asbestos|lead paint,,
003052-20CP,7,2020 Apr 15 12:00:00 AM,,,Closed,1518 BIGELOW AVE N,98109,https://services.seattle.gov/portal/customize/LinkToRecord.aspx?altId=003052-20CP,False,True,False,,trao,
001106-23CP,7,2023 Jan 31 12:00:00 AM,,,Closed,1102 8TH AVE,98101,https://services.seattle.gov/portal/customize/LinkToRecord.aspx?altId=001106-23CP,False,True,True,,retaliat,10-day notice
001200-23CP,7,2023 Feb 02 12:00:00 AM,,,Closed,3222 22ND AVE W,98199,https://services.seattle.gov/portal/customize/LinkToRecord.aspx?altId=001200-23CP,False,False,True,,,notice to vacate
009416-23CP,7,2023 Aug 09 12:00:00 AM,,,Completed,2911 2ND AVE,98121,https://services.seattle.gov/portal/customize/LinkToRecord.aspx?altId=009416-23CP,True,False,False,leak|mold,,
005967-16CP,7,2016 Aug 23 12:00:00 AM,,,Completed,809 OLIVE WAY,98101,https://services.seattle.gov/portal/customize/LinkToRecord.aspx?altId=005967-16CP,False,False,True,,,rent increase
006197-16CP,7,2016 Sep 01 12:00:00 AM,,,Completed,2305 W RAYE ST,98199,https://services.seattle.gov/portal/customize/LinkToRecord.aspx?altId=006197-16CP,False,True,True,,trao,notice to vacate|just cause|just cause eviction
006318-16CP,7,2016 Sep 09 12:00:00 AM,,,Completed,1 DRAVUS ST,98109,https://services.seattle.gov/portal/customize/LinkToRecord.aspx?altId=006318-16CP,False,True,True,,harass,rent increase
006364-16CP,7,2016 Sep 12 12:00:00 AM,,,Completed,94 BAY ST,98121,https://services.seattle.gov/portal/customize/LinkToRecord.aspx?altId=006364-16CP,False,False,True,,,just cause|just cause eviction
007050-16CP,7,2016 Oct 12 12:00:00 AM,,,Completed,2568 5TH AVE N,98109,https://services.seattle.gov/portal/customize/LinkToRecord.aspx?altId=007050-16CP,False,True,True,,told to leave,just cause|just cause eviction
007328-16CP,7,2016 Oct 28 12:00:00 AM,,,Completed,1280 HARRISON ST,98109,https://services.seattle.gov/portal/customize/LinkToRecord.aspx?altId=007328-16CP,False,False,True,,,rent increase
007559-16CP,7,2016 Nov 14 12:00:00 AM,,,Completed,1205 THOMAS ST,98109,https://services.seattle.gov/portal/customize/LinkToRecord.aspx?altId=007559-16CP,False,False,True,,,notice to vacate|just cause|just cause eviction
001589-17CP,7,2017 Feb 08 12:00:00 AM,,,Completed,2230 4TH AVE,98121,https://services.seattle.gov/portal/customize/LinkToRecord.aspx?altId=001589-17CP,False,True,True,,retaliat,3-day notice
001914-17CP,7,2017 Feb 28 12:00:00 AM,,,Completed,418 HIGHLAND DR,98109,https://services.seattle.gov/portal/customize/LinkToRecord.aspx?altId=001914-17CP,False,False,True,,,just cause|just cause eviction
001997-17CP,7,2017 Mar 03 12:00:00 AM,2017 Mar 06 12:00:00 AM,Completed,Completed,2561 13TH AVE W,98119,https://services.seattle.gov/portal/customize/LinkToRecord.aspx?altId=001997-17CP,False,False,True,,,just cause|just cause eviction
002304-17CP,7,2017 Mar 21 12:00:00 AM,,,Completed,852 W NICKERSON ST,98119,https://services.seattle.gov/portal/customize/LinkToRecord.aspx?altId=002304-17CP,False,True,False,,trao,
002384-17CP,7,2017 Mar 24 12:00:00 AM,2017 Mar 27 12:00:00 AM,Completed,Completed,905 DEXTER AVE N,98109,https://services.seattle.gov/portal/customize/LinkToRecord.aspx?altId=002384-17CP,False,False,True,,,rent increase
005168-17CP,7,2017 Jul 24 12:00:00 AM,,,Completed,101 TAYLOR AVE N,98109,https://services.seattle.gov/portal/customize/LinkToRecord.aspx?altId=005168-17CP,False,False,True,,,rent increase
005508-17CP,7,2017 Aug 03 12:00:00 AM,,,Completed,1945 10TH AVE W,98119,https://services.seattle.gov/portal/customize/LinkToRecord.aspx?altId=005508-17CP,False,False,True,,,3-day notice|notice to vacate|just cause|just cause eviction
006000-17CP,7,2017 Aug 21 12:00:00 AM,,,Completed,1251 TAYLOR AVE N,98109,https://services.seattle.gov/portal/customize/LinkToRecord.aspx?altId=006000-17CP,False,False,True,,,without proper notice
006163-17CP,7,2017 Aug 25 12:00:00 AM,,,Completed,1922 9TH AVE,98101,https://services.seattle.gov/portal/customize/LinkToRecord.aspx?altId=006163-17CP,True,False,False,bedbug|bed bug,,
006324-17CP,7,2017 Aug 31 12:00:00 AM,,,Completed,155 NICKERSON ST,98109,https://services.seattle.gov/portal/customize/LinkToRecord.aspx?altId=006324-17CP,False,True,True,,tenant relocation,notice to vacate
006395-17CP,7,2017 Sep 01 12:00:00 AM,,,Completed,718 CHERRY ST,98104,https://services.seattle.gov/portal/customize/LinkToRecord.aspx?altId=006395-17CP,False,False,True,,,security deposit
006433-17CP,7,2017 Sep 05 12:00:00 AM,,,Completed,2441 8TH AVE N,98109,https://services.seattle.gov/portal/customize/LinkToRecord.aspx?altId=006433-17CP,False,False,True,,,pay or vacate
006483-17CP,7,2017 Sep 07 12:00:00 AM,,,Completed,526 YALE AVE N,98109,https://services.seattle.gov/portal/customize/LinkToRecord.aspx?altId=006483-17CP,False,True,False,,tenant relocation,
006526-17CP,7,2017 Sep 08 12:00:00 AM,,,Completed,1110 8TH AVE,98101,https://services.seattle.gov/portal/customize/LinkToRecord.aspx?altId=006526-17CP,True,False,False,bedbug,,
006854-17CP,7,2017 Sep 21 12:00:00 AM,,,Completed,2105 5TH AVE,98121,https://services.seattle.gov/portal/customize/LinkToRecord.aspx?altId=006854-17CP,False,True,False,,pota,
006925-17CP,7,2017 Sep 25 12:00:00 AM,,,Completed,1401 5TH AVE N,98109,https://services.seattle.gov/portal/customize/LinkToRecord.aspx?altId=006925-17CP,True,True,True,no heat|leak|leaking|leaks|water damage,tenant relocation|relocation assistance,tenant rights
007031-17CP,7,2017 Sep 28 12:00:00 AM,,,Completed,2012 8TH AVE N,98109,https://services.seattle.gov/portal/customize/LinkToRecord.aspx?altId=007031-17CP,False,False,True,,,notice to vacate|just cause|just cause eviction
007275-17CP,7,2017 Oct 09 12:00:00 AM,,,Completed,625 QUEEN ANNE AVE N,98109,https://services.seattle.gov/portal/customize/LinkToRecord.aspx?altId=007275-17CP,False,True,False,,threaten,
007341-17CP,7,2017 Oct 11 12:00:00 AM,,,Completed,206 5TH AVE N,98109,https://services.seattle.gov/portal/customize/LinkToRecord.aspx?altId=007341-17CP,False,False,True,,,vacate notice
007834-17CP,7,2017 Nov 02 12:00:00 AM,,,Completed,524 W HIGHLAND DR,98119,https://services.seattle.gov/portal/customize/LinkToRecord.aspx?altId=007834-17CP,False,False,True,,,vacate notice|just cause|just cause eviction
008188-17CP,7,2017 Nov 21 12:00:00 AM,,,Completed,716 3RD AVE W,98119,https://services.seattle.gov/portal/customize/LinkToRecord.aspx?altId=008188-17CP,True,False,False,water damage,,
008342-17CP,7,2017 Dec 01 12:00:00 AM,,,Completed,1221 1ST AVE,98101,https://services.seattle.gov/portal/customize/LinkToRecord.aspx?altId=008342-17CP,False,False,True,,,pay or vacate|vacate notice|late fees
008652-17CP,7,2017 Dec 20 12:00:00 AM,,,Completed,1105 5TH AVE N,98109,https://services.seattle.gov/portal/customize/LinkToRecord.aspx?altId=008652-17CP,False,False,True,,,rent increase
008653-17CP,7,2017 Dec 20 12:00:00 AM,,,Completed,1820 MINOR AVE,98101,https://services.seattle.gov/portal/customize/LinkToRecord.aspx?altId=008653-17CP,True,True,False,leak|water damage,tenant relocation|relocation assistance,
008726-17CP,7,2017 Dec 26 12:00:00 AM,,,Completed,2701 W MANOR PL,98199,https://services.seattle.gov/portal/customize/LinkToRecord.aspx?altId=008726-17CP,False,False,True,,,10 day notice
008753-17CP,7,2017 Dec 28 12:00:00 AM,,,Completed,2015 2ND AVE,98121,https://services.seattle.gov/portal/customize/LinkToRecord.aspx?altId=008753-17CP,False,False,True,,,pay or vacate|3 day notice|just cause|just cause eviction
1039608-VI,7,2017 Mar 06 12:00:00 AM,2017 Mar 09 12:00:00 AM,Compliance Achieved,Completed,2561 13TH AVE W,98119,https://services.seattle.gov/portal/customize/LinkToRecord.aspx?altId=1039608-VI,False,False,True,,,just cause|just cause eviction
1039804-VI,7,2017 Mar 27 12:00:00 AM,2017 Mar 27 12:00:00 AM,Compliance Achieved,Completed,905 DEXTER AVE N,98109,https://services.seattle.gov/portal/customize/LinkToRecord.aspx?altId=1039804-VI,False,False,True,,,rent increase
004068-18CP,7,2018 May 09 12:00:00 AM,,,Completed,200 ALOHA ST,98109,https://services.seattle.gov/portal/customize/LinkToRecord.aspx?altId=004068-18CP,False,True,True,,pota,tenant rights
004138-18CP,7,2018 May 10 12:00:00 AM,,,Closed,1502 5TH AVE N,98109,https://services.seattle.gov/portal/customize/LinkToRecord.aspx?altId=004138-18CP,False,True,False,,trao,
004202-18CP,7,2018 May 04 12:00:00 AM,,,Closed,1627 10TH AVE W,98119,https://services.seattle.gov/portal/customize/LinkToRecord.aspx?altId=004202-18CP,False,True,False,,trao,
004274-18CP,7,2018 May 09 12:00:00 AM,,,Closed,1507 A 1ST AVE W,98119,https://services.seattle.gov/portal/customize/LinkToRecord.aspx?altId=004274-18CP,False,True,False,,threaten,
004459-18CP,7,2018 May 17 12:00:00 AM,,,Completed,2415 2nd AVE,98121,https://services.seattle.gov/portal/customize/LinkToRecord.aspx?altId=004459-18CP,False,True,False,,pota,
004466-18CP,7,2018 May 10 12:00:00 AM,,,Closed,2733 NOB HILL AVE N,98109,https://services.seattle.gov/portal/customize/LinkToRecord.aspx?altId=004466-18CP,False,True,False,,pota,
004504-18CP,7,2018 May 14 12:00:00 AM,,,Closed,2483 BIRCH AVE N,98109,https://services.seattle.gov/portal/customize/LinkToRecord.aspx?altId=004504-18CP,False,True,True,,pota,rent increase
004540-18CP,7,2018 May 11 12:00:00 AM,,,Closed,104 PINE ST,98101,https://services.seattle.gov/portal/customize/LinkToRecord.aspx?altId=004540-18CP,False,True,False,,pota,
1044269-VI,7,2018 May 21 12:00:00 AM,,,Completed,104 PINE ST,98101,https://services.seattle.gov/portal/customize/LinkToRecord.aspx?altId=1044269-VI,False,True,False,,pota,
004597-18CP,7,2018 May 22 12:00:00 AM,,,Completed,601 UNION ST,98101,https://services.seattle.gov/portal/customize/LinkToRecord.aspx?altId=004597-18CP,False,False,True,,,just cause|just cause eviction
004609-18CP,7,2018 May 22 12:00:00 AM,,,Completed,2321 4th AVE,98121,https://services.seattle.gov/portal/customize/LinkToRecord.aspx?altId=004609-18CP,False,True,False,,pota,
004761-18CP,7,2018 May 22 12:00:00 AM,2018 Jul 18 12:00:00 AM,Completed,Completed,607 EASTLAKE AVE E,98109,https://services.seattle.gov/portal/customize/LinkToRecord.aspx?altId=004761-18CP,False,True,True,,pota,tenant rights
004799-18CP,7,2018 May 18 12:00:00 AM,,,Closed,104 PINE ST,98101,https://services.seattle.gov/portal/customize/LinkToRecord.aspx?altId=004799-18CP,False,True,False,,pota,
004800-18CP,7,2018 May 18 12:00:00 AM,,,Closed,104 PINE ST,98101,https://services.seattle.gov/portal/customize/LinkToRecord.aspx?altId=004800-18CP,False,True,False,,pota,
004811-18CP,7,2018 May 29 12:00:00 AM,,,Closed,1210 Republican ST,98109,https://services.seattle.gov/portal/customize/LinkToRecord.aspx?altId=004811-18CP,False,True,False,,pota,
004990-18CP,7,2018 Jun 01 12:00:00 AM,,,Completed,525 Boren AVE N,98109,https://services.seattle.gov/portal/customize/LinkToRecord.aspx?altId=004990-18CP,False,True,False,,pota,
005029-18CP,7,2018 Jun 04 12:00:00 AM,,,Closed,2911 2nd AVE,98121,https://services.seattle.gov/portal/customize/LinkToRecord.aspx?altId=005029-18CP,False,True,True,,pota,20 day notice|rrio
005090-18CP,7,2018 May 31 12:00:00 AM,,,Closed,232 WARREN AVE N,98109,https://services.seattle.gov/portal/customize/LinkToRecord.aspx?altId=005090-18CP,False,True,True,,pota,tenant rights
005092-18CP,7,2018 May 31 12:00:00 AM,,,Closed,2121 6TH AVE,98121,https://services.seattle.gov/portal/customize/LinkToRecord.aspx?altId=005092-18CP,False,True,True,,pota,tenant rights
005110-18CP,7,2018 Jun 05 12:00:00 AM,,,Completed,2205 2nd AVE,98121,https://services.seattle.gov/portal/customize/LinkToRecord.aspx?altId=005110-18CP,False,True,True,,pota,security deposit
005188-18CP,7,2018 Jun 06 12:00:00 AM,,,Completed,200 ALOHA ST,98109,https://services.seattle.gov/portal/customize/LinkToRecord.aspx?altId=005188-18CP,False,False,True,,,tenant rights
005243-18CP,7,2018 Jun 06 12:00:00 AM,,,Closed,2516 15TH AVE W,98119,https://services.seattle.gov/portal/customize/LinkToRecord.aspx?altId=005243-18CP,False,True,False,,pota,
005359-18CP,7,2018 Jun 12 12:00:00 AM,,,Closed,2572 GILMAN DR W,98119,https://services.seattle.gov/portal/customize/LinkToRecord.aspx?altId=005359-18CP,False,True,True,,pota,rent increase
005394-18CP,7,2018 Jun 12 12:00:00 AM,,,Closed,700 5TH AVE,98104,https://services.seattle.gov/portal/customize/LinkToRecord.aspx?altId=005394-18CP,False,True,False,,pota,
005395-18CP,7,2018 Jun 12 12:00:00 AM,,,Closed,700 5TH AVE,98104,https://services.seattle.gov/portal/customize/LinkToRecord.aspx?altId=005395-18CP,False,True,False,,pota,
005428-18CP,7,2018 Jun 13 12:00:00 AM,,,Closed,600 5TH AVE W,98119,https://services.seattle.gov/portal/customize/LinkToRecord.aspx?altId=005428-18CP,True,False,False,bed bug,,
005508-18CP,7,2018 Jun 14 12:00:00 AM,,,Completed,820 BLANCHARD ST,98121,https://services.seattle.gov/portal/customize/LinkToRecord.aspx?altId=005508-18CP,False,False,True,,,tenant rights
005581-18CP,7,2018 Jun 18 12:00:00 AM,,,Completed,2034 14TH AVE W,98119,https://services.seattle.gov/portal/customize/LinkToRecord.aspx?altId=005581-18CP,False,False,True,,,pay or vacate|vacate notice|tenant rights
005583-18CP,7,2018 Jun 18 12:00:00 AM,2018 Aug 07 12:00:00 AM,No Access/Unable to Observe,Closed,2034 14TH AVE W,98119,https://services.seattle.gov/portal/customize/LinkToRecord.aspx?altId=005583-18CP,True,False,True,no hot water,,pay or vacate|vacate notice|tenant rights
005667-18CP,7,2018 Jun 19 12:00:00 AM,,,Completed,3520 28TH AVE W,98199,https://services.seattle.gov/portal/customize/LinkToRecord.aspx?altId=005667-18CP,False,True,False,,pota,
005678-18CP,7,2018 Jun 19 12:00:00 AM,,,Completed,2929 1ST AVE,98121,https://services.seattle.gov/portal/customize/LinkToRecord.aspx?altId=005678-18CP,False,True,False,,pota,
005729-18CP,7,2018 Jun 21 12:00:00 AM,,,Closed,43 Etruria ST,98109,https://services.seattle.gov/portal/customize/LinkToRecord.aspx?altId=005729-18CP,False,True,False,,pota,
005762-18CP,7,2018 Jun 20 12:00:00 AM,,,Closed,2121 6TH AVE,98121,https://services.seattle.gov/portal/customize/LinkToRecord.aspx?altId=005762-18CP,False,True,True,,pota,tenant rights
005818-18CP,7,2018 Jun 25 12:00:00 AM,,,Closed,3218 15th AVE W,,https://services.seattle.gov/portal/customize/LinkToRecord.aspx?altId=005818-18CP,False,True,False,,trao,
005836-18CP,7,2018 Jun 25 12:00:00 AM,,,Completed,3207 21st AVE W,98199,https://services.seattle.gov/portal/customize/LinkToRecord.aspx?altId=005836-18CP,False,True,False,,pota,
005861-18CP,7,2018 Jun 20 12:00:00 AM,,,Completed,3218 15TH AVE W,98119,https://services.seattle.gov/portal/customize/LinkToRecord.aspx?altId=005861-18CP,False,True,False,,pota|trao,
005866-18CP,7,2018 Jun 26 12:00:00 AM,,,Closed,200 Aloha ST,98109,https://services.seattle.gov/portal/customize/LinkToRecord.aspx?altId=005866-18CP,False,True,True,,pota,20 day notice
005887-18CP,7,2018 Jun 25 12:00:00 AM,,,Completed,1912 4TH AVE W,98119,https://services.seattle.gov/portal/customize/LinkToRecord.aspx?altId=005887-18CP,False,True,False,,pota,
1044477-VI,7,2018 Jun 27 12:00:00 AM,,,Completed,2034 14TH AVE W,98119,https://services.seattle.gov/portal/customize/LinkToRecord.aspx?altId=1044477-VI,True,False,True,no hot water,,pay or vacate|vacate notice|tenant rights
1044478-VI,7,2018 Jun 27 12:00:00 AM,,,Completed,2034 14TH AVE W,98119,https://services.seattle.gov/portal/customize/LinkToRecord.aspx?altId=1044478-VI,True,False,True,no hot water,,pay or vacate|vacate notice|tenant rights
005982-18CP,7,2018 Jun 28 12:00:00 AM,,,Closed,2922 WESTERN AVE,98121,https://services.seattle.gov/portal/customize/LinkToRecord.aspx?altId=005982-18CP,False,True,False,,pota,
006068-18CP,7,2018 Jul 02 12:00:00 AM,,,Closed,2215 1st AVE,98121,https://services.seattle.gov/portal/customize/LinkToRecord.aspx?altId=006068-18CP,False,True,True,,pota,pay or vacate|vacate notice
006102-18CP,7,2018 Jul 03 12:00:00 AM,,,Closed,1966 THORNDYKE AVE W,98199,https://services.seattle.gov/portal/customize/LinkToRecord.aspx?altId=006102-18CP,False,True,True,,pota,security deposit
1044553-VI,7,2018 Jul 10 12:00:00 AM,,,Completed,2205 2nd AVE,98121,https://services.seattle.gov/portal/customize/LinkToRecord.aspx?altId=1044553-VI,False,True,True,,pota,security deposit
006379-18CP,7,2018 Jul 11 12:00:00 AM,,,Completed,111 YALE AVE N,98109,https://services.seattle.gov/portal/customize/LinkToRecord.aspx?altId=006379-18CP,False,True,False,,pota,
006421-18CP,7,2018 Jul 12 12:00:00 AM,,,Closed,3630 22nd AVE W,,https://services.seattle.gov/portal/customize/LinkToRecord.aspx?altId=006421-18CP,False,True,True,,pota,notice to vacate
006424-18CP,7,2018 Jul 12 12:00:00 AM,,,Completed,2820 15th AVE W,,https://services.seattle.gov/portal/customize/LinkToRecord.aspx?altId=006424-18CP,False,True,False,,pota,
006496-18CP,7,2018 Jul 13 12:00:00 AM,,,Completed,121 VINE ST,98121,https://services.seattle.gov/portal/customize/LinkToRecord.aspx?altId=006496-18CP,False,False,True,,,rent increase|rrio
006549-18CP,7,2018 Jul 16 12:00:00 AM,,,Completed,2219 2ND AVE,98121,https://services.seattle.gov/portal/customize/LinkToRecord.aspx?altId=006549-18CP,False,True,True,,harass,eviction notice
006575-18CP,7,2018 Jul 11 12:00:00 AM,,,Closed,3630 22ND AVE W,98199,https://services.seattle.gov/portal/customize/LinkToRecord.aspx?altId=006575-18CP,False,True,False,,pota|trao,
006576-18CP,7,2018 Jul 11 12:00:00 AM,,,Closed,3630 22ND AVE W,98199,https://services.seattle.gov/portal/customize/LinkToRecord.aspx?altId=006576-18CP,False,True,False,,pota|trao,
006578-18CP,7,2018 Jul 11 12:00:00 AM,,,Completed,855 W NICKERSON ST,98119,https://services.seattle.gov/portal/customize/LinkToRecord.aspx?altId=006578-18CP,False,True,False,,pota|trao,
006681-18CP,7,2018 Jul 18 12:00:00 AM,,,Completed,2024 3RD AVE,98121,https://services.seattle.gov/portal/customize/LinkToRecord.aspx?altId=006681-18CP,True,False,True,infestation|bedbug,,security deposit
006799-18CP,7,2018 Jul 23 12:00:00 AM,,,Completed,2219 2nd AVE,,https://services.seattle.gov/portal/customize/LinkToRecord.aspx?altId=006799-18CP,False,True,False,,threaten|pota,
006815-18CP,7,2018 Jul 20 12:00:00 AM,,,Completed,104 Pine ST,,https://services.seattle.gov/portal/customize/LinkToRecord.aspx?altId=006815-18CP,False,True,False,,trao,
007066-18CP,7,2018 Jul 26 12:00:00 AM,,,Completed,1814 MINOR AVE,98101,https://services.seattle.gov/portal/customize/LinkToRecord.aspx?altId=007066-18CP,False,True,True,,retaliat,10-day notice
007096-18CP,7,2018 Jul 27 12:00:00 AM,,,Completed,914 W Emerson ST,,https://services.seattle.gov/portal/customize/LinkToRecord.aspx?altId=007096-18CP,False,True,False,,pota|trao,
007148-18CP,7,2018 Jul 30 12:00:00 AM,,,Completed,2460 W LYNN ST,98199,https://services.seattle.gov/portal/customize/LinkToRecord.aspx?altId=007148-18CP,False,True,False,,trao,
007150-18CP,7,2018 Jul 30 12:00:00 AM,,,Completed,2727 W MANOR PL,98199,https://services.seattle.gov/portal/customize/LinkToRecord.aspx?altId=007150-18CP,False,False,True,,,rent increase|tenant rights
007239-18CP,7,2018 Jul 31 12:00:00 AM,,,Closed,130 W Florentia ST,,https://services.seattle.gov/portal/customize/LinkToRecord.aspx?altId=007239-18CP,False,True,False,,pota,
007360-18CP,7,2018 Aug 01 12:00:00 AM,,,Completed,3520 28TH AVE W,98199,https://services.seattle.gov/portal/customize/LinkToRecord.aspx?altId=007360-18CP,False,False,True,,,rent increase
007400-18CP,7,2018 Aug 02 12:00:00 AM,,,Closed,2400 4TH AVE,98121,https://services.seattle.gov/portal/customize/LinkToRecord.aspx?altId=007400-18CP,False,True,False,,pota,
007682-18CP,7,2018 Aug 10 12:00:00 AM,,,Closed,714 7TH AVE,98104,https://services.seattle.gov/portal/customize/LinkToRecord.aspx?altId=007682-18CP,True,False,True,infestation|cockroach|bedbug,,pay or vacate|vacate notice
007785-18CP,7,2018 Aug 14 12:00:00 AM,,,Completed,14 ETRURIA ST,98109,https://services.seattle.gov/portal/customize/LinkToRecord.aspx?altId=007785-18CP,False,True,False,,pota|trao,
007878-18CP,7,2018 Aug 16 12:00:00 AM,,,Closed,43 Etruria ST,,https://services.seattle.gov/portal/customize/LinkToRecord.aspx?altId=007878-18CP,True,True,False,asbestos,pota,
007906-18CP,7,2018 Aug 17 12:00:00 AM,,,Completed,3520 28th AVE W,,https://services.seattle.gov/portal/customize/LinkToRecord.aspx?altId=007906-18CP,False,True,False,,pota,
007942-18CP,7,2018 Aug 16 12:00:00 AM,,,Closed,2727 W MANOR PL,98199,https://services.seattle.gov/portal/customize/LinkToRecord.aspx?altId=007942-18CP,False,False,True,,,rent increase
1044828-VI,7,2018 Aug 20 12:00:00 AM,,,Completed,1814 MINOR AVE,98101,https://services.seattle.gov/portal/customize/LinkToRecord.aspx?altId=1044828-VI,False,False,True,,,notice to terminate|just cause|just cause eviction
008084-18CP,7,2018 Aug 23 12:00:00 AM,,,Completed,3018 14TH AVE W,98119,https://services.seattle.gov/portal/customize/LinkToRecord.aspx?altId=008084-18CP,False,True,True,,pota,rrio
008119-18CP,7,2018 Aug 23 12:00:00 AM,,,Closed,2109 W Raye ST,98199,https://services.seattle.gov/portal/customize/LinkToRecord.aspx?altId=008119-18CP,False,True,False,,pota,
008129-18CP,7,2018 Aug 24 12:00:00 AM,,,Completed,1820 Minor AVE,,https://services.seattle.gov/portal/customize/LinkToRecord.aspx?altId=008129-18CP,False,True,False,,pota,
008204-18CP,7,2018 Aug 27 12:00:00 AM,,,Completed,819 Virginia ST,,https://services.seattle.gov/portal/customize/LinkToRecord.aspx?altId=008204-18CP,False,True,False,,pota,
008245-18CP,7,2018 Aug 28 12:00:00 AM,,,Completed,100 Aloha ST,,https://services.seattle.gov/portal/customize/LinkToRecord.aspx?altId=008245-18CP,False,True,True,,pota,20 day notice
008272-18CP,7,2018 Aug 29 12:00:00 AM,,,Closed,1110 8TH AVE,98101,https://services.seattle.gov/portal/customize/LinkToRecord.aspx?altId=008272-18CP,False,True,True,,pota,security deposit
008316-18CP,7,2018 Aug 30 12:00:00 AM,,,Completed,2727 W MANOR PL,98199,https://services.seattle.gov/portal/customize/LinkToRecord.aspx?altId=008316-18CP,False,False,True,,,rent increase|illegal rent
1044909-VI,7,2018 Aug 30 12:00:00 AM,,,Completed,2727 W MANOR PL,98199,https://services.seattle.gov/portal/customize/LinkToRecord.aspx?altId=1044909-VI,False,False,True,,,rent increase|illegal rent
008355-18CP,7,2018 Aug 31 12:00:00 AM,,,Completed,3238 14TH AVE W,98119,https://services.seattle.gov/portal/customize/LinkToRecord.aspx?altId=008355-18CP,False,True,False,,trao,
008405-18CP,7,2018 Sep 04 12:00:00 AM,,,Closed,200 Pike ST,,https://services.seattle.gov/portal/customize/LinkToRecord.aspx?altId=008405-18CP,False,True,False,,pota|trao,
008421-18CP,7,2018 Sep 04 12:00:00 AM,2018 Oct 03 12:00:00 AM,Completed,Completed,565 Lee ST,,https://services.seattle.gov/portal/customize/LinkToRecord.aspx?altId=008421-18CP,False,True,False,,pota,
008438-18CP,7,2018 Sep 05 12:00:00 AM,,,Closed,522 VALLEY ST,98109,https://services.seattle.gov/portal/customize/LinkToRecord.aspx?altId=008438-18CP,False,True,False,,trao,
008439-18CP,7,2018 Sep 05 12:00:00 AM,,,Closed,520 VALLEY ST,98109,https://services.seattle.gov/portal/customize/LinkToRecord.aspx?altId=008439-18CP,False,True,False,,trao,
008496-18CP,7,2018 Sep 06 12:00:00 AM,,,Closed,609 W Nickerson ST,,https://services.seattle.gov/portal/customize/LinkToRecord.aspx?altId=008496-18CP,False,True,False,,pota|trao,
1044967-VI,7,2018 Sep 07 12:00:00 AM,,,Completed,819 Virginia ST,,https://services.seattle.gov/portal/customize/LinkToRecord.aspx?altId=1044967-VI,False,True,False,,pota,
008644-18CP,7,2018 Sep 11 12:00:00 AM,,,Closed,2215 1st AVE,98121,https://services.seattle.gov/portal/customize/LinkToRecord.aspx?altId=008644-18CP,False,True,False,,pota,
008715-18CP,7,2018 Sep 13 12:00:00 AM,,,Completed,700 5TH AVE,98104,https://services.seattle.gov/portal/customize/LinkToRecord.aspx?altId=008715-18CP,False,False,True,,,late fees
008850-18CP,7,2018 Sep 17 12:00:00 AM,,,Closed,2215 1st AVE,,https://services.seattle.gov/portal/customize/LinkToRecord.aspx?altId=008850-18CP,False,True,False,,pota,
008963-18CP,7,2018 Sep 20 12:00:00 AM,,,Completed,104 Pine ST,,https://services.seattle.gov/portal/customize/LinkToRecord.aspx?altId=008963-18CP,False,True,False,,pota|trao,
008986-18CP,7,2018 Sep 21 12:00:00 AM,,,Completed,3223 21st AVE W,,https://services.seattle.gov/portal/customize/LinkToRecord.aspx?altId=008986-18CP,False,True,False,,pota|trao,
009008-18CP,7,2018 Sep 21 12:00:00 AM,,,Completed,2121 6th AVE,98121,https://services.seattle.gov/portal/customize/LinkToRecord.aspx?altId=009008-18CP,False,True,False,,pota,
009100-18CP,7,2018 Sep 24 12:00:00 AM,,,Closed,607 EASTLAKE AVE E,98109,https://services.seattle.gov/portal/customize/LinkToRecord.aspx?altId=009100-18CP,False,True,False,,trao,
009146-18CP,7,2018 Sep 26 12:00:00 AM,,,Completed,1326 5th AVE,,https://services.seattle.gov/portal/customize/LinkToRecord.aspx?altId=009146-18CP,False,True,False,,pota|trao,
009193-18CP,7,2018 Sep 27 12:00:00 AM,,,Completed,104 Pine ST,,https://services.seattle.gov/portal/customize/LinkToRecord.aspx?altId=009193-18CP,False,True,False,,pota|trao,
009311-18CP,7,2018 Oct 03 12:00:00 AM,,,Completed,700 5TH AVE,98104,https://services.seattle.gov/portal/customize/LinkToRecord.aspx?altId=009311-18CP,False,False,True,,,10-day notice
009480-18CP,7,2018 Oct 08 12:00:00 AM,,,Completed,700 5TH AVE,98104,https://services.seattle.gov/portal/customize/LinkToRecord.aspx?altId=009480-18CP,False,True,False,,trao,
009597-18CP,7,2018 Oct 11 12:00:00 AM,,,Completed,2206 11th AVE W,,https://services.seattle.gov/portal/customize/LinkToRecord.aspx?altId=009597-18CP,False,True,False,,pota,
009697-18CP,7,2018 Oct 15 12:00:00 AM,,,Closed,1823 MINOR AVE,98101,https://services.seattle.gov/portal/customize/LinkToRecord.aspx?altId=009697-18CP,False,True,False,,pota,
009766-18CP,7,2018 Oct 17 12:00:00 AM,,,Completed,2030 8TH AVE,98121,https://services.seattle.gov/portal/customize/LinkToRecord.aspx?altId=009766-18CP,False,False,True,,,10-day notice
009802-18CP,7,2018 Oct 17 12:00:00 AM,,,Completed,2314 THORNDYKE AVE W,98199,https://services.seattle.gov/portal/customize/LinkToRecord.aspx?altId=009802-18CP,False,True,False,,trao,
009832-18CP,7,2018 Oct 18 12:00:00 AM,,,Completed,117 YALE AVE N,98109,https://services.seattle.gov/portal/customize/LinkToRecord.aspx?altId=009832-18CP,False,True,False,,trao,
009908-18CP,7,2018 Oct 23 12:00:00 AM,,,Closed,3402 22nd AVE W,,https://services.seattle.gov/portal/customize/LinkToRecord.aspx?altId=009908-18CP,False,True,False,,pota,
009936-18CP,7,2018 Oct 23 12:00:00 AM,,,Completed,2028 14TH AVE W,98119,https://services.seattle.gov/portal/customize/LinkToRecord.aspx?altId=009936-18CP,False,True,True,,harass,10-day notice
009937-18CP,7,2018 Oct 23 12:00:00 AM,,,Completed,2028 14th AVE W,,https://services.seattle.gov/portal/customize/LinkToRecord.aspx?altId=009937-18CP,False,False,True,,,10 day notice
1045304-VI,7,2018 Oct 24 12:00:00 AM,,,Completed,2030 8TH AVE,98121,https://services.seattle.gov/portal/customize/LinkToRecord.aspx?altId=1045304-VI,False,False,True,,,notice to terminate|just cause|just cause eviction
010014-18CP,7,2018 Oct 26 12:00:00 AM,,,Closed,1405 6TH AVE N,98109,https://services.seattle.gov/portal/customize/LinkToRecord.aspx?altId=010014-18CP,False,True,False,,trao,
010092-18CP,7,2018 Oct 29 12:00:00 AM,,,Completed,2632 21st AVE W,98199,https://services.seattle.gov/portal/customize/LinkToRecord.aspx?altId=010092-18CP,False,True,False,,harass|pota,
010118-18CP,7,2018 Oct 30 12:00:00 AM,,,Completed,107 1st AVE N,,https://services.seattle.gov/portal/customize/LinkToRecord.aspx?altId=010118-18CP,False,True,False,,pota,
010121-18CP,7,2018 Oct 30 12:00:00 AM,,,Closed,523 Pine ST,98101,https://services.seattle.gov/portal/customize/LinkToRecord.aspx?altId=010121-18CP,False,True,False,,pota,
010129-18CP,7,2018 Oct 30 12:00:00 AM,,,Completed,2024 3RD AVE,98121,https://services.seattle.gov/portal/customize/LinkToRecord.aspx?altId=010129-18CP,False,False,True,,,3 day notice
010159-18CP,7,2018 Nov 01 12:00:00 AM,,,Completed,808 W Argand ST,98119,https://services.seattle.gov/portal/customize/LinkToRecord.aspx?altId=010159-18CP,False,True,False,,pota,
010202-18CP,7,2018 Nov 02 12:00:00 AM,,,Completed,128 W FLORENTIA ST,98119,https://services.seattle.gov/portal/customize/LinkToRecord.aspx?altId=010202-18CP,False,True,False,,pota|trao,
010245-18CP,7,2018 Nov 02 12:00:00 AM,,,Completed,901 5TH AVE N,98109,https://services.seattle.gov/portal/customize/LinkToRecord.aspx?altId=010245-18CP,False,True,False,,pota,
010346-18CP,7,2018 Nov 08 12:00:00 AM,,,Completed,2611 W Newton ST,,https://services.seattle.gov/portal/customize/LinkToRecord.aspx?altId=010346-18CP,False,True,True,,pota,security deposit
010381-18CP,7,2018 Nov 09 12:00:00 AM,,,Completed,511 HOWE ST,98109,https://services.seattle.gov/portal/customize/LinkToRecord.aspx?altId=010381-18CP,False,True,False,,trao,
010440-18CP,7,2018 Nov 13 12:00:00 AM,,,Completed,700 5th AVE,98104,https://services.seattle.gov/portal/customize/LinkToRecord.aspx?altId=010440-18CP,False,False,True,,,tenant rights
010545-18CP,7,2018 Nov 15 12:00:00 AM,,,Closed,700 5TH AVE,98104,https://services.seattle.gov/portal/customize/LinkToRecord.aspx?altId=010545-18CP,False,True,False,,harass|retaliat,
010690-18CP,7,2018 Nov 21 12:00:00 AM,,,Closed,700 5TH AVE,98104,https://services.seattle.gov/portal/customize/LinkToRecord.aspx?altId=010690-18CP,True,True,False,sewage,pota,
010793-18CP,7,2018 Nov 29 12:00:00 AM,,,Completed,1820 MINOR AVE,98101,https://services.seattle.gov/portal/customize/LinkToRecord.aspx?altId=010793-18CP,False,False,True,,,illegal entry
010841-18CP,7,2018 Dec 03 12:00:00 AM,,,Completed,1814 MINOR AVE,98101,https://services.seattle.gov/portal/customize/LinkToRecord.aspx?altId=010841-18CP,False,True,False,,harass,
010855-18CP,7,2018 Dec 04 12:00:00 AM,,,Closed,362 WARD ST,98109,https://services.seattle.gov/portal/customize/LinkToRecord.aspx?altId=010855-18CP,False,True,False,,trao,
010864-18CP,7,2018 Dec 03 12:00:00 AM,,,Completed,1820 MINOR AVE,98101,https://services.seattle.gov/portal/customize/LinkToRecord.aspx?altId=010864-18CP,False,True,False,,retaliat,
010884-18CP,7,2018 Dec 04 12:00:00 AM,,,Completed,2129 6TH AVE W,98119,https://services.seattle.gov/portal/customize/LinkToRecord.aspx?altId=010884-18CP,False,True,False,,trao,
010919-18CP,7,2018 Dec 06 12:00:00 AM,,,Completed,800 Seneca ST,,https://services.seattle.gov/portal/customize/LinkToRecord.aspx?altId=010919-18CP,False,True,False,,pota,
010949-18CP,7,2018 Dec 06 12:00:00 AM,,,Closed,104 PINE ST,98101,https://services.seattle.gov/portal/customize/LinkToRecord.aspx?altId=010949-18CP,False,True,False,,trao,
011029-18CP,7,2018 Dec 11 12:00:00 AM,2018 Dec 13 12:00:00 AM,Completed,Completed,3435 21ST AVE W,98199,https://services.seattle.gov/portal/customize/LinkToRecord.aspx?altId=011029-18CP,True,True,False,water damage|mold,pota,
011035-18CP,7,2018 Dec 11 12:00:00 AM,,,Completed,104 Pine ST,,https://services.seattle.gov/portal/customize/LinkToRecord.aspx?altId=011035-18CP,False,True,False,,pota,
011124-18CP,7,2018 Dec 14 12:00:00 AM,,,Closed,1015 QUEEN ANNE AVE N,98109,https://services.seattle.gov/portal/customize/LinkToRecord.aspx?altId=011124-18CP,True,True,True,bed bug,pota,tenant rights
011193-18CP,7,2018 Dec 18 12:00:00 AM,,,Completed,519 QUEEN ANNE AVE N,98109,https://services.seattle.gov/portal/customize/LinkToRecord.aspx?altId=011193-18CP,False,True,False,,pota|trao,
011194-18CP,7,2018 Dec 18 12:00:00 AM,,,Completed,116 Roy ST,,https://services.seattle.gov/portal/customize/LinkToRecord.aspx?altId=011194-18CP,False,True,False,,pota|trao,
011350-18CP,7,2018 Dec 26 12:00:00 AM,,,Closed,3418 15th AVE W,,https://services.seattle.gov/portal/customize/LinkToRecord.aspx?altId=011350-18CP,False,True,False,,trao,
011359-18CP,7,2018 Dec 26 12:00:00 AM,,,Completed,302 HALLADAY ST,,https://services.seattle.gov/portal/customize/LinkToRecord.aspx?altId=011359-18CP,False,True,False,,pota,
011423-18CP,7,2018 Dec 28 12:00:00 AM,,,Completed,3238 14th AVE W,,https://services.seattle.gov/portal/customize/LinkToRecord.aspx?altId=011423-18CP,False,True,False,,pota,
011424-18CP,7,2018 Dec 28 12:00:00 AM,,,Completed,2119 23rd AVE W,,https://services.seattle.gov/portal/customize/LinkToRecord.aspx?altId=011424-18CP,False,True,False,,pota|trao,
011445-18CP,7,2018 Dec 31 12:00:00 AM,,,Closed,121 ALOHA ST,98109,https://services.seattle.gov/portal/customize/LinkToRecord.aspx?altId=011445-18CP,False,True,False,,trao,
001033-18CP,7,2018 Jan 03 12:00:00 AM,,,Closed,710 CHERRY ST,98104,https://services.seattle.gov/portal/customize/LinkToRecord.aspx?altId=001033-18CP,False,True,False,,harass,
001142-18CP,7,2018 Jan 09 12:00:00 AM,,,Completed,408 RAYE ST,98109,https://services.seattle.gov/portal/customize/LinkToRecord.aspx?altId=001142-18CP,False,True,True,,pota,tenant rights
001155-18CP,7,2018 Jan 10 12:00:00 AM,,,Completed,3402 22ND AVE W,98199,https://services.seattle.gov/portal/customize/LinkToRecord.aspx?altId=001155-18CP,True,True,False,water damage,tenant relocation|relocation assistance,
001250-18CP,7,2018 Jan 12 12:00:00 AM,,,Completed,526 YALE AVE N,98109,https://services.seattle.gov/portal/customize/LinkToRecord.aspx?altId=001250-18CP,False,False,True,,,rent increase
001256-18CP,7,2018 Jan 12 12:00:00 AM,,,Completed,1503 2ND AVE W,98119,https://services.seattle.gov/portal/customize/LinkToRecord.aspx?altId=001256-18CP,False,True,False,,pota|trao,
001375-18CP,7,2018 Jan 19 12:00:00 AM,,,Completed,1221 1ST AVE,98101,https://services.seattle.gov/portal/customize/LinkToRecord.aspx?altId=001375-18CP,False,True,False,,trao,
001393-18CP,7,2018 Jan 22 12:00:00 AM,,,Completed,2346 W PLYMOUTH ST,98199,https://services.seattle.gov/portal/customize/LinkToRecord.aspx?altId=001393-18CP,False,True,False,,tenant relocation|relocation assistance,
001415-18CP,7,2018 Jan 23 12:00:00 AM,,,Completed,2565 DEXTER AVE N,98109,https://services.seattle.gov/portal/customize/LinkToRecord.aspx?altId=001415-18CP,False,True,False,,locked out,
001421-18CP,7,2018 Jan 23 12:00:00 AM,,,Completed,1300 6TH AVE N,98109,https://services.seattle.gov/portal/customize/LinkToRecord.aspx?altId=001421-18CP,False,True,False,,harass|retaliat,
001425-18CP,7,2018 Jan 23 12:00:00 AM,2018 Mar 08 12:00:00 AM,Completed,Completed,104 PINE ST,98101,https://services.seattle.gov/portal/customize/LinkToRecord.aspx?altId=001425-18CP,False,False,True,,,rent increase
001473-18CP,7,2018 Jan 24 12:00:00 AM,,,Completed,217 W BOSTON ST,98119,https://services.seattle.gov/portal/customize/LinkToRecord.aspx?altId=001473-18CP,False,False,True,,,just cause|just cause eviction
001600-18CP,7,2018 Jan 31 12:00:00 AM,,,Completed,823 MADISON ST,98104,https://services.seattle.gov/portal/customize/LinkToRecord.aspx?altId=001600-18CP,True,True,False,water damage|asbestos,pota|trao,
001645-18CP,7,2018 Feb 02 12:00:00 AM,,,Completed,3626 22ND AVE W,98199,https://services.seattle.gov/portal/customize/LinkToRecord.aspx?altId=001645-18CP,False,True,False,,trao,
001708-18CP,7,2018 Feb 06 12:00:00 AM,,,Completed,2014 TERRY AVE,98121,https://services.seattle.gov/portal/customize/LinkToRecord.aspx?altId=001708-18CP,False,True,False,,retaliat,
001729-18CP,7,2018 Feb 06 12:00:00 AM,,,Completed,1015 W NICKERSON ST,98119,https://services.seattle.gov/portal/customize/LinkToRecord.aspx?altId=001729-18CP,False,False,True,,,20 day notice|just cause
001732-18CP,7,2018 Feb 06 12:00:00 AM,,,Completed,200 ALOHA ST,98109,https://services.seattle.gov/portal/customize/LinkToRecord.aspx?altId=001732-18CP,False,True,False,,harass|pressure to move,
001748-18CP,7,2018 Feb 07 12:00:00 AM,,,Completed,3630 22ND AVE W,98199,https://services.seattle.gov/portal/customize/LinkToRecord.aspx?altId=001748-18CP,False,True,True,,forced to move,rent increase
001794-18CP,7,2018 Feb 08 12:00:00 AM,,,Completed,1961 THORNDYKE AVE W,98199,https://services.seattle.gov/portal/customize/LinkToRecord.aspx?altId=001794-18CP,False,True,False,,harass,
001847-18CP,7,2018 Feb 09 12:00:00 AM,,,Completed,323 QUEEN ANNE AVE N,98109,https://services.seattle.gov/portal/customize/LinkToRecord.aspx?altId=001847-18CP,False,False,True,,,20 day notice|notice to vacate|just cause|just cause eviction
002034-18CP,7,2018 Feb 15 12:00:00 AM,,,Completed,901 TAYLOR AVE N,98109,https://services.seattle.gov/portal/customize/LinkToRecord.aspx?altId=002034-18CP,False,False,True,,,rent increase
002132-18CP,7,2018 Feb 20 12:00:00 AM,,,Completed,101 TAYLOR AVE N,98109,https://services.seattle.gov/portal/customize/LinkToRecord.aspx?altId=002132-18CP,False,False,True,,,tenant rights
002299-18CP,7,2018 Feb 28 12:00:00 AM,,,Completed,2005 DEXTER AVE N,98109,https://services.seattle.gov/portal/customize/LinkToRecord.aspx?altId=002299-18CP,False,True,False,,trao,
002300-18CP,7,2018 Feb 28 12:00:00 AM,,,Completed,1411 TAYLOR AVE N,98109,https://services.seattle.gov/portal/customize/LinkToRecord.aspx?altId=002300-18CP,False,True,False,,trao,
002315-18CP,7,2018 Mar 01 12:00:00 AM,,,Completed,3630 22ND AVE W,98199,https://services.seattle.gov/portal/customize/LinkToRecord.aspx?altId=002315-18CP,False,True,False,,trao,
002321-18CP,7,2018 Mar 01 12:00:00 AM,2018 Mar 08 12:00:00 AM,Completed,Completed,104 PINE ST,98101,https://services.seattle.gov/portal/customize/LinkToRecord.aspx?altId=002321-18CP,False,True,False,,trao,
002348-18CP,7,2018 Mar 01 12:00:00 AM,,,Completed,335 W OLYMPIC PL,98119,https://services.seattle.gov/portal/customize/LinkToRecord.aspx?altId=002348-18CP,True,False,True,mold,,rent increase
002683-18CP,7,2018 Mar 13 12:00:00 AM,,,Completed,2014 TERRY AVE,98121,https://services.seattle.gov/portal/customize/LinkToRecord.aspx?altId=002683-18CP,False,True,True,,harass|retaliat,10-day notice
002686-18CP,7,2018 Mar 13 12:00:00 AM,,,Completed,314 W BARRETT ST,98119,https://services.seattle.gov/portal/customize/LinkToRecord.aspx?altId=002686-18CP,True,False,True,unsafe,,illegal rent
002689-18CP,7,2018 Mar 13 12:00:00 AM,,,Completed,2321 4TH AVE,98121,https://services.seattle.gov/portal/customize/LinkToRecord.aspx?altId=002689-18CP,False,True,False,,pota,
002872-18CP,7,2018 Mar 20 12:00:00 AM,,,Closed,1105 5TH AVE N,98109,https://services.seattle.gov/portal/customize/LinkToRecord.aspx?altId=002872-18CP,False,True,False,,pota,
002917-18CP,7,2018 Mar 21 12:00:00 AM,,,Completed,641 W EMERSON ST,98119,https://services.seattle.gov/portal/customize/LinkToRecord.aspx?altId=002917-18CP,False,True,False,,trao,
003065-18CP,7,2018 Mar 28 12:00:00 AM,,,Completed,2020 TERRY AVE,98121,https://services.seattle.gov/portal/customize/LinkToRecord.aspx?altId=003065-18CP,False,True,False,,harass,
003116-18CP,7,2018 Mar 30 12:00:00 AM,,,Completed,104 PINE ST,98101,https://services.seattle.gov/portal/customize/LinkToRecord.aspx?altId=003116-18CP,False,False,True,,,pay or vacate|security deposit
003119-18CP,7,2018 Mar 30 12:00:00 AM,,,Completed,2142 DEXTER AVE N,98109,https://services.seattle.gov/portal/customize/LinkToRecord.aspx?altId=003119-18CP,False,True,False,,tenant relocation,
003141-18CP,7,2018 Mar 30 12:00:00 AM,,,Completed,301 LEE ST,98109,https://services.seattle.gov/portal/customize/LinkToRecord.aspx?altId=003141-18CP,False,True,False,,trao,
003144-18CP,7,2018 Mar 30 12:00:00 AM,,,Completed,901 5TH AVE,98104,https://services.seattle.gov/portal/customize/LinkToRecord.aspx?altId=003144-18CP,False,True,False,,trao,
003215-18CP,7,2018 Apr 03 12:00:00 AM,,,Completed,1201 1ST AVE,98101,https://services.seattle.gov/portal/customize/LinkToRecord.aspx?altId=003215-18CP,False,True,False,,trao,
003225-18CP,7,2018 Apr 03 12:00:00 AM,,,Completed,104 PINE ST,98101,https://services.seattle.gov/portal/customize/LinkToRecord.aspx?altId=003225-18CP,False,True,True,,trao,rent increase
003388-18CP,7,2018 Apr 10 12:00:00 AM,,,Completed,909 5TH AVE,98104,https://services.seattle.gov/portal/customize/LinkToRecord.aspx?altId=003388-18CP,False,True,False,,trao,
003392-18CP,7,2018 Apr 10 12:00:00 AM,,,Completed,1502 5TH AVE N,98109,https://services.seattle.gov/portal/customize/LinkToRecord.aspx?altId=003392-18CP,False,True,False,,trao,
003426-18CP,7,2018 Apr 11 12:00:00 AM,,,Completed,1105 5TH AVE N,98109,https://services.seattle.gov/portal/customize/LinkToRecord.aspx?altId=003426-18CP,False,True,False,,pota,
003503-18CP,7,2018 Apr 16 12:00:00 AM,,,Completed,200 ALOHA ST,98109,https://services.seattle.gov/portal/customize/LinkToRecord.aspx?altId=003503-18CP,False,False,True,,,tenant rights
003635-18CP,7,2018 Apr 20 12:00:00 AM,,,Completed,720 SENECA ST,98101,https://services.seattle.gov/portal/customize/LinkToRecord.aspx?altId=003635-18CP,False,False,True,,,vacate notice
003706-18CP,7,2018 Apr 24 12:00:00 AM,,,Closed,2014 TERRY AVE,98121,https://services.seattle.gov/portal/customize/LinkToRecord.aspx?altId=003706-18CP,False,True,True,,retaliat,3 day notice|10 day notice
003793-18CP,7,2018 Apr 27 12:00:00 AM,,,Closed,2701 3RD AVE W,98119,https://services.seattle.gov/portal/customize/LinkToRecord.aspx?altId=003793-18CP,True,True,False,no hot water,retaliat,
003807-18CP,7,2018 Apr 27 12:00:00 AM,,,Closed,1911 AURORA AVE N,98109,https://services.seattle.gov/portal/customize/LinkToRecord.aspx?altId=003807-18CP,False,True,False,,told to leave,
1042424-VI,7,2018 Feb 16 12:00:00 AM,2018 Feb 15 12:00:00 AM,Compliance Achieved,Completed,323 QUEEN ANNE AVE N,98109,https://services.seattle.gov/portal/customize/LinkToRecord.aspx?altId=1042424-VI,False,True,False,,pota,
1042685-VI,7,2018 Mar 20 12:00:00 AM,,,Initiated,335 W OLYMPIC PL,98119,https://services.seattle.gov/portal/customize/LinkToRecord.aspx?altId=1042685-VI,False,True,False,,pota,
000119-19CP,7,2019 Jan 02 12:00:00 AM,,,Closed,2701 W MANOR PL,98199,https://services.seattle.gov/portal/customize/LinkToRecord.aspx?altId=000119-19CP,False,True,False,,pota,
000152-19CP,7,2019 Jan 03 12:00:00 AM,2019 Jan 09 12:00:00 AM,Completed,Completed,2400 Aurora AVE N,98109,https://services.seattle.gov/portal/customize/LinkToRecord.aspx?altId=000152-19CP,True,True,False,leak|leaks,pota,
000194-19CP,7,2019 Jan 04 12:00:00 AM,,,Completed,1414 W DRAVUS ST,98119,https://services.seattle.gov/portal/customize/LinkToRecord.aspx?altId=000194-19CP,True,False,False,bed bug,,
000229-19CP,7,2019 Jan 06 12:00:00 AM,,,Completed,200 6th AVE N,,https://services.seattle.gov/portal/customize/LinkToRecord.aspx?altId=000229-19CP,True,False,False,infestation|bed bug,,
000251-19CP,7,2019 Jan 07 12:00:00 AM,,,Closed,2116 3RD AVE N,,https://services.seattle.gov/portal/customize/LinkToRecord.aspx?altId=000251-19CP,False,True,True,,pota,notice to terminate
000270-19CP,7,2019 Jan 08 12:00:00 AM,,,Completed,510 Minor AVE N,,https://services.seattle.gov/portal/customize/LinkToRecord.aspx?altId=000270-19CP,False,True,True,,harass|pota,10 day notice
000272-19CP,7,2019 Jan 08 12:00:00 AM,,,Closed,2116 3RD AVE N,,https://services.seattle.gov/portal/customize/LinkToRecord.aspx?altId=000272-19CP,False,True,False,,pota|trao,
000273-19CP,7,2019 Jan 08 12:00:00 AM,,,Completed,2116 3RD AVE N,98109,https://services.seattle.gov/portal/customize/LinkToRecord.aspx?altId=000273-19CP,False,True,False,,trao,
000276-19CP,7,2019 Jan 08 12:00:00 AM,,,Completed,822 6TH AVE N,,https://services.seattle.gov/portal/customize/LinkToRecord.aspx?altId=000276-19CP,False,True,True,,pota,tenant rights
000277-19CP,7,2019 Jan 08 12:00:00 AM,,,Closed,823 MADISON ST,,https://services.seattle.gov/portal/customize/LinkToRecord.aspx?altId=000277-19CP,False,True,True,,pota,tenant rights
000359-19CP,7,2019 Jan 10 12:00:00 AM,,,Closed,133 PONTIUS AVE N,98109,https://services.seattle.gov/portal/customize/LinkToRecord.aspx?altId=000359-19CP,False,False,True,,,rent increase
000368-19CP,7,2019 Jan 10 12:00:00 AM,,,Completed,2116 9TH AVE W,,https://services.seattle.gov/portal/customize/LinkToRecord.aspx?altId=000368-19CP,False,True,False,,pota|trao,
1045722-VI,7,2019 Jan 08 12:00:00 AM,,,Completed,2116 3RD AVE N,98109,https://services.seattle.gov/portal/customize/LinkToRecord.aspx?altId=1045722-VI,False,True,False,,trao,
000369-19CP,7,2019 Jan 10 12:00:00 AM,2019 Feb 13 12:00:00 AM,Completed,Completed,109 JOHN ST,98109,https://services.seattle.gov/portal/customize/LinkToRecord.aspx?altId=000369-19CP,True,False,False,leak|leaking|flooding,,
000444-19CP,7,2019 Jan 10 12:00:00 AM,,,Closed,2001 23RD AVE W,98199,https://services.seattle.gov/portal/customize/LinkToRecord.aspx?altId=000444-19CP,False,True,False,,trao,
000491-19CP,7,2019 Jan 14 12:00:00 AM,,,Closed,2117 4TH AVE N,98109,https://services.seattle.gov/portal/customize/LinkToRecord.aspx?altId=000491-19CP,False,True,False,,trao,
000557-19CP,7,2019 Jan 17 12:00:00 AM,,,Completed,2357 W PLYMOUTH ST,,https://services.seattle.gov/portal/customize/LinkToRecord.aspx?altId=000557-19CP,False,True,False,,pota,
000596-19CP,7,2019 Jan 18 12:00:00 AM,,,Completed,2205 2ND AVE,,https://services.seattle.gov/portal/customize/LinkToRecord.aspx?altId=000596-19CP,False,True,False,,pota,
000612-19CP,7,2019 Jan 20 12:00:00 AM,,,Closed,133 PONTIUS AVE N,98109,https://services.seattle.gov/portal/customize/LinkToRecord.aspx?altId=000612-19CP,False,True,False,,pota,
000638-19CP,7,2019 Jan 22 12:00:00 AM,,,Closed,2020 WAVERLY PL N,,https://services.seattle.gov/portal/customize/LinkToRecord.aspx?altId=000638-19CP,False,True,True,,pota,rent increase
000639-19CP,7,2019 Jan 22 12:00:00 AM,,,Completed,128 W FlORENTIA ST,,https://services.seattle.gov/portal/customize/LinkToRecord.aspx?altId=000639-19CP,False,True,True,,pota,notice to vacate
000689-19CP,7,2019 Jan 22 12:00:00 AM,2019 Feb 14 12:00:00 AM,Withdrawn,Closed,1145 REPUBLICAN ST,98109,https://services.seattle.gov/portal/customize/LinkToRecord.aspx?altId=000689-19CP,True,False,False,garbage,,
000694-19CP,7,2019 Jan 23 12:00:00 AM,,,Completed,2701 W MANOR PL,98199,https://services.seattle.gov/portal/customize/LinkToRecord.aspx?altId=000694-19CP,False,True,False,,pota,
000708-19CP,7,2019 Jan 24 12:00:00 AM,,,Completed,3400 25TH AVE W,98199,https://services.seattle.gov/portal/customize/LinkToRecord.aspx?altId=000708-19CP,False,True,False,,pota,
000709-19CP,7,2019 Jan 24 12:00:00 AM,,,Completed,121 ALOHA ST,,https://services.seattle.gov/portal/customize/LinkToRecord.aspx?altId=000709-19CP,False,True,False,,pota|trao,
1045805-VI,7,2018 Dec 14 12:00:00 AM,,,Initiated,104 Pine ST,,https://services.seattle.gov/portal/customize/LinkToRecord.aspx?altId=1045805-VI,False,True,False,,pota,
000762-19CP,7,2019 Jan 25 12:00:00 AM,,,Completed,76 CEDAR ST,,https://services.seattle.gov/portal/customize/LinkToRecord.aspx?altId=000762-19CP,True,True,False,leak,pota,
000804-19CP,7,2019 Jan 28 12:00:00 AM,,,Completed,2020 WAVERLY PL N,98109,https://services.seattle.gov/portal/customize/LinkToRecord.aspx?altId=000804-19CP,False,True,False,,pota,
000829-19CP,7,2019 Jan 28 12:00:00 AM,,,Completed,2020 WAVERLY PL N,98109,https://services.seattle.gov/portal/customize/LinkToRecord.aspx?altId=000829-19CP,False,False,True,,,rent increase
000897-19CP,7,2019 Jan 31 12:00:00 AM,,,Completed,769 HAYES ST,98109,https://services.seattle.gov/portal/customize/LinkToRecord.aspx?altId=000897-19CP,False,True,True,,pota,tenant rights
000924-19CP,7,2019 Jan 31 12:00:00 AM,,,Completed,700 5TH AVE,98104,https://services.seattle.gov/portal/customize/LinkToRecord.aspx?altId=000924-19CP,False,True,False,,trao,
000955-19CP,7,2019 Feb 01 12:00:00 AM,,,Closed,2323 W Newton ST,,https://services.seattle.gov/portal/customize/LinkToRecord.aspx?altId=000955-19CP,False,True,False,,pota,
001003-19CP,7,2019 Feb 04 12:00:00 AM,,,Completed,2020 WAVERLY PL N,98109,https://services.seattle.gov/portal/customize/LinkToRecord.aspx?altId=001003-19CP,False,False,True,,,tenant rights
001011-19CP,7,2019 Feb 06 12:00:00 AM,,,Closed,3252 26TH AVE W,,https://services.seattle.gov/portal/customize/LinkToRecord.aspx?altId=001011-19CP,False,True,False,,pota,
001048-19CP,7,2019 Feb 05 12:00:00 AM,,,Closed,2024 3RD AVE,98121,https://services.seattle.gov/portal/customize/LinkToRecord.aspx?altId=001048-19CP,False,False,True,,,tenant rights
001108-19CP,7,2019 Feb 12 12:00:00 AM,,,Completed,609 W NICKERSON ST,98119,https://services.seattle.gov/portal/customize/LinkToRecord.aspx?altId=001108-19CP,False,True,False,,trao,
001111-19CP,7,2019 Feb 13 12:00:00 AM,,,Completed,1506 11TH AVE W,98119,https://services.seattle.gov/portal/customize/LinkToRecord.aspx?altId=001111-19CP,False,True,False,,harass|retaliat|pota,
001263-19CP,7,2019 Feb 19 12:00:00 AM,,,Closed,3520 28TH AVE W,98199,https://services.seattle.gov/portal/customize/LinkToRecord.aspx?altId=001263-19CP,False,True,True,,intimidation,rent increase|tenant rights
001319-19CP,7,2019 Feb 22 12:00:00 AM,,,Completed,2116 3RD AVE N,98109,https://services.seattle.gov/portal/customize/LinkToRecord.aspx?altId=001319-19CP,False,True,False,,trao,
001337-19CP,7,2019 Feb 22 12:00:00 AM,,,Completed,1823 TERRY AVE,98101,https://services.seattle.gov/portal/customize/LinkToRecord.aspx?altId=001337-19CP,False,True,False,,pota,
1045949-VI,7,2019 Feb 26 12:00:00 AM,,,Completed,1506 11TH AVE W,98119,https://services.seattle.gov/portal/customize/LinkToRecord.aspx?altId=1045949-VI,False,True,False,,harass|retaliat|pota,
001394-19CP,7,2019 Feb 20 12:00:00 AM,,,Completed,1814 MINOR AVE,98101,https://services.seattle.gov/portal/customize/LinkToRecord.aspx?altId=001394-19CP,False,False,True,,,illegal entry
001479-19CP,7,2019 Feb 27 12:00:00 AM,,,Completed,2632 21ST AVE W,98199,https://services.seattle.gov/portal/customize/LinkToRecord.aspx?altId=001479-19CP,False,False,True,,,tenant rights
001480-19CP,7,2019 Feb 27 12:00:00 AM,,,Closed,75 VINE ST,98121,https://services.seattle.gov/portal/customize/LinkToRecord.aspx?altId=001480-19CP,False,False,True,,,tenant rights
001497-19CP,7,2019 Feb 28 12:00:00 AM,,,Closed,85 PIKE ST,,https://services.seattle.gov/portal/customize/LinkToRecord.aspx?altId=001497-19CP,False,True,False,,pota,
001526-19CP,7,2019 Mar 01 12:00:00 AM,,,Completed,103 VINE ST,98121,https://services.seattle.gov/portal/customize/LinkToRecord.aspx?altId=001526-19CP,False,True,False,,retaliat,
001571-19CP,7,2019 Mar 04 12:00:00 AM,,,Completed,215 1ST AVE W,98119,https://services.seattle.gov/portal/customize/LinkToRecord.aspx?altId=001571-19CP,False,True,True,,pota,discrimination
001629-19CP,7,2019 Mar 06 12:00:00 AM,,,Closed,2720 4TH AVE,98121,https://services.seattle.gov/portal/customize/LinkToRecord.aspx?altId=001629-19CP,False,True,False,,pota,
001648-19CP,7,2019 Mar 06 12:00:00 AM,,,Completed,2134 WESTERN AVE,,https://services.seattle.gov/portal/customize/LinkToRecord.aspx?altId=001648-19CP,False,True,False,,pota,
001681-19CP,7,2019 Mar 07 12:00:00 AM,,,Closed,2701 W MANOR PL,98199,https://services.seattle.gov/portal/customize/LinkToRecord.aspx?altId=001681-19CP,False,False,True,,,security deposit
001708-19CP,7,2019 Mar 08 12:00:00 AM,,,Closed,2602 4TH AVE,98121,https://services.seattle.gov/portal/customize/LinkToRecord.aspx?altId=001708-19CP,True,False,True,bed bug,,tenant rights
001715-19CP,7,2019 Mar 07 12:00:00 AM,,,Completed,1511 DEXTER AVE N,98109,https://services.seattle.gov/portal/customize/LinkToRecord.aspx?altId=001715-19CP,False,True,True,,retaliat|pota,eviction notice
001894-19CP,7,2019 Mar 13 12:00:00 AM,,,Completed,103 VINE ST,98121,https://services.seattle.gov/portal/customize/LinkToRecord.aspx?altId=001894-19CP,False,False,True,,,10-day notice|tenant rights
002014-19CP,7,2019 Mar 19 12:00:00 AM,2019 Mar 21 12:00:00 AM,Completed,Completed,505 1ST AVE N,98109,https://services.seattle.gov/portal/customize/LinkToRecord.aspx?altId=002014-19CP,True,False,True,sewage|raw sewage,,pay or vacate|3 day notice
002023-19CP,7,2019 Mar 19 12:00:00 AM,,,Closed,2117 WAVERLY PL N,98109,https://services.seattle.gov/portal/customize/LinkToRecord.aspx?altId=002023-19CP,True,False,False,mold|black mold,,
002029-19CP,7,2019 Mar 19 12:00:00 AM,,,Completed,285 8TH AVE N,98109,https://services.seattle.gov/portal/customize/LinkToRecord.aspx?altId=002029-19CP,False,True,False,,pota,
002221-19CP,7,2019 Mar 26 12:00:00 AM,,,Completed,2119 23RD AVE W,98199,https://services.seattle.gov/portal/customize/LinkToRecord.aspx?altId=002221-19CP,False,True,True,,trao,rent increase
002228-19CP,7,2019 Mar 27 12:00:00 AM,,,Closed,822 6th AVE N,98109,https://services.seattle.gov/portal/customize/LinkToRecord.aspx?altId=002228-19CP,False,True,False,,pota,
002259-19CP,7,2019 Mar 27 12:00:00 AM,,,Closed,607 EASTLAKE AVE E,98109,https://services.seattle.gov/portal/customize/LinkToRecord.aspx?altId=002259-19CP,False,True,False,,pota,
002312-19CP,7,2019 Mar 28 12:00:00 AM,2019 Apr 08 12:00:00 AM,No Access/Unable to Observe,Completed,1407 TAYLOR AVE N,98109,https://services.seattle.gov/portal/customize/LinkToRecord.aspx?altId=002312-19CP,True,False,False,no heat|leak|moisture,,
002426-19CP,7,2019 Apr 01 12:00:00 AM,,,Completed,1811 EASTLAKE AVE,98101,https://services.seattle.gov/portal/customize/LinkToRecord.aspx?altId=002426-19CP,False,False,True,,,3-day notice|just cause|just cause eviction
002446-19CP,7,2019 Apr 02 12:00:00 AM,,,Completed,2400 W LYNN ST,,https://services.seattle.gov/portal/customize/LinkToRecord.aspx?altId=002446-19CP,False,True,True,,pota,discriminated
1046216-VI,7,2019 Apr 05 12:00:00 AM,,,Completed,285 8TH AVE N,98109,https://services.seattle.gov/portal/customize/LinkToRecord.aspx?altId=1046216-VI,False,True,False,,pota,
002658-19CP,7,2019 Apr 09 12:00:00 AM,,,Completed,600 W OLYMPIC PL,98119,https://services.seattle.gov/portal/customize/LinkToRecord.aspx?altId=002658-19CP,True,False,True,asbestos,,tenant rights
002740-19CP,7,2019 Apr 11 12:00:00 AM,,,Completed,1814 MINOR AVE,98101,https://services.seattle.gov/portal/customize/LinkToRecord.aspx?altId=002740-19CP,False,False,True,,,10-day notice
002741-19CP,7,2019 Apr 11 12:00:00 AM,,,Completed,1526 3RD AVE,98101,https://services.seattle.gov/portal/customize/LinkToRecord.aspx?altId=002741-19CP,False,True,False,,pota,
002765-19CP,7,2019 Apr 12 12:00:00 AM,,,Completed,2119 23RD AVE W,98199,https://services.seattle.gov/portal/customize/LinkToRecord.aspx?altId=002765-19CP,False,False,True,,,20-day notice|notice to vacate
002801-19CP,7,2019 Apr 11 12:00:00 AM,,,Completed,2600 2ND AVE,98121,https://services.seattle.gov/portal/customize/LinkToRecord.aspx?altId=002801-19CP,False,True,False,,trao,
002803-19CP,7,2019 Apr 11 12:00:00 AM,2019 Jun 28 12:00:00 AM,Completed,Completed,633 4TH AVE W,98119,https://services.seattle.gov/portal/customize/LinkToRecord.aspx?altId=002803-19CP,False,False,True,,,tenant rights
002806-19CP,7,2019 Apr 15 12:00:00 AM,,,Completed,1430 2ND AVE,98101,https://services.seattle.gov/portal/customize/LinkToRecord.aspx?altId=002806-19CP,False,False,True,,,tenant rights
002884-19CP,7,2019 Apr 15 12:00:00 AM,,,Closed,2600 2ND AVE,98121,https://services.seattle.gov/portal/customize/LinkToRecord.aspx?altId=002884-19CP,False,True,False,,trao,
002908-19CP,7,2019 Apr 17 12:00:00 AM,,,Completed,58 W ETRURIA ST,98119,https://services.seattle.gov/portal/customize/LinkToRecord.aspx?altId=002908-19CP,False,True,False,,trao,
002966-19CP,7,2019 Apr 19 12:00:00 AM,,,Closed,2121 5TH AVE,,https://services.seattle.gov/portal/customize/LinkToRecord.aspx?altId=002966-19CP,False,True,True,,pota,rent increase
003004-19CP,7,2019 Apr 17 12:00:00 AM,,,Closed,3710 27TH PL W,98199,https://services.seattle.gov/portal/customize/LinkToRecord.aspx?altId=003004-19CP,False,True,False,,trao,
003007-19CP,7,2019 Apr 19 12:00:00 AM,,,Completed,1900 1ST AVE,98101,https://services.seattle.gov/portal/customize/LinkToRecord.aspx?altId=003007-19CP,False,False,True,,,tenant rights
003014-19CP,7,2019 Apr 22 12:00:00 AM,,,Closed,1205 THOMAS ST,98109,https://services.seattle.gov/portal/customize/LinkToRecord.aspx?altId=003014-19CP,False,True,False,,pota,
003060-19CP,7,2019 Apr 23 12:00:00 AM,,,Completed,3456 14TH AVE W,,https://services.seattle.gov/portal/customize/LinkToRecord.aspx?altId=003060-19CP,False,True,False,,pota,
1046351-VI,7,2019 Apr 25 12:00:00 AM,,,Completed,1814 MINOR AVE,98101,https://services.seattle.gov/portal/customize/LinkToRecord.aspx?altId=1046351-VI,False,False,True,,,notice to terminate|just cause|just cause eviction
003156-19CP,7,2019 Apr 25 12:00:00 AM,,,Closed,2608 W BOSTON ST,98199,https://services.seattle.gov/portal/customize/LinkToRecord.aspx?altId=003156-19CP,False,True,False,,trao,
003191-19CP,7,2019 Apr 25 12:00:00 AM,,,Closed,3820 13TH AVE W,98119,https://services.seattle.gov/portal/customize/LinkToRecord.aspx?altId=003191-19CP,False,False,True,,,tenant rights
003221-19CP,7,2019 Apr 29 12:00:00 AM,,,Completed,3520 28TH AVE W,98199,https://services.seattle.gov/portal/customize/LinkToRecord.aspx?altId=003221-19CP,False,False,True,,,10-day notice
003328-19CP,7,2019 May 02 12:00:00 AM,,,Closed,3627 13TH AVE W,98119,https://services.seattle.gov/portal/customize/LinkToRecord.aspx?altId=003328-19CP,False,False,True,,,rent increase
003451-19CP,7,2019 May 08 12:00:00 AM,,,Closed,522 VALLEY ST,,https://services.seattle.gov/portal/customize/LinkToRecord.aspx?altId=003451-19CP,False,True,False,,pota|trao,
003546-19CP,7,2019 May 10 12:00:00 AM,,,Closed,1415 2ND AVE,,https://services.seattle.gov/portal/customize/LinkToRecord.aspx?altId=003546-19CP,False,True,False,,pota,
003586-19CP,7,2019 May 11 12:00:00 AM,,,Completed,62 CEDAR ST,98121,https://services.seattle.gov/portal/customize/LinkToRecord.aspx?altId=003586-19CP,False,True,False,,pota,
003649-19CP,7,2019 May 14 12:00:00 AM,,,Completed,1911 7TH AVE W,,https://services.seattle.gov/portal/customize/LinkToRecord.aspx?altId=003649-19CP,False,True,False,,pota|trao,
003653-19CP,7,2019 May 14 12:00:00 AM,,,Completed,2020 WAVERLY PL N,,https://services.seattle.gov/portal/customize/LinkToRecord.aspx?altId=003653-19CP,False,True,False,,pota,
003655-19CP,7,2019 May 14 12:00:00 AM,,,Completed,700 5TH AVE,98104,https://services.seattle.gov/portal/customize/LinkToRecord.aspx?altId=003655-19CP,False,True,False,,trao,
003752-19CP,7,2019 May 15 12:00:00 AM,,,Closed,1420 WESTERN AVE,98101,https://services.seattle.gov/portal/customize/LinkToRecord.aspx?altId=003752-19CP,False,True,False,,retaliat,
1046510-VI,7,2019 May 20 12:00:00 AM,,,Completed,1526 3RD AVE,98101,https://services.seattle.gov/portal/customize/LinkToRecord.aspx?altId=1046510-VI,False,True,False,,pota,
003987-19CP,7,2019 May 22 12:00:00 AM,,,Closed,2434 QUEEN ANNE AVE N,98109,https://services.seattle.gov/portal/customize/LinkToRecord.aspx?altId=003987-19CP,False,True,False,,trao,
004016-19CP,7,2019 May 23 12:00:00 AM,,,Closed,1902 2ND AVE,,https://services.seattle.gov/portal/customize/LinkToRecord.aspx?altId=004016-19CP,True,True,False,garbage,pota,
004134-19CP,7,2019 May 28 12:00:00 AM,,,Closed,2119 23RD AVE W,,https://services.seattle.gov/portal/customize/LinkToRecord.aspx?altId=004134-19CP,False,True,False,,pota|trao,
004161-19CP,7,2019 May 28 12:00:00 AM,,,Completed,420 VINE ST,,https://services.seattle.gov/portal/customize/LinkToRecord.aspx?altId=004161-19CP,True,True,False,no power,pota,
004252-19CP,7,2019 May 31 12:00:00 AM,,,Closed,3641 22ND AVE W,98199,https://services.seattle.gov/portal/customize/LinkToRecord.aspx?altId=004252-19CP,False,True,False,,trao,
004264-19CP,7,2019 May 31 12:00:00 AM,,,Closed,2015 TERRY AVE,,https://services.seattle.gov/portal/customize/LinkToRecord.aspx?altId=004264-19CP,False,True,False,,pota,
004310-19CP,7,2019 May 29 12:00:00 AM,,,Closed,2033 6TH AVE,98121,https://services.seattle.gov/portal/customize/LinkToRecord.aspx?altId=004310-19CP,False,True,False,,trao,
004318-19CP,7,2019 May 31 12:00:00 AM,,,Closed,2440 DEXTER AVE N,98109,https://services.seattle.gov/portal/customize/LinkToRecord.aspx?altId=004318-19CP,False,True,False,,trao,
004337-19CP,7,2019 May 28 12:00:00 AM,,,Closed,2701 3RD AVE W,98119,https://services.seattle.gov/portal/customize/LinkToRecord.aspx?altId=004337-19CP,False,False,True,,,rent increase
004346-19CP,7,2019 Jun 03 12:00:00 AM,,,Completed,201 GALER ST,,https://services.seattle.gov/portal/customize/LinkToRecord.aspx?altId=004346-19CP,False,True,False,,pota,
1046620-VI,7,2019 Jun 05 12:00:00 AM,,,Completed,2119 23RD AVE W,98199,https://services.seattle.gov/portal/customize/LinkToRecord.aspx?altId=1046620-VI,False,True,True,,trao,rent increase
004514-19CP,7,2019 Jun 06 12:00:00 AM,,,Completed,2249 14TH AVE W,,https://services.seattle.gov/portal/customize/LinkToRecord.aspx?altId=004514-19CP,False,True,False,,pota,
004529-19CP,7,2019 Jun 04 12:00:00 AM,,,Closed,2200 WESTLAKE AVE,98121,https://services.seattle.gov/portal/customize/LinkToRecord.aspx?altId=004529-19CP,False,True,False,,trao,
004537-19CP,7,2019 Jun 05 12:00:00 AM,,,Closed,2402 W RAYE ST,98199,https://services.seattle.gov/portal/customize/LinkToRecord.aspx?altId=004537-19CP,False,True,False,,trao,
004753-19CP,7,2019 Jun 11 12:00:00 AM,,,Completed,1000 1ST AVE W,98119,https://services.seattle.gov/portal/customize/LinkToRecord.aspx?altId=004753-19CP,False,True,False,,pota,
1046727-VI,7,2019 Mar 27 12:00:00 AM,,,Completed,3520 28TH AVE W,98199,https://services.seattle.gov/portal/customize/LinkToRecord.aspx?altId=1046727-VI,False,False,True,,,10-day notice
005027-19CP,7,2019 Jun 17 12:00:00 AM,,,Closed,110 VINE ST,98121,https://services.seattle.gov/portal/customize/LinkToRecord.aspx?altId=005027-19CP,True,False,False,infestation|mice,,
005055-19CP,7,2019 Jun 19 12:00:00 AM,,,Completed,626 4TH AVE W,98119,https://services.seattle.gov/portal/customize/LinkToRecord.aspx?altId=005055-19CP,False,True,True,,pota,security deposit
1046856-VI,7,2019 Feb 13 12:00:00 AM,,,Completed,2357 W PLYMOUTH ST,,https://services.seattle.gov/portal/customize/LinkToRecord.aspx?altId=1046856-VI,False,True,False,,pota,
005169-19CP,7,2019 Jun 21 12:00:00 AM,,,Completed,621 5TH AVE N,98109,https://services.seattle.gov/portal/customize/LinkToRecord.aspx?altId=005169-19CP,False,True,False,,pota|trao,
005183-19CP,7,2019 Jun 21 12:00:00 AM,,,Completed,901 5TH AVE N,,https://services.seattle.gov/portal/customize/LinkToRecord.aspx?altId=005183-19CP,False,True,False,,pota,
005545-19CP,7,2019 Jun 28 12:00:00 AM,,,Completed,3535 27TH PL W,,https://services.seattle.gov/portal/customize/LinkToRecord.aspx?altId=005545-19CP,False,True,False,,pota,
005610-19CP,7,2019 Jul 01 12:00:00 AM,,,Completed,81 CLAY ST,,https://services.seattle.gov/portal/customize/LinkToRecord.aspx?altId=005610-19CP,False,True,False,,pota,
005940-19CP,7,2019 Jul 09 12:00:00 AM,,,Closed,1814 MINOR AVE,98101,https://services.seattle.gov/portal/customize/LinkToRecord.aspx?altId=005940-19CP,False,True,False,,pota,
005959-19CP,7,2019 Jul 09 12:00:00 AM,,,Completed,2105 5TH AVE,,https://services.seattle.gov/portal/customize/LinkToRecord.aspx?altId=005959-19CP,False,True,True,,pota,security deposit
006064-19CP,7,2019 Jul 08 12:00:00 AM,,,Closed,1102 8TH AVE,98101,https://services.seattle.gov/portal/customize/LinkToRecord.aspx?altId=006064-19CP,True,False,False,bedbug,,
006083-19CP,7,2019 Jul 10 12:00:00 AM,,,Completed,1407 TAYLOR AVE N,98109,https://services.seattle.gov/portal/customize/LinkToRecord.aspx?altId=006083-19CP,False,False,True,,,security deposit
006098-19CP,7,2019 Jul 10 12:00:00 AM,,,Closed,417 2ND AVE W,98119,https://services.seattle.gov/portal/customize/LinkToRecord.aspx?altId=006098-19CP,False,True,False,,trao,
006100-19CP,7,2019 Jul 11 12:00:00 AM,,,Completed,2501 14th AVE W,,https://services.seattle.gov/portal/customize/LinkToRecord.aspx?altId=006100-19CP,False,False,True,,,3 day notice|security deposit
1047141-VI,7,2019 Jul 12 12:00:00 AM,,,Completed,2501 14th AVE W,,https://services.seattle.gov/portal/customize/LinkToRecord.aspx?altId=1047141-VI,False,False,True,,,3 day notice|security deposit
006193-19CP,7,2019 Jul 12 12:00:00 AM,,,Completed,419 FAIRVIEW AVE N,98109,https://services.seattle.gov/portal/customize/LinkToRecord.aspx?altId=006193-19CP,False,True,False,,trao,
006358-19CP,7,2019 Jul 15 12:00:00 AM,,,Closed,425 FAIRVIEW AVE N,98109,https://services.seattle.gov/portal/customize/LinkToRecord.aspx?altId=006358-19CP,False,True,False,,trao,
006471-19CP,7,2019 Jul 19 12:00:00 AM,,,Completed,2562 THORNDYKE AVE W,98199,https://services.seattle.gov/portal/customize/LinkToRecord.aspx?altId=006471-19CP,False,True,False,,pota,
006497-19CP,7,2019 Jul 18 12:00:00 AM,,,Closed,700 5th AVE,98124,https://services.seattle.gov/portal/customize/LinkToRecord.aspx?altId=006497-19CP,False,True,False,,lockout,
006667-19CP,7,2019 Jul 22 12:00:00 AM,,,Completed,2900 WESTLAKE AVE N,98109,https://services.seattle.gov/portal/customize/LinkToRecord.aspx?altId=006667-19CP,False,True,False,,pota,
006696-19CP,7,2019 Jul 24 12:00:00 AM,,,Closed,1215 6TH AVE N,98109,https://services.seattle.gov/portal/customize/LinkToRecord.aspx?altId=006696-19CP,False,True,False,,trao,
006760-19CP,7,2019 Jul 24 12:00:00 AM,,,Closed,1814 MINOR AVE,98101,https://services.seattle.gov/portal/customize/LinkToRecord.aspx?altId=006760-19CP,False,True,False,,pota,
006857-19CP,7,2019 Jul 26 12:00:00 AM,,,Completed,914 W EMERSON ST,98119,https://services.seattle.gov/portal/customize/LinkToRecord.aspx?altId=006857-19CP,False,True,False,,trao,
006865-19CP,7,2019 Jul 26 12:00:00 AM,,,Completed,1108 9TH AVE W,,https://services.seattle.gov/portal/customize/LinkToRecord.aspx?altId=006865-19CP,False,True,False,,pota|trao,
006878-19CP,7,2019 Jul 26 12:00:00 AM,,,Completed,805 4TH AVE N,98109,https://services.seattle.gov/portal/customize/LinkToRecord.aspx?altId=006878-19CP,False,True,False,,pota,
006947-19CP,7,2019 Jul 29 12:00:00 AM,2019 Aug 21 12:00:00 AM,Completed,Completed,1413 3RD AVE,,https://services.seattle.gov/portal/customize/LinkToRecord.aspx?altId=006947-19CP,False,True,False,,pota,
006958-19CP,7,2019 Jul 29 12:00:00 AM,,,Closed,3453 23RD AVE W,98199,https://services.seattle.gov/portal/customize/LinkToRecord.aspx?altId=006958-19CP,True,True,False,no hot water,pota,
007015-19CP,7,2019 Jul 31 12:00:00 AM,,,Completed,2516 27TH AVE W,98199,https://services.seattle.gov/portal/customize/LinkToRecord.aspx?altId=007015-19CP,False,True,False,,threaten,
007119-19CP,7,2019 Aug 02 12:00:00 AM,,,Closed,2320 1ST AVE,98121,https://services.seattle.gov/portal/customize/LinkToRecord.aspx?altId=007119-19CP,False,True,False,,trao,
007122-19CP,7,2019 Aug 01 12:00:00 AM,,,Closed,107 EASTLAKE AVE E,98109,https://services.seattle.gov/portal/customize/LinkToRecord.aspx?altId=007122-19CP,True,False,False,rats|co alarm,,
007235-19CP,7,2019 Aug 05 12:00:00 AM,,,Completed,2401 4TH AVE,98121,https://services.seattle.gov/portal/customize/LinkToRecord.aspx?altId=007235-19CP,False,True,False,,pota|trao,
007251-19CP,7,2019 Aug 05 12:00:00 AM,,,Completed,500 W MERCER ST,,https://services.seattle.gov/portal/customize/LinkToRecord.aspx?altId=007251-19CP,False,True,False,,pota,
007263-19CP,7,2019 Aug 05 12:00:00 AM,,,Completed,2905 1ST AVE,,https://services.seattle.gov/portal/customize/LinkToRecord.aspx?altId=007263-19CP,False,True,False,,pota,
007306-19CP,7,2019 Aug 06 12:00:00 AM,,,Completed,2821 2ND AVE,,https://services.seattle.gov/portal/customize/LinkToRecord.aspx?altId=007306-19CP,False,True,False,,pota|trao,
007752-19CP,7,2019 Aug 14 12:00:00 AM,,,Completed,2125 WESTLAKE AVE N,98109,https://services.seattle.gov/portal/customize/LinkToRecord.aspx?altId=007752-19CP,False,True,True,,pota,security deposit
007932-19CP,7,2019 Aug 15 12:00:00 AM,,,Completed,2641 PROSCH AVE W,98119,https://services.seattle.gov/portal/customize/LinkToRecord.aspx?altId=007932-19CP,False,True,False,,trao,
007948-19CP,7,2019 Aug 23 12:00:00 AM,,,Closed,2703 W DRAVUS ST,98199,https://services.seattle.gov/portal/customize/LinkToRecord.aspx?altId=007948-19CP,False,True,False,,pota,
008013-19CP,7,2019 Aug 26 12:00:00 AM,,,Completed,2021 1ST AVE,98121,https://services.seattle.gov/portal/customize/LinkToRecord.aspx?altId=008013-19CP,False,False,True,,,security deposit
008041-19CP,7,2019 Aug 27 12:00:00 AM,,,Completed,422 YALE AVE N,,https://services.seattle.gov/portal/customize/LinkToRecord.aspx?altId=008041-19CP,False,True,False,,pota,
008187-19CP,7,2019 Aug 28 12:00:00 AM,2019 Sep 11 12:00:00 AM,Completed,Closed,1015 QUEEN ANNE AVE N,98109,https://services.seattle.gov/portal/customize/LinkToRecord.aspx?altId=008187-19CP,True,False,False,bedbug,,
008344-19CP,7,2019 Sep 04 12:00:00 AM,,,Completed,910 LENORA ST,98121,https://services.seattle.gov/portal/customize/LinkToRecord.aspx?altId=008344-19CP,False,True,True,,pota,security deposit
008465-19CP,7,2019 Sep 06 12:00:00 AM,2019 Sep 18 12:00:00 AM,Completed,Completed,420 WALL ST,98121,https://services.seattle.gov/portal/customize/LinkToRecord.aspx?altId=008465-19CP,True,True,False,bed bug,trao,
1048230-CT,7,2019 Sep 09 12:00:00 AM,,,Completed,420 PONTIUS AVE N,98109,https://services.seattle.gov/portal/customize/LinkToRecord.aspx?altId=1048230-CT,False,True,False,,pota,
008627-19CP,7,2019 Sep 09 12:00:00 AM,,,Completed,306 Queen Anne AVE N,98109,https://services.seattle.gov/portal/customize/LinkToRecord.aspx?altId=008627-19CP,True,True,False,water damage|flooded|moisture,pota,
008634-19CP,7,2019 Sep 09 12:00:00 AM,,,Completed,2415 8TH AVE N,98109,https://services.seattle.gov/portal/customize/LinkToRecord.aspx?altId=008634-19CP,False,True,False,,pota,
008890-19CP,7,2019 Sep 16 12:00:00 AM,,,Closed,80 STEWART ST,98101,https://services.seattle.gov/portal/customize/LinkToRecord.aspx?altId=008890-19CP,False,True,False,,pota,
008937-19CP,7,2019 Sep 16 12:00:00 AM,2019 Sep 18 12:00:00 AM,Completed,Completed,80 STEWART ST,98101,https://services.seattle.gov/portal/customize/LinkToRecord.aspx?altId=008937-19CP,True,False,False,rats,,
008994-19CP,7,2019 Sep 18 12:00:00 AM,,,Completed,1280 HARRISON ST,98109,https://services.seattle.gov/portal/customize/LinkToRecord.aspx?altId=008994-19CP,False,False,True,,,rent increase
009094-19CP,7,2019 Sep 20 12:00:00 AM,,,Closed,1942 WESTLAKE AVE,98101,https://services.seattle.gov/portal/customize/LinkToRecord.aspx?altId=009094-19CP,False,True,False,,pota,
009196-19CP,7,2019 Sep 24 12:00:00 AM,,,Closed,219 QUEEN ANNE AVE N,98109,https://services.seattle.gov/portal/customize/LinkToRecord.aspx?altId=009196-19CP,False,True,True,,pota,pay or vacate|improper notice
1048454-VI,7,2019 Sep 24 12:00:00 AM,,,Completed,219 QUEEN ANNE AVE N,98109,https://services.seattle.gov/portal/customize/LinkToRecord.aspx?altId=1048454-VI,False,False,True,,,pay or vacate|improper notice
009256-19CP,7,2019 Sep 25 12:00:00 AM,,,Completed,602 TERRY AVE N,98109,https://services.seattle.gov/portal/customize/LinkToRecord.aspx?altId=009256-19CP,True,False,False,lack of heat,,
009276-19CP,7,2019 Sep 25 12:00:00 AM,,,Closed,1814 MINOR AVE,98101,https://services.seattle.gov/portal/customize/LinkToRecord.aspx?altId=009276-19CP,False,True,False,,pota,
009368-19CP,7,2019 Sep 27 12:00:00 AM,,,Completed,1212 QUEEN ANNE AVE N,98109,https://services.seattle.gov/portal/customize/LinkToRecord.aspx?altId=009368-19CP,False,True,False,,harass|threaten,
009372-19CP,7,2019 Sep 27 12:00:00 AM,,,Completed,62 CEDAR ST,98121,https://services.seattle.gov/portal/customize/LinkToRecord.aspx?altId=009372-19CP,False,True,False,,harass|threaten|retaliat,
009413-19CP,7,2019 Sep 30 12:00:00 AM,,,Completed,2556 WARREN AVE N,98109,https://services.seattle.gov/portal/customize/LinkToRecord.aspx?altId=009413-19CP,False,True,False,,pota,
009524-19CP,7,2019 Oct 03 12:00:00 AM,,,Completed,2224 2ND AVE,98121,https://services.seattle.gov/portal/customize/LinkToRecord.aspx?altId=009524-19CP,True,True,False,rats|roaches,pota,
009538-19CP,7,2019 Sep 30 12:00:00 AM,,,Closed,2123 2ND AVE N,98109,https://services.seattle.gov/portal/customize/LinkToRecord.aspx?altId=009538-19CP,False,True,False,,trao,
009674-19CP,7,2019 Oct 08 12:00:00 AM,,,Closed,1205 THOMAS ST,98109,https://services.seattle.gov/portal/customize/LinkToRecord.aspx?altId=009674-19CP,False,False,True,,,notice to vacate
009696-19CP,7,2019 Oct 07 12:00:00 AM,,,Closed,714 7TH AVE,98104,https://services.seattle.gov/portal/customize/LinkToRecord.aspx?altId=009696-19CP,False,False,True,,,tenant rights
009896-19CP,7,2019 Oct 15 12:00:00 AM,,,Closed,1200 MERCER ST,98109,https://services.seattle.gov/portal/customize/LinkToRecord.aspx?altId=009896-19CP,False,False,True,,,10-day notice|notice to terminate
1048714-VI,7,2019 Oct 15 12:00:00 AM,,,Completed,2820 15TH AVE W,98119,https://services.seattle.gov/portal/customize/LinkToRecord.aspx?altId=1048714-VI,False,False,True,,,rent increase|10 day notice|notice to terminate
009934-19CP,7,2019 Oct 15 12:00:00 AM,,,Completed,718 4TH AVE N,,https://services.seattle.gov/portal/customize/LinkToRecord.aspx?altId=009934-19CP,False,True,False,,pota,
1048734-CT,7,2019 Oct 16 12:00:00 AM,,,Completed,910 LENORA ST,98121,https://services.seattle.gov/portal/customize/LinkToRecord.aspx?altId=1048734-CT,False,True,False,,pota,
010071-19CP,7,2019 Oct 18 12:00:00 AM,,,Completed,2617 W BOSTON ST,98199,https://services.seattle.gov/portal/customize/LinkToRecord.aspx?altId=010071-19CP,False,True,False,,trao,
010195-19CP,7,2019 Oct 24 12:00:00 AM,,,Completed,700 5TH AVE,98104,https://services.seattle.gov/portal/customize/LinkToRecord.aspx?altId=010195-19CP,True,False,False,pest control,,
010342-19CP,7,2019 Oct 29 12:00:00 AM,,,Completed,554 WARD ST,98109,https://services.seattle.gov/portal/customize/LinkToRecord.aspx?altId=010342-19CP,False,True,False,,pota,
010417-19CP,7,2019 Oct 31 12:00:00 AM,,,Completed,2715 W HOWE ST,98199,https://services.seattle.gov/portal/customize/LinkToRecord.aspx?altId=010417-19CP,True,False,False,leak|leaking,,
010426-19CP,7,2019 Oct 31 12:00:00 AM,,,Completed,2258 15TH AVE W,98119,https://services.seattle.gov/portal/customize/LinkToRecord.aspx?altId=010426-19CP,False,True,False,,trao,
010444-19CP,7,2019 Nov 01 12:00:00 AM,,,Completed,800 SENECA ST,98101,https://services.seattle.gov/portal/customize/LinkToRecord.aspx?altId=010444-19CP,False,True,False,,harass|pota,
010501-19CP,7,2019 Nov 04 12:00:00 AM,,,Completed,600 W OLYMPIC PL,98119,https://services.seattle.gov/portal/customize/LinkToRecord.aspx?altId=010501-19CP,False,False,True,,,security deposit
010539-19CP,7,2019 Nov 05 12:00:00 AM,,,Closed,104 Pine ST,,https://services.seattle.gov/portal/customize/LinkToRecord.aspx?altId=010539-19CP,False,True,False,,pota,
010760-19CP,7,2019 Nov 12 12:00:00 AM,,,Closed,17 W MERCER ST,98119,https://services.seattle.gov/portal/customize/LinkToRecord.aspx?altId=010760-19CP,False,True,False,,pota,
010867-19CP,7,2019 Nov 15 12:00:00 AM,,,Closed,420 PONTIUS AVE N,,https://services.seattle.gov/portal/customize/LinkToRecord.aspx?altId=010867-19CP,False,True,False,,pota,
010911-19CP,7,2019 Nov 18 12:00:00 AM,,,Completed,421 W ROY ST,98119,https://services.seattle.gov/portal/customize/LinkToRecord.aspx?altId=010911-19CP,True,True,False,leak,retaliat,
010958-19CP,7,2019 Nov 19 12:00:00 AM,,,Closed,100 ROY ST,,https://services.seattle.gov/portal/customize/LinkToRecord.aspx?altId=010958-19CP,False,True,False,,pota|trao,
010996-19CP,7,2019 Nov 20 12:00:00 AM,,,Closed,1814 MINOR AVE,98101,https://services.seattle.gov/portal/customize/LinkToRecord.aspx?altId=010996-19CP,False,True,True,,pota,10 day notice
011002-19CP,7,2019 Nov 20 12:00:00 AM,,,Closed,2410 DEXTER AVE N,98109,https://services.seattle.gov/portal/customize/LinkToRecord.aspx?altId=011002-19CP,True,False,True,mold,,tenant rights
011030-19CP,7,2019 Nov 21 12:00:00 AM,,,Completed,76 CEDAR ST,98121,https://services.seattle.gov/portal/customize/LinkToRecord.aspx?altId=011030-19CP,False,False,True,,,tenant rights
011061-19CP,7,2019 Nov 22 12:00:00 AM,,,Closed,2441 8TH AVE N,98109,https://services.seattle.gov/portal/customize/LinkToRecord.aspx?altId=011061-19CP,False,True,True,,harass,10-day notice
011094-19CP,7,2019 Nov 24 12:00:00 AM,,,Completed,825 W NICKERSON ST,98119,https://services.seattle.gov/portal/customize/LinkToRecord.aspx?altId=011094-19CP,True,True,False,mold,pota,
011185-19CP,7,2019 Nov 27 12:00:00 AM,2019 Dec 06 12:00:00 AM,Completed,Completed,823 MADISON ST,98104,https://services.seattle.gov/portal/customize/LinkToRecord.aspx?altId=011185-19CP,True,False,True,hazard,,tenant rights
011206-19CP,7,2019 Nov 30 12:00:00 AM,,,Completed,3207 21ST AVE W,98199,https://services.seattle.gov/portal/customize/LinkToRecord.aspx?altId=011206-19CP,False,True,True,,changed the locks,without proper notice|eviction notice
011236-19CP,7,2019 Dec 02 12:00:00 AM,,,Closed,1814 MINOR AVE,98101,https://services.seattle.gov/portal/customize/LinkToRecord.aspx?altId=011236-19CP,False,True,False,,pota,
011263-19CP,7,2019 Dec 03 12:00:00 AM,,,Completed,2218 1ST AVE,98121,https://services.seattle.gov/portal/customize/LinkToRecord.aspx?altId=011263-19CP,False,True,False,,trao,
011302-19CP,7,2019 Dec 05 12:00:00 AM,,,Completed,3520 28TH AVE W,98199,https://services.seattle.gov/portal/customize/LinkToRecord.aspx?altId=011302-19CP,False,False,True,,,housing code violation|code violation
011306-19CP,7,2019 Dec 05 12:00:00 AM,,,Completed,3520 28TH AVE W,98199,https://services.seattle.gov/portal/customize/LinkToRecord.aspx?altId=011306-19CP,False,False,True,,,housing code violation|code violation
1049220-VI,7,2019 Dec 06 12:00:00 AM,2020 Jul 20 12:00:00 AM,Compliance Achieved,Completed,823 MADISON ST,98104,https://services.seattle.gov/portal/customize/LinkToRecord.aspx?altId=1049220-VI,True,False,True,hazard,,tenant rights
011378-19CP,7,2019 Dec 09 12:00:00 AM,,,Closed,901 6TH AVE,98104,https://services.seattle.gov/portal/customize/LinkToRecord.aspx?altId=011378-19CP,False,True,False,,locked out,
011380-19CP,7,2019 Dec 09 12:00:00 AM,,,Completed,901 6TH AVE,98104,https://services.seattle.gov/portal/customize/LinkToRecord.aspx?altId=011380-19CP,False,False,True,,,illegal eviction
011394-19CP,7,2019 Dec 04 12:00:00 AM,,,Completed,1167 REPUBLICAN ST,98109,https://services.seattle.gov/portal/customize/LinkToRecord.aspx?altId=011394-19CP,True,False,False,bedbug,,
011395-19CP,7,2019 Dec 04 12:00:00 AM,,,Closed,2224 2ND AVE,98121,https://services.seattle.gov/portal/customize/LinkToRecord.aspx?altId=011395-19CP,False,True,False,,trao,
011435-19CP,7,2019 Dec 11 12:00:00 AM,,,Completed,1110 8TH AVE,98101,https://services.seattle.gov/portal/customize/LinkToRecord.aspx?altId=011435-19CP,True,False,False,infestation|bed bug|pest control,,
011491-19CP,7,2019 Dec 12 12:00:00 AM,,,Closed,109 DEXTER AVE N,98109,https://services.seattle.gov/portal/customize/LinkToRecord.aspx?altId=011491-19CP,False,False,True,,,pay or vacate|vacate notice
011572-19CP,7,2019 Dec 10 12:00:00 AM,2020 Jan 30 12:00:00 AM,Vacant,Completed,65 W DRAVUS ST,98119,https://services.seattle.gov/portal/customize/LinkToRecord.aspx?altId=011572-19CP,False,True,False,,trao,
011678-19CP,7,2019 Dec 17 12:00:00 AM,,,Closed,419 QUEEN ANNE AVE N,98109,https://services.seattle.gov/portal/customize/LinkToRecord.aspx?altId=011678-19CP,False,True,False,,trao,
011691-19CP,7,2019 Dec 20 12:00:00 AM,,,Completed,1525 9TH AVE,98101,https://services.seattle.gov/portal/customize/LinkToRecord.aspx?altId=011691-19CP,True,False,True,garbage,,10-day notice
011706-19CP,7,2019 Dec 20 12:00:00 AM,,,Closed,107 1ST AVE N,98109,https://services.seattle.gov/portal/customize/LinkToRecord.aspx?altId=011706-19CP,True,False,True,mold|structural,,rent increase
1049366-VI,7,2019 Dec 27 12:00:00 AM,,,Initiated,1525 9TH AVE,98101,https://services.seattle.gov/portal/customize/LinkToRecord.aspx?altId=1049366-VI,False,False,True,,,10 day notice
000138-20CP,7,2020 Jan 03 12:00:00 AM,,,Completed,1820 MINOR AVE,98101,https://services.seattle.gov/portal/customize/LinkToRecord.aspx?altId=000138-20CP,False,False,True,,,eviction notice
000143-20CP,7,2019 Dec 31 12:00:00 AM,,,Closed,2441 8TH AVE N,98109,https://services.seattle.gov/portal/customize/LinkToRecord.aspx?altId=000143-20CP,False,False,True,,,pay or vacate|vacate notice
000210-20CP,7,2020 Jan 06 12:00:00 AM,,,Closed,2357 W PLYMOUTH ST,98199,https://services.seattle.gov/portal/customize/LinkToRecord.aspx?altId=000210-20CP,False,False,True,,,vacate notice
000285-20CP,7,2020 Jan 08 12:00:00 AM,,,Closed,1922 9TH AVE,98101,https://services.seattle.gov/portal/customize/LinkToRecord.aspx?altId=000285-20CP,False,False,True,,,eviction notice
000316-20CP,7,2020 Jan 09 12:00:00 AM,,,Completed,1406 3RD AVE W,98119,https://services.seattle.gov/portal/customize/LinkToRecord.aspx?altId=000316-20CP,False,True,False,,trao,
1049473-VI,7,2020 Jan 13 12:00:00 AM,,,Completed,1526 3RD AVE,98101,https://services.seattle.gov/portal/customize/LinkToRecord.aspx?altId=1049473-VI,False,False,True,,,pay or vacate
000441-20CP,7,2020 Jan 14 12:00:00 AM,,,Closed,1017 6TH AVE N,98109,https://services.seattle.gov/portal/customize/LinkToRecord.aspx?altId=000441-20CP,False,True,False,,trao,
000531-20CP,7,2020 Jan 17 12:00:00 AM,,,Closed,2415 8TH AVE N,98109,https://services.seattle.gov/portal/customize/LinkToRecord.aspx?altId=000531-20CP,True,True,True,flooding,threaten,rent increase|eviction notice
000667-20CP,7,2020 Jan 23 12:00:00 AM,,,Completed,2614 4TH AVE,98121,https://services.seattle.gov/portal/customize/LinkToRecord.aspx?altId=000667-20CP,False,False,True,,,eviction notice
000685-20CP,7,2020 Jan 24 12:00:00 AM,,,Closed,721 W CROCKETT ST,98119,https://services.seattle.gov/portal/customize/LinkToRecord.aspx?altId=000685-20CP,True,False,False,no heat,,
000686-20CP,7,2020 Jan 24 12:00:00 AM,,,Closed,430 MINOR AVE N,98109,https://services.seattle.gov/portal/customize/LinkToRecord.aspx?altId=000686-20CP,False,True,False,,pota,
1049551-VI,7,2020 Jan 24 12:00:00 AM,,,Completed,2560 10TH AVE W,98119,https://services.seattle.gov/portal/customize/LinkToRecord.aspx?altId=1049551-VI,False,False,True,,,notice to terminate|just cause|just cause eviction
000702-20CP,7,2020 Jan 23 12:00:00 AM,,,Completed,823 MADISON ST,98104,https://services.seattle.gov/portal/customize/LinkToRecord.aspx?altId=000702-20CP,False,False,True,,,10 day notice
000767-20CP,7,2020 Jan 27 12:00:00 AM,,,Completed,80 STEWART ST,98101,https://services.seattle.gov/portal/customize/LinkToRecord.aspx?altId=000767-20CP,False,True,True,,harass,vacate notice|tenant rights
000798-20CP,7,2020 Jan 27 12:00:00 AM,,,Closed,107 1ST AVE N,98109,https://services.seattle.gov/portal/customize/LinkToRecord.aspx?altId=000798-20CP,False,False,True,,,tenant rights
000820-20CP,7,2020 Jan 29 12:00:00 AM,,,Closed,430 MINOR AVE N,98109,https://services.seattle.gov/portal/customize/LinkToRecord.aspx?altId=000820-20CP,False,True,False,,pota,
000938-20CP,7,2020 Feb 03 12:00:00 AM,,,Closed,104 PINE ST,98101,https://services.seattle.gov/portal/customize/LinkToRecord.aspx?altId=000938-20CP,False,True,False,,pota,
001006-20CP,7,2020 Feb 04 12:00:00 AM,,,Closed,107 1ST AVE N,98109,https://services.seattle.gov/portal/customize/LinkToRecord.aspx?altId=001006-20CP,False,True,False,,trao,
001211-20CP,7,2020 Feb 11 12:00:00 AM,,,Closed,215 QUEEN ANNE AVE N,98109,https://services.seattle.gov/portal/customize/LinkToRecord.aspx?altId=001211-20CP,False,True,False,,trao,
001220-20CP,7,2020 Feb 11 12:00:00 AM,,,Completed,215 QUEEN ANNE AVE N,98109,https://services.seattle.gov/portal/customize/LinkToRecord.aspx?altId=001220-20CP,False,True,False,,trao,
001224-20CP,7,2020 Feb 10 12:00:00 AM,,,Closed,110 VINE ST,98121,https://services.seattle.gov/portal/customize/LinkToRecord.aspx?altId=001224-20CP,False,False,True,,,security deposit
001253-20CP,7,2020 Jan 07 12:00:00 AM,,,Completed,1526 3RD AVE,98101,https://services.seattle.gov/portal/customize/LinkToRecord.aspx?altId=001253-20CP,False,False,True,,,late fees
001255-20CP,7,2020 Feb 11 12:00:00 AM,,,Completed,215 QUEEN ANNE AVE N,98109,https://services.seattle.gov/portal/customize/LinkToRecord.aspx?altId=001255-20CP,False,True,False,,trao,
001276-20CP,7,2020 Feb 11 12:00:00 AM,,,Completed,1250 HARRISON ST,98109,https://services.seattle.gov/portal/customize/LinkToRecord.aspx?altId=001276-20CP,False,True,False,,trao,
001277-20CP,7,2020 Feb 12 12:00:00 AM,,,Closed,117 YALE AVE N,98109,https://services.seattle.gov/portal/customize/LinkToRecord.aspx?altId=001277-20CP,False,True,False,,trao,
001311-20CP,7,2020 Feb 13 12:00:00 AM,,,Completed,2116 9TH AVE W,98119,https://services.seattle.gov/portal/customize/LinkToRecord.aspx?altId=001311-20CP,False,True,False,,trao,
001514-20CP,7,2020 Feb 20 12:00:00 AM,,,Completed,300 1ST AVE W,98119,https://services.seattle.gov/portal/customize/LinkToRecord.aspx?altId=001514-20CP,False,True,False,,pota,
001633-20CP,7,2020 Feb 24 12:00:00 AM,,,Closed,2254 15TH AVE W,98119,https://services.seattle.gov/portal/customize/LinkToRecord.aspx?altId=001633-20CP,False,True,False,,trao,
001647-20CP,7,2020 Feb 21 12:00:00 AM,,,Completed,525 1ST AVE W,98119,https://services.seattle.gov/portal/customize/LinkToRecord.aspx?altId=001647-20CP,False,False,True,,,rent increase|tenant rights
001703-20CP,7,2020 Feb 24 12:00:00 AM,,,Closed,526 YALE AVE N,98109,https://services.seattle.gov/portal/customize/LinkToRecord.aspx?altId=001703-20CP,False,True,False,,trao,
001708-20CP,7,2020 Feb 26 12:00:00 AM,,,Completed,3238 14TH AVE W,98119,https://services.seattle.gov/portal/customize/LinkToRecord.aspx?altId=001708-20CP,False,True,False,,trao,
001769-20CP,7,2020 Feb 27 12:00:00 AM,,,Closed,1100 DEXTER AVE N,98109,https://services.seattle.gov/portal/customize/LinkToRecord.aspx?altId=001769-20CP,False,True,False,,trao,
001925-20CP,7,2020 Mar 03 12:00:00 AM,,,Closed,62 CEDAR ST,98121,https://services.seattle.gov/portal/customize/LinkToRecord.aspx?altId=001925-20CP,True,False,False,odor,,
002050-20CP,7,2020 Mar 09 12:00:00 AM,,,Closed,3555 27TH PL W,98199,https://services.seattle.gov/portal/customize/LinkToRecord.aspx?altId=002050-20CP,False,True,False,,trao,
002126-20CP,7,2020 Mar 10 12:00:00 AM,,,Completed,2624 WESTERN AVE,98121,https://services.seattle.gov/portal/customize/LinkToRecord.aspx?altId=002126-20CP,False,True,False,,trao,
002144-20CP,7,2020 Mar 11 12:00:00 AM,,,Closed,80 STEWART ST,98101,https://services.seattle.gov/portal/customize/LinkToRecord.aspx?altId=002144-20CP,False,True,False,,retaliat,
002248-20CP,7,2020 Mar 16 12:00:00 AM,,,Closed,1215 QUEEN ANNE AVE N,98109,https://services.seattle.gov/portal/customize/LinkToRecord.aspx?altId=002248-20CP,True,False,False,mold,,
002284-20CP,7,2020 Mar 16 12:00:00 AM,,,Closed,2224 2ND AVE,98121,https://services.seattle.gov/portal/customize/LinkToRecord.aspx?altId=002284-20CP,False,True,False,,trao,
002294-20CP,7,2020 Mar 16 12:00:00 AM,,,Closed,2624 WESTERN AVE,98121,https://services.seattle.gov/portal/customize/LinkToRecord.aspx?altId=002294-20CP,False,True,False,,trao,
002303-20CP,7,2020 Mar 17 12:00:00 AM,,,Closed,101 LYNN ST,98109,https://services.seattle.gov/portal/customize/LinkToRecord.aspx?altId=002303-20CP,False,True,False,,trao,
002363-20CP,7,2020 Mar 18 12:00:00 AM,,,Completed,2024 3RD AVE,98121,https://services.seattle.gov/portal/customize/LinkToRecord.aspx?altId=002363-20CP,False,True,False,,forced out,
002460-20CP,7,2020 Mar 23 12:00:00 AM,,,Closed,3811 13TH AVE W,98119,https://services.seattle.gov/portal/customize/LinkToRecord.aspx?altId=002460-20CP,False,True,False,,trao,
002467-20CP,7,2020 Mar 16 12:00:00 AM,,,Closed,1902 2ND AVE,98101,https://services.seattle.gov/portal/customize/LinkToRecord.aspx?altId=002467-20CP,True,False,False,mold,,
002491-20CP,7,2020 Mar 23 12:00:00 AM,,,Closed,743 W ETRURIA ST,98119,https://services.seattle.gov/portal/customize/LinkToRecord.aspx?altId=002491-20CP,False,True,False,,trao,
002556-20CP,7,2020 Mar 26 12:00:00 AM,2020 Mar 26 12:00:00 AM,Completed,Completed,2357 W PLYMOUTH ST,98199,https://services.seattle.gov/portal/customize/LinkToRecord.aspx?altId=002556-20CP,True,False,False,leak,,
002560-20CP,7,2020 Mar 26 12:00:00 AM,,,Completed,172 GALER ST,98109,https://services.seattle.gov/portal/customize/LinkToRecord.aspx?altId=002560-20CP,False,True,False,,trao|tenant relocation,
002582-20CP,7,2020 Mar 26 12:00:00 AM,,,Closed,3420 23RD AVE W,98199,https://services.seattle.gov/portal/customize/LinkToRecord.aspx?altId=002582-20CP,False,True,False,,trao,
002627-20CP,7,2020 Mar 27 12:00:00 AM,,,Completed,100 DENNY WAY,98109,https://services.seattle.gov/portal/customize/LinkToRecord.aspx?altId=002627-20CP,True,False,False,unsafe,,
002672-20CP,7,2020 Mar 31 12:00:00 AM,,,Completed,901 5TH AVE N,98109,https://services.seattle.gov/portal/customize/LinkToRecord.aspx?altId=002672-20CP,False,False,True,,,rent increase
002681-20CP,7,2020 Mar 31 12:00:00 AM,,,Closed,170 GALER ST,98109,https://services.seattle.gov/portal/customize/LinkToRecord.aspx?altId=002681-20CP,False,False,True,,,tenant rights
002768-20CP,7,2020 Apr 02 12:00:00 AM,,,Closed,321 LEE ST,98109,https://services.seattle.gov/portal/customize/LinkToRecord.aspx?altId=002768-20CP,False,True,False,,trao,
002817-20CP,7,2020 Apr 06 12:00:00 AM,,,Closed,1525 9TH AVE,98101,https://services.seattle.gov/portal/customize/LinkToRecord.aspx?altId=002817-20CP,False,False,True,,,tenant rights
002986-20CP,7,2020 Apr 13 12:00:00 AM,,,Completed,1200 WESTERN AVE,98101,https://services.seattle.gov/portal/customize/LinkToRecord.aspx?altId=002986-20CP,False,False,True,,,tenant rights
002994-20CP,7,2020 Apr 01 12:00:00 AM,,,Completed,1820 MINOR AVE,98101,https://services.seattle.gov/portal/customize/LinkToRecord.aspx?altId=002994-20CP,False,False,True,,,rent increase
003079-20CP,7,2020 Apr 16 12:00:00 AM,,,Completed,3811 13TH AVE W,98119,https://services.seattle.gov/portal/customize/LinkToRecord.aspx?altId=003079-20CP,False,True,False,,trao,
003301-20CP,7,2020 Apr 21 12:00:00 AM,,,Closed,524 HIGHLAND DR,98109,https://services.seattle.gov/portal/customize/LinkToRecord.aspx?altId=003301-20CP,False,False,True,,,tenant rights
003326-20CP,7,2020 Apr 24 12:00:00 AM,,,Closed,1101 WESTERN AVE,98101,https://services.seattle.gov/portal/customize/LinkToRecord.aspx?altId=003326-20CP,False,True,False,,trao,
003334-20CP,7,2020 Apr 24 12:00:00 AM,,,Closed,530 FAIRVIEW AVE N,98109,https://services.seattle.gov/portal/customize/LinkToRecord.aspx?altId=003334-20CP,False,True,False,,trao,
1050260-VI,7,2020 Apr 28 12:00:00 AM,,,Completed,2415 8TH AVE N,98109,https://services.seattle.gov/portal/customize/LinkToRecord.aspx?altId=1050260-VI,False,False,True,,,notice to terminate
003428-20CP,7,2020 Apr 29 12:00:00 AM,,,Completed,423 W REPUBLICAN ST,98119,https://services.seattle.gov/portal/customize/LinkToRecord.aspx?altId=003428-20CP,False,False,True,,,rent increase
003472-20CP,7,2020 Apr 30 12:00:00 AM,,,Completed,750 CROCKETT ST,98109,https://services.seattle.gov/portal/customize/LinkToRecord.aspx?altId=003472-20CP,False,False,True,,,tenant rights
003512-20CP,7,2020 May 01 12:00:00 AM,,,Completed,1525 9TH AVE,98101,https://services.seattle.gov/portal/customize/LinkToRecord.aspx?altId=003512-20CP,False,True,False,,trao,
003562-20CP,7,2020 Apr 29 12:00:00 AM,,,Closed,1525 9TH AVE,98101,https://services.seattle.gov/portal/customize/LinkToRecord.aspx?altId=003562-20CP,False,False,True,,,tenant rights
003568-20CP,7,2020 May 04 12:00:00 AM,,,Closed,1423 1ST AVE,98101,https://services.seattle.gov/portal/customize/LinkToRecord.aspx?altId=003568-20CP,False,False,True,,,without proper notice|tenant rights
003606-20CP,7,2020 May 05 12:00:00 AM,,,Completed,1915 2ND AVE,98101,https://services.seattle.gov/portal/customize/LinkToRecord.aspx?altId=003606-20CP,False,False,True,,,tenant rights
003632-20CP,7,2020 May 06 12:00:00 AM,,,Completed,3421 9TH AVE W,98119,https://services.seattle.gov/portal/customize/LinkToRecord.aspx?altId=003632-20CP,False,True,False,,trao,
003645-20CP,7,2020 May 06 12:00:00 AM,,,Completed,1008 W BLAINE ST,98119,https://services.seattle.gov/portal/customize/LinkToRecord.aspx?altId=003645-20CP,False,False,True,,,security deposit
003672-20CP,7,2020 May 07 12:00:00 AM,,,Completed,800 SENECA ST,98101,https://services.seattle.gov/portal/customize/LinkToRecord.aspx?altId=003672-20CP,False,False,True,,,rent increase|tenant rights
003684-20CP,7,2020 May 07 12:00:00 AM,,,Completed,1910 8TH AVE W,98119,https://services.seattle.gov/portal/customize/LinkToRecord.aspx?altId=003684-20CP,False,True,False,,trao,
003982-20CP,7,2020 May 18 12:00:00 AM,,,Closed,314 BELL ST,98121,https://services.seattle.gov/portal/customize/LinkToRecord.aspx?altId=003982-20CP,False,True,False,,trao,
004362-20CP,7,2020 May 28 12:00:00 AM,,,Closed,701 VALLEY ST,98109,https://services.seattle.gov/portal/customize/LinkToRecord.aspx?altId=004362-20CP,False,True,False,,trao,
004375-20CP,7,2020 May 28 12:00:00 AM,,,Completed,521 4TH AVE W,98119,https://services.seattle.gov/portal/customize/LinkToRecord.aspx?altId=004375-20CP,False,False,True,,,tenant rights
004440-20CP,7,2020 May 29 12:00:00 AM,,,Closed,2000 TAYLOR AVE N,98109,https://services.seattle.gov/portal/customize/LinkToRecord.aspx?altId=004440-20CP,False,True,False,,trao,
004613-20CP,7,2020 Jun 04 12:00:00 AM,,,Closed,75 VINE ST,98121,https://services.seattle.gov/portal/customize/LinkToRecord.aspx?altId=004613-20CP,False,True,True,,lockout,tenant rights
004781-20CP,7,2020 Jun 09 12:00:00 AM,,,Closed,2062 14TH AVE W,98119,https://services.seattle.gov/portal/customize/LinkToRecord.aspx?altId=004781-20CP,True,False,False,sewage|leak|leaking,,
004920-20CP,7,2020 Jun 15 12:00:00 AM,,,Completed,704 W BERTONA ST,98119,https://services.seattle.gov/portal/customize/LinkToRecord.aspx?altId=004920-20CP,False,True,False,,trao,
004944-20CP,7,2020 Jun 08 12:00:00 AM,,,Completed,3436 13TH AVE W,98119,https://services.seattle.gov/portal/customize/LinkToRecord.aspx?altId=004944-20CP,False,True,False,,trao,
004980-20CP,7,2020 Jun 10 12:00:00 AM,,,Closed,118 W MERCER ST,98119,https://services.seattle.gov/portal/customize/LinkToRecord.aspx?altId=004980-20CP,False,True,False,,trao,
005027-20CP,7,2020 Jun 11 12:00:00 AM,,,Completed,420 WALL ST,98121,https://services.seattle.gov/portal/customize/LinkToRecord.aspx?altId=005027-20CP,True,False,False,bed bug,,
005033-20CP,7,2020 Jun 17 12:00:00 AM,,,Completed,2933 2ND AVE,98121,https://services.seattle.gov/portal/customize/LinkToRecord.aspx?altId=005033-20CP,False,True,False,,trao,
005050-20CP,7,2020 Jun 17 12:00:00 AM,,,Closed,430 MINOR AVE N,98109,https://services.seattle.gov/portal/customize/LinkToRecord.aspx?altId=005050-20CP,False,True,False,,retaliat|pota,
005113-20CP,7,2020 Jun 19 12:00:00 AM,,,Closed,3646 14TH AVE W,98119,https://services.seattle.gov/portal/customize/LinkToRecord.aspx?altId=005113-20CP,False,True,False,,threaten,
005164-20CP,7,2020 Jun 22 12:00:00 AM,,,Closed,1400 W BOSTON ST,98119,https://services.seattle.gov/portal/customize/LinkToRecord.aspx?altId=005164-20CP,False,True,False,,trao,
005203-20CP,7,2020 Jun 23 12:00:00 AM,,,Closed,1929 5TH AVE W,98119,https://services.seattle.gov/portal/customize/LinkToRecord.aspx?altId=005203-20CP,False,True,False,,trao,
005305-20CP,7,2020 Jun 25 12:00:00 AM,,,Closed,1150 EASTLAKE AVE E,98109,https://services.seattle.gov/portal/customize/LinkToRecord.aspx?altId=005305-20CP,False,True,False,,trao,
005339-20CP,7,2020 Jun 26 12:00:00 AM,,,Closed,2120 1ST AVE N,98109,https://services.seattle.gov/portal/customize/LinkToRecord.aspx?altId=005339-20CP,False,True,False,,trao,
005441-20CP,7,2020 Jun 30 12:00:00 AM,,,Closed,2110 1ST AVE N,98109,https://services.seattle.gov/portal/customize/LinkToRecord.aspx?altId=005441-20CP,False,True,False,,trao,
005463-20CP,7,2020 Jun 30 12:00:00 AM,,,Closed,3020 4TH AVE W,98119,https://services.seattle.gov/portal/customize/LinkToRecord.aspx?altId=005463-20CP,False,True,False,,trao,
005633-20CP,7,2020 Jun 30 12:00:00 AM,,,Closed,2903 1ST AVE,98121,https://services.seattle.gov/portal/customize/LinkToRecord.aspx?altId=005633-20CP,False,True,False,,trao,
005673-20CP,7,2020 Jul 08 12:00:00 AM,,,Completed,2721 4TH AVE,98121,https://services.seattle.gov/portal/customize/LinkToRecord.aspx?altId=005673-20CP,False,False,True,,,tenant rights
005675-20CP,7,2020 Jul 08 12:00:00 AM,,,Completed,3628 24TH PL W,98199,https://services.seattle.gov/portal/customize/LinkToRecord.aspx?altId=005675-20CP,False,False,True,,,tenant rights
005677-20CP,7,2020 Jul 08 12:00:00 AM,,,Closed,101 LYNN ST,98109,https://services.seattle.gov/portal/customize/LinkToRecord.aspx?altId=005677-20CP,False,True,False,,trao,
005693-20CP,7,2020 Jul 08 12:00:00 AM,,,Closed,2721 4TH AVE,98121,https://services.seattle.gov/portal/customize/LinkToRecord.aspx?altId=005693-20CP,False,False,True,,,tenant rights
005720-20CP,7,2020 Jul 09 12:00:00 AM,,,Closed,2710 5TH AVE W,98119,https://services.seattle.gov/portal/customize/LinkToRecord.aspx?altId=005720-20CP,False,False,True,,,security deposit
005742-20CP,7,2020 Jul 09 12:00:00 AM,,,Completed,909 5TH AVE,98164,https://services.seattle.gov/portal/customize/LinkToRecord.aspx?altId=005742-20CP,False,False,True,,,security deposit
005766-20CP,7,2020 Jul 10 12:00:00 AM,,,Closed,2244 13TH AVE W,98119,https://services.seattle.gov/portal/customize/LinkToRecord.aspx?altId=005766-20CP,False,False,True,,,notice to vacate
006118-20CP,7,2020 Jul 15 12:00:00 AM,,,Closed,1919 10TH AVE W,98119,https://services.seattle.gov/portal/customize/LinkToRecord.aspx?altId=006118-20CP,False,True,False,,trao,
006132-20CP,7,2020 Jul 16 12:00:00 AM,,,Closed,118 W MERCER ST,98119,https://services.seattle.gov/portal/customize/LinkToRecord.aspx?altId=006132-20CP,False,True,False,,trao,
006133-20CP,7,2020 Jul 16 12:00:00 AM,,,Closed,101 W ROY ST,98119,https://services.seattle.gov/portal/customize/LinkToRecord.aspx?altId=006133-20CP,False,True,False,,trao,
006196-20CP,7,2020 Jul 22 12:00:00 AM,,,Completed,106 BELL ST,98121,https://services.seattle.gov/portal/customize/LinkToRecord.aspx?altId=006196-20CP,False,True,False,,harass,
006217-20CP,7,2020 Jul 20 12:00:00 AM,,,Closed,2514 DEXTER AVE N,98109,https://services.seattle.gov/portal/customize/LinkToRecord.aspx?altId=006217-20CP,False,True,False,,trao,
006226-20CP,7,2020 Jul 23 12:00:00 AM,,,Closed,112 ROY ST,98109,https://services.seattle.gov/portal/customize/LinkToRecord.aspx?altId=006226-20CP,False,False,True,,,tenant rights
006232-20CP,7,2020 Jul 22 12:00:00 AM,,,Closed,106 BELL ST,98121,https://services.seattle.gov/portal/customize/LinkToRecord.aspx?altId=006232-20CP,False,True,False,,retaliat,
006306-20CP,7,2020 Jul 27 12:00:00 AM,,,Closed,1167 REPUBLICAN ST,98109,https://services.seattle.gov/portal/customize/LinkToRecord.aspx?altId=006306-20CP,False,False,True,,,vacate notice
006333-20CP,7,2020 Jul 27 12:00:00 AM,,,Closed,118 W MERCER ST,98119,https://services.seattle.gov/portal/customize/LinkToRecord.aspx?altId=006333-20CP,False,True,False,,trao,
006338-20CP,7,2020 Jul 28 12:00:00 AM,,,Completed,2576 10TH AVE W,98119,https://services.seattle.gov/portal/customize/LinkToRecord.aspx?altId=006338-20CP,False,True,False,,trao,
006513-20CP,7,2020 Jul 31 12:00:00 AM,,,Closed,2800 WESTERN AVE,98121,https://services.seattle.gov/portal/customize/LinkToRecord.aspx?altId=006513-20CP,False,False,True,,,notice to vacate
1050686-VI,7,2020 Jul 31 12:00:00 AM,,,Completed,1820 MINOR AVE,98101,https://services.seattle.gov/portal/customize/LinkToRecord.aspx?altId=1050686-VI,False,False,True,,,notice to terminate
006575-20CP,7,2020 Jul 31 12:00:00 AM,,,Closed,1931 2ND AVE,98101,https://services.seattle.gov/portal/customize/LinkToRecord.aspx?altId=006575-20CP,False,True,False,,trao,
007202-20CP,7,2020 Aug 19 12:00:00 AM,,,Closed,822 W ARMOUR ST,98119,https://services.seattle.gov/portal/customize/LinkToRecord.aspx?altId=007202-20CP,False,True,False,,trao,
007398-20CP,7,2020 Aug 24 12:00:00 AM,,,Completed,217 PINE ST,98101,https://services.seattle.gov/portal/customize/LinkToRecord.aspx?altId=007398-20CP,False,True,False,,trao,
007583-20CP,7,2020 Aug 28 12:00:00 AM,,,Closed,20 FLORENTIA ST,98109,https://services.seattle.gov/portal/customize/LinkToRecord.aspx?altId=007583-20CP,False,True,True,,changed the locks,just cause|just cause eviction
007586-20CP,7,2020 Aug 28 12:00:00 AM,,,Completed,309 W KINNEAR PL,98119,https://services.seattle.gov/portal/customize/LinkToRecord.aspx?altId=007586-20CP,False,True,False,,trao,
007741-20CP,7,2020 Sep 02 12:00:00 AM,2020 Nov 04 12:00:00 AM,Completed,Completed,2344 W Newton ST,,https://services.seattle.gov/portal/customize/LinkToRecord.aspx?altId=007741-20CP,True,False,False,water damage|structural,,
007799-20CP,7,2020 Sep 03 12:00:00 AM,,,Completed,20 FLORENTIA ST,98109,https://services.seattle.gov/portal/customize/LinkToRecord.aspx?altId=007799-20CP,False,False,True,,,tenant rights
007897-20CP,7,2020 Sep 02 12:00:00 AM,,,Completed,3816 13TH AVE W,98119,https://services.seattle.gov/portal/customize/LinkToRecord.aspx?altId=007897-20CP,False,True,False,,trao,
007953-20CP,7,2020 Sep 09 12:00:00 AM,,,Completed,2402 1ST AVE N,98109,https://services.seattle.gov/portal/customize/LinkToRecord.aspx?altId=007953-20CP,False,True,True,,harass,notice to vacate
007960-20CP,7,2020 Sep 04 12:00:00 AM,,,Completed,715 8TH AVE,98104,https://services.seattle.gov/portal/customize/LinkToRecord.aspx?altId=007960-20CP,False,True,False,,trao,
008053-20CP,7,2020 Sep 11 12:00:00 AM,,,Completed,610 2ND AVE N,98109,https://services.seattle.gov/portal/customize/LinkToRecord.aspx?altId=008053-20CP,False,True,False,,trao,
008091-20CP,7,2020 Sep 14 12:00:00 AM,,,Closed,2442 8TH AVE N,98109,https://services.seattle.gov/portal/customize/LinkToRecord.aspx?altId=008091-20CP,True,True,False,leak,retaliat,
008098-20CP,7,2020 Sep 14 12:00:00 AM,,,Closed,2133 5TH AVE,98121,https://services.seattle.gov/portal/customize/LinkToRecord.aspx?altId=008098-20CP,False,True,False,,trao,
008166-20CP,7,2020 Sep 16 12:00:00 AM,,,Completed,309 HIGHLAND DR,98109,https://services.seattle.gov/portal/customize/LinkToRecord.aspx?altId=008166-20CP,False,True,False,,tenant relocation,
008198-20CP,7,2020 Sep 16 12:00:00 AM,,,Closed,2442 8TH AVE N,,https://services.seattle.gov/portal/customize/LinkToRecord.aspx?altId=008198-20CP,True,False,False,flooded,,
008237-20CP,7,2020 Sep 16 12:00:00 AM,,,Completed,1917 10TH AVE W,98119,https://services.seattle.gov/portal/customize/LinkToRecord.aspx?altId=008237-20CP,False,True,False,,trao,
008248-20CP,7,2020 Sep 16 12:00:00 AM,,,Closed,1406 3RD AVE W,98119,https://services.seattle.gov/portal/customize/LinkToRecord.aspx?altId=008248-20CP,False,True,False,,trao,
008264-20CP,7,2020 Sep 18 12:00:00 AM,,,Completed,2653 12TH AVE W,98119,https://services.seattle.gov/portal/customize/LinkToRecord.aspx?altId=008264-20CP,False,True,False,,trao,
008341-20CP,7,2020 Sep 21 12:00:00 AM,2020 Sep 22 12:00:00 AM,Completed,Completed,75 VINE ST,98121,https://services.seattle.gov/portal/customize/LinkToRecord.aspx?altId=008341-20CP,True,False,False,no heat|fumes,,
008414-20CP,7,2020 Sep 21 12:00:00 AM,,,Completed,221 1ST AVE W,98119,https://services.seattle.gov/portal/customize/LinkToRecord.aspx?altId=008414-20CP,False,True,False,,trao,
008419-20CP,7,2020 Sep 24 12:00:00 AM,,,Completed,3131 ELLIOTT AVE,98121,https://services.seattle.gov/portal/customize/LinkToRecord.aspx?altId=008419-20CP,False,True,False,,trao,
008511-20CP,7,2020 Sep 28 12:00:00 AM,,,Closed,411 W PROSPECT ST,98119,https://services.seattle.gov/portal/customize/LinkToRecord.aspx?altId=008511-20CP,False,True,False,,trao,
008756-20CP,7,2020 Oct 05 12:00:00 AM,,,Closed,2450 AURORA AVE N,98109,https://services.seattle.gov/portal/customize/LinkToRecord.aspx?altId=008756-20CP,False,False,True,,,security deposit
008989-20CP,7,2020 Oct 13 12:00:00 AM,,,Completed,1110 8th AVE,,https://services.seattle.gov/portal/customize/LinkToRecord.aspx?altId=008989-20CP,True,False,False,infestation|bed bug|pest control,,
009041-20CP,7,2020 Oct 15 12:00:00 AM,,,Completed,2607 8TH AVE W,98119,https://services.seattle.gov/portal/customize/LinkToRecord.aspx?altId=009041-20CP,True,False,False,no heat,,
009051-20CP,7,2020 Oct 12 12:00:00 AM,,,Completed,1413 3RD AVE,98101,https://services.seattle.gov/portal/customize/LinkToRecord.aspx?altId=009051-20CP,True,False,False,rodent|hazard|hazardous|garbage,,
009090-20CP,7,2020 Oct 16 12:00:00 AM,,,Completed,2425 W CROCKETT ST,98199,https://services.seattle.gov/portal/customize/LinkToRecord.aspx?altId=009090-20CP,False,True,False,,trao,
009344-20CP,7,2020 Oct 27 12:00:00 AM,,,Closed,40 B FLORENTIA ST,98109,https://services.seattle.gov/portal/customize/LinkToRecord.aspx?altId=009344-20CP,True,False,False,unsafe,,
009381-20CP,7,2020 Oct 29 12:00:00 AM,,,Closed,3037 12TH AVE W,98119,https://services.seattle.gov/portal/customize/LinkToRecord.aspx?altId=009381-20CP,False,True,False,,trao,
009464-20CP,7,2020 Oct 29 12:00:00 AM,,,Completed,3037 12TH AVE W,98119,https://services.seattle.gov/portal/customize/LinkToRecord.aspx?altId=009464-20CP,False,True,False,,trao,
009555-20CP,7,2020 Oct 29 12:00:00 AM,,,Completed,104 PINE ST,98101,https://services.seattle.gov/portal/customize/LinkToRecord.aspx?altId=009555-20CP,False,True,False,,trao,
009564-20CP,7,2020 Nov 02 12:00:00 AM,,,Closed,512 MINOR AVE N,98109,https://services.seattle.gov/portal/customize/LinkToRecord.aspx?altId=009564-20CP,False,True,False,,harass|threaten,
009614-20CP,7,2020 Nov 05 12:00:00 AM,,,Completed,2721 4TH AVE,98121,https://services.seattle.gov/portal/customize/LinkToRecord.aspx?altId=009614-20CP,False,True,True,,harass|pota,rent increase
009650-20CP,7,2020 Nov 09 12:00:00 AM,,,Completed,120 REPUBLICAN ST,98109,https://services.seattle.gov/portal/customize/LinkToRecord.aspx?altId=009650-20CP,False,False,True,,,security deposit
009655-20CP,7,2020 Nov 09 12:00:00 AM,,,Completed,2320 2ND AVE N,98109,https://services.seattle.gov/portal/customize/LinkToRecord.aspx?altId=009655-20CP,False,True,True,,changed the locks,illegal eviction
009740-20CP,7,2020 Nov 13 12:00:00 AM,,,Closed,1800 9TH AVE,98101,https://services.seattle.gov/portal/customize/LinkToRecord.aspx?altId=009740-20CP,False,True,False,,trao,
009745-20CP,7,2020 Nov 13 12:00:00 AM,,,Closed,420 WALL ST,98121,https://services.seattle.gov/portal/customize/LinkToRecord.aspx?altId=009745-20CP,True,False,False,leak,,
009811-20CP,7,2020 Nov 17 12:00:00 AM,,,Closed,615 WARD ST,98109,https://services.seattle.gov/portal/customize/LinkToRecord.aspx?altId=009811-20CP,False,True,False,,trao,
009817-20CP,7,2020 Nov 16 12:00:00 AM,,,Completed,606 ALOHA ST,98109,https://services.seattle.gov/portal/customize/LinkToRecord.aspx?altId=009817-20CP,False,True,False,,trao,
009828-20CP,7,2020 Nov 17 12:00:00 AM,,,Completed,3045 20TH AVE W,98199,https://services.seattle.gov/portal/customize/LinkToRecord.aspx?altId=009828-20CP,True,False,False,water damage,,
009946-20CP,7,2020 Nov 23 12:00:00 AM,,,Closed,888 WESTERN AVE,98104,https://services.seattle.gov/portal/customize/LinkToRecord.aspx?altId=009946-20CP,False,False,True,,,tenant rights
010053-20CP,7,2020 Nov 30 12:00:00 AM,,,Completed,2207 W RAYE ST,98199,https://services.seattle.gov/portal/customize/LinkToRecord.aspx?altId=010053-20CP,True,False,False,flooded,,
010075-20CP,7,2020 Dec 01 12:00:00 AM,,,Closed,3811 13TH AVE W,98119,https://services.seattle.gov/portal/customize/LinkToRecord.aspx?altId=010075-20CP,False,True,False,,pota|trao,
010132-20CP,7,2020 Dec 02 12:00:00 AM,,,Closed,2415 8TH AVE N,98109,https://services.seattle.gov/portal/customize/LinkToRecord.aspx?altId=010132-20CP,False,True,False,,retaliat,
010218-20CP,7,2020 Dec 07 12:00:00 AM,,,Completed,2501 14TH AVE W,98119,https://services.seattle.gov/portal/customize/LinkToRecord.aspx?altId=010218-20CP,False,False,True,,,discriminated
010254-20CP,7,2020 Dec 08 12:00:00 AM,,,Closed,1902 2ND AVE,98101,https://services.seattle.gov/portal/customize/LinkToRecord.aspx?altId=010254-20CP,False,False,True,,,tenant rights
010306-20CP,7,2020 Dec 08 12:00:00 AM,,,Closed,823 MADISON ST,98104,https://services.seattle.gov/portal/customize/LinkToRecord.aspx?altId=010306-20CP,False,True,False,,trao,
010310-20CP,7,2020 Dec 10 12:00:00 AM,,,Closed,1010 TAYLOR AVE N,98109,https://services.seattle.gov/portal/customize/LinkToRecord.aspx?altId=010310-20CP,False,False,True,,,security deposit|deposit not returned
010323-20CP,7,2020 Dec 10 12:00:00 AM,,,Completed,700 5TH AVE,98104,https://services.seattle.gov/portal/customize/LinkToRecord.aspx?altId=010323-20CP,False,True,False,,trao,
010363-20CP,7,2020 Dec 14 12:00:00 AM,,,Closed,1406 3RD AVE W,98119,https://services.seattle.gov/portal/customize/LinkToRecord.aspx?altId=010363-20CP,False,False,True,,,eviction notice
010382-20CP,7,2020 Dec 15 12:00:00 AM,,,Closed,1170 HARRISON ST,98109,https://services.seattle.gov/portal/customize/LinkToRecord.aspx?altId=010382-20CP,False,False,True,,,eviction notice
010417-20CP,7,2020 Dec 16 12:00:00 AM,,,Closed,2721 4TH AVE,98121,https://services.seattle.gov/portal/customize/LinkToRecord.aspx?altId=010417-20CP,True,False,True,bed bug,,tenant rights
010467-20CP,7,2020 Dec 18 12:00:00 AM,,,Completed,1934 5th AVE W,,https://services.seattle.gov/portal/customize/LinkToRecord.aspx?altId=010467-20CP,False,True,False,,trao,
010488-20CP,7,2020 Dec 20 12:00:00 AM,,,Closed,2911 2nd AVE,,https://services.seattle.gov/portal/customize/LinkToRecord.aspx?altId=010488-20CP,False,False,True,,,security deposit
010512-20CP,7,2020 Dec 21 12:00:00 AM,,,Closed,111 YALE AVE N,98109,https://services.seattle.gov/portal/customize/LinkToRecord.aspx?altId=010512-20CP,True,False,False,infestation,,
010543-20CP,7,2020 Dec 22 12:00:00 AM,,,Completed,1118 5TH AVE,98101,https://services.seattle.gov/portal/customize/LinkToRecord.aspx?altId=010543-20CP,False,True,False,,trao,
010585-20CP,7,2020 Dec 23 12:00:00 AM,2020 Dec 30 12:00:00 AM,Completed,Completed,118 BELL ST,98121,https://services.seattle.gov/portal/customize/LinkToRecord.aspx?altId=010585-20CP,True,False,False,leak|uninhabitable|garbage,,
000183-21CP,7,2021 Jan 05 12:00:00 AM,,,Closed,2450 DEXTER AVE N,98109,https://services.seattle.gov/portal/customize/LinkToRecord.aspx?altId=000183-21CP,False,True,False,,trao,
000193-21CP,7,2021 Jan 05 12:00:00 AM,2021 Jan 07 12:00:00 AM,Completed,Completed,230 8TH AVE N,98109,https://services.seattle.gov/portal/customize/LinkToRecord.aspx?altId=000193-21CP,True,False,False,leak,,
000224-21CP,7,2021 Jan 06 12:00:00 AM,,,Closed,420 PONTIUS AVE N,98109,https://services.seattle.gov/portal/customize/LinkToRecord.aspx?altId=000224-21CP,True,True,False,lack of hot water,retaliat,
000253-21CP,7,2021 Jan 08 12:00:00 AM,,,Closed,630 BOREN AVE N,98109,https://services.seattle.gov/portal/customize/LinkToRecord.aspx?altId=000253-21CP,False,False,True,,,security deposit
000285-21CP,7,2021 Jan 05 12:00:00 AM,,,Completed,2018 1ST AVE,98121,https://services.seattle.gov/portal/customize/LinkToRecord.aspx?altId=000285-21CP,False,True,False,,trao,
000376-21CP,7,2021 Jan 08 12:00:00 AM,,,Completed,621 1ST AVE W,98119,https://services.seattle.gov/portal/customize/LinkToRecord.aspx?altId=000376-21CP,False,True,False,,trao,
000568-21CP,7,2021 Jan 20 12:00:00 AM,,,Completed,2838 21ST AVE W,98199,https://services.seattle.gov/portal/customize/LinkToRecord.aspx?altId=000568-21CP,False,False,True,,,security deposit
000604-21CP,7,2021 Jan 21 12:00:00 AM,,,Closed,2425 W CROCKETT ST,98199,https://services.seattle.gov/portal/customize/LinkToRecord.aspx?altId=000604-21CP,False,True,False,,trao,
000672-21CP,7,2021 Jan 20 12:00:00 AM,,,Closed,1223 TAYLOR AVE N,98109,https://services.seattle.gov/portal/customize/LinkToRecord.aspx?altId=000672-21CP,False,True,False,,trao,
000698-21CP,7,2021 Jan 22 12:00:00 AM,,,Completed,68 W ETRURIA ST,98119,https://services.seattle.gov/portal/customize/LinkToRecord.aspx?altId=000698-21CP,False,True,False,,trao,
000737-21CP,7,2021 Jan 25 12:00:00 AM,,,Closed,68 W ETRURIA ST,98119,https://services.seattle.gov/portal/customize/LinkToRecord.aspx?altId=000737-21CP,False,True,False,,trao,
000751-21CP,7,2021 Jan 26 12:00:00 AM,,,Closed,1919 QUEEN ANNE AVE N,98109,https://services.seattle.gov/portal/customize/LinkToRecord.aspx?altId=000751-21CP,False,True,False,,trao,
000912-21CP,7,2021 Feb 01 12:00:00 AM,,,Closed,21 W LEE ST,98119,https://services.seattle.gov/portal/customize/LinkToRecord.aspx?altId=000912-21CP,False,True,False,,trao,
000949-21CP,7,2021 Feb 02 12:00:00 AM,,,Closed,715 2ND AVE N,98109,https://services.seattle.gov/portal/customize/LinkToRecord.aspx?altId=000949-21CP,True,False,False,unsafe,,
000952-21CP,7,2021 Feb 02 12:00:00 AM,,,Closed,2501 14TH AVE W,98119,https://services.seattle.gov/portal/customize/LinkToRecord.aspx?altId=000952-21CP,False,True,False,,harass,
001053-21CP,7,2021 Feb 06 12:00:00 AM,,,Completed,515 W OLYMPIC PL,98119,https://services.seattle.gov/portal/customize/LinkToRecord.aspx?altId=001053-21CP,False,True,False,,harass,
001123-21CP,7,2021 Feb 08 12:00:00 AM,,,Closed,19 ALOHA ST,98109,https://services.seattle.gov/portal/customize/LinkToRecord.aspx?altId=001123-21CP,True,False,False,leak,,
001147-21CP,7,2021 Feb 10 12:00:00 AM,,,Completed,714 7TH AVE,98104,https://services.seattle.gov/portal/customize/LinkToRecord.aspx?altId=001147-21CP,False,True,False,,trao,
001150-21CP,7,2021 Feb 10 12:00:00 AM,,,Completed,715 NOB HILL AVE N,98109,https://services.seattle.gov/portal/customize/LinkToRecord.aspx?altId=001150-21CP,False,False,True,,,security deposit|tenant rights
001179-21CP,7,2021 Feb 11 12:00:00 AM,,,Completed,111 YALE AVE N,98109,https://services.seattle.gov/portal/customize/LinkToRecord.aspx?altId=001179-21CP,False,False,True,,,20 day notice
001229-21CP,7,2021 Feb 13 12:00:00 AM,2021 Mar 10 12:00:00 AM,Completed,Completed,1102 8TH AVE,98101,https://services.seattle.gov/portal/customize/LinkToRecord.aspx?altId=001229-21CP,True,False,False,flooded,,
001324-21CP,7,2021 Feb 19 12:00:00 AM,2021 Mar 30 12:00:00 AM,No Access/Unable to Observe,Completed,1902 2ND AVE,98101,https://services.seattle.gov/portal/customize/LinkToRecord.aspx?altId=001324-21CP,False,True,False,,retaliat,
001364-21CP,7,2021 Feb 19 12:00:00 AM,,,Completed,2242 15TH AVE W,98119,https://services.seattle.gov/portal/customize/LinkToRecord.aspx?altId=001364-21CP,False,True,False,,trao,
001368-21CP,7,2021 Feb 22 12:00:00 AM,,,Completed,229 1ST AVE N,98109,https://services.seattle.gov/portal/customize/LinkToRecord.aspx?altId=001368-21CP,True,False,True,no heat,,tenant rights
001402-21CP,7,2021 Feb 17 12:00:00 AM,,,Completed,21 W LEE ST,98119,https://services.seattle.gov/portal/customize/LinkToRecord.aspx?altId=001402-21CP,False,True,False,,trao,
001532-21CP,7,2021 Feb 26 12:00:00 AM,,,Completed,1115 6TH AVE N,98109,https://services.seattle.gov/portal/customize/LinkToRecord.aspx?altId=001532-21CP,False,True,False,,trao,
001554-21CP,7,2021 Mar 01 12:00:00 AM,,,Completed,57 W DRAVUS ST,98119,https://services.seattle.gov/portal/customize/LinkToRecord.aspx?altId=001554-21CP,False,False,True,,,notice to vacate|tenant rights
001764-21CP,7,2021 Mar 08 12:00:00 AM,,,Closed,2226 ELLIOTT AVE,98121,https://services.seattle.gov/portal/customize/LinkToRecord.aspx?altId=001764-21CP,False,True,False,,trao,
001774-21CP,7,2021 Mar 08 12:00:00 AM,,,Completed,318 NICKERSON ST,98109,https://services.seattle.gov/portal/customize/LinkToRecord.aspx?altId=001774-21CP,False,True,False,,trao,
001838-21CP,7,2021 Mar 09 12:00:00 AM,,,Closed,133 QUEEN ANNE AVE N,98109,https://services.seattle.gov/portal/customize/LinkToRecord.aspx?altId=001838-21CP,True,False,False,leak|roof leak,,
002000-21CP,7,2021 Mar 16 12:00:00 AM,,,Closed,3222 28TH AVE W,,https://services.seattle.gov/portal/customize/LinkToRecord.aspx?altId=002000-21CP,False,True,False,,trao,
002086-21CP,7,2021 Mar 19 12:00:00 AM,,,Completed,607 EASTLAKE AVE E,98109,https://services.seattle.gov/portal/customize/LinkToRecord.aspx?altId=002086-21CP,True,False,False,no heat,,
002174-21CP,7,2021 Mar 23 12:00:00 AM,,,Completed,1528 MAGNOLIA WAY W,98199,https://services.seattle.gov/portal/customize/LinkToRecord.aspx?altId=002174-21CP,False,True,False,,trao,
002217-21CP,7,2021 Mar 24 12:00:00 AM,,,Completed,75 VINE ST,98121,https://services.seattle.gov/portal/customize/LinkToRecord.aspx?altId=002217-21CP,False,False,True,,,tenant rights
002455-21CP,7,2021 Apr 02 12:00:00 AM,,,Completed,523 PINE ST,98101,https://services.seattle.gov/portal/customize/LinkToRecord.aspx?altId=002455-21CP,True,False,False,mold,,
002458-21CP,7,2021 Apr 02 12:00:00 AM,,,Completed,910 W RAYE ST,98119,https://services.seattle.gov/portal/customize/LinkToRecord.aspx?altId=002458-21CP,False,False,True,,,notice to vacate
002510-21CP,7,2021 Apr 05 12:00:00 AM,,,Closed,2516 NOB HILL AVE N,98109,https://services.seattle.gov/portal/customize/LinkToRecord.aspx?altId=002510-21CP,True,False,False,mold,,
002534-21CP,7,2021 Apr 06 12:00:00 AM,,,Closed,3445 14TH AVE W,98119,https://services.seattle.gov/portal/customize/LinkToRecord.aspx?altId=002534-21CP,False,True,True,,trao,rent increase
002661-21CP,7,2021 Apr 12 12:00:00 AM,,,Completed,823 MADISON ST,98104,https://services.seattle.gov/portal/customize/LinkToRecord.aspx?altId=002661-21CP,False,False,True,,,tenant rights
002791-21CP,7,2021 Apr 16 12:00:00 AM,2021 Apr 28 12:00:00 AM,Completed,Completed,621 W EMERSON ST,98119,https://services.seattle.gov/portal/customize/LinkToRecord.aspx?altId=002791-21CP,True,True,True,mold,pota,tenant rights
003101-21CP,7,2021 Apr 27 12:00:00 AM,,,Closed,1608 AURORA AVE N,98109,https://services.seattle.gov/portal/customize/LinkToRecord.aspx?altId=003101-21CP,True,False,False,infestation,,
1052091-VI,7,2021 Apr 29 12:00:00 AM,,,Completed,323 W GARFIELD ST,98119,https://services.seattle.gov/portal/customize/LinkToRecord.aspx?altId=1052091-VI,False,False,True,,,just cause
003240-21CP,7,2021 May 03 12:00:00 AM,,,Closed,1016 W EMERSON ST,98119,https://services.seattle.gov/portal/customize/LinkToRecord.aspx?altId=003240-21CP,False,False,True,,,security deposit
003322-21CP,7,2021 May 06 12:00:00 AM,,,Closed,3618 11TH AVE W,98119,https://services.seattle.gov/portal/customize/LinkToRecord.aspx?altId=003322-21CP,False,True,False,,lockout,
003352-21CP,7,2021 May 07 12:00:00 AM,,,Closed,111 YALE AVE N,98109,https://services.seattle.gov/portal/customize/LinkToRecord.aspx?altId=003352-21CP,False,False,True,,,10 day notice|notice to vacate
003675-21CP,7,2021 May 18 12:00:00 AM,,,Completed,1209 WESTLAKE AVE N,98109,https://services.seattle.gov/portal/customize/LinkToRecord.aspx?altId=003675-21CP,False,False,True,,,10 day notice
004118-21CP,7,2021 May 28 12:00:00 AM,,,Closed,1941 4TH AVE W,98119,https://services.seattle.gov/portal/customize/LinkToRecord.aspx?altId=004118-21CP,False,True,False,,trao,
004185-21CP,7,2021 Jun 02 12:00:00 AM,,,Completed,1941 4TH AVE W,98119,https://services.seattle.gov/portal/customize/LinkToRecord.aspx?altId=004185-21CP,False,True,False,,trao,
004218-21CP,7,2021 Jun 07 12:00:00 AM,,,Closed,101 LYNN ST,,https://services.seattle.gov/portal/customize/LinkToRecord.aspx?altId=004218-21CP,False,True,False,,trao,
004220-21CP,7,2021 Jun 07 12:00:00 AM,,,Completed,2519 1ST AVE,98121,https://services.seattle.gov/portal/customize/LinkToRecord.aspx?altId=004220-21CP,True,False,False,leak|hazard|electrical hazard,,
004441-21CP,7,2021 Jun 11 12:00:00 AM,2021 Jul 29 12:00:00 AM,Completed,Completed,2600 2ND AVE,98121,https://services.seattle.gov/portal/customize/LinkToRecord.aspx?altId=004441-21CP,True,False,False,leak|mold,,
004455-21CP,7,2021 Jun 12 12:00:00 AM,,,Closed,2451 3rd AVE W,,https://services.seattle.gov/portal/customize/LinkToRecord.aspx?altId=004455-21CP,False,False,True,,,security deposit
004598-21CP,7,2021 Jun 17 12:00:00 AM,,,Completed,1220 HOWELL ST,98101,https://services.seattle.gov/portal/customize/LinkToRecord.aspx?altId=004598-21CP,False,True,False,,trao,
004611-21CP,7,2021 Jun 17 12:00:00 AM,,,Completed,3040 17TH AVE W,98119,https://services.seattle.gov/portal/customize/LinkToRecord.aspx?altId=004611-21CP,False,True,False,,trao,
004664-21CP,7,2021 Jun 18 12:00:00 AM,,,Completed,2911 2ND AVE,98121,https://services.seattle.gov/portal/customize/LinkToRecord.aspx?altId=004664-21CP,False,True,False,,lockout|locked out|pota,
004741-21CP,7,2021 Jun 21 12:00:00 AM,,,Completed,1512 B TAYLOR AVE N,98109,https://services.seattle.gov/portal/customize/LinkToRecord.aspx?altId=004741-21CP,True,False,False,leak,,
004824-21CP,7,2021 Jun 23 12:00:00 AM,,,Completed,1830 MINOR AVE,98101,https://services.seattle.gov/portal/customize/LinkToRecord.aspx?altId=004824-21CP,False,True,False,,trao,
004828-21CP,7,2021 Jun 23 12:00:00 AM,,,Closed,101 TAYLOR AVE N,98109,https://services.seattle.gov/portal/customize/LinkToRecord.aspx?altId=004828-21CP,False,True,False,,threaten,
004842-21CP,7,2021 Jun 23 12:00:00 AM,,,Closed,888 WESTERN AVE,98104,https://services.seattle.gov/portal/customize/LinkToRecord.aspx?altId=004842-21CP,False,True,False,,trao,
004940-21CP,7,2021 Apr 23 12:00:00 AM,,,Completed,2219 2nd AVE,,https://services.seattle.gov/portal/customize/LinkToRecord.aspx?altId=004940-21CP,False,False,True,,,tenant rights
004941-21CP,7,2021 Jun 26 12:00:00 AM,,,Completed,910 LENORA ST,98121,https://services.seattle.gov/portal/customize/LinkToRecord.aspx?altId=004941-21CP,False,False,True,,,security deposit
004957-21CP,7,2021 Jun 27 12:00:00 AM,,,Closed,2911 2ND AVE,98121,https://services.seattle.gov/portal/customize/LinkToRecord.aspx?altId=004957-21CP,False,True,False,,pota,
004993-21CP,7,2021 Jun 28 12:00:00 AM,,,Closed,2701 3RD AVE W,98119,https://services.seattle.gov/portal/customize/LinkToRecord.aspx?altId=004993-21CP,True,False,False,mold,,
005006-21CP,7,2021 Jun 29 12:00:00 AM,,,Closed,3010 1ST AVE,98121,https://services.seattle.gov/portal/customize/LinkToRecord.aspx?altId=005006-21CP,False,False,True,,,3 day notice
005049-21CP,7,2021 Jun 30 12:00:00 AM,,,Closed,3010 1ST AVE,98121,https://services.seattle.gov/portal/customize/LinkToRecord.aspx?altId=005049-21CP,False,False,True,,,3 day notice
005054-21CP,7,2021 Jun 30 12:00:00 AM,,,Completed,2450 DEXTER AVE N,98109,https://services.seattle.gov/portal/customize/LinkToRecord.aspx?altId=005054-21CP,False,True,True,,pota,tenant rights|code violation
005163-21CP,7,2021 Jul 02 12:00:00 AM,,,Completed,425 VINE ST,98121,https://services.seattle.gov/portal/customize/LinkToRecord.aspx?altId=005163-21CP,False,False,True,,,security deposit
005173-21CP,7,2021 Jun 30 12:00:00 AM,,,Completed,3040 17TH AVE W,98119,https://services.seattle.gov/portal/customize/LinkToRecord.aspx?altId=005173-21CP,False,True,False,,trao,
005233-21CP,7,2021 Jul 06 12:00:00 AM,,,Closed,2014 TERRY AVE,98121,https://services.seattle.gov/portal/customize/LinkToRecord.aspx?altId=005233-21CP,True,False,False,asbestos,,
005290-21CP,7,2021 Jul 07 12:00:00 AM,,,Closed,1624 BOREN AVE,98101,https://services.seattle.gov/portal/customize/LinkToRecord.aspx?altId=005290-21CP,True,False,False,leak,,
005622-21CP,7,2021 Jul 16 12:00:00 AM,,,Under Investigation,2911 2ND AVE,98121,https://services.seattle.gov/portal/customize/LinkToRecord.aspx?altId=005622-21CP,False,True,False,,locked out|pota,
005747-21CP,7,2021 Jul 20 12:00:00 AM,,,Completed,1815 TERRY AVE,98101,https://services.seattle.gov/portal/customize/LinkToRecord.aspx?altId=005747-21CP,False,False,True,,,notice to vacate
005799-21CP,7,2021 Jul 21 12:00:00 AM,,,Completed,2504 WESTERN AVE,98121,https://services.seattle.gov/portal/customize/LinkToRecord.aspx?altId=005799-21CP,False,False,True,,,10 day notice|tenant rights
005861-21CP,7,2021 Jul 23 12:00:00 AM,,,Completed,1260 REPUBLICAN ST,98109,https://services.seattle.gov/portal/customize/LinkToRecord.aspx?altId=005861-21CP,True,False,False,leak|leaks,,
006027-21CP,7,2021 Jul 28 12:00:00 AM,,,Closed,111 YALE AVE N,98109,https://services.seattle.gov/portal/customize/LinkToRecord.aspx?altId=006027-21CP,True,False,False,infestation,,
006117-21CP,7,2021 Jul 30 12:00:00 AM,,,Completed,163 ETRURIA ST,98109,https://services.seattle.gov/portal/customize/LinkToRecord.aspx?altId=006117-21CP,False,True,True,,retaliat,10-day notice
006138-21CP,7,2021 Jul 31 12:00:00 AM,,,Under Investigation,2911 2ND AVE,98121,https://services.seattle.gov/portal/customize/LinkToRecord.aspx?altId=006138-21CP,False,True,False,,locked out|pota,
006344-21CP,7,2021 Aug 05 12:00:00 AM,,,Closed,1255 HARRISON ST,98109,https://services.seattle.gov/portal/customize/LinkToRecord.aspx?altId=006344-21CP,False,False,True,,,eviction notice
006496-21CP,7,2021 Aug 10 12:00:00 AM,,,Closed,101 ELLIOTT AVE W,98119,https://services.seattle.gov/portal/customize/LinkToRecord.aspx?altId=006496-21CP,False,True,False,,trao,
006564-21CP,7,2021 Aug 10 12:00:00 AM,,,Completed,152 FULTON ST,98109,https://services.seattle.gov/portal/customize/LinkToRecord.aspx?altId=006564-21CP,False,False,True,,,tenant rights
006579-21CP,7,2021 Aug 12 12:00:00 AM,,,Completed,401 LENORA ST,98121,https://services.seattle.gov/portal/customize/LinkToRecord.aspx?altId=006579-21CP,False,False,True,,,tenant rights
006815-21CP,7,2021 Aug 18 12:00:00 AM,,,Closed,2510 WESTERN AVE,98121,https://services.seattle.gov/portal/customize/LinkToRecord.aspx?altId=006815-21CP,False,True,True,,threaten,eviction notice
006852-21CP,7,2021 Aug 19 12:00:00 AM,,,Completed,3253 23RD AVE W,98199,https://services.seattle.gov/portal/customize/LinkToRecord.aspx?altId=006852-21CP,False,True,False,,locked out,
006853-21CP,7,2021 Aug 19 12:00:00 AM,,,Closed,3253 23RD AVE W,98199,https://services.seattle.gov/portal/customize/LinkToRecord.aspx?altId=006853-21CP,False,True,False,,locked out,
006869-21CP,7,2021 Aug 20 12:00:00 AM,,,Completed,401 LENORA ST,98121,https://services.seattle.gov/portal/customize/LinkToRecord.aspx?altId=006869-21CP,False,True,True,,lockout,tenant rights
006944-21CP,7,2021 Aug 23 12:00:00 AM,,,Closed,1428 QUEEN ANNE AVE N,98109,https://services.seattle.gov/portal/customize/LinkToRecord.aspx?altId=006944-21CP,False,False,True,,,20-day notice|notice to vacate
006956-21CP,7,2021 Aug 18 12:00:00 AM,,,Completed,419 QUEEN ANNE AVE N,98109,https://services.seattle.gov/portal/customize/LinkToRecord.aspx?altId=006956-21CP,False,True,False,,trao,
006968-21CP,7,2021 Aug 20 12:00:00 AM,,,Completed,311 CEDAR ST,98121,https://services.seattle.gov/portal/customize/LinkToRecord.aspx?altId=006968-21CP,True,False,False,infestation,,
007077-21CP,7,2021 Aug 25 12:00:00 AM,,,Completed,2934 2ND AVE N,98109,https://services.seattle.gov/portal/customize/LinkToRecord.aspx?altId=007077-21CP,False,False,True,,,notice to vacate
007173-21CP,7,2021 Aug 30 12:00:00 AM,,,Completed,119 PINE ST,98101,https://services.seattle.gov/portal/customize/LinkToRecord.aspx?altId=007173-21CP,False,True,False,,tenant relocation,
007215-21CP,7,2021 Aug 31 12:00:00 AM,,,Completed,2219 2ND AVE,98121,https://services.seattle.gov/portal/customize/LinkToRecord.aspx?altId=007215-21CP,False,False,True,,,eviction notice
007275-21CP,7,2021 Sep 01 12:00:00 AM,,,Closed,1815 TERRY AVE,98101,https://services.seattle.gov/portal/customize/LinkToRecord.aspx?altId=007275-21CP,False,True,False,,lockout,
007291-21CP,7,2021 Aug 31 12:00:00 AM,,,Completed,3012 14TH AVE W,98119,https://services.seattle.gov/portal/customize/LinkToRecord.aspx?altId=007291-21CP,False,True,False,,trao,
007307-21CP,7,2021 Aug 31 12:00:00 AM,,,Completed,510 MINOR AVE N,98109,https://services.seattle.gov/portal/customize/LinkToRecord.aspx?altId=007307-21CP,False,True,False,,trao,
007455-21CP,7,2021 Sep 02 12:00:00 AM,,,Completed,609 THOMAS ST,98109,https://services.seattle.gov/portal/customize/LinkToRecord.aspx?altId=007455-21CP,False,True,False,,trao,
007465-21CP,7,2021 Sep 08 12:00:00 AM,,,Completed,216 W BOSTON ST,98119,https://services.seattle.gov/portal/customize/LinkToRecord.aspx?altId=007465-21CP,False,False,True,,,rent increase
007654-21CP,7,2021 Sep 14 12:00:00 AM,,,Completed,2911 2ND AVE,98121,https://services.seattle.gov/portal/customize/LinkToRecord.aspx?altId=007654-21CP,False,False,True,,,discrimination
007675-21CP,7,2021 Sep 15 12:00:00 AM,,,Completed,2635 PROSCH AVE W,98119,https://services.seattle.gov/portal/customize/LinkToRecord.aspx?altId=007675-21CP,False,False,True,,,deposit not returned
007767-21CP,7,2021 Sep 16 12:00:00 AM,,,Closed,2465 DEXTER AVE N,98109,https://services.seattle.gov/portal/customize/LinkToRecord.aspx?altId=007767-21CP,True,False,False,leak|leaking,,
007772-21CP,7,2021 Sep 17 12:00:00 AM,,,Completed,1957 9TH AVE W,98119,https://services.seattle.gov/portal/customize/LinkToRecord.aspx?altId=007772-21CP,False,False,True,,,tenant rights
007898-21CP,7,2021 Sep 22 12:00:00 AM,,,Closed,2334 ELLIOTT AVE,98121,https://services.seattle.gov/portal/customize/LinkToRecord.aspx?altId=007898-21CP,False,False,True,,,tenant rights
007931-21CP,7,2021 Sep 22 12:00:00 AM,,,Closed,2930 WESTLAKE AVE N,98109,https://services.seattle.gov/portal/customize/LinkToRecord.aspx?altId=007931-21CP,False,False,True,,,eviction notice
008008-21CP,7,2021 Sep 25 12:00:00 AM,,,Completed,2911 2ND AVE,98121,https://services.seattle.gov/portal/customize/LinkToRecord.aspx?altId=008008-21CP,False,True,False,,locked out,
008133-21CP,7,2021 Sep 29 12:00:00 AM,,,Completed,600 W OLYMPIC PL,98119,https://services.seattle.gov/portal/customize/LinkToRecord.aspx?altId=008133-21CP,True,False,False,leak,,
008142-21CP,7,2021 Sep 29 12:00:00 AM,,,Closed,2510 WESTERN AVE,98121,https://services.seattle.gov/portal/customize/LinkToRecord.aspx?altId=008142-21CP,False,False,True,,,eviction notice|tenant rights
008156-21CP,7,2021 Sep 27 12:00:00 AM,,,Completed,2630 W LYNN ST,98199,https://services.seattle.gov/portal/customize/LinkToRecord.aspx?altId=008156-21CP,False,True,False,,trao,
008223-21CP,7,2021 Oct 01 12:00:00 AM,,,Closed,150 FULTON ST,98109,https://services.seattle.gov/portal/customize/LinkToRecord.aspx?altId=008223-21CP,False,True,False,,trao,
008378-21CP,7,2021 Oct 06 12:00:00 AM,,,Closed,3435 15TH AVE W,98119,https://services.seattle.gov/portal/customize/LinkToRecord.aspx?altId=008378-21CP,False,False,True,,,tenant rights
008416-21CP,7,2021 Oct 07 12:00:00 AM,,,Completed,2809 21st AVE W,,https://services.seattle.gov/portal/customize/LinkToRecord.aspx?altId=008416-21CP,False,True,False,,trao,
008476-21CP,7,2021 Oct 05 12:00:00 AM,,,Closed,330 3RD AVE W,98119,https://services.seattle.gov/portal/customize/LinkToRecord.aspx?altId=008476-21CP,False,False,True,,,vacate notice
008528-21CP,7,2021 Oct 12 12:00:00 AM,,,Completed,104 PINE ST,98101,https://services.seattle.gov/portal/customize/LinkToRecord.aspx?altId=008528-21CP,False,True,False,,tenant relocation,
008626-21CP,7,2021 Oct 14 12:00:00 AM,,,Closed,800 SENECA ST,98101,https://services.seattle.gov/portal/customize/LinkToRecord.aspx?altId=008626-21CP,False,False,True,,,tenant rights
008692-21CP,7,2021 Oct 16 12:00:00 AM,,,Under Investigation,2911 2nd AVE,,https://services.seattle.gov/portal/customize/LinkToRecord.aspx?altId=008692-21CP,False,True,False,,tenant relocation|relocation assistance,
008723-21CP,7,2021 Oct 18 12:00:00 AM,,,Completed,2015 W DRAVUS ST,98199,https://services.seattle.gov/portal/customize/LinkToRecord.aspx?altId=008723-21CP,False,False,True,,,rent increase
008757-21CP,7,2021 Oct 19 12:00:00 AM,,,Closed,706 UNION ST,98101,https://services.seattle.gov/portal/customize/LinkToRecord.aspx?altId=008757-21CP,False,False,True,,,3 day notice|notice to terminate
008781-21CP,7,2021 Oct 19 12:00:00 AM,,,Completed,2911 2nd AVE,,https://services.seattle.gov/portal/customize/LinkToRecord.aspx?altId=008781-21CP,False,True,False,,unpermitted work,
008861-21CP,7,2021 Oct 21 12:00:00 AM,,,Completed,708 6TH AVE N,98109,https://services.seattle.gov/portal/customize/LinkToRecord.aspx?altId=008861-21CP,False,False,True,,,rent increase
009042-21CP,7,2021 Oct 26 12:00:00 AM,,,Completed,910 John ST,98109,https://services.seattle.gov/portal/customize/LinkToRecord.aspx?altId=009042-21CP,False,True,True,,changed the locks,without proper notice|illegal eviction
009170-21CP,7,2021 Oct 28 12:00:00 AM,,,Completed,1102 8TH AVE,98101,https://services.seattle.gov/portal/customize/LinkToRecord.aspx?altId=009170-21CP,False,False,True,,,10 day notice
009173-21CP,7,2021 Nov 01 12:00:00 AM,,,Completed,2221 GILMAN DR W,98119,https://services.seattle.gov/portal/customize/LinkToRecord.aspx?altId=009173-21CP,True,False,False,leak,,
009279-21CP,7,2021 Nov 04 12:00:00 AM,,,Completed,2504 WESTERN AVE,98121,https://services.seattle.gov/portal/customize/LinkToRecord.aspx?altId=009279-21CP,True,False,False,odor,,
009514-21CP,7,2021 Nov 12 12:00:00 AM,,,Closed,206 BELL ST,98121,https://services.seattle.gov/portal/customize/LinkToRecord.aspx?altId=009514-21CP,False,False,True,,,3 day notice
009526-21CP,7,2021 Nov 13 12:00:00 AM,,,Completed,2911 2ND AVE,98121,https://services.seattle.gov/portal/customize/LinkToRecord.aspx?altId=009526-21CP,False,True,False,,pota|tenant relocation,
009609-21CP,7,2021 Nov 17 12:00:00 AM,,,Completed,435 DEXTER AVE N,98109,https://services.seattle.gov/portal/customize/LinkToRecord.aspx?altId=009609-21CP,False,False,True,,,rent increase
009661-21CP,7,2021 Nov 15 12:00:00 AM,,,Completed,1607 1ST AVE W,98119,https://services.seattle.gov/portal/customize/LinkToRecord.aspx?altId=009661-21CP,False,True,False,,trao,
009697-21CP,7,2021 Nov 19 12:00:00 AM,,,Closed,2515 4TH AVE,98121,https://services.seattle.gov/portal/customize/LinkToRecord.aspx?altId=009697-21CP,True,False,False,leak|leaks,,
009704-21CP,7,2021 Nov 18 12:00:00 AM,,,Completed,20 W BOSTON ST,98119,https://services.seattle.gov/portal/customize/LinkToRecord.aspx?altId=009704-21CP,False,False,True,,,security deposit
009769-21CP,7,2021 Nov 22 12:00:00 AM,,,Closed,2208 15TH AVE W,98119,https://services.seattle.gov/portal/customize/LinkToRecord.aspx?altId=009769-21CP,False,False,True,,,3 day notice
009883-21CP,7,2021 Nov 29 12:00:00 AM,,,Closed,1525 9TH AVE,98101,https://services.seattle.gov/portal/customize/LinkToRecord.aspx?altId=009883-21CP,False,True,True,,pota,rent increase
009889-21CP,7,2021 Nov 29 12:00:00 AM,,,Completed,621 1ST AVE W,98119,https://services.seattle.gov/portal/customize/LinkToRecord.aspx?altId=009889-21CP,False,True,True,,relocation assistance,notice to vacate
009958-21CP,7,2021 Dec 01 12:00:00 AM,,,Closed,819 VIRGINIA ST,98101,https://services.seattle.gov/portal/customize/LinkToRecord.aspx?altId=009958-21CP,False,False,True,,,tenant rights
009963-21CP,7,2021 Dec 02 12:00:00 AM,,,Completed,708 6TH AVE N,98109,https://services.seattle.gov/portal/customize/LinkToRecord.aspx?altId=009963-21CP,False,False,True,,,rent increase
009974-21CP,7,2021 Dec 02 12:00:00 AM,,,Completed,2105 1ST AVE,98121,https://services.seattle.gov/portal/customize/LinkToRecord.aspx?altId=009974-21CP,True,False,False,leak,,
010062-21CP,7,2021 Dec 06 12:00:00 AM,,,Completed,2451 AURORA AVE N,98109,https://services.seattle.gov/portal/customize/LinkToRecord.aspx?altId=010062-21CP,False,False,True,,,eviction notice
010063-21CP,7,2021 Dec 06 12:00:00 AM,,,Completed,2451 AURORA AVE N,98109,https://services.seattle.gov/portal/customize/LinkToRecord.aspx?altId=010063-21CP,False,False,True,,,eviction notice
010085-21CP,7,2021 Dec 07 12:00:00 AM,,,Closed,219 PONTIUS AVE N,98109,https://services.seattle.gov/portal/customize/LinkToRecord.aspx?altId=010085-21CP,False,False,True,,,3 day notice
010103-21CP,7,2021 Dec 07 12:00:00 AM,,,Closed,1902 2ND AVE,98101,https://services.seattle.gov/portal/customize/LinkToRecord.aspx?altId=010103-21CP,False,False,True,,,3 day notice
010127-21CP,7,2021 Dec 02 12:00:00 AM,,,Completed,1209 WESTLAKE AVE N,98109,https://services.seattle.gov/portal/customize/LinkToRecord.aspx?altId=010127-21CP,False,True,False,,harass,
010160-21CP,7,2021 Dec 08 12:00:00 AM,,,Completed,1920 5TH AVE N,98109,https://services.seattle.gov/portal/customize/LinkToRecord.aspx?altId=010160-21CP,False,False,True,,,rent increase|raised my rent|notice to vacate
010204-21CP,7,2021 Dec 09 12:00:00 AM,,,Under Investigation,1301 4TH AVE,98101,https://services.seattle.gov/portal/customize/LinkToRecord.aspx?altId=010204-21CP,False,True,False,,trao,
010217-21CP,7,2021 Dec 08 12:00:00 AM,,,Completed,533 3RD AVE W,98119,https://services.seattle.gov/portal/customize/LinkToRecord.aspx?altId=010217-21CP,False,False,True,,,rent increase
010230-21CP,7,2021 Dec 06 12:00:00 AM,,,Closed,2501 14TH AVE W,98119,https://services.seattle.gov/portal/customize/LinkToRecord.aspx?altId=010230-21CP,False,True,False,,pota,
010247-21CP,7,2021 Dec 10 12:00:00 AM,,,Closed,511 HOWE ST,98109,https://services.seattle.gov/portal/customize/LinkToRecord.aspx?altId=010247-21CP,False,True,False,,trao,
010248-21CP,7,2021 Dec 10 12:00:00 AM,,,Closed,515 HOWE ST,98109,https://services.seattle.gov/portal/customize/LinkToRecord.aspx?altId=010248-21CP,False,True,False,,trao,
010249-21CP,7,2021 Dec 10 12:00:00 AM,,,Completed,2205 2ND AVE,98121,https://services.seattle.gov/portal/customize/LinkToRecord.aspx?altId=010249-21CP,False,False,True,,,tenant rights
010261-21CP,7,2021 Dec 13 12:00:00 AM,,,Completed,420 VINE ST,98121,https://services.seattle.gov/portal/customize/LinkToRecord.aspx?altId=010261-21CP,False,False,True,,,notice to terminate
010296-21CP,7,2021 Dec 14 12:00:00 AM,,,Closed,106 BELL ST,98121,https://services.seattle.gov/portal/customize/LinkToRecord.aspx?altId=010296-21CP,False,False,True,,,3 day notice
010424-21CP,7,2021 Dec 17 12:00:00 AM,,,Completed,80 STEWART ST,98101,https://services.seattle.gov/portal/customize/LinkToRecord.aspx?altId=010424-21CP,False,False,True,,,tenant rights
010450-21CP,7,2021 Dec 17 12:00:00 AM,,,Closed,317 MARION ST,98104,https://services.seattle.gov/portal/customize/LinkToRecord.aspx?altId=010450-21CP,False,False,True,,,10-day notice
010509-21CP,7,2021 Dec 21 12:00:00 AM,,,Closed,1814 MINOR AVE,98101,https://services.seattle.gov/portal/customize/LinkToRecord.aspx?altId=010509-21CP,False,False,True,,,3 day notice
010651-21CP,7,2021 Dec 28 12:00:00 AM,,,Closed,3240 15TH AVE W,98119,https://services.seattle.gov/portal/customize/LinkToRecord.aspx?altId=010651-21CP,True,False,False,water damage|flooding,,
000132-22CP,7,2021 Dec 22 12:00:00 AM,,,Closed,3028 1ST AVE,98109,https://services.seattle.gov/portal/customize/LinkToRecord.aspx?altId=000132-22CP,True,False,False,odor,,
000203-22CP,7,2022 Jan 05 12:00:00 AM,,,Completed,2665 13TH AVE W,98119,https://services.seattle.gov/portal/customize/LinkToRecord.aspx?altId=000203-22CP,False,True,False,,trao,
000204-22CP,7,2022 Jan 05 12:00:00 AM,,,Completed,216 W BOSTON ST,98119,https://services.seattle.gov/portal/customize/LinkToRecord.aspx?altId=000204-22CP,False,False,True,,,rent increase
000233-22CP,7,2022 Jan 03 12:00:00 AM,,,Completed,3028 1ST AVE,98109,https://services.seattle.gov/portal/customize/LinkToRecord.aspx?altId=000233-22CP,False,False,True,,,tenant rights
000243-22CP,7,2022 Jan 05 12:00:00 AM,,,Closed,3028 1ST AVE,98109,https://services.seattle.gov/portal/customize/LinkToRecord.aspx?altId=000243-22CP,True,False,False,flooding|flooded|uninhabitable,,
000304-22CP,7,2022 Jan 10 12:00:00 AM,,,Closed,2510 WESTERN AVE,98121,https://services.seattle.gov/portal/customize/LinkToRecord.aspx?altId=000304-22CP,True,False,False,rats,,
000341-22CP,7,2022 Jan 10 12:00:00 AM,,,Completed,2008 DEXTER AVE N,98109,https://services.seattle.gov/portal/customize/LinkToRecord.aspx?altId=000341-22CP,False,False,True,,,rent increase
000381-22CP,7,2022 Jan 12 12:00:00 AM,,,Completed,119 W ROY ST,98119,https://services.seattle.gov/portal/customize/LinkToRecord.aspx?altId=000381-22CP,False,True,True,,trao,rent increase
000386-22CP,7,2022 Jan 12 12:00:00 AM,,,Completed,2112 5TH AVE W,98119,https://services.seattle.gov/portal/customize/LinkToRecord.aspx?altId=000386-22CP,False,False,True,,,20-day notice
000393-22CP,7,2022 Jan 12 12:00:00 AM,,,Completed,435 DEXTER AVE N,98109,https://services.seattle.gov/portal/customize/LinkToRecord.aspx?altId=000393-22CP,False,False,True,,,rent increase
000460-22CP,7,2022 Jan 11 12:00:00 AM,,,Completed,621 1ST AVE W,98119,https://services.seattle.gov/portal/customize/LinkToRecord.aspx?altId=000460-22CP,False,False,True,,,security deposit
000467-22CP,7,2022 Jan 12 12:00:00 AM,,,Closed,511 W MCGRAW ST,98119,https://services.seattle.gov/portal/customize/LinkToRecord.aspx?altId=000467-22CP,True,True,False,leak,pota,
000469-22CP,7,2022 Jan 15 12:00:00 AM,,,Completed,1920 QUEEN ANNE AVE N,98109,https://services.seattle.gov/portal/customize/LinkToRecord.aspx?altId=000469-22CP,False,False,True,,,housing code violation|code violation
000542-22CP,7,2022 Jan 14 12:00:00 AM,,,Completed,604 W KINNEAR PL,98119,https://services.seattle.gov/portal/customize/LinkToRecord.aspx?altId=000542-22CP,False,False,True,,,tenant rights
000557-22CP,7,2022 Jan 19 12:00:00 AM,,,Closed,2110 WAVERLY PL N,98109,https://services.seattle.gov/portal/customize/LinkToRecord.aspx?altId=000557-22CP,False,True,False,,locked out,
000567-22CP,7,2022 Jan 14 12:00:00 AM,,,Completed,1420 TAYLOR AVE N,98109,https://services.seattle.gov/portal/customize/LinkToRecord.aspx?altId=000567-22CP,False,True,False,,trao,
000580-22CP,7,2022 Jan 18 12:00:00 AM,,,Closed,600 ELLIOTT AVE W,98119,https://services.seattle.gov/portal/customize/LinkToRecord.aspx?altId=000580-22CP,False,False,True,,,rent increase
000618-22CP,7,2022 Jan 20 12:00:00 AM,,,Closed,975 JOHN ST,74,https://services.seattle.gov/portal/customize/LinkToRecord.aspx?altId=000618-22CP,False,True,True,,pota,rent increase|tenant rights
000622-22CP,7,2022 Jan 20 12:00:00 AM,,,Closed,2911 2ND AVE,98121,https://services.seattle.gov/portal/customize/LinkToRecord.aspx?altId=000622-22CP,False,True,False,,pota,
000844-22CP,7,2022 Jan 26 12:00:00 AM,,,Completed,1215 QUEEN ANNE AVE N,98109,https://services.seattle.gov/portal/customize/LinkToRecord.aspx?altId=000844-22CP,True,False,False,mold,,
000874-22CP,7,2022 Jan 26 12:00:00 AM,,,Completed,211 HIGHLAND DR,98109,https://services.seattle.gov/portal/customize/LinkToRecord.aspx?altId=000874-22CP,True,False,False,leak,,
000923-22CP,7,2022 Jan 28 12:00:00 AM,,,Completed,105 MERCER ST,98109,https://services.seattle.gov/portal/customize/LinkToRecord.aspx?altId=000923-22CP,False,True,True,,threaten,tenant rights
000966-22CP,7,2022 Jan 28 12:00:00 AM,,,Closed,1118 5TH AVE,98101,https://services.seattle.gov/portal/customize/LinkToRecord.aspx?altId=000966-22CP,False,True,False,,trao,
001052-22CP,7,2022 Feb 01 12:00:00 AM,,,Closed,2717 4TH AVE W,98119,https://services.seattle.gov/portal/customize/LinkToRecord.aspx?altId=001052-22CP,True,False,True,rats|rodent|pest control,,code violation
001079-22CP,7,2022 Feb 02 12:00:00 AM,,,Completed,2030 8TH AVE,98121,https://services.seattle.gov/portal/customize/LinkToRecord.aspx?altId=001079-22CP,False,False,True,,,rent increase
001149-22CP,7,2022 Feb 03 12:00:00 AM,,,Completed,737 OLIVE WAY,98101,https://services.seattle.gov/portal/customize/LinkToRecord.aspx?altId=001149-22CP,False,False,True,,,rent increase
001150-22CP,7,2022 Feb 03 12:00:00 AM,,,Completed,120 WESTLAKE AVE N,98109,https://services.seattle.gov/portal/customize/LinkToRecord.aspx?altId=001150-22CP,False,False,True,,,rent increase
001152-22CP,7,2022 Feb 04 12:00:00 AM,,,Completed,1255 HARRISON ST,98109,https://services.seattle.gov/portal/customize/LinkToRecord.aspx?altId=001152-22CP,False,False,True,,,rent increase
001153-22CP,7,2022 Feb 04 12:00:00 AM,,,Completed,1823 MINOR AVE,98101,https://services.seattle.gov/portal/customize/LinkToRecord.aspx?altId=001153-22CP,False,False,True,,,rent increase
001215-22CP,7,2022 Feb 07 12:00:00 AM,,,Closed,825 W NICKERSON ST,98119,https://services.seattle.gov/portal/customize/LinkToRecord.aspx?altId=001215-22CP,False,True,False,,lockout,
001217-22CP,7,2022 Feb 07 12:00:00 AM,,,Completed,111 CEDAR ST,98121,https://services.seattle.gov/portal/customize/LinkToRecord.aspx?altId=001217-22CP,False,False,True,,,eviction notice
001237-22CP,7,2022 Feb 08 12:00:00 AM,,,Completed,62 CEDAR ST,98121,https://services.seattle.gov/portal/customize/LinkToRecord.aspx?altId=001237-22CP,False,False,True,,,rent increase
1053736-VI,7,2022 Feb 08 12:00:00 AM,,,Withdrawn,3028 1ST AVE,98109,https://services.seattle.gov/portal/customize/LinkToRecord.aspx?altId=1053736-VI,False,True,False,,relocation assistance,
001287-22CP,7,2022 Feb 09 12:00:00 AM,,,Completed,3530 27TH PL W,98199,https://services.seattle.gov/portal/customize/LinkToRecord.aspx?altId=001287-22CP,False,False,True,,,rent increase
001289-22CP,7,2022 Feb 09 12:00:00 AM,,,Completed,2224 2ND AVE,98121,https://services.seattle.gov/portal/customize/LinkToRecord.aspx?altId=001289-22CP,False,True,False,,trao,
001339-22CP,7,2022 Feb 11 12:00:00 AM,,,Closed,17 W MERCER ST,98119,https://services.seattle.gov/portal/customize/LinkToRecord.aspx?altId=001339-22CP,False,False,True,,,tenant rights
001342-22CP,7,2022 Feb 10 12:00:00 AM,,,Completed,2224 2ND AVE,98121,https://services.seattle.gov/portal/customize/LinkToRecord.aspx?altId=001342-22CP,False,True,True,,trao,notice to vacate
001344-22CP,7,2022 Feb 11 12:00:00 AM,,,Closed,2058 14TH AVE W,98119,https://services.seattle.gov/portal/customize/LinkToRecord.aspx?altId=001344-22CP,True,False,False,sewage,,
001347-22CP,7,2022 Feb 11 12:00:00 AM,,,Closed,1820 MINOR AVE,98101,https://services.seattle.gov/portal/customize/LinkToRecord.aspx?altId=001347-22CP,False,True,False,,lockout,
001368-22CP,7,2022 Feb 13 12:00:00 AM,,,Closed,1820 MINOR AVE,98101,https://services.seattle.gov/portal/customize/LinkToRecord.aspx?altId=001368-22CP,True,False,False,leak|leaking|flooded,,
001401-22CP,7,2022 Feb 14 12:00:00 AM,,,Completed,311 CEDAR ST,98121,https://services.seattle.gov/portal/customize/LinkToRecord.aspx?altId=001401-22CP,False,True,False,,trao,
001413-22CP,7,2022 Feb 15 12:00:00 AM,,,Completed,2814 1ST AVE N,98109,https://services.seattle.gov/portal/customize/LinkToRecord.aspx?altId=001413-22CP,True,False,False,leak|uninhabitable,,
001488-22CP,7,2022 Feb 14 12:00:00 AM,,,Closed,2224 2ND AVE,98121,https://services.seattle.gov/portal/customize/LinkToRecord.aspx?altId=001488-22CP,False,True,False,,lockout|trao,
001490-22CP,7,2022 Feb 15 12:00:00 AM,,,Closed,1209 WESTLAKE AVE N,98109,https://services.seattle.gov/portal/customize/LinkToRecord.aspx?altId=001490-22CP,False,False,True,,,rent increase
001513-22CP,7,2022 Feb 17 12:00:00 AM,,,Closed,415 W ROY ST,98119,https://services.seattle.gov/portal/customize/LinkToRecord.aspx?altId=001513-22CP,False,False,True,,,rent increase
001539-22CP,7,2022 Feb 18 12:00:00 AM,,,Completed,300 1ST AVE W,98119,https://services.seattle.gov/portal/customize/LinkToRecord.aspx?altId=001539-22CP,False,False,True,,,rent increase
001578-22CP,7,2022 Feb 18 12:00:00 AM,,,Under Investigation,601 EASTLAKE AVE E,98109,https://services.seattle.gov/portal/customize/LinkToRecord.aspx?altId=001578-22CP,False,True,False,,trao,
001608-22CP,7,2022 Feb 17 12:00:00 AM,,,Completed,2224 2ND AVE,98121,https://services.seattle.gov/portal/customize/LinkToRecord.aspx?altId=001608-22CP,False,False,True,,,notice to vacate
001673-22CP,7,2022 Feb 23 12:00:00 AM,,,Completed,2312 3RD AVE,98121,https://services.seattle.gov/portal/customize/LinkToRecord.aspx?altId=001673-22CP,False,False,True,,,rent increase
001675-22CP,7,2022 Feb 23 12:00:00 AM,,,Completed,306 BLANCHARD ST,98121,https://services.seattle.gov/portal/customize/LinkToRecord.aspx?altId=001675-22CP,False,False,True,,,rent increase
001703-22CP,7,2022 Feb 23 12:00:00 AM,,,Closed,315 VALLEY ST,98109,https://services.seattle.gov/portal/customize/LinkToRecord.aspx?altId=001703-22CP,False,False,True,,,security deposit
001795-22CP,7,2022 Mar 01 12:00:00 AM,,,Closed,2911 2ND AVE,98121,https://services.seattle.gov/portal/customize/LinkToRecord.aspx?altId=001795-22CP,False,False,True,,,rent increase|tenant rights
001812-22CP,7,2022 Mar 01 12:00:00 AM,,,Completed,3811 14TH AVE W,98119,https://services.seattle.gov/portal/customize/LinkToRecord.aspx?altId=001812-22CP,False,False,True,,,rent increase
001821-22CP,7,2022 Feb 15 12:00:00 AM,,,Completed,309 W KINNEAR PL,98119,https://services.seattle.gov/portal/customize/LinkToRecord.aspx?altId=001821-22CP,False,True,False,,trao,
001860-22CP,7,2022 Feb 25 12:00:00 AM,,,Completed,17 W MERCER ST,98119,https://services.seattle.gov/portal/customize/LinkToRecord.aspx?altId=001860-22CP,False,False,True,,,rrio
001911-22CP,7,2022 Mar 02 12:00:00 AM,,,Closed,2328 A W PLYMOUTH ST,98199,https://services.seattle.gov/portal/customize/LinkToRecord.aspx?altId=001911-22CP,True,True,True,mold|hazard|hazardous,pota,tenant rights
001921-22CP,7,2022 Mar 01 12:00:00 AM,,,Completed,3028 1ST AVE,98109,https://services.seattle.gov/portal/customize/LinkToRecord.aspx?altId=001921-22CP,False,False,True,,,rent increase
001923-22CP,7,2022 Mar 01 12:00:00 AM,,,Completed,300 1ST AVE W,98119,https://services.seattle.gov/portal/customize/LinkToRecord.aspx?altId=001923-22CP,False,False,True,,,notice to vacate
001967-22CP,7,2022 Mar 03 12:00:00 AM,,,Completed,100 W HIGHLAND DR,98119,https://services.seattle.gov/portal/customize/LinkToRecord.aspx?altId=001967-22CP,False,False,True,,,rent increase
002021-22CP,7,2022 Mar 02 12:00:00 AM,,,Completed,564 LEE ST,98109,https://services.seattle.gov/portal/customize/LinkToRecord.aspx?altId=002021-22CP,False,True,False,,trao,
002024-22CP,7,2022 Mar 07 12:00:00 AM,,,Closed,809 OLIVE WAY,98101,https://services.seattle.gov/portal/customize/LinkToRecord.aspx?altId=002024-22CP,False,False,True,,,tenant rights
002035-22CP,7,2022 Mar 04 12:00:00 AM,,,Completed,702 2ND AVE W,98119,https://services.seattle.gov/portal/customize/LinkToRecord.aspx?altId=002035-22CP,False,True,False,,harass,
002099-22CP,7,2022 Mar 08 12:00:00 AM,,,Completed,737 OLIVE WAY,98101,https://services.seattle.gov/portal/customize/LinkToRecord.aspx?altId=002099-22CP,False,False,True,,,tenant rights
002134-22CP,7,2022 Mar 10 12:00:00 AM,,,Closed,2219 2ND AVE,98121,https://services.seattle.gov/portal/customize/LinkToRecord.aspx?altId=002134-22CP,False,False,True,,,eviction notice
002147-22CP,7,2022 Mar 10 12:00:00 AM,,,Closed,120 REPUBLICAN ST,98109,https://services.seattle.gov/portal/customize/LinkToRecord.aspx?altId=002147-22CP,False,False,True,,,rent increase
002222-22CP,7,2022 Mar 14 12:00:00 AM,,,Closed,1000 8TH AVE,98104,https://services.seattle.gov/portal/customize/LinkToRecord.aspx?altId=002222-22CP,True,True,True,water damage,pota|trao,notice to vacate|tenant rights
002267-22CP,7,2022 Mar 14 12:00:00 AM,,,Closed,2033 2ND AVE,98121,https://services.seattle.gov/portal/customize/LinkToRecord.aspx?altId=002267-22CP,False,False,True,,,rent increase
002312-22CP,7,2022 Mar 16 12:00:00 AM,,,Completed,801 PINE ST,98101,https://services.seattle.gov/portal/customize/LinkToRecord.aspx?altId=002312-22CP,False,False,True,,,notice to vacate
002326-22CP,7,2022 Mar 15 12:00:00 AM,,,Closed,1948 9TH AVE W,98119,https://services.seattle.gov/portal/customize/LinkToRecord.aspx?altId=002326-22CP,False,False,True,,,rent increase
002331-22CP,7,2022 Mar 15 12:00:00 AM,,,Closed,1740 AURORA AVE N,98109,https://services.seattle.gov/portal/customize/LinkToRecord.aspx?altId=002331-22CP,False,False,True,,,rent increase
002363-22CP,7,2022 Mar 16 12:00:00 AM,,,Closed,417 BOREN AVE N,98109,https://services.seattle.gov/portal/customize/LinkToRecord.aspx?altId=002363-22CP,False,False,True,,,security deposit
002385-22CP,7,2022 Mar 15 12:00:00 AM,,,Completed,2555 WESTLAKE AVE N,98109,https://services.seattle.gov/portal/customize/LinkToRecord.aspx?altId=002385-22CP,False,False,True,,,rent increase
002394-22CP,7,2022 Mar 14 12:00:00 AM,,,Closed,2411 W LYNN ST,98199,https://services.seattle.gov/portal/customize/LinkToRecord.aspx?altId=002394-22CP,False,True,False,,trao,
002419-22CP,7,2022 Mar 18 12:00:00 AM,,,Completed,2403 6TH AVE W,98119,https://services.seattle.gov/portal/customize/LinkToRecord.aspx?altId=002419-22CP,False,False,True,,,rent increase
002420-22CP,7,2022 Mar 18 12:00:00 AM,,,Completed,2403 6TH AVE W,98119,https://services.seattle.gov/portal/customize/LinkToRecord.aspx?altId=002420-22CP,False,False,True,,,rent increase
002530-22CP,7,2022 Mar 22 12:00:00 AM,,,Closed,315 1st AVE N,,https://services.seattle.gov/portal/customize/LinkToRecord.aspx?altId=002530-22CP,True,False,False,leak|leaking|water damage,,
002531-22CP,7,2022 Mar 22 12:00:00 AM,,,Completed,1600 DEXTER AVE N,98109,https://services.seattle.gov/portal/customize/LinkToRecord.aspx?altId=002531-22CP,False,False,True,,,tenant rights
002610-22CP,7,2022 Mar 24 12:00:00 AM,,,Closed,2219 2ND AVE,98121,https://services.seattle.gov/portal/customize/LinkToRecord.aspx?altId=002610-22CP,False,False,True,,,pay or vacate
002638-22CP,7,2022 Mar 25 12:00:00 AM,,,Completed,3611 A 22ND AVE W,98199,https://services.seattle.gov/portal/customize/LinkToRecord.aspx?altId=002638-22CP,True,False,False,leak,,
002655-22CP,7,2022 Mar 25 12:00:00 AM,,,Completed,420 PONTIUS AVE N,98109,https://services.seattle.gov/portal/customize/LinkToRecord.aspx?altId=002655-22CP,False,False,True,,,notice to vacate
002680-22CP,7,2022 Mar 28 12:00:00 AM,,,Completed,2208 15TH AVE W,98119,https://services.seattle.gov/portal/customize/LinkToRecord.aspx?altId=002680-22CP,False,False,True,,,rent increase
002776-22CP,7,2022 Mar 31 12:00:00 AM,,,Closed,206 BELL ST,98121,https://services.seattle.gov/portal/customize/LinkToRecord.aspx?altId=002776-22CP,True,False,False,mold|mildew|odor,,
002786-22CP,7,2022 Mar 31 12:00:00 AM,,,Closed,809 OLIVE WAY,98101,https://services.seattle.gov/portal/customize/LinkToRecord.aspx?altId=002786-22CP,False,False,True,,,notice to vacate
002797-22CP,7,2022 Mar 31 12:00:00 AM,,,Closed,3530 27TH PL W,98199,https://services.seattle.gov/portal/customize/LinkToRecord.aspx?altId=002797-22CP,False,True,True,,trao,rent increase|tenant rights
002830-22CP,7,2022 Apr 01 12:00:00 AM,,,Closed,1170 HARRISON ST,98109,https://services.seattle.gov/portal/customize/LinkToRecord.aspx?altId=002830-22CP,False,False,True,,,rent increase
002881-22CP,7,2022 Apr 04 12:00:00 AM,,,Closed,1920 QUEEN ANNE AVE N,98109,https://services.seattle.gov/portal/customize/LinkToRecord.aspx?altId=002881-22CP,False,False,True,,,tenant rights
002927-22CP,7,2022 Apr 05 12:00:00 AM,,,Completed,2801 1ST AVE,98121,https://services.seattle.gov/portal/customize/LinkToRecord.aspx?altId=002927-22CP,False,False,True,,,rent increase
002928-22CP,7,2022 Apr 05 12:00:00 AM,,,Under Investigation,565 LEE ST,98109,https://services.seattle.gov/portal/customize/LinkToRecord.aspx?altId=002928-22CP,False,False,True,,,rent increase
002954-22CP,7,2022 Apr 06 12:00:00 AM,,,Completed,2415 8TH AVE N,98109,https://services.seattle.gov/portal/customize/LinkToRecord.aspx?altId=002954-22CP,True,False,True,uninhabitable,,10 day notice
002969-22CP,7,2022 Apr 05 12:00:00 AM,,,Completed,2840 12TH AVE W,98119,https://services.seattle.gov/portal/customize/LinkToRecord.aspx?altId=002969-22CP,False,True,False,,trao,
002984-22CP,7,2022 Apr 04 12:00:00 AM,,,Closed,600 W OLYMPIC PL,98119,https://services.seattle.gov/portal/customize/LinkToRecord.aspx?altId=002984-22CP,True,False,False,leak|leaking|mold,,
002988-22CP,7,2022 Apr 07 12:00:00 AM,,,Completed,110 W OLYMPIC PL,98119,https://services.seattle.gov/portal/customize/LinkToRecord.aspx?altId=002988-22CP,False,False,True,,,notice to vacate
003086-22CP,7,2022 Apr 11 12:00:00 AM,,,Completed,115 W OLYMPIC PL,98119,https://services.seattle.gov/portal/customize/LinkToRecord.aspx?altId=003086-22CP,False,False,True,,,pay or vacate|vacate notice
003091-22CP,7,2022 Apr 11 12:00:00 AM,,,Completed,1301 1ST AVE,98101,https://services.seattle.gov/portal/customize/LinkToRecord.aspx?altId=003091-22CP,False,False,True,,,eviction notice
003117-22CP,7,2022 Apr 12 12:00:00 AM,,,Completed,1170 HARRISON ST,98109,https://services.seattle.gov/portal/customize/LinkToRecord.aspx?altId=003117-22CP,False,False,True,,,pay or vacate|vacate notice
003135-22CP,7,2022 Apr 12 12:00:00 AM,,,Open Duplicate,600 W OLYMPIC PL,98119,https://services.seattle.gov/portal/customize/LinkToRecord.aspx?altId=003135-22CP,True,False,False,leak|leaking|water damage,,
003184-22CP,7,2022 Apr 14 12:00:00 AM,,,Completed,1221 1ST AVE,98101,https://services.seattle.gov/portal/customize/LinkToRecord.aspx?altId=003184-22CP,False,False,True,,,rent increase
003240-22CP,7,2022 Apr 15 12:00:00 AM,,,Closed,2610 1ST AVE W,98119,https://services.seattle.gov/portal/customize/LinkToRecord.aspx?altId=003240-22CP,True,False,False,leak|leaking,,
003266-22CP,7,2022 Apr 12 12:00:00 AM,,,Closed,23 W GALER ST,98119,https://services.seattle.gov/portal/customize/LinkToRecord.aspx?altId=003266-22CP,True,False,False,bedbug,,
003283-22CP,7,2022 Apr 18 12:00:00 AM,,,Under Investigation,112 ROY ST,98109,https://services.seattle.gov/portal/customize/LinkToRecord.aspx?altId=003283-22CP,False,True,False,,trao,
003309-22CP,7,2022 Apr 19 12:00:00 AM,,,Closed,2121 6TH AVE,98121,https://services.seattle.gov/portal/customize/LinkToRecord.aspx?altId=003309-22CP,False,False,True,,,pay or vacate|vacate notice
003342-22CP,7,2022 Apr 14 12:00:00 AM,,,Completed,2716 ELLIOTT AVE,98121,https://services.seattle.gov/portal/customize/LinkToRecord.aspx?altId=003342-22CP,False,True,False,,trao,
003379-22CP,7,2022 Apr 21 12:00:00 AM,,,Under Investigation,588 BELL ST,98121,https://services.seattle.gov/portal/customize/LinkToRecord.aspx?altId=003379-22CP,False,False,True,,,tenant rights
003384-22CP,7,2022 Apr 21 12:00:00 AM,,,Closed,2226 ELLIOTT AVE,98121,https://services.seattle.gov/portal/customize/LinkToRecord.aspx?altId=003384-22CP,True,False,False,unsafe,,
003391-22CP,7,2022 Apr 21 12:00:00 AM,,,Closed,2821 14TH AVE W,98119,https://services.seattle.gov/portal/customize/LinkToRecord.aspx?altId=003391-22CP,False,False,True,,,rent increase
003473-22CP,7,2022 Apr 25 12:00:00 AM,,,Closed,2315 W BOSTON ST,98199,https://services.seattle.gov/portal/customize/LinkToRecord.aspx?altId=003473-22CP,True,False,False,infestation,,
003489-22CP,7,2022 Apr 25 12:00:00 AM,,,Under Investigation,1221 TAYLOR AVE N,98109,https://services.seattle.gov/portal/customize/LinkToRecord.aspx?altId=003489-22CP,False,False,True,,,eviction notice
003499-22CP,7,2022 Apr 25 12:00:00 AM,,,Closed,2701 3RD AVE W,98119,https://services.seattle.gov/portal/customize/LinkToRecord.aspx?altId=003499-22CP,False,True,True,,pota,tenant rights
003577-22CP,7,2022 Apr 27 12:00:00 AM,,,Closed,3023 1ST AVE,98121,https://services.seattle.gov/portal/customize/LinkToRecord.aspx?altId=003577-22CP,False,False,True,,,rent increase
003603-22CP,7,2022 Apr 27 12:00:00 AM,,,Completed,1212 HARRISON ST,98109,https://services.seattle.gov/portal/customize/LinkToRecord.aspx?altId=003603-22CP,False,False,True,,,rent increase|improper notice
003605-22CP,7,2022 Apr 28 12:00:00 AM,,,Closed,2237 14TH AVE W,98119,https://services.seattle.gov/portal/customize/LinkToRecord.aspx?altId=003605-22CP,False,False,True,,,rent increase
003645-22CP,7,2022 Apr 28 12:00:00 AM,,,Completed,225 ROY ST,98109,https://services.seattle.gov/portal/customize/LinkToRecord.aspx?altId=003645-22CP,True,False,False,water damage,,
003648-22CP,7,2022 Apr 29 12:00:00 AM,,,Completed,403 DEXTER AVE N,98109,https://services.seattle.gov/portal/customize/LinkToRecord.aspx?altId=003648-22CP,False,False,True,,,eviction notice
003706-22CP,7,2022 Apr 29 12:00:00 AM,,,Completed,1280 HARRISON ST,98109,https://services.seattle.gov/portal/customize/LinkToRecord.aspx?altId=003706-22CP,False,False,True,,,rent increase
003714-22CP,7,2022 Apr 28 12:00:00 AM,,,Under Investigation,16 VALLEY ST,98109,https://services.seattle.gov/portal/customize/LinkToRecord.aspx?altId=003714-22CP,False,False,True,,,rent increase
003758-22CP,7,2022 Apr 28 12:00:00 AM,,,Closed,2209 1ST AVE,98121,https://services.seattle.gov/portal/customize/LinkToRecord.aspx?altId=003758-22CP,True,False,False,rodent,,
003784-22CP,7,2022 Apr 26 12:00:00 AM,,,Closed,23 W GALER ST,98119,https://services.seattle.gov/portal/customize/LinkToRecord.aspx?altId=003784-22CP,True,False,False,bedbug,,
003841-22CP,7,2022 May 04 12:00:00 AM,,,Closed,535 PONTIUS AVE N,98109,https://services.seattle.gov/portal/customize/LinkToRecord.aspx?altId=003841-22CP,False,True,False,,trao,
003861-22CP,7,2022 May 04 12:00:00 AM,,,Closed,1922 9TH AVE,98101,https://services.seattle.gov/portal/customize/LinkToRecord.aspx?altId=003861-22CP,False,True,True,,harass,rent increase
003864-22CP,7,2022 May 05 12:00:00 AM,,,Completed,2411 W LYNN ST,98199,https://services.seattle.gov/portal/customize/LinkToRecord.aspx?altId=003864-22CP,False,False,True,,,eviction notice
003867-22CP,7,2022 May 04 12:00:00 AM,,,Under Investigation,225 ROY ST,98109,https://services.seattle.gov/portal/customize/LinkToRecord.aspx?altId=003867-22CP,True,False,False,water damage,,
003882-22CP,7,2022 May 02 12:00:00 AM,,,Under Investigation,200 2ND AVE W,98119,https://services.seattle.gov/portal/customize/LinkToRecord.aspx?altId=003882-22CP,False,False,True,,,security deposit
003889-22CP,7,2022 May 03 12:00:00 AM,,,Completed,1114 8TH AVE W,98119,https://services.seattle.gov/portal/customize/LinkToRecord.aspx?altId=003889-22CP,False,True,False,,trao,
003953-22CP,7,2022 May 08 12:00:00 AM,,,Closed,2911 2ND AVE,98121,https://services.seattle.gov/portal/customize/LinkToRecord.aspx?altId=003953-22CP,False,True,False,,locked out,
003988-22CP,7,2022 May 09 12:00:00 AM,,,Closed,1417 QUEEN ANNE AVE N,98109,https://services.seattle.gov/portal/customize/LinkToRecord.aspx?altId=003988-22CP,False,False,True,,,rent increase
004072-22CP,7,2022 May 10 12:00:00 AM,,,Closed,2558 DEXTER AVE N,98109,https://services.seattle.gov/portal/customize/LinkToRecord.aspx?altId=004072-22CP,False,False,True,,,rent increase
004208-22CP,7,2022 May 12 12:00:00 AM,,,Completed,655 CROCKETT ST,98109,https://services.seattle.gov/portal/customize/LinkToRecord.aspx?altId=004208-22CP,False,False,True,,,rent increase
004213-22CP,7,2022 May 13 12:00:00 AM,,,Closed,2020 TERRY AVE,98121,https://services.seattle.gov/portal/customize/LinkToRecord.aspx?altId=004213-22CP,False,True,True,,pota,10 day notice|notice to vacate
004267-22CP,7,2022 May 13 12:00:00 AM,,,Closed,1221 1ST AVE,98101,https://services.seattle.gov/portal/customize/LinkToRecord.aspx?altId=004267-22CP,False,False,True,,,3-day notice
004386-22CP,7,2022 May 19 12:00:00 AM,,,Completed,3611 A 22ND AVE W,98199,https://services.seattle.gov/portal/customize/LinkToRecord.aspx?altId=004386-22CP,True,False,False,no heat|water damage,,
004637-22CP,7,2022 May 25 12:00:00 AM,,,Completed,1511 DEXTER AVE N,98109,https://services.seattle.gov/portal/customize/LinkToRecord.aspx?altId=004637-22CP,False,False,True,,,10 day notice
004690-22CP,7,2022 May 25 12:00:00 AM,,,Closed,2117 DEXTER AVE N,98109,https://services.seattle.gov/portal/customize/LinkToRecord.aspx?altId=004690-22CP,False,False,True,,,rent increase
004700-22CP,7,2022 May 24 12:00:00 AM,,,Completed,2021 7TH AVE,98121,https://services.seattle.gov/portal/customize/LinkToRecord.aspx?altId=004700-22CP,False,True,False,,trao,
004798-22CP,7,2022 May 31 12:00:00 AM,,,Completed,2716 ELLIOTT AVE,98121,https://services.seattle.gov/portal/customize/LinkToRecord.aspx?altId=004798-22CP,True,False,False,no smoke detector,,
004874-22CP,7,2022 Jun 01 12:00:00 AM,,,Closed,3227 14TH AVE W,98119,https://services.seattle.gov/portal/customize/LinkToRecord.aspx?altId=004874-22CP,False,False,True,,,rent increase
004891-22CP,7,2022 Jun 01 12:00:00 AM,2022 Aug 19 12:00:00 AM,Completed,Completed,714 7TH AVE,98104,https://services.seattle.gov/portal/customize/LinkToRecord.aspx?altId=004891-22CP,True,False,False,leak|mold|black mold,,
004920-22CP,7,2022 May 31 12:00:00 AM,,,Closed,1800 TAYLOR AVE N,98109,https://services.seattle.gov/portal/customize/LinkToRecord.aspx?altId=004920-22CP,False,False,True,,,rent increase
004932-22CP,7,2022 Jun 01 12:00:00 AM,,,Closed,600 W OLYMPIC PL,98119,https://services.seattle.gov/portal/customize/LinkToRecord.aspx?altId=004932-22CP,False,False,True,,,rent increase
004971-22CP,7,2022 Jun 03 12:00:00 AM,,,Closed,211 HIGHLAND DR,98109,https://services.seattle.gov/portal/customize/LinkToRecord.aspx?altId=004971-22CP,False,False,True,,,tenant rights
004976-22CP,7,2022 Jun 03 12:00:00 AM,,,Closed,2215 1ST AVE,98121,https://services.seattle.gov/portal/customize/LinkToRecord.aspx?altId=004976-22CP,False,False,True,,,pay or vacate|10-day notice
004978-22CP,7,2022 May 31 12:00:00 AM,,,Completed,2414 1ST AVE,98121,https://services.seattle.gov/portal/customize/LinkToRecord.aspx?altId=004978-22CP,True,False,True,infestation,,rent increase
004995-22CP,7,2022 Jun 03 12:00:00 AM,,,Closed,324 ALOHA ST,98109,https://services.seattle.gov/portal/customize/LinkToRecord.aspx?altId=004995-22CP,True,False,False,leak|leaking,,
005055-22CP,7,2022 Jun 06 12:00:00 AM,,,Closed,3115 QUEEN ANNE AVE N,98109,https://services.seattle.gov/portal/customize/LinkToRecord.aspx?altId=005055-22CP,False,True,False,,harass|retaliat,
005057-22CP,7,2022 Jun 06 12:00:00 AM,,,Closed,367 VALLEY ST,98109,https://services.seattle.gov/portal/customize/LinkToRecord.aspx?altId=005057-22CP,False,True,False,,trao,
005139-22CP,7,2022 Jun 07 12:00:00 AM,,,Completed,3040 17TH AVE W,98119,https://services.seattle.gov/portal/customize/LinkToRecord.aspx?altId=005139-22CP,False,False,True,,,tenant rights
005208-22CP,7,2022 Jun 07 12:00:00 AM,,,Closed,100 ROY ST,98109,https://services.seattle.gov/portal/customize/LinkToRecord.aspx?altId=005208-22CP,False,False,True,,,notice to vacate
005227-22CP,7,2022 Jun 08 12:00:00 AM,,,Completed,2509 2ND AVE W,98119,https://services.seattle.gov/portal/customize/LinkToRecord.aspx?altId=005227-22CP,False,True,False,,trao,
005332-22CP,7,2022 Jun 09 12:00:00 AM,,,Completed,2319 1ST AVE,98121,https://services.seattle.gov/portal/customize/LinkToRecord.aspx?altId=005332-22CP,False,False,True,,,rrio
005388-22CP,7,2022 Jun 12 12:00:00 AM,,,Closed,1221 1ST AVE,98101,https://services.seattle.gov/portal/customize/LinkToRecord.aspx?altId=005388-22CP,False,False,True,,,20 day notice
005400-22CP,7,2022 Jun 10 12:00:00 AM,,,Closed,823 MADISON ST,98104,https://services.seattle.gov/portal/customize/LinkToRecord.aspx?altId=005400-22CP,True,False,False,mold|infestation,,
005459-22CP,7,2022 Jun 13 12:00:00 AM,,,Closed,1200 WESTERN AVE,98101,https://services.seattle.gov/portal/customize/LinkToRecord.aspx?altId=005459-22CP,True,True,True,mice,pota,tenant rights
005489-22CP,7,2022 Jun 13 12:00:00 AM,,,Completed,2911 2ND AVE,98121,https://services.seattle.gov/portal/customize/LinkToRecord.aspx?altId=005489-22CP,False,False,True,,,rent increase
005542-22CP,7,2022 Jun 15 12:00:00 AM,,,Closed,1808 MINOR AVE,98101,https://services.seattle.gov/portal/customize/LinkToRecord.aspx?altId=005542-22CP,False,False,True,,,tenant rights
005580-22CP,7,2022 Jun 15 12:00:00 AM,,,Closed,809 OLIVE WAY,98101,https://services.seattle.gov/portal/customize/LinkToRecord.aspx?altId=005580-22CP,False,False,True,,,3 day notice
005627-22CP,7,2022 Jun 13 12:00:00 AM,,,Completed,654 W OLYMPIC PL,98119,https://services.seattle.gov/portal/customize/LinkToRecord.aspx?altId=005627-22CP,False,True,False,,trao,
005733-22CP,7,2022 Jun 18 12:00:00 AM,,,Under Investigation,62 CEDAR ST,98121,https://services.seattle.gov/portal/customize/LinkToRecord.aspx?altId=005733-22CP,False,False,True,,,rent increase
005813-22CP,7,2022 Jun 17 12:00:00 AM,,,Closed,524 HIGHLAND DR,98109,https://services.seattle.gov/portal/customize/LinkToRecord.aspx?altId=005813-22CP,False,False,True,,,notice to vacate
006063-22CP,7,2022 Jun 27 12:00:00 AM,,,Under Investigation,1280 HARRISON ST,98109,https://services.seattle.gov/portal/customize/LinkToRecord.aspx?altId=006063-22CP,False,False,True,,,tenant rights
006153-22CP,7,2022 Jun 28 12:00:00 AM,,,Completed,3230 16TH AVE W,98119,https://services.seattle.gov/portal/customize/LinkToRecord.aspx?altId=006153-22CP,False,False,True,,,rent increase
006155-22CP,7,2022 Jun 28 12:00:00 AM,,,Completed,823 MADISON ST,98104,https://services.seattle.gov/portal/customize/LinkToRecord.aspx?altId=006155-22CP,False,True,False,,trao,
006179-22CP,7,2022 Jun 24 12:00:00 AM,,,Under Investigation,2465 DEXTER AVE N,98109,https://services.seattle.gov/portal/customize/LinkToRecord.aspx?altId=006179-22CP,False,True,False,,harass|threaten,
006199-22CP,7,2022 Jun 30 12:00:00 AM,,,Under Investigation,1623 3rd AVE N,,https://services.seattle.gov/portal/customize/LinkToRecord.aspx?altId=006199-22CP,True,False,False,no heat|mold,,
006221-22CP,7,2022 Jun 30 12:00:00 AM,,,Under Investigation,2201 4TH AVE,98121,https://services.seattle.gov/portal/customize/LinkToRecord.aspx?altId=006221-22CP,False,False,True,,,pay or vacate|vacate notice
006222-22CP,7,2022 Jun 30 12:00:00 AM,,,Completed,116 ROY ST,98109,https://services.seattle.gov/portal/customize/LinkToRecord.aspx?altId=006222-22CP,False,True,True,,trao,notice to vacate
006335-22CP,7,2022 Jul 05 12:00:00 AM,,,Under Investigation,712 WARREN AVE N,98109,https://services.seattle.gov/portal/customize/LinkToRecord.aspx?altId=006335-22CP,True,False,False,rats,,
006476-22CP,7,2022 Jul 07 12:00:00 AM,,,Completed,2934 2ND AVE N,98109,https://services.seattle.gov/portal/customize/LinkToRecord.aspx?altId=006476-22CP,False,True,True,,retaliat,rent increase|raised my rent
006491-22CP,7,2022 Jul 06 12:00:00 AM,,,Completed,14 FLORENTIA ST,98109,https://services.seattle.gov/portal/customize/LinkToRecord.aspx?altId=006491-22CP,False,False,True,,,rent increase
006624-22CP,7,2022 Jul 10 12:00:00 AM,,,Completed,2911 2ND AVE,98121,https://services.seattle.gov/portal/customize/LinkToRecord.aspx?altId=006624-22CP,False,True,False,,lockout|pota,
006667-22CP,7,2022 Jul 11 12:00:00 AM,,,Under Investigation,1110 8TH AVE,98101,https://services.seattle.gov/portal/customize/LinkToRecord.aspx?altId=006667-22CP,False,False,True,,,security deposit
006814-22CP,7,2022 Jul 08 12:00:00 AM,,,Closed,1901 WESTERN AVE,98101,https://services.seattle.gov/portal/customize/LinkToRecord.aspx?altId=006814-22CP,False,False,True,,,eviction notice
007125-22CP,7,2022 Jul 14 12:00:00 AM,,,Completed,823 MADISON ST,98104,https://services.seattle.gov/portal/customize/LinkToRecord.aspx?altId=007125-22CP,False,True,False,,locked out,
007171-22CP,7,2022 Jul 18 12:00:00 AM,,,Completed,1102 8TH AVE,98101,https://services.seattle.gov/portal/customize/LinkToRecord.aspx?altId=007171-22CP,False,False,True,,,eviction notice
007374-22CP,7,2022 Jul 21 12:00:00 AM,,,Closed,1420 WESTERN AVE,98101,https://services.seattle.gov/portal/customize/LinkToRecord.aspx?altId=007374-22CP,True,False,False,no hot water,,
007441-22CP,7,2022 Jul 21 12:00:00 AM,,,Closed,2800 Elliott AVE,,https://services.seattle.gov/portal/customize/LinkToRecord.aspx?altId=007441-22CP,True,False,False,moisture,,
007459-22CP,7,2022 Jul 21 12:00:00 AM,,,Under Investigation,1420 WESTERN AVE,98101,https://services.seattle.gov/portal/customize/LinkToRecord.aspx?altId=007459-22CP,True,False,False,no hot water|no water,,
007558-22CP,7,2022 Jul 25 12:00:00 AM,,,Closed,1430 2ND AVE,98101,https://services.seattle.gov/portal/customize/LinkToRecord.aspx?altId=007558-22CP,True,False,False,leak|leaks|water damage,,
007641-22CP,7,2022 Jul 26 12:00:00 AM,,,Closed,1110 8TH AVE,98101,https://services.seattle.gov/portal/customize/LinkToRecord.aspx?altId=007641-22CP,True,True,False,leak,retaliat,
007659-22CP,7,2022 Jul 26 12:00:00 AM,2022 Aug 12 12:00:00 AM,Completed,Completed,3407 14TH AVE W,98119,https://services.seattle.gov/portal/customize/LinkToRecord.aspx?altId=007659-22CP,True,False,False,leak|mold,,
007672-22CP,7,2022 Jul 27 12:00:00 AM,2022 Sep 16 12:00:00 AM,Completed,Completed,1420 WESTERN AVE,98101,https://services.seattle.gov/portal/customize/LinkToRecord.aspx?altId=007672-22CP,True,False,False,no hot water|no water,,
007682-22CP,7,2022 Jul 27 12:00:00 AM,,,Under Investigation,403 DEXTER AVE N,98109,https://services.seattle.gov/portal/customize/LinkToRecord.aspx?altId=007682-22CP,False,False,True,,,deposit not returned
007692-22CP,7,2022 Jul 27 12:00:00 AM,,,Closed,75 VINE ST,98121,https://services.seattle.gov/portal/customize/LinkToRecord.aspx?altId=007692-22CP,False,True,False,,retaliat,
007784-22CP,7,2022 Jul 28 12:00:00 AM,,,Closed,2600 2ND AVE,98121,https://services.seattle.gov/portal/customize/LinkToRecord.aspx?altId=007784-22CP,False,False,True,,,rent increase
007785-22CP,7,2022 Jul 28 12:00:00 AM,,,Under Investigation,1102 8TH AVE,98101,https://services.seattle.gov/portal/customize/LinkToRecord.aspx?altId=007785-22CP,True,False,False,bedbug,,
007788-22CP,7,2022 Jul 29 12:00:00 AM,,,Completed,111 YALE AVE N,98109,https://services.seattle.gov/portal/customize/LinkToRecord.aspx?altId=007788-22CP,False,True,True,,harass,10 day notice
007857-22CP,7,2022 Aug 01 12:00:00 AM,,,Completed,10 W SMITH ST,98119,https://services.seattle.gov/portal/customize/LinkToRecord.aspx?altId=007857-22CP,False,True,True,,pota,tenant rights
008209-22CP,7,2022 Aug 08 12:00:00 AM,,,Under Investigation,1901 WESTERN AVE,98101,https://services.seattle.gov/portal/customize/LinkToRecord.aspx?altId=008209-22CP,True,False,False,water damage|uninhabitable,,
008306-22CP,7,2022 Aug 03 12:00:00 AM,,,Completed,1907 1ST AVE,98101,https://services.seattle.gov/portal/customize/LinkToRecord.aspx?altId=008306-22CP,False,False,True,,,rent increase
008497-22CP,7,2022 Aug 05 12:00:00 AM,,,Under Investigation,2721 4TH AVE,98121,https://services.seattle.gov/portal/customize/LinkToRecord.aspx?altId=008497-22CP,False,True,False,,harass,
008516-22CP,7,2022 Aug 12 12:00:00 AM,,,Completed,304 BELL ST,98121,https://services.seattle.gov/portal/customize/LinkToRecord.aspx?altId=008516-22CP,False,False,True,,,pay or vacate
008549-22CP,7,2022 Aug 11 12:00:00 AM,,,Closed,1942 WESTLAKE AVE,98101,https://services.seattle.gov/portal/customize/LinkToRecord.aspx?altId=008549-22CP,False,False,True,,,rent increase
008645-22CP,7,2022 Aug 15 12:00:00 AM,,,Completed,1102 8TH AVE,98101,https://services.seattle.gov/portal/customize/LinkToRecord.aspx?altId=008645-22CP,False,False,True,,,rent increase|pay or vacate
008650-22CP,7,2022 Aug 11 12:00:00 AM,,,Closed,2219 2ND AVE,98121,https://services.seattle.gov/portal/customize/LinkToRecord.aspx?altId=008650-22CP,False,False,True,,,eviction notice
008692-22CP,7,2022 Aug 09 12:00:00 AM,,,Closed,1811 EASTLAKE AVE,98101,https://services.seattle.gov/portal/customize/LinkToRecord.aspx?altId=008692-22CP,True,False,False,leak|mold,,
008786-22CP,7,2022 Aug 10 12:00:00 AM,,,Completed,2210 11TH AVE W,98119,https://services.seattle.gov/portal/customize/LinkToRecord.aspx?altId=008786-22CP,False,True,False,,trao,
008843-22CP,7,2022 Aug 17 12:00:00 AM,,,Under Investigation,221 MINOR AVE N,98109,https://services.seattle.gov/portal/customize/LinkToRecord.aspx?altId=008843-22CP,False,False,True,,,security deposit
008867-22CP,7,2022 Aug 17 12:00:00 AM,,,Closed,1811 EASTLAKE AVE,98101,https://services.seattle.gov/portal/customize/LinkToRecord.aspx?altId=008867-22CP,True,True,False,no electricity,relocation assistance,
008935-22CP,7,2022 Aug 19 12:00:00 AM,,,Completed,1811 EASTLAKE AVE,98101,https://services.seattle.gov/portal/customize/LinkToRecord.aspx?altId=008935-22CP,True,True,False,unsafe,lockout,
008968-22CP,7,2022 Aug 16 12:00:00 AM,,,Completed,1624 BOREN AVE,98101,https://services.seattle.gov/portal/customize/LinkToRecord.aspx?altId=008968-22CP,True,False,False,mold,,
008991-22CP,7,2022 Aug 22 12:00:00 AM,,,Completed,1110 8TH AVE,98101,https://services.seattle.gov/portal/customize/LinkToRecord.aspx?altId=008991-22CP,False,True,True,,harass|changed locks,10-day notice
009084-22CP,7,2022 Aug 23 12:00:00 AM,,,Completed,1110 8TH AVE,98101,https://services.seattle.gov/portal/customize/LinkToRecord.aspx?altId=009084-22CP,False,False,True,,,notice to vacate
009136-22CP,7,2022 Aug 23 12:00:00 AM,,,Completed,600 W OLYMPIC PL,98119,https://services.seattle.gov/portal/customize/LinkToRecord.aspx?altId=009136-22CP,False,False,True,,,rent increase
009429-22CP,7,2022 Aug 24 12:00:00 AM,,,Completed,2011 5TH AVE,98121,https://services.seattle.gov/portal/customize/LinkToRecord.aspx?altId=009429-22CP,True,False,False,leak,,
009685-22CP,7,2022 Aug 29 12:00:00 AM,,,Under Investigation,1170 HARRISON ST,98109,https://services.seattle.gov/portal/customize/LinkToRecord.aspx?altId=009685-22CP,False,True,False,,harass|retaliat,
010124-22CP,7,2022 Sep 16 12:00:00 AM,,,Completed,435 HALLADAY ST,98109,https://services.seattle.gov/portal/customize/LinkToRecord.aspx?altId=010124-22CP,False,True,False,,trao,
010125-22CP,7,2022 Sep 16 12:00:00 AM,,,Completed,823 MADISON ST,98104,https://services.seattle.gov/portal/customize/LinkToRecord.aspx?altId=010125-22CP,False,True,False,,trao,
010653-22CP,7,2022 Sep 27 12:00:00 AM,,,Closed,714 7TH AVE,98104,https://services.seattle.gov/portal/customize/LinkToRecord.aspx?altId=010653-22CP,False,False,True,,,security deposit
010768-22CP,7,2022 Sep 28 12:00:00 AM,,,Completed,888 WESTERN AVE,98104,https://services.seattle.gov/portal/customize/LinkToRecord.aspx?altId=010768-22CP,False,True,False,,locked out,
010989-22CP,7,2022 Oct 03 12:00:00 AM,,,Completed,910 8TH AVE,98104,https://services.seattle.gov/portal/customize/LinkToRecord.aspx?altId=010989-22CP,False,False,True,,,security deposit
011313-22CP,7,2022 Oct 13 12:00:00 AM,,,Closed,2519 1ST AVE,98121,https://services.seattle.gov/portal/customize/LinkToRecord.aspx?altId=011313-22CP,False,False,True,,,rent increase
011328-22CP,7,2022 Oct 14 12:00:00 AM,,,Closed,1421 2ND AVE N,98109,https://services.seattle.gov/portal/customize/LinkToRecord.aspx?altId=011328-22CP,False,False,True,,,rent increase
011331-22CP,7,2022 Oct 11 12:00:00 AM,,,Closed,1307 W BOSTON ST,98119,https://services.seattle.gov/portal/customize/LinkToRecord.aspx?altId=011331-22CP,True,True,False,leak,pota,
011448-22CP,7,2022 Oct 18 12:00:00 AM,,,Closed,524 5TH AVE W,98119,https://services.seattle.gov/portal/customize/LinkToRecord.aspx?altId=011448-22CP,True,False,False,water damage,,
011452-22CP,7,2022 Oct 18 12:00:00 AM,,,Closed,420 BLANCHARD ST,98121,https://services.seattle.gov/portal/customize/LinkToRecord.aspx?altId=011452-22CP,True,True,True,mold,pota,tenant rights
011528-22CP,7,2022 Oct 20 12:00:00 AM,,,Completed,801 SPRING ST,98104,https://services.seattle.gov/portal/customize/LinkToRecord.aspx?altId=011528-22CP,False,False,True,,,rent increase
011645-22CP,7,2022 Oct 24 12:00:00 AM,,,Completed,1260 REPUBLICAN ST,98109,https://services.seattle.gov/portal/customize/LinkToRecord.aspx?altId=011645-22CP,False,False,True,,,rent increase
011685-22CP,7,2022 Oct 25 12:00:00 AM,,,Closed,2205 2ND AVE,98121,https://services.seattle.gov/portal/customize/LinkToRecord.aspx?altId=011685-22CP,True,False,False,infestation|roaches|bedbug,,
011717-22CP,7,2022 Oct 26 12:00:00 AM,,,Completed,708 6TH AVE N,98109,https://services.seattle.gov/portal/customize/LinkToRecord.aspx?altId=011717-22CP,False,False,True,,,rent increase
011790-22CP,7,2022 Oct 28 12:00:00 AM,,,Completed,420 WALL ST,98121,https://services.seattle.gov/portal/customize/LinkToRecord.aspx?altId=011790-22CP,False,False,True,,,3 day notice
011798-22CP,7,2022 Oct 28 12:00:00 AM,,,Completed,2911 2ND AVE,98121,https://services.seattle.gov/portal/customize/LinkToRecord.aspx?altId=011798-22CP,True,False,False,leak|mold,,
011803-22CP,7,2022 Oct 28 12:00:00 AM,,,Under Investigation,1600 2ND AVE,98101,https://services.seattle.gov/portal/customize/LinkToRecord.aspx?altId=011803-22CP,True,False,False,sewage|uninhabitable,,
011895-22CP,7,2022 Nov 01 12:00:00 AM,,,Closed,2101 DEXTER WAY N,98109,https://services.seattle.gov/portal/customize/LinkToRecord.aspx?altId=011895-22CP,False,False,True,,,notice to vacate
011912-22CP,7,2022 Nov 01 12:00:00 AM,,,Closed,2510 WESTERN AVE,98121,https://services.seattle.gov/portal/customize/LinkToRecord.aspx?altId=011912-22CP,False,False,True,,,3-day notice|notice to vacate
011921-22CP,7,2022 Nov 01 12:00:00 AM,,,Completed,161 FLORENTIA ST,98109,https://services.seattle.gov/portal/customize/LinkToRecord.aspx?altId=011921-22CP,False,True,False,,trao,
012073-22CP,7,2022 Nov 04 12:00:00 AM,,,Under Investigation,2116 4TH AVE,98121,https://services.seattle.gov/portal/customize/LinkToRecord.aspx?altId=012073-22CP,False,False,True,,,rent increase
012121-22CP,7,2022 Nov 06 12:00:00 AM,,,Open Duplicate,2205 2ND AVE,98121,https://services.seattle.gov/portal/customize/LinkToRecord.aspx?altId=012121-22CP,True,False,False,infestation|bed bug|uninhabitable,,
012134-22CP,7,2022 Nov 06 12:00:00 AM,,,Completed,2510 WESTERN AVE,98121,https://services.seattle.gov/portal/customize/LinkToRecord.aspx?altId=012134-22CP,False,True,False,,changed the locks,
012266-22CP,7,2022 Nov 09 12:00:00 AM,,,Completed,1102 8TH AVE,98101,https://services.seattle.gov/portal/customize/LinkToRecord.aspx?altId=012266-22CP,False,False,True,,,pay or vacate|vacate notice
012274-22CP,7,2022 Nov 09 12:00:00 AM,,,Under Investigation,118 REPUBLICAN ST,98109,https://services.seattle.gov/portal/customize/LinkToRecord.aspx?altId=012274-22CP,False,False,True,,,rent increase
012276-22CP,7,2022 Nov 09 12:00:00 AM,,,Completed,1110 8TH AVE,98101,https://services.seattle.gov/portal/customize/LinkToRecord.aspx?altId=012276-22CP,False,False,True,,,10-day notice
012331-22CP,7,2022 Nov 11 12:00:00 AM,,,Closed,2058 14TH AVE W,98119,https://services.seattle.gov/portal/customize/LinkToRecord.aspx?altId=012331-22CP,True,False,False,infestation|rats|pest control,,
012355-22CP,7,2022 Nov 13 12:00:00 AM,,,Completed,121 STEWART ST,98101,https://services.seattle.gov/portal/customize/LinkToRecord.aspx?altId=012355-22CP,False,False,True,,,notice to vacate|illegal eviction|just cause
012504-22CP,7,2022 Nov 17 12:00:00 AM,,,Completed,705 2ND AVE W,98119,https://services.seattle.gov/portal/customize/LinkToRecord.aspx?altId=012504-22CP,False,False,True,,,notice to vacate
012551-22CP,7,2022 Nov 18 12:00:00 AM,,,Completed,702 2ND AVE W,98119,https://services.seattle.gov/portal/customize/LinkToRecord.aspx?altId=012551-22CP,False,True,True,,trao,notice to vacate
012552-22CP,7,2022 Nov 18 12:00:00 AM,,,Completed,2415 WESTERN AVE,98121,https://services.seattle.gov/portal/customize/LinkToRecord.aspx?altId=012552-22CP,False,False,True,,,rent increase
012572-22CP,7,2022 Nov 14 12:00:00 AM,,,Completed,1110 8TH AVE,98101,https://services.seattle.gov/portal/customize/LinkToRecord.aspx?altId=012572-22CP,False,True,False,,harass,
012574-22CP,7,2022 Nov 15 12:00:00 AM,,,Completed,1706 WARREN AVE N,98109,https://services.seattle.gov/portal/customize/LinkToRecord.aspx?altId=012574-22CP,False,True,False,,trao,
012721-22CP,7,2022 Nov 17 12:00:00 AM,,,Completed,737 OLIVE WAY,98101,https://services.seattle.gov/portal/customize/LinkToRecord.aspx?altId=012721-22CP,False,True,False,,trao,
012742-22CP,7,2022 Nov 29 12:00:00 AM,,,Completed,1101 QUEEN ANNE AVE N,98109,https://services.seattle.gov/portal/customize/LinkToRecord.aspx?altId=012742-22CP,False,False,True,,,pay or vacate
012751-22CP,7,2022 Nov 28 12:00:00 AM,,,Completed,1835 QUEEN ANNE AVE N,98109,https://services.seattle.gov/portal/customize/LinkToRecord.aspx?altId=012751-22CP,False,True,False,,harass,
012806-22CP,7,2022 Nov 30 12:00:00 AM,,,Completed,1110 8TH AVE,98101,https://services.seattle.gov/portal/customize/LinkToRecord.aspx?altId=012806-22CP,False,True,True,,harass,10-day notice
012810-22CP,7,2022 Nov 30 12:00:00 AM,,,Closed,2344 W NEWTON ST,98199,https://services.seattle.gov/portal/customize/LinkToRecord.aspx?altId=012810-22CP,False,False,True,,,rent increase
012863-22CP,7,2022 Dec 01 12:00:00 AM,,,Under Investigation,702 2ND AVE W,98119,https://services.seattle.gov/portal/customize/LinkToRecord.aspx?altId=012863-22CP,False,True,False,,trao,
013091-22CP,7,2022 Dec 09 12:00:00 AM,,,Completed,1102 8TH AVE,98101,https://services.seattle.gov/portal/customize/LinkToRecord.aspx?altId=013091-22CP,True,False,False,infestation|bed bug,,
013124-22CP,7,2022 Dec 12 12:00:00 AM,,,Closed,319 W REPUBLICAN ST,98119,https://services.seattle.gov/portal/customize/LinkToRecord.aspx?altId=013124-22CP,True,True,False,mold,relocation assistance,
013126-22CP,7,2022 Dec 12 12:00:00 AM,,,Closed,19 W THOMAS ST,98119,https://services.seattle.gov/portal/customize/LinkToRecord.aspx?altId=013126-22CP,True,False,False,mold,,
013185-22CP,7,2022 Dec 13 12:00:00 AM,,,Closed,1820 MINOR AVE,98101,https://services.seattle.gov/portal/customize/LinkToRecord.aspx?altId=013185-22CP,True,False,False,leak,,
013190-22CP,7,2022 Dec 13 12:00:00 AM,,,Completed,629 W EMERSON ST,98119,https://services.seattle.gov/portal/customize/LinkToRecord.aspx?altId=013190-22CP,False,True,False,,trao,
013266-22CP,7,2022 Dec 13 12:00:00 AM,,,Under Investigation,2011 5TH AVE,98121,https://services.seattle.gov/portal/customize/LinkToRecord.aspx?altId=013266-22CP,True,False,False,leak,,
013489-22CP,7,2022 Dec 20 12:00:00 AM,,,Closed,110 W OLYMPIC PL,98119,https://services.seattle.gov/portal/customize/LinkToRecord.aspx?altId=013489-22CP,False,False,True,,,rent increase
013882-22CP,7,2022 Dec 30 12:00:00 AM,,,Under Investigation,2400 ELLIOTT AVE,98121,https://services.seattle.gov/portal/customize/LinkToRecord.aspx?altId=013882-22CP,False,True,False,,trao,
013890-22CP,7,2022 Dec 21 12:00:00 AM,,,Under Investigation,120 WESTLAKE AVE N,98109,https://services.seattle.gov/portal/customize/LinkToRecord.aspx?altId=013890-22CP,True,False,False,no heat,,
000160-23CP,7,2023 Jan 04 12:00:00 AM,,,Closed,2550 3RD AVE,98121,https://services.seattle.gov/portal/customize/LinkToRecord.aspx?altId=000160-23CP,False,False,True,,,rent increase
000170-23CP,7,2023 Jan 04 12:00:00 AM,,,Completed,104 PINE ST,98101,https://services.seattle.gov/portal/customize/LinkToRecord.aspx?altId=000170-23CP,False,True,False,,trao,
000186-23CP,7,2023 Jan 04 12:00:00 AM,,,Closed,1408 10TH AVE W,98119,https://services.seattle.gov/portal/customize/LinkToRecord.aspx?altId=000186-23CP,True,True,False,leak,trao,
000190-23CP,7,2023 Jan 04 12:00:00 AM,,,Closed,2414 1ST AVE,98121,https://services.seattle.gov/portal/customize/LinkToRecord.aspx?altId=000190-23CP,False,False,True,,,rent increase
000201-23CP,7,2023 Jan 04 12:00:00 AM,,,Closed,2030 8TH AVE,98121,https://services.seattle.gov/portal/customize/LinkToRecord.aspx?altId=000201-23CP,False,False,True,,,rent increase
000203-23CP,7,2023 Jan 04 12:00:00 AM,,,Completed,2030 8TH AVE,98121,https://services.seattle.gov/portal/customize/LinkToRecord.aspx?altId=000203-23CP,False,False,True,,,rent increase
000284-23CP,7,2023 Jan 06 12:00:00 AM,,,Completed,617 QUEEN ANNE AVE N,98109,https://services.seattle.gov/portal/customize/LinkToRecord.aspx?altId=000284-23CP,False,False,True,,,rent increase
000339-23CP,7,2023 Jan 10 12:00:00 AM,,,Completed,3256 21ST AVE W,98199,https://services.seattle.gov/portal/customize/LinkToRecord.aspx?altId=000339-23CP,False,True,False,,trao,
000359-23CP,7,2023 Jan 10 12:00:00 AM,,,Under Investigation,801 SPRING ST,98104,https://services.seattle.gov/portal/customize/LinkToRecord.aspx?altId=000359-23CP,False,True,False,,pota,
000526-23CP,7,2023 Jan 13 12:00:00 AM,,,Completed,19 W THOMAS ST,98119,https://services.seattle.gov/portal/customize/LinkToRecord.aspx?altId=000526-23CP,True,False,False,mold,,
000601-23CP,7,2023 Jan 17 12:00:00 AM,,,Completed,1823 TERRY AVE,98101,https://services.seattle.gov/portal/customize/LinkToRecord.aspx?altId=000601-23CP,False,False,True,,,rent increase
000785-23CP,7,2023 Jan 20 12:00:00 AM,,,Under Investigation,702 2ND AVE W,98119,https://services.seattle.gov/portal/customize/LinkToRecord.aspx?altId=000785-23CP,False,False,True,,,notice to vacate
000786-23CP,7,2023 Jan 20 12:00:00 AM,,,Completed,3230 16TH AVE W,98119,https://services.seattle.gov/portal/customize/LinkToRecord.aspx?altId=000786-23CP,False,False,True,,,rent increase
000850-23CP,7,2023 Jan 19 12:00:00 AM,,,Under Investigation,1823 TERRY AVE,98101,https://services.seattle.gov/portal/customize/LinkToRecord.aspx?altId=000850-23CP,True,False,False,leak|flooding|mold,,
000916-23CP,7,2023 Jan 25 12:00:00 AM,,,Completed,2441 8TH AVE N,98109,https://services.seattle.gov/portal/customize/LinkToRecord.aspx?altId=000916-23CP,False,False,True,,,rent increase
000942-23CP,7,2023 Jan 27 12:00:00 AM,,,Completed,3421 14TH AVE W,98119,https://services.seattle.gov/portal/customize/LinkToRecord.aspx?altId=000942-23CP,False,False,True,,,rent increase
000999-23CP,7,2023 Jan 26 12:00:00 AM,,,Completed,306 BLANCHARD ST,98121,https://services.seattle.gov/portal/customize/LinkToRecord.aspx?altId=000999-23CP,True,False,False,leak|moisture,,
001055-23CP,7,2023 Jan 31 12:00:00 AM,,,Completed,320 CEDAR ST,98121,https://services.seattle.gov/portal/customize/LinkToRecord.aspx?altId=001055-23CP,False,False,True,,,security deposit
001062-23CP,7,2023 Jan 30 12:00:00 AM,,,Completed,2223 3RD AVE W,98119,https://services.seattle.gov/portal/customize/LinkToRecord.aspx?altId=001062-23CP,False,True,False,,trao,
001069-23CP,7,2023 Jan 30 12:00:00 AM,,,Closed,1919 QUEEN ANNE AVE N,98109,https://services.seattle.gov/portal/customize/LinkToRecord.aspx?altId=001069-23CP,False,False,True,,,rent increase
001159-23CP,7,2023 Jan 27 12:00:00 AM,,,Closed,2117 DEXTER AVE N,98109,https://services.seattle.gov/portal/customize/LinkToRecord.aspx?altId=001159-23CP,False,False,True,,,security deposit
001184-23CP,7,2023 Feb 02 12:00:00 AM,,,Closed,1959 6TH AVE W,98119,https://services.seattle.gov/portal/customize/LinkToRecord.aspx?altId=001184-23CP,True,False,True,uninhabitable,,notice to vacate
001211-23CP,7,2023 Feb 02 12:00:00 AM,,,Closed,1102 8TH AVE,98101,https://services.seattle.gov/portal/customize/LinkToRecord.aspx?altId=001211-23CP,True,False,True,no hot water,,rent increase
001219-23CP,7,2023 Feb 03 12:00:00 AM,,,Closed,1957 6th AVE W,98119,https://services.seattle.gov/portal/customize/LinkToRecord.aspx?altId=001219-23CP,True,False,False,uninhabitable,,
001252-23CP,7,2023 Jan 31 12:00:00 AM,,,Completed,2710 5TH AVE W,98119,https://services.seattle.gov/portal/customize/LinkToRecord.aspx?altId=001252-23CP,False,True,False,,trao,
001274-23CP,7,2023 Feb 05 12:00:00 AM,,,Completed,2933 2ND AVE,98121,https://services.seattle.gov/portal/customize/LinkToRecord.aspx?altId=001274-23CP,True,False,False,fumes,,
001284-23CP,7,2023 Feb 06 12:00:00 AM,,,Completed,1957 6th AVE W,,https://services.seattle.gov/portal/customize/LinkToRecord.aspx?altId=001284-23CP,True,False,False,uninhabitable,,
001316-23CP,7,2023 Feb 07 12:00:00 AM,,,Closed,120 1ST AVE W,98119,https://services.seattle.gov/portal/customize/LinkToRecord.aspx?altId=001316-23CP,False,False,True,,,rent increase
001400-23CP,7,2023 Feb 08 12:00:00 AM,,,Completed,3161 ELLIOTT AVE,98121,https://services.seattle.gov/portal/customize/LinkToRecord.aspx?altId=001400-23CP,False,True,False,,trao,
001412-23CP,7,2023 Feb 08 12:00:00 AM,,,Completed,420 WALL ST,98121,https://services.seattle.gov/portal/customize/LinkToRecord.aspx?altId=001412-23CP,False,False,True,,,rent increase
001414-23CP,7,2023 Feb 08 12:00:00 AM,,,Under Investigation,1301 4TH AVE,98101,https://services.seattle.gov/portal/customize/LinkToRecord.aspx?altId=001414-23CP,True,False,False,hazard|hazardous,,
001517-23CP,7,2023 Feb 10 12:00:00 AM,,,Completed,701 5TH AVE N,98109,https://services.seattle.gov/portal/customize/LinkToRecord.aspx?altId=001517-23CP,False,False,True,,,rent increase
001594-23CP,7,2023 Feb 13 12:00:00 AM,,,Completed,1100 QUEEN ANNE AVE N,98109,https://services.seattle.gov/portal/customize/LinkToRecord.aspx?altId=001594-23CP,False,False,True,,,notice to vacate
001664-23CP,7,2023 Feb 15 12:00:00 AM,,,Completed,1942 WESTLAKE AVE,98101,https://services.seattle.gov/portal/customize/LinkToRecord.aspx?altId=001664-23CP,False,False,True,,,rent increase
001715-23CP,7,2023 Feb 17 12:00:00 AM,2023 Feb 23 12:00:00 AM,Completed,Completed,2401 3RD AVE,98121,https://services.seattle.gov/portal/customize/LinkToRecord.aspx?altId=001715-23CP,True,False,False,water damage,,
001733-23CP,7,2023 Feb 17 12:00:00 AM,,,Completed,605 5TH AVE N,98109,https://services.seattle.gov/portal/customize/LinkToRecord.aspx?altId=001733-23CP,False,False,True,,,security deposit
001752-23CP,7,2023 Feb 18 12:00:00 AM,,,Completed,624 YALE AVE N,98109,https://services.seattle.gov/portal/customize/LinkToRecord.aspx?altId=001752-23CP,False,True,False,,harass,
001808-23CP,7,2023 Feb 21 12:00:00 AM,,,Closed,809 OLIVE WAY,98101,https://services.seattle.gov/portal/customize/LinkToRecord.aspx?altId=001808-23CP,False,False,True,,,rent increase
001907-23CP,7,2023 Feb 22 12:00:00 AM,,,Completed,1145 REPUBLICAN ST,98109,https://services.seattle.gov/portal/customize/LinkToRecord.aspx?altId=001907-23CP,False,False,True,,,security deposit
001911-23CP,7,2023 Feb 22 12:00:00 AM,2023 May 03 12:00:00 AM,Completed,Under Investigation,533 3RD AVE W,98119,https://services.seattle.gov/portal/customize/LinkToRecord.aspx?altId=001911-23CP,True,False,False,garbage|unsanitary,,
001917-23CP,7,2023 Feb 16 12:00:00 AM,,,Completed,306 BLANCHARD ST,98121,https://services.seattle.gov/portal/customize/LinkToRecord.aspx?altId=001917-23CP,False,False,True,,,security deposit
001939-23CP,7,2023 Feb 23 12:00:00 AM,,,Closed,2442 8TH AVE N,98109,https://services.seattle.gov/portal/customize/LinkToRecord.aspx?altId=001939-23CP,False,True,False,,trao,
002034-23CP,7,2023 Feb 27 12:00:00 AM,,,Under Investigation,2128 A 11TH AVE W,98119,https://services.seattle.gov/portal/customize/LinkToRecord.aspx?altId=002034-23CP,True,False,False,rats,,
002046-23CP,7,2023 Feb 27 12:00:00 AM,,,Completed,2225 1ST AVE,98121,https://services.seattle.gov/portal/customize/LinkToRecord.aspx?altId=002046-23CP,False,False,True,,,notice to vacate
002132-23CP,7,2023 Feb 24 12:00:00 AM,2023 May 04 12:00:00 AM,Completed,Under Investigation,3651 14TH AVE W,98119,https://services.seattle.gov/portal/customize/LinkToRecord.aspx?altId=002132-23CP,True,False,False,infestation,,
002159-23CP,7,2023 Mar 01 12:00:00 AM,,,Under Investigation,901 8TH AVE,98104,https://services.seattle.gov/portal/customize/LinkToRecord.aspx?altId=002159-23CP,True,False,False,no hot water,,
002256-23CP,7,2023 Mar 04 12:00:00 AM,,,Closed,2323 W NEWTON ST,98199,https://services.seattle.gov/portal/customize/LinkToRecord.aspx?altId=002256-23CP,True,False,False,sewage,,
002291-23CP,7,2023 Mar 03 12:00:00 AM,,,Completed,22 ETRURIA ST,98109,https://services.seattle.gov/portal/customize/LinkToRecord.aspx?altId=002291-23CP,False,False,True,,,rent increase
002340-23CP,7,2023 Mar 07 12:00:00 AM,,,Completed,25 W DRAVUS ST,98119,https://services.seattle.gov/portal/customize/LinkToRecord.aspx?altId=002340-23CP,False,False,True,,,eviction notice
002406-23CP,7,2023 Mar 08 12:00:00 AM,2023 Mar 14 12:00:00 AM,Completed,Completed,2319 1ST AVE,98121,https://services.seattle.gov/portal/customize/LinkToRecord.aspx?altId=002406-23CP,True,False,False,leak,,
002447-23CP,7,2023 Mar 09 12:00:00 AM,,,Completed,301 QUEEN ANNE AVE N,98109,https://services.seattle.gov/portal/customize/LinkToRecord.aspx?altId=002447-23CP,False,True,False,,trao,
002477-23CP,7,2023 Mar 06 12:00:00 AM,,,Completed,1301 1ST AVE,98101,https://services.seattle.gov/portal/customize/LinkToRecord.aspx?altId=002477-23CP,False,True,False,,trao,
002491-23CP,7,2023 Mar 10 12:00:00 AM,,,Completed,2400 AURORA AVE N,98109,https://services.seattle.gov/portal/customize/LinkToRecord.aspx?altId=002491-23CP,False,False,True,,,notice to vacate
002640-23CP,7,2023 Mar 15 12:00:00 AM,,,Closed,118 BELL ST,98121,https://services.seattle.gov/portal/customize/LinkToRecord.aspx?altId=002640-23CP,False,True,False,,locked out|trao,
002680-23CP,7,2023 Mar 15 12:00:00 AM,,,Closed,617 QUEEN ANNE AVE N,98109,https://services.seattle.gov/portal/customize/LinkToRecord.aspx?altId=002680-23CP,False,False,True,,,rent increase
002712-23CP,7,2023 Mar 13 12:00:00 AM,,,Closed,103 VINE ST,98121,https://services.seattle.gov/portal/customize/LinkToRecord.aspx?altId=002712-23CP,False,False,True,,,rent increase
002791-23CP,7,2023 Mar 13 12:00:00 AM,,,Completed,888 WESTERN AVE,98104,https://services.seattle.gov/portal/customize/LinkToRecord.aspx?altId=002791-23CP,False,True,False,,trao,
002816-23CP,7,2023 Mar 15 12:00:00 AM,,,Completed,1511 DEXTER AVE N,98109,https://services.seattle.gov/portal/customize/LinkToRecord.aspx?altId=002816-23CP,False,True,True,,trao,rent increase
002859-23CP,7,2023 Mar 21 12:00:00 AM,,,Completed,1167 REPUBLICAN ST,98109,https://services.seattle.gov/portal/customize/LinkToRecord.aspx?altId=002859-23CP,False,False,True,,,rent increase
002986-23CP,7,2023 Mar 21 12:00:00 AM,2023 Apr 05 12:00:00 AM,Completed,Completed,1234 TAYLOR AVE N,98109,https://services.seattle.gov/portal/customize/LinkToRecord.aspx?altId=002986-23CP,True,True,False,lack of hot water|water damage|asbestos,retaliat,
003001-23CP,7,2023 Mar 22 12:00:00 AM,,,Under Investigation,1420 WESTERN AVE,98101,https://services.seattle.gov/portal/customize/LinkToRecord.aspx?altId=003001-23CP,True,False,False,infestation|bedbug,,
003186-23CP,7,2023 Mar 24 12:00:00 AM,,,Closed,3419 23RD AVE W,98199,https://services.seattle.gov/portal/customize/LinkToRecord.aspx?altId=003186-23CP,False,False,True,,,rent increase
003187-23CP,7,2023 Mar 27 12:00:00 AM,,,Closed,1012 QUEEN ANNE AVE N,98109,https://services.seattle.gov/portal/customize/LinkToRecord.aspx?altId=003187-23CP,False,False,True,,,rent increase
003315-23CP,7,2023 Mar 31 12:00:00 AM,2023 May 11 12:00:00 AM,Completed,Under Investigation,1226 TAYLOR AVE N,98109,https://services.seattle.gov/portal/customize/LinkToRecord.aspx?altId=003315-23CP,True,False,False,infestation|pest control,,
003437-23CP,7,2023 Apr 04 12:00:00 AM,,,Closed,1942 WESTLAKE AVE,98101,https://services.seattle.gov/portal/customize/LinkToRecord.aspx?altId=003437-23CP,False,False,True,,,rent increase
003439-23CP,7,2023 Apr 04 12:00:00 AM,,,Closed,80 STEWART ST,98101,https://services.seattle.gov/portal/customize/LinkToRecord.aspx?altId=003439-23CP,False,True,True,,retaliat,eviction notice
003627-23CP,7,2023 Apr 07 12:00:00 AM,,,Closed,323 W REPUBLICAN ST,98119,https://services.seattle.gov/portal/customize/LinkToRecord.aspx?altId=003627-23CP,False,False,True,,,eviction notice
003638-23CP,7,2023 Apr 08 12:00:00 AM,,,Completed,75 VINE ST,98121,https://services.seattle.gov/portal/customize/LinkToRecord.aspx?altId=003638-23CP,False,False,True,,,security deposit
003704-23CP,7,2023 Apr 03 12:00:00 AM,,,Under Investigation,1701 DEXTER AVE N,98109,https://services.seattle.gov/portal/customize/LinkToRecord.aspx?altId=003704-23CP,False,False,True,,,tenant rights
003724-23CP,7,2023 Apr 10 12:00:00 AM,,,Completed,1000 8TH AVE,98104,https://services.seattle.gov/portal/customize/LinkToRecord.aspx?altId=003724-23CP,False,False,True,,,notice to vacate
003726-23CP,7,2023 Apr 11 12:00:00 AM,,,Under Investigation,118 Bell ST,,https://services.seattle.gov/portal/customize/LinkToRecord.aspx?altId=003726-23CP,True,False,False,unsafe,,
003791-23CP,7,2023 Apr 12 12:00:00 AM,,,Completed,1430 2ND AVE,98101,https://services.seattle.gov/portal/customize/LinkToRecord.aspx?altId=003791-23CP,False,False,True,,,rent increase
003855-23CP,7,2023 Apr 13 12:00:00 AM,,,Completed,2312 3RD AVE,98121,https://services.seattle.gov/portal/customize/LinkToRecord.aspx?altId=003855-23CP,False,False,True,,,notice to vacate
003857-23CP,7,2023 Apr 14 12:00:00 AM,2023 May 03 12:00:00 AM,Completed,Completed,420 BLANCHARD ST,98121,https://services.seattle.gov/portal/customize/LinkToRecord.aspx?altId=003857-23CP,True,False,False,leak|ceiling leak|mold,,
003875-23CP,7,2023 Apr 12 12:00:00 AM,,,Completed,3500 27TH PL W,98199,https://services.seattle.gov/portal/customize/LinkToRecord.aspx?altId=003875-23CP,False,False,True,,,security deposit
003940-23CP,7,2023 Apr 17 12:00:00 AM,,,Closed,2461 QUEEN ANNE AVE N,98109,https://services.seattle.gov/portal/customize/LinkToRecord.aspx?altId=003940-23CP,False,False,True,,,rent increase
003985-23CP,7,2023 Apr 19 12:00:00 AM,,,Under Investigation,524 PROSPECT ST,98109,https://services.seattle.gov/portal/customize/LinkToRecord.aspx?altId=003985-23CP,True,False,False,mold|infestation,,
004027-23CP,7,2023 Apr 20 12:00:00 AM,,,Under Investigation,1307 W BOSTON ST,98119,https://services.seattle.gov/portal/customize/LinkToRecord.aspx?altId=004027-23CP,False,False,True,,,notice to terminate
004044-23CP,7,2023 Apr 20 12:00:00 AM,,,Closed,1307 W BOSTON ST,98119,https://services.seattle.gov/portal/customize/LinkToRecord.aspx?altId=004044-23CP,False,True,False,,retaliat|relocation assistance,
004052-23CP,7,2023 Apr 20 12:00:00 AM,,,Completed,906 DEXTER AVE N,98109,https://services.seattle.gov/portal/customize/LinkToRecord.aspx?altId=004052-23CP,False,False,True,,,rent increase
004058-23CP,7,2023 Apr 20 12:00:00 AM,,,Closed,1942 WESTLAKE AVE,98101,https://services.seattle.gov/portal/customize/LinkToRecord.aspx?altId=004058-23CP,True,False,False,unsanitary|unsanitary conditions,,
004070-23CP,7,2023 Apr 18 12:00:00 AM,,,Completed,2334 ELLIOTT AVE,98121,https://services.seattle.gov/portal/customize/LinkToRecord.aspx?altId=004070-23CP,False,False,True,,,security deposit
004085-23CP,7,2023 Apr 19 12:00:00 AM,2023 Jul 20 12:00:00 AM,Completed,Under Investigation,903 9TH AVE,98104,https://services.seattle.gov/portal/customize/LinkToRecord.aspx?altId=004085-23CP,True,False,False,leak,,
004137-23CP,7,2023 Apr 21 12:00:00 AM,,,Closed,2519 1ST AVE,98121,https://services.seattle.gov/portal/customize/LinkToRecord.aspx?altId=004137-23CP,True,True,False,mold|unsafe,harass|retaliat,
004150-23CP,7,2023 Apr 24 12:00:00 AM,,,Closed,2148 WAVERLY PL N,98109,https://services.seattle.gov/portal/customize/LinkToRecord.aspx?altId=004150-23CP,False,False,True,,,rent increase
004154-23CP,7,2023 Apr 24 12:00:00 AM,,,Closed,1537 THORNDYKE AVE W,98199,https://services.seattle.gov/portal/customize/LinkToRecord.aspx?altId=004154-23CP,False,False,True,,,eviction notice
004217-23CP,7,2023 Apr 25 12:00:00 AM,,,Closed,2411 W LYNN ST,98199,https://services.seattle.gov/portal/customize/LinkToRecord.aspx?altId=004217-23CP,False,False,True,,,notice to vacate
004352-23CP,7,2023 Apr 24 12:00:00 AM,,,Completed,910 W GARFIELD ST,98119,https://services.seattle.gov/portal/customize/LinkToRecord.aspx?altId=004352-23CP,False,False,True,,,security deposit
004357-23CP,7,2023 Apr 25 12:00:00 AM,,,Completed,1633 10TH AVE W,98119,https://services.seattle.gov/portal/customize/LinkToRecord.aspx?altId=004357-23CP,False,False,True,,,security deposit
004715-23CP,7,2023 May 05 12:00:00 AM,,,Completed,1526 3RD AVE,98101,https://services.seattle.gov/portal/customize/LinkToRecord.aspx?altId=004715-23CP,False,False,True,,,rent increase
004734-23CP,7,2023 May 08 12:00:00 AM,2023 May 17 12:00:00 AM,Completed,Closed,1102 8TH AVE,98101,https://services.seattle.gov/portal/customize/LinkToRecord.aspx?altId=004734-23CP,True,True,False,leak,harass|threaten,
004781-23CP,7,2023 May 09 12:00:00 AM,2023 May 12 12:00:00 AM,Completed,Completed,2121 6TH AVE,98121,https://services.seattle.gov/portal/customize/LinkToRecord.aspx?altId=004781-23CP,True,False,False,leak,,
004807-23CP,7,2023 May 09 12:00:00 AM,,,Closed,2628 4TH AVE N,98109,https://services.seattle.gov/portal/customize/LinkToRecord.aspx?altId=004807-23CP,False,False,True,,,rent increase
004868-23CP,7,2023 May 09 12:00:00 AM,,,Under Investigation,2929 1ST AVE,98121,https://services.seattle.gov/portal/customize/LinkToRecord.aspx?altId=004868-23CP,True,False,False,leak,,
004961-23CP,7,2023 May 12 12:00:00 AM,,,Completed,1819 10TH AVE W,98119,https://services.seattle.gov/portal/customize/LinkToRecord.aspx?altId=004961-23CP,False,False,True,,,rent increase
005018-23CP,7,2023 May 15 12:00:00 AM,,,Completed,1916 14th AVE W,,https://services.seattle.gov/portal/customize/LinkToRecord.aspx?altId=005018-23CP,False,False,True,,,security deposit
005074-23CP,7,2023 May 16 12:00:00 AM,,,Closed,1255 HARRISON ST,98109,https://services.seattle.gov/portal/customize/LinkToRecord.aspx?altId=005074-23CP,False,False,True,,,eviction notice
005199-23CP,7,2023 May 18 12:00:00 AM,,,Closed,211 LENORA ST,98121,https://services.seattle.gov/portal/customize/LinkToRecord.aspx?altId=005199-23CP,False,True,True,,harass,rent increase
005218-23CP,7,2023 May 15 12:00:00 AM,,,Closed,714 7TH AVE,98104,https://services.seattle.gov/portal/customize/LinkToRecord.aspx?altId=005218-23CP,False,False,True,,,rent increase
005241-23CP,7,2023 May 16 12:00:00 AM,,,Closed,1942 WESTLAKE AVE,98101,https://services.seattle.gov/portal/customize/LinkToRecord.aspx?altId=005241-23CP,False,False,True,,,rent increase
005279-23CP,7,2023 May 19 12:00:00 AM,,,Closed,706 UNION ST,98101,https://services.seattle.gov/portal/customize/LinkToRecord.aspx?altId=005279-23CP,False,False,True,,,rent increase
005385-23CP,7,2023 May 19 12:00:00 AM,,,Closed,1102 8TH AVE,98101,https://services.seattle.gov/portal/customize/LinkToRecord.aspx?altId=005385-23CP,True,False,False,leak|leaking,,
005412-23CP,7,2023 May 23 12:00:00 AM,,,Completed,1526 3RD AVE,98101,https://services.seattle.gov/portal/customize/LinkToRecord.aspx?altId=005412-23CP,False,False,True,,,notice to vacate
005419-23CP,7,2023 May 23 12:00:00 AM,,,Under Investigation,2619 5TH AVE,98121,https://services.seattle.gov/portal/customize/LinkToRecord.aspx?altId=005419-23CP,False,False,True,,,tenant rights
005420-23CP,7,2023 May 23 12:00:00 AM,,,Completed,2305 1ST AVE,98121,https://services.seattle.gov/portal/customize/LinkToRecord.aspx?altId=005420-23CP,True,False,False,no hot water,,
005514-23CP,7,2023 May 25 12:00:00 AM,,,Completed,320 W ROY ST,98119,https://services.seattle.gov/portal/customize/LinkToRecord.aspx?altId=005514-23CP,False,False,True,,,eviction notice
005566-23CP,7,2023 May 22 12:00:00 AM,,,Completed,1430 2ND AVE,98101,https://services.seattle.gov/portal/customize/LinkToRecord.aspx?altId=005566-23CP,True,False,False,no hot water,,
005569-23CP,7,2023 May 26 12:00:00 AM,,,Under Investigation,1922 9TH AVE,98101,https://services.seattle.gov/portal/customize/LinkToRecord.aspx?altId=005569-23CP,False,False,True,,,rent increase
005783-23CP,7,2023 Jun 01 12:00:00 AM,,,Completed,320 W REPUBLICAN ST,98119,https://services.seattle.gov/portal/customize/LinkToRecord.aspx?altId=005783-23CP,False,True,False,,trao,
006045-23CP,7,2023 May 31 12:00:00 AM,,,Completed,1101 NOB HILL AVE N,98109,https://services.seattle.gov/portal/customize/LinkToRecord.aspx?altId=006045-23CP,False,False,True,,,security deposit
006098-23CP,7,2023 Jun 08 12:00:00 AM,,,Closed,430 MINOR AVE N,98109,https://services.seattle.gov/portal/customize/LinkToRecord.aspx?altId=006098-23CP,True,True,True,flooded|mold,pota,tenant rights
006174-23CP,7,2023 Jun 09 12:00:00 AM,,,Closed,300 1ST AVE W,98119,https://services.seattle.gov/portal/customize/LinkToRecord.aspx?altId=006174-23CP,False,False,True,,,security deposit
006184-23CP,7,2023 Jun 09 12:00:00 AM,,,Completed,2201 4TH AVE,98121,https://services.seattle.gov/portal/customize/LinkToRecord.aspx?altId=006184-23CP,False,False,True,,,security deposit
006342-23CP,7,2023 Jun 14 12:00:00 AM,2023 Jul 20 12:00:00 AM,Completed,Completed,800 SENECA ST,,https://services.seattle.gov/portal/customize/LinkToRecord.aspx?altId=006342-23CP,True,False,False,flooding|mold|black mold|unsafe|hazard|hazardous,,
006348-23CP,7,2023 Jun 14 12:00:00 AM,,,Completed,1408 ORANGE PL N,98109,https://services.seattle.gov/portal/customize/LinkToRecord.aspx?altId=006348-23CP,False,True,False,,trao,
006388-23CP,7,2023 Jun 15 12:00:00 AM,,,Under Investigation,1915 2ND AVE,98101,https://services.seattle.gov/portal/customize/LinkToRecord.aspx?altId=006388-23CP,False,False,True,,,tenant rights
006555-23CP,7,2023 Jun 20 12:00:00 AM,,,Closed,2354 W PLYMOUTH ST,98199,https://services.seattle.gov/portal/customize/LinkToRecord.aspx?altId=006555-23CP,False,True,False,,pota,
006578-23CP,7,2023 Jun 16 12:00:00 AM,,,Closed,1511 DEXTER AVE N,98109,https://services.seattle.gov/portal/customize/LinkToRecord.aspx?altId=006578-23CP,False,True,True,,pota,tenant rights
006601-23CP,7,2023 Jun 21 12:00:00 AM,,,Under Investigation,285 8TH AVE N,98109,https://services.seattle.gov/portal/customize/LinkToRecord.aspx?altId=006601-23CP,False,False,True,,,tenant rights
006711-23CP,7,2023 Jun 22 12:00:00 AM,,,Under Investigation,1102 8TH AVE,98101,https://services.seattle.gov/portal/customize/LinkToRecord.aspx?altId=006711-23CP,True,False,False,no running water,,
006867-23CP,7,2023 Jun 26 12:00:00 AM,,,Closed,1821 BIGELOW AVE N,98109,https://services.seattle.gov/portal/customize/LinkToRecord.aspx?altId=006867-23CP,True,True,True,rats|hazard,pota,tenant rights
006999-23CP,7,2023 Jun 27 12:00:00 AM,,,Under Investigation,215 1ST AVE N,98109,https://services.seattle.gov/portal/customize/LinkToRecord.aspx?altId=006999-23CP,False,False,True,,,security deposit
007024-23CP,7,2023 Jun 28 12:00:00 AM,,,Completed,1110 8th AVE,,https://services.seattle.gov/portal/customize/LinkToRecord.aspx?altId=007024-23CP,True,True,False,lack of heat,retaliat,
007139-23CP,7,2023 Jun 28 12:00:00 AM,,,Completed,2538 DEXTER AVE N,98109,https://services.seattle.gov/portal/customize/LinkToRecord.aspx?altId=007139-23CP,False,False,True,,,security deposit
007160-23CP,7,2023 Jun 30 12:00:00 AM,,,Completed,802 5TH AVE N,98109,https://services.seattle.gov/portal/customize/LinkToRecord.aspx?altId=007160-23CP,True,False,True,leak,,rent increase
007173-23CP,7,2023 Jun 30 12:00:00 AM,,,Under Investigation,583 BATTERY ST,98121,https://services.seattle.gov/portal/customize/LinkToRecord.aspx?altId=007173-23CP,False,False,True,,,security deposit
007174-23CP,7,2023 Jun 30 12:00:00 AM,,,Closed,165 HOWE ST,98109,https://services.seattle.gov/portal/customize/LinkToRecord.aspx?altId=007174-23CP,True,False,False,mold|rats|pest control|odor,,
007179-23CP,7,2023 Jun 30 12:00:00 AM,,,Under Investigation,111 Yale AVE N,,https://services.seattle.gov/portal/customize/LinkToRecord.aspx?altId=007179-23CP,True,False,False,leak,,
007222-23CP,7,2023 Jul 03 12:00:00 AM,2023 Jul 20 12:00:00 AM,Compliance Achieved,Under Investigation,1215 10TH AVE W,98119,https://services.seattle.gov/portal/customize/LinkToRecord.aspx?altId=007222-23CP,True,True,True,sewage,pota,tenant rights
007239-23CP,7,2023 Jul 03 12:00:00 AM,2023 Aug 10 12:00:00 AM,Completed,Completed,75 VINE ST,98121,https://services.seattle.gov/portal/customize/LinkToRecord.aspx?altId=007239-23CP,True,False,False,water damage|flooding|unsafe|unsanitary,,
007277-23CP,7,2023 Jul 03 12:00:00 AM,,,Open Duplicate,215 1ST AVE N,98109,https://services.seattle.gov/portal/customize/LinkToRecord.aspx?altId=007277-23CP,False,False,True,,,security deposit
007388-23CP,7,2023 Jul 06 12:00:00 AM,2023 Jul 24 12:00:00 AM,Completed,Completed,2344 W NEWTON ST,98199,https://services.seattle.gov/portal/customize/LinkToRecord.aspx?altId=007388-23CP,True,True,True,mold|unsafe,pota,tenant rights
007478-23CP,7,2023 Jul 10 12:00:00 AM,,,Closed,1414 DEXTER AVE N,98109,https://services.seattle.gov/portal/customize/LinkToRecord.aspx?altId=007478-23CP,False,False,True,,,eviction notice
007501-23CP,7,2023 Jul 06 12:00:00 AM,,,Closed,2344 W NEWTON ST,98199,https://services.seattle.gov/portal/customize/LinkToRecord.aspx?altId=007501-23CP,False,True,False,,threaten,
007529-23CP,7,2023 Jul 10 12:00:00 AM,,,Completed,613 4TH AVE W,98119,https://services.seattle.gov/portal/customize/LinkToRecord.aspx?altId=007529-23CP,False,False,True,,,security deposit
007592-23CP,7,2023 Jul 11 12:00:00 AM,,,Completed,2616 1ST AVE N,98109,https://services.seattle.gov/portal/customize/LinkToRecord.aspx?altId=007592-23CP,False,False,True,,,rent increase
007599-23CP,7,2023 Jul 11 12:00:00 AM,,,Completed,1414 DEXTER AVE N,98109,https://services.seattle.gov/portal/customize/LinkToRecord.aspx?altId=007599-23CP,False,False,True,,,rent increase
007613-23CP,7,2023 Jul 11 12:00:00 AM,,,Completed,1600 2ND AVE,98101,https://services.seattle.gov/portal/customize/LinkToRecord.aspx?altId=007613-23CP,False,False,True,,,tenant rights
007697-23CP,7,2023 Jul 12 12:00:00 AM,,,Under Investigation,2649 A 22ND AVE W,98199,https://services.seattle.gov/portal/customize/LinkToRecord.aspx?altId=007697-23CP,False,False,True,,,security deposit
007889-23CP,7,2023 Jul 16 12:00:00 AM,,,Completed,2344 W NEWTON ST,98199,https://services.seattle.gov/portal/customize/LinkToRecord.aspx?altId=007889-23CP,True,False,False,mold|mildew|black mold|hazard,,
007932-23CP,7,2023 Jul 17 12:00:00 AM,,,Completed,1820 MINOR AVE,98101,https://services.seattle.gov/portal/customize/LinkToRecord.aspx?altId=007932-23CP,False,True,False,,trao,
007943-23CP,7,2023 Jul 17 12:00:00 AM,,,Under Investigation,910 JOHN ST,,https://services.seattle.gov/portal/customize/LinkToRecord.aspx?altId=007943-23CP,True,False,False,leak|structural,,
007979-23CP,7,2023 Jul 18 12:00:00 AM,2023 Aug 09 12:00:00 AM,Completed,Under Investigation,110 W OLYMPIC PL,98119,https://services.seattle.gov/portal/customize/LinkToRecord.aspx?altId=007979-23CP,True,False,False,mold,,
007982-23CP,7,2023 Jul 18 12:00:00 AM,,,Completed,2442 8TH AVE N,98109,https://services.seattle.gov/portal/customize/LinkToRecord.aspx?altId=007982-23CP,False,True,True,,retaliat,without proper notice
008050-23CP,7,2023 Jul 19 12:00:00 AM,,,Under Investigation,2201 4TH AVE,98121,https://services.seattle.gov/portal/customize/LinkToRecord.aspx?altId=008050-23CP,False,True,False,,threaten|pota,
008116-23CP,7,2023 Jul 20 12:00:00 AM,,,Closed,815 3RD AVE N,98109,https://services.seattle.gov/portal/customize/LinkToRecord.aspx?altId=008116-23CP,False,False,True,,,rent increase
008167-23CP,7,2023 Jul 21 12:00:00 AM,,,Completed,206 BELL ST,98121,https://services.seattle.gov/portal/customize/LinkToRecord.aspx?altId=008167-23CP,False,True,True,,retaliat|pota,rent increase
008306-23CP,7,2023 Jul 24 12:00:00 AM,,,Completed,2011 5TH AVE,98121,https://services.seattle.gov/portal/customize/LinkToRecord.aspx?altId=008306-23CP,False,False,True,,,rent increase
008307-23CP,7,2023 Jul 24 12:00:00 AM,,,Under Investigation,3651 13TH AVE W,98119,https://services.seattle.gov/portal/customize/LinkToRecord.aspx?altId=008307-23CP,False,False,True,,,rent increase
008376-23CP,7,2023 Jul 25 12:00:00 AM,,,Completed,3036 4TH AVE W,98119,https://services.seattle.gov/portal/customize/LinkToRecord.aspx?altId=008376-23CP,False,False,True,,,3 day notice
008440-23CP,7,2023 Jul 26 12:00:00 AM,,,Under Investigation,3040 17TH AVE W,98119,https://services.seattle.gov/portal/customize/LinkToRecord.aspx?altId=008440-23CP,False,True,True,,threaten|retaliat|pota,late fees
008525-23CP,7,2023 Jul 27 12:00:00 AM,,,Under Investigation,1102 8TH AVE,98101,https://services.seattle.gov/portal/customize/LinkToRecord.aspx?altId=008525-23CP,True,False,False,no hot water,,
008721-23CP,7,2023 Jul 31 12:00:00 AM,,,Closed,2415 2ND AVE,98121,https://services.seattle.gov/portal/customize/LinkToRecord.aspx?altId=008721-23CP,False,False,True,,,3 day notice
008727-23CP,7,2023 Jul 31 12:00:00 AM,,,Under Investigation,1000 8TH AVE,98104,https://services.seattle.gov/portal/customize/LinkToRecord.aspx?altId=008727-23CP,False,True,True,,pota,tenant rights
008747-23CP,7,2023 Jul 31 12:00:00 AM,,,Closed,26 HARRISON ST,98109,https://services.seattle.gov/portal/customize/LinkToRecord.aspx?altId=008747-23CP,False,False,True,,,3 day notice
008788-23CP,7,2023 Aug 01 12:00:00 AM,,,Closed,2024 3RD AVE,98121,https://services.seattle.gov/portal/customize/LinkToRecord.aspx?altId=008788-23CP,False,False,True,,,3 day notice
008793-23CP,7,2023 Aug 01 12:00:00 AM,,,Closed,110 VINE ST,98121,https://services.seattle.gov/portal/customize/LinkToRecord.aspx?altId=008793-23CP,False,False,True,,,3 day notice
008795-23CP,7,2023 Aug 01 12:00:00 AM,,,Closed,110 VINE ST,98121,https://services.seattle.gov/portal/customize/LinkToRecord.aspx?altId=008795-23CP,False,False,True,,,3 day notice
008806-23CP,7,2023 Aug 01 12:00:00 AM,,,Closed,1902 2ND AVE,98101,https://services.seattle.gov/portal/customize/LinkToRecord.aspx?altId=008806-23CP,False,False,True,,,3 day notice
008867-23CP,7,2023 Aug 02 12:00:00 AM,,,Closed,2312 3RD AVE,98121,https://services.seattle.gov/portal/customize/LinkToRecord.aspx?altId=008867-23CP,False,False,True,,,3 day notice
008873-23CP,7,2023 Aug 02 12:00:00 AM,,,Closed,75 VINE ST,98121,https://services.seattle.gov/portal/customize/LinkToRecord.aspx?altId=008873-23CP,False,False,True,,,3 day notice
008886-23CP,7,2023 Aug 02 12:00:00 AM,,,Under Investigation,219 QUEEN ANNE AVE N,98109,https://services.seattle.gov/portal/customize/LinkToRecord.aspx?altId=008886-23CP,False,False,True,,,rent increase
008888-23CP,7,2023 Aug 02 12:00:00 AM,,,Closed,1221 1ST AVE,98101,https://services.seattle.gov/portal/customize/LinkToRecord.aspx?altId=008888-23CP,False,False,True,,,3 day notice
008890-23CP,7,2023 Aug 02 12:00:00 AM,,,Closed,2215 1ST AVE,98121,https://services.seattle.gov/portal/customize/LinkToRecord.aspx?altId=008890-23CP,False,False,True,,,3 day notice
008895-23CP,7,2023 Aug 02 12:00:00 AM,,,Closed,317 MARION ST,98104,https://services.seattle.gov/portal/customize/LinkToRecord.aspx?altId=008895-23CP,False,False,True,,,3 day notice
008903-23CP,7,2023 Aug 02 12:00:00 AM,,,Under Investigation,710 2ND AVE W,98119,https://services.seattle.gov/portal/customize/LinkToRecord.aspx?altId=008903-23CP,True,False,False,mold|black mold,,
008926-23CP,7,2023 Aug 03 12:00:00 AM,,,Closed,3010 1ST AVE,98121,https://services.seattle.gov/portal/customize/LinkToRecord.aspx?altId=008926-23CP,False,False,True,,,3 day notice
008929-23CP,7,2023 Aug 03 12:00:00 AM,,,Closed,706 UNION ST,98101,https://services.seattle.gov/portal/customize/LinkToRecord.aspx?altId=008929-23CP,False,False,True,,,3 day notice
008933-23CP,7,2023 Jul 31 12:00:00 AM,,,Closed,33 W ETRURIA ST,98119,https://services.seattle.gov/portal/customize/LinkToRecord.aspx?altId=008933-23CP,False,False,True,,,rent increase
008938-23CP,7,2023 Jul 31 12:00:00 AM,,,Closed,801 PINE ST,98101,https://services.seattle.gov/portal/customize/LinkToRecord.aspx?altId=008938-23CP,False,False,True,,,rent increase
008948-23CP,7,2023 Aug 03 12:00:00 AM,,,Closed,2208 15TH AVE W,98119,https://services.seattle.gov/portal/customize/LinkToRecord.aspx?altId=008948-23CP,False,False,True,,,3 day notice
008960-23CP,7,2023 Aug 03 12:00:00 AM,,,Closed,206 BELL ST,98121,https://services.seattle.gov/portal/customize/LinkToRecord.aspx?altId=008960-23CP,False,False,True,,,3 day notice
009034-23CP,7,2023 Aug 04 12:00:00 AM,,,Closed,3036 4TH AVE W,98119,https://services.seattle.gov/portal/customize/LinkToRecord.aspx?altId=009034-23CP,False,False,True,,,3 day notice
009059-23CP,7,2023 Aug 04 12:00:00 AM,,,Closed,2516 15TH AVE W,98119,https://services.seattle.gov/portal/customize/LinkToRecord.aspx?altId=009059-23CP,False,True,False,,trao,
009175-23CP,7,2022 Dec 02 12:00:00 AM,,,Closed,1823 MINOR AVE,98101,https://services.seattle.gov/portal/customize/LinkToRecord.aspx?altId=009175-23CP,False,False,True,,,3 day notice
009212-23CP,7,2023 Aug 07 12:00:00 AM,,,Closed,430 MINOR AVE N,98109,https://services.seattle.gov/portal/customize/LinkToRecord.aspx?altId=009212-23CP,True,False,False,roaches,,
009231-23CP,7,2023 Aug 07 12:00:00 AM,2023 Oct 19 12:00:00 AM,Completed,Under Investigation,19 W THOMAS ST,98119,https://services.seattle.gov/portal/customize/LinkToRecord.aspx?altId=009231-23CP,True,False,False,no water|leak,,
009252-23CP,7,2023 Aug 07 12:00:00 AM,,,Completed,714 7TH AVE,98104,https://services.seattle.gov/portal/customize/LinkToRecord.aspx?altId=009252-23CP,False,True,True,,trao,rent increase|tenant rights
009270-23CP,7,2023 Aug 08 12:00:00 AM,,,Completed,151 JOHN ST,98109,https://services.seattle.gov/portal/customize/LinkToRecord.aspx?altId=009270-23CP,False,False,True,,,rent increase
009279-23CP,7,2023 Aug 08 12:00:00 AM,,,Completed,905 DEXTER AVE N,98109,https://services.seattle.gov/portal/customize/LinkToRecord.aspx?altId=009279-23CP,False,False,True,,,rent increase
009426-23CP,7,2022 Aug 09 12:00:00 AM,,,Closed,2721 4TH AVE,98121,https://services.seattle.gov/portal/customize/LinkToRecord.aspx?altId=009426-23CP,False,False,True,,,3 day notice
009427-23CP,7,2022 Aug 09 12:00:00 AM,,,Closed,2721 4TH AVE,98121,https://services.seattle.gov/portal/customize/LinkToRecord.aspx?altId=009427-23CP,False,False,True,,,3 day notice
009428-23CP,7,2022 Apr 08 12:00:00 AM,,,Closed,2209 1ST AVE,98121,https://services.seattle.gov/portal/customize/LinkToRecord.aspx?altId=009428-23CP,False,False,True,,,3 day notice
009429-23CP,7,2021 Sep 22 12:00:00 AM,,,Closed,2119 3RD AVE,98121,https://services.seattle.gov/portal/customize/LinkToRecord.aspx?altId=009429-23CP,False,False,True,,,3 day notice
009430-23CP,7,2022 Apr 29 12:00:00 AM,,,Closed,2024 3RD AVE,98121,https://services.seattle.gov/portal/customize/LinkToRecord.aspx?altId=009430-23CP,False,False,True,,,3 day notice
009431-23CP,7,2022 Apr 29 12:00:00 AM,,,Closed,2024 3RD AVE,98121,https://services.seattle.gov/portal/customize/LinkToRecord.aspx?altId=009431-23CP,False,False,True,,,3 day notice
009432-23CP,7,2022 Sep 08 12:00:00 AM,,,Closed,1820 MINOR AVE,98101,https://services.seattle.gov/portal/customize/LinkToRecord.aspx?altId=009432-23CP,False,False,True,,,3 day notice
009434-23CP,7,2021 Dec 20 12:00:00 AM,,,Closed,1814 MINOR AVE,98101,https://services.seattle.gov/portal/customize/LinkToRecord.aspx?altId=009434-23CP,False,False,True,,,3 day notice
009435-23CP,7,2022 Aug 23 12:00:00 AM,,,Closed,1811 EASTLAKE AVE,98101,https://services.seattle.gov/portal/customize/LinkToRecord.aspx?altId=009435-23CP,False,False,True,,,3 day notice
009559-23CP,7,2023 Aug 11 12:00:00 AM,,,Closed,2856 14TH AVE W,98119,https://services.seattle.gov/portal/customize/LinkToRecord.aspx?altId=009559-23CP,True,True,True,mold,pota,tenant rights
009587-23CP,7,2023 Aug 14 12:00:00 AM,,,Under Investigation,3811 14TH AVE W,98119,https://services.seattle.gov/portal/customize/LinkToRecord.aspx?altId=009587-23CP,False,True,False,,pota,
009588-23CP,7,2023 Aug 14 12:00:00 AM,,,Under Investigation,14 HOWE ST,98109,https://services.seattle.gov/portal/customize/LinkToRecord.aspx?altId=009588-23CP,True,False,False,no power,,
009595-23CP,7,2023 Aug 11 12:00:00 AM,,,Under Investigation,901 W HOWE ST,98119,https://services.seattle.gov/portal/customize/LinkToRecord.aspx?altId=009595-23CP,True,False,False,leak|odor,,
009647-23CP,7,2023 Aug 14 12:00:00 AM,,,Completed,2004 DEXTER AVE N,98109,https://services.seattle.gov/portal/customize/LinkToRecord.aspx?altId=009647-23CP,True,False,True,sewage|leak|leaking|collapse,,eviction notice
009649-23CP,7,2023 Aug 14 12:00:00 AM,,,Closed,1915 2ND AVE,98101,https://services.seattle.gov/portal/customize/LinkToRecord.aspx?altId=009649-23CP,False,False,True,,,rent increase
009665-23CP,7,2022 Sep 23 12:00:00 AM,,,Closed,1526 3RD AVE,98101,https://services.seattle.gov/portal/customize/LinkToRecord.aspx?altId=009665-23CP,False,False,True,,,3 day notice
009666-23CP,7,2021 Dec 06 12:00:00 AM,,,Closed,1902 2ND AVE,98101,https://services.seattle.gov/portal/customize/LinkToRecord.aspx?altId=009666-23CP,False,False,True,,,3 day notice
009696-23CP,7,2023 Aug 15 12:00:00 AM,,,Under Investigation,130 BOREN AVE N,98109,https://services.seattle.gov/portal/customize/LinkToRecord.aspx?altId=009696-23CP,False,False,True,,,security deposit
009708-23CP,7,2022 Sep 13 12:00:00 AM,,,Closed,1221 1ST AVE,98101,https://services.seattle.gov/portal/customize/LinkToRecord.aspx?altId=009708-23CP,False,False,True,,,3 day notice
009710-23CP,7,2022 Jun 15 12:00:00 AM,,,Closed,809 OLIVE WAY,98101,https://services.seattle.gov/portal/customize/LinkToRecord.aspx?altId=009710-23CP,False,False,True,,,3 day notice
009712-23CP,7,2022 Feb 09 12:00:00 AM,,,Closed,317 MARION ST,98104,https://services.seattle.gov/portal/customize/LinkToRecord.aspx?altId=009712-23CP,False,False,True,,,3 day notice
009716-23CP,7,2021 Dec 10 12:00:00 AM,,,Closed,106 BELL ST,98121,https://services.seattle.gov/portal/customize/LinkToRecord.aspx?altId=009716-23CP,False,False,True,,,3 day notice
009717-23CP,7,2022 Mar 09 12:00:00 AM,,,Closed,111 CEDAR ST,98121,https://services.seattle.gov/portal/customize/LinkToRecord.aspx?altId=009717-23CP,False,False,True,,,3 day notice
009718-23CP,7,2021 Dec 15 12:00:00 AM,,,Closed,111 CEDAR ST,98121,https://services.seattle.gov/portal/customize/LinkToRecord.aspx?altId=009718-23CP,False,False,True,,,3 day notice
009719-23CP,7,2022 Sep 15 12:00:00 AM,,,Closed,116 STEWART ST,98101,https://services.seattle.gov/portal/customize/LinkToRecord.aspx?altId=009719-23CP,False,False,True,,,3 day notice
009721-23CP,7,2021 Dec 01 12:00:00 AM,,,Closed,219 PONTIUS AVE N,98109,https://services.seattle.gov/portal/customize/LinkToRecord.aspx?altId=009721-23CP,False,False,True,,,3 day notice
009741-23CP,7,2023 Aug 16 12:00:00 AM,,,Completed,1526 3RD AVE,98101,https://services.seattle.gov/portal/customize/LinkToRecord.aspx?altId=009741-23CP,False,True,False,,pota,
009786-23CP,7,2022 Dec 19 12:00:00 AM,,,Closed,2119 3RD AVE,98121,https://services.seattle.gov/portal/customize/LinkToRecord.aspx?altId=009786-23CP,False,False,True,,,3 day notice
009797-23CP,7,2023 Aug 17 12:00:00 AM,,,Completed,15 ALOHA ST,98109,https://services.seattle.gov/portal/customize/LinkToRecord.aspx?altId=009797-23CP,False,False,True,,,rent increase
009835-23CP,7,2023 Aug 18 12:00:00 AM,,,Under Investigation,109 DEXTER AVE N,98109,https://services.seattle.gov/portal/customize/LinkToRecord.aspx?altId=009835-23CP,True,False,False,garbage,,
009903-23CP,7,2023 Aug 21 12:00:00 AM,,,Completed,35 W ETRURIA ST,98119,https://services.seattle.gov/portal/customize/LinkToRecord.aspx?altId=009903-23CP,False,True,False,,trao|tenant relocation|relocation assistance,
009908-23CP,7,2023 Aug 21 12:00:00 AM,,,Completed,110 VINE ST,98121,https://services.seattle.gov/portal/customize/LinkToRecord.aspx?altId=009908-23CP,False,False,True,,,vacate notice
009924-23CP,7,2023 Aug 21 12:00:00 AM,,,Under Investigation,35 W ETRURIA ST,98119,https://services.seattle.gov/portal/customize/LinkToRecord.aspx?altId=009924-23CP,False,True,False,,trao,
009926-23CP,7,2020 Nov 13 12:00:00 AM,,,Closed,1170 Harrison ST,98109,https://services.seattle.gov/portal/customize/LinkToRecord.aspx?altId=009926-23CP,False,False,True,,,3 day notice
009931-23CP,7,2023 Aug 10 12:00:00 AM,,,Under Investigation,2720 3RD AVE,98121,https://services.seattle.gov/portal/customize/LinkToRecord.aspx?altId=009931-23CP,False,False,True,,,rent increase
010001-23CP,7,2022 Mar 01 12:00:00 AM,,,Closed,2312 3RD AVE,98121,https://services.seattle.gov/portal/customize/LinkToRecord.aspx?altId=010001-23CP,False,False,True,,,3 day notice
010031-23CP,7,2023 Aug 22 12:00:00 AM,,,Under Investigation,504 5TH AVE,98104,https://services.seattle.gov/portal/customize/LinkToRecord.aspx?altId=010031-23CP,False,False,True,,,utility billing
010045-23CP,7,2023 Aug 23 12:00:00 AM,,,Completed,1511 DEXTER AVE N,98109,https://services.seattle.gov/portal/customize/LinkToRecord.aspx?altId=010045-23CP,False,True,True,,retaliat,code violation
010124-23CP,7,2023 Aug 15 12:00:00 AM,,,Under Investigation,301 QUEEN ANNE AVE N,98109,https://services.seattle.gov/portal/customize/LinkToRecord.aspx?altId=010124-23CP,True,False,False,leak,,
010229-23CP,7,2023 Aug 28 12:00:00 AM,,,Under Investigation,2156 6TH AVE W,98119,https://services.seattle.gov/portal/customize/LinkToRecord.aspx?altId=010229-23CP,False,False,True,,,rent increase
010282-23CP,7,2023 Aug 30 12:00:00 AM,,,Under Investigation,1811 Eastlake AVE,,https://services.seattle.gov/portal/customize/LinkToRecord.aspx?altId=010282-23CP,True,False,False,no water|no running water|hazard,,
010317-23CP,7,2023 Aug 30 12:00:00 AM,,,Completed,206 BELL ST,98121,https://services.seattle.gov/portal/customize/LinkToRecord.aspx?altId=010317-23CP,False,True,True,,harass|locked out,eviction notice
010362-23CP,7,2023 Aug 30 12:00:00 AM,,,Closed,819 VIRGINIA ST,98101,https://services.seattle.gov/portal/customize/LinkToRecord.aspx?altId=010362-23CP,False,False,True,,,rent increase
010395-23CP,7,2023 Aug 30 12:00:00 AM,,,Completed,315 1ST AVE W,98119,https://services.seattle.gov/portal/customize/LinkToRecord.aspx?altId=010395-23CP,True,False,False,no hot water|leak|mold,,
010559-23CP,7,2023 Sep 06 12:00:00 AM,,,Under Investigation,121 VINE ST,98121,https://services.seattle.gov/portal/customize/LinkToRecord.aspx?altId=010559-23CP,True,False,True,leak|mold,,pay or vacate
010577-23CP,7,2023 Sep 06 12:00:00 AM,,,Closed,1110 8TH AVE,98101,https://services.seattle.gov/portal/customize/LinkToRecord.aspx?altId=010577-23CP,True,True,False,leak|ceiling leak,harass|threaten,
010600-23CP,7,2023 Sep 07 12:00:00 AM,2023 Sep 08 12:00:00 AM,Completed,Completed,1811 EASTLAKE AVE,98101,https://services.seattle.gov/portal/customize/LinkToRecord.aspx?altId=010600-23CP,True,False,True,no water,,code violation
010663-23CP,7,2023 Sep 08 12:00:00 AM,,,Completed,715 2ND AVE N,98109,https://services.seattle.gov/portal/customize/LinkToRecord.aspx?altId=010663-23CP,False,False,True,,,tenant rights
010665-23CP,7,2023 Sep 08 12:00:00 AM,,,Closed,2530 15TH AVE W,98119,https://services.seattle.gov/portal/customize/LinkToRecord.aspx?altId=010665-23CP,False,True,False,,harass|threaten,
010709-23CP,7,2023 Sep 10 12:00:00 AM,,,Under Investigation,705 2ND AVE W,98119,https://services.seattle.gov/portal/customize/LinkToRecord.aspx?altId=010709-23CP,True,False,False,infestation|cockroach,,
010738-23CP,7,2023 Sep 11 12:00:00 AM,,,Completed,1521 2ND AVE,98101,https://services.seattle.gov/portal/customize/LinkToRecord.aspx?altId=010738-23CP,False,False,True,,,3 day notice
010752-23CP,7,2023 Aug 25 12:00:00 AM,,,Closed,1521 2nd AVE,98101,https://services.seattle.gov/portal/customize/LinkToRecord.aspx?altId=010752-23CP,False,False,True,,,3 day notice
010792-23CP,7,2023 Sep 11 12:00:00 AM,,,Completed,2701 3RD AVE W,98119,https://services.seattle.gov/portal/customize/LinkToRecord.aspx?altId=010792-23CP,False,False,True,,,rent increase
010851-23CP,7,2023 Sep 12 12:00:00 AM,,,Under Investigation,810 DEXTER AVE N,98109,https://services.seattle.gov/portal/customize/LinkToRecord.aspx?altId=010851-23CP,False,False,True,,,tenant rights
010876-23CP,7,2023 Sep 13 12:00:00 AM,,,Under Investigation,819 VIRGINIA ST,98101,https://services.seattle.gov/portal/customize/LinkToRecord.aspx?altId=010876-23CP,False,False,True,,,rent increase
010898-23CP,7,2023 Sep 13 12:00:00 AM,,,Completed,1811 EASTLAKE AVE,98101,https://services.seattle.gov/portal/customize/LinkToRecord.aspx?altId=010898-23CP,False,False,True,,,tenant rights
010981-23CP,7,2023 Sep 14 12:00:00 AM,,,Under Investigation,2720 3RD AVE,98121,https://services.seattle.gov/portal/customize/LinkToRecord.aspx?altId=010981-23CP,False,False,True,,,tenant rights
011075-23CP,7,2023 Sep 15 12:00:00 AM,,,Closed,2510 WESTERN AVE,98121,https://services.seattle.gov/portal/customize/LinkToRecord.aspx?altId=011075-23CP,True,True,True,mold|black mold|roaches,pota,tenant rights
011078-23CP,7,2023 Sep 15 12:00:00 AM,,,Under Investigation,656 W NICKERSON ST,98119,https://services.seattle.gov/portal/customize/LinkToRecord.aspx?altId=011078-23CP,False,False,True,,,tenant rights
011086-23CP,7,2023 Sep 18 12:00:00 AM,,,Under Investigation,2635 PROSCH AVE W,98119,https://services.seattle.gov/portal/customize/LinkToRecord.aspx?altId=011086-23CP,True,False,False,ventilation problems|odor,,
011094-23CP,7,2023 Sep 18 12:00:00 AM,,,Closed,101 W OLYMPIC PL,98119,https://services.seattle.gov/portal/customize/LinkToRecord.aspx?altId=011094-23CP,False,False,True,,,10 day notice
011100-23CP,7,2023 Sep 18 12:00:00 AM,,,Under Investigation,111 FAIRVIEW AVE N,98109,https://services.seattle.gov/portal/customize/LinkToRecord.aspx?altId=011100-23CP,False,False,True,,,security deposit
011194-23CP,7,2023 Aug 18 12:00:00 AM,,,Closed,420 WALL ST,98121,https://services.seattle.gov/portal/customize/LinkToRecord.aspx?altId=011194-23CP,False,True,False,,trao,
011405-23CP,7,2023 Sep 08 12:00:00 AM,,,Closed,2156 6TH AVE W,98119,https://services.seattle.gov/portal/customize/LinkToRecord.aspx?altId=011405-23CP,False,False,True,,,rent increase
011440-23CP,7,2023 Sep 25 12:00:00 AM,,,Closed,2510 WESTERN AVE,98121,https://services.seattle.gov/portal/customize/LinkToRecord.aspx?altId=011440-23CP,False,True,True,,pota,tenant rights
011464-23CP,7,2023 Sep 25 12:00:00 AM,2023 Sep 27 12:00:00 AM,Completed,Completed,62 CEDAR ST,98121,https://services.seattle.gov/portal/customize/LinkToRecord.aspx?altId=011464-23CP,True,True,False,leak|flooded,relocation assistance,
011736-23CP,7,2023 Oct 02 12:00:00 AM,,,Completed,2202 8TH AVE,98121,https://services.seattle.gov/portal/customize/LinkToRecord.aspx?altId=011736-23CP,False,False,True,,,rent increase
011768-23CP,7,2023 Oct 03 12:00:00 AM,,,Completed,101 W OLYMPIC PL,98119,https://services.seattle.gov/portal/customize/LinkToRecord.aspx?altId=011768-23CP,False,False,True,,,10 day notice
011969-23CP,7,2023 Oct 06 12:00:00 AM,,,Completed,101 W OLYMPIC PL,98119,https://services.seattle.gov/portal/customize/LinkToRecord.aspx?altId=011969-23CP,False,False,True,,,10-day notice
011985-23CP,7,2023 Oct 06 12:00:00 AM,,,Completed,2442 8TH AVE N,98109,https://services.seattle.gov/portal/customize/LinkToRecord.aspx?altId=011985-23CP,False,True,True,,trao,rent increase
011996-23CP,7,2023 Oct 06 12:00:00 AM,2023 Nov 13 12:00:00 AM,Completed,Completed,705 2ND AVE W,98119,https://services.seattle.gov/portal/customize/LinkToRecord.aspx?altId=011996-23CP,True,False,False,infestation|cockroach|roaches,,
012018-23CP,7,2023 Oct 08 12:00:00 AM,,,Under Investigation,1102 8TH AVE,98101,https://services.seattle.gov/portal/customize/LinkToRecord.aspx?altId=012018-23CP,True,False,False,leak|leaks|mold,,
012048-23CP,7,2023 Oct 06 12:00:00 AM,,,Under Investigation,3452 14TH AVE W,98119,https://services.seattle.gov/portal/customize/LinkToRecord.aspx?altId=012048-23CP,False,True,False,,trao,
012086-23CP,7,2023 Oct 10 12:00:00 AM,,,Closed,1526 3RD AVE,98101,https://services.seattle.gov/portal/customize/LinkToRecord.aspx?altId=012086-23CP,True,False,False,infestation|bedbug|unsafe,,
012103-23CP,7,2023 Oct 11 12:00:00 AM,,,Completed,2 SMITH ST,98109,https://services.seattle.gov/portal/customize/LinkToRecord.aspx?altId=012103-23CP,False,False,True,,,rent increase|tenant rights
012135-23CP,7,2023 Oct 11 12:00:00 AM,,,Under Investigation,1255 HARRISON ST,98109,https://services.seattle.gov/portal/customize/LinkToRecord.aspx?altId=012135-23CP,False,False,True,,,rent increase
012207-23CP,7,2023 Oct 12 12:00:00 AM,,,Completed,2911 2ND AVE,98121,https://services.seattle.gov/portal/customize/LinkToRecord.aspx?altId=012207-23CP,False,False,True,,,rent increase
012268-23CP,7,2023 Oct 13 12:00:00 AM,2023 Dec 07 12:00:00 AM,Completed,Closed,1942 WESTLAKE AVE,98101,https://services.seattle.gov/portal/customize/LinkToRecord.aspx?altId=012268-23CP,True,False,False,mold|black mold,,
012278-23CP,7,2023 Oct 13 12:00:00 AM,,,Under Investigation,3028 1ST AVE,98109,https://services.seattle.gov/portal/customize/LinkToRecord.aspx?altId=012278-23CP,False,False,True,,,security deposit
012283-23CP,7,2023 Oct 13 12:00:00 AM,,,Closed,1420 WESTERN AVE,98101,https://services.seattle.gov/portal/customize/LinkToRecord.aspx?altId=012283-23CP,False,True,False,,harass,
012308-23CP,7,2023 Oct 16 12:00:00 AM,,,Closed,1915 2ND AVE,98101,https://services.seattle.gov/portal/customize/LinkToRecord.aspx?altId=012308-23CP,False,False,True,,,3 day notice
012309-23CP,7,2023 Oct 13 12:00:00 AM,,,Completed,420 WALL ST,98121,https://services.seattle.gov/portal/customize/LinkToRecord.aspx?altId=012309-23CP,True,False,False,asbestos,,
012333-23CP,7,2023 Oct 16 12:00:00 AM,,,Completed,2004 DEXTER AVE N,98109,https://services.seattle.gov/portal/customize/LinkToRecord.aspx?altId=012333-23CP,True,False,False,uninhabitable,,
012378-23CP,7,2023 Oct 16 12:00:00 AM,,,Under Investigation,919 STEWART ST,98101,https://services.seattle.gov/portal/customize/LinkToRecord.aspx?altId=012378-23CP,False,True,True,,locked out,tenant rights
012500-23CP,7,2023 Oct 19 12:00:00 AM,,,Completed,3016 1ST AVE,98121,https://services.seattle.gov/portal/customize/LinkToRecord.aspx?altId=012500-23CP,False,False,True,,,10 day notice
012520-23CP,7,2023 Oct 19 12:00:00 AM,2023 Oct 25 12:00:00 AM,Completed,Under Investigation,714 7TH AVE,98104,https://services.seattle.gov/portal/customize/LinkToRecord.aspx?altId=012520-23CP,True,True,False,leak,retaliat,
012553-23CP,7,2023 Oct 20 12:00:00 AM,,,Under Investigation,424 MINOR AVE N,98109,https://services.seattle.gov/portal/customize/LinkToRecord.aspx?altId=012553-23CP,False,False,True,,,tenant rights
012566-23CP,7,2023 Oct 20 12:00:00 AM,,,Completed,820 LENORA ST,98121,https://services.seattle.gov/portal/customize/LinkToRecord.aspx?altId=012566-23CP,False,False,True,,,10 day notice
012645-23CP,7,2023 Oct 23 12:00:00 AM,,,Completed,1251 TAYLOR AVE N,98109,https://services.seattle.gov/portal/customize/LinkToRecord.aspx?altId=012645-23CP,False,True,False,,threaten|retaliat,
012688-23CP,7,2023 Oct 24 12:00:00 AM,,,Closed,1251 TAYLOR AVE N,98109,https://services.seattle.gov/portal/customize/LinkToRecord.aspx?altId=012688-23CP,False,False,True,,,vacate notice
012701-23CP,7,2023 Oct 24 12:00:00 AM,,,Completed,901 W MCGRAW ST,,https://services.seattle.gov/portal/customize/LinkToRecord.aspx?altId=012701-23CP,False,False,True,,,rent increase
012704-23CP,7,2023 Oct 24 12:00:00 AM,,,Completed,2221 GILMAN DR W,98119,https://services.seattle.gov/portal/customize/LinkToRecord.aspx?altId=012704-23CP,False,False,True,,,rent increase
012753-23CP,7,2023 Oct 25 12:00:00 AM,,,Closed,600 W OLYMPIC PL,98119,https://services.seattle.gov/portal/customize/LinkToRecord.aspx?altId=012753-23CP,True,False,False,no hot water,,
012834-23CP,7,2023 Oct 26 12:00:00 AM,2023 Nov 02 12:00:00 AM,Completed,Completed,1902 2ND AVE,98101,https://services.seattle.gov/portal/customize/LinkToRecord.aspx?altId=012834-23CP,True,True,True,no hot water,pota,rent increase
012887-23CP,7,2023 Oct 29 12:00:00 AM,,,Under Investigation,3010 1ST AVE,98121,https://services.seattle.gov/portal/customize/LinkToRecord.aspx?altId=012887-23CP,True,False,False,garbage,,
012893-23CP,7,2023 Oct 29 12:00:00 AM,,,Closed,2014 FAIRVIEW AVE,98121,https://services.seattle.gov/portal/customize/LinkToRecord.aspx?altId=012893-23CP,True,False,False,leak|leaking,,
012908-23CP,7,2023 Oct 30 12:00:00 AM,,,Closed,1823 TERRY AVE,98101,https://services.seattle.gov/portal/customize/LinkToRecord.aspx?altId=012908-23CP,True,False,False,no heat,,
012942-23CP,7,2023 Oct 31 12:00:00 AM,,,Completed,2312 W PLYMOUTH ST,98199,https://services.seattle.gov/portal/customize/LinkToRecord.aspx?altId=012942-23CP,True,False,False,flooded,,
012949-23CP,7,2023 Oct 31 12:00:00 AM,,,Completed,2839 14TH AVE W,98119,https://services.seattle.gov/portal/customize/LinkToRecord.aspx?altId=012949-23CP,False,False,True,,,rent increase
013070-23CP,7,2023 Nov 03 12:00:00 AM,,,Under Investigation,2226 ELLIOTT AVE,98121,https://services.seattle.gov/portal/customize/LinkToRecord.aspx?altId=013070-23CP,True,False,False,odor,,
013076-23CP,7,2023 Nov 03 12:00:00 AM,,,Completed,85 PIKE ST,98101,https://services.seattle.gov/portal/customize/LinkToRecord.aspx?altId=013076-23CP,False,False,True,,,eviction notice
013122-23CP,7,2023 Nov 06 12:00:00 AM,,,Completed,2004 DEXTER AVE N,98109,https://services.seattle.gov/portal/customize/LinkToRecord.aspx?altId=013122-23CP,True,False,False,uninhabitable,,
013128-23CP,7,2023 Nov 06 12:00:00 AM,,,Under Investigation,1740 AURORA AVE N,98109,https://services.seattle.gov/portal/customize/LinkToRecord.aspx?altId=013128-23CP,False,False,True,,,security deposit|tenant rights
013143-23CP,7,2023 Nov 06 12:00:00 AM,,,Completed,75 VINE ST,98121,https://services.seattle.gov/portal/customize/LinkToRecord.aspx?altId=013143-23CP,True,False,False,flooding|flooded,,
013216-23CP,7,2023 Oct 31 12:00:00 AM,,,Under Investigation,1102 8TH AVE,98101,https://services.seattle.gov/portal/customize/LinkToRecord.aspx?altId=013216-23CP,False,False,True,,,security deposit
013236-23CP,7,2023 Nov 08 12:00:00 AM,,,Completed,1255 HARRISON ST,98109,https://services.seattle.gov/portal/customize/LinkToRecord.aspx?altId=013236-23CP,False,False,True,,,rent increase|vacate notice
013349-23CP,7,2023 Nov 10 12:00:00 AM,,,Closed,1102 8TH AVE,98101,https://services.seattle.gov/portal/customize/LinkToRecord.aspx?altId=013349-23CP,False,False,True,,,rent increase
013350-23CP,7,2023 Nov 09 12:00:00 AM,,,Completed,2004 DEXTER AVE N,98109,https://services.seattle.gov/portal/customize/LinkToRecord.aspx?altId=013350-23CP,False,True,False,,relocation assistance,
013396-23CP,7,2023 Nov 13 12:00:00 AM,,,Under Investigation,1808 MINOR AVE,98101,https://services.seattle.gov/portal/customize/LinkToRecord.aspx?altId=013396-23CP,False,False,True,,,tenant rights|just cause
013531-23CP,7,2023 Nov 16 12:00:00 AM,,,Completed,809 OLIVE WAY,98101,https://services.seattle.gov/portal/customize/LinkToRecord.aspx?altId=013531-23CP,False,False,True,,,notice to vacate
013539-23CP,7,2023 Nov 16 12:00:00 AM,,,Completed,1902 2ND AVE,98101,https://services.seattle.gov/portal/customize/LinkToRecord.aspx?altId=013539-23CP,False,True,True,,pota,tenant rights
013666-23CP,7,2023 Nov 20 12:00:00 AM,,,Under Investigation,5 W ROY ST,98109,https://services.seattle.gov/portal/customize/LinkToRecord.aspx?altId=013666-23CP,False,False,True,,,tenant rights
013782-23CP,7,2023 Nov 22 12:00:00 AM,,,Under Investigation,2202 8TH AVE,98121,https://services.seattle.gov/portal/customize/LinkToRecord.aspx?altId=013782-23CP,False,False,True,,,tenant rights
013784-23CP,7,2023 Nov 22 12:00:00 AM,,,Completed,2106 8TH AVE W,98119,https://services.seattle.gov/portal/customize/LinkToRecord.aspx?altId=013784-23CP,False,False,True,,,rent increase
013791-23CP,7,2023 Nov 27 12:00:00 AM,,,Under Investigation,210 8TH AVE N,98109,https://services.seattle.gov/portal/customize/LinkToRecord.aspx?altId=013791-23CP,True,False,False,unsafe,,
013809-23CP,7,2023 Nov 27 12:00:00 AM,,,Under Investigation,533 3RD AVE W,98119,https://services.seattle.gov/portal/customize/LinkToRecord.aspx?altId=013809-23CP,False,False,True,,,rent increase
013873-23CP,7,2023 Nov 27 12:00:00 AM,,,Under Investigation,2701 3RD AVE W,98119,https://services.seattle.gov/portal/customize/LinkToRecord.aspx?altId=013873-23CP,False,False,True,,,security deposit
013884-23CP,7,2023 Nov 29 12:00:00 AM,,,Completed,201 W OLYMPIC PL,98119,https://services.seattle.gov/portal/customize/LinkToRecord.aspx?altId=013884-23CP,True,False,False,leak|asbestos,,
013963-23CP,7,2023 Dec 01 12:00:00 AM,,,Under Investigation,903 9TH AVE,98104,https://services.seattle.gov/portal/customize/LinkToRecord.aspx?altId=013963-23CP,False,True,True,,pota,tenant rights
013966-23CP,7,2023 Dec 01 12:00:00 AM,,,Completed,702 SPRING ST,98101,https://services.seattle.gov/portal/customize/LinkToRecord.aspx?altId=013966-23CP,False,False,True,,,rent increase
014022-23CP,7,2023 Dec 04 12:00:00 AM,,,Under Investigation,1624 BOREN AVE,98101,https://services.seattle.gov/portal/customize/LinkToRecord.aspx?altId=014022-23CP,False,True,True,,pota,tenant rights
014091-23CP,7,2023 Dec 05 12:00:00 AM,2024 Jan 31 12:00:00 AM,Completed,Completed,22 JOHN ST,98109,https://services.seattle.gov/portal/customize/LinkToRecord.aspx?altId=014091-23CP,False,True,True,,harass,raised my rent
014136-23CP,7,2023 Dec 06 12:00:00 AM,,,Completed,1102 8TH AVE,98101,https://services.seattle.gov/portal/customize/LinkToRecord.aspx?altId=014136-23CP,False,False,True,,,tenant rights
014156-23CP,7,2023 Dec 06 12:00:00 AM,2024 Jan 24 12:00:00 AM,Completed,Completed,600 7TH AVE,98104,https://services.seattle.gov/portal/customize/LinkToRecord.aspx?altId=014156-23CP,True,False,False,unsafe|structural|fumes|paint fumes|odour,,
014339-23CP,7,2023 Dec 10 12:00:00 AM,2024 Jan 23 12:00:00 AM,Completed,Completed,2803 QUEEN ANNE AVE N,98109,https://services.seattle.gov/portal/customize/LinkToRecord.aspx?altId=014339-23CP,True,False,True,mold|black mold,,tenant rights
014348-23CP,7,2023 Dec 11 12:00:00 AM,,,Under Investigation,901 6TH AVE,98104,https://services.seattle.gov/portal/customize/LinkToRecord.aspx?altId=014348-23CP,False,False,True,,,rent increase
014425-23CP,7,2023 Dec 12 12:00:00 AM,,,Completed,224 PONTIUS AVE N,98109,https://services.seattle.gov/portal/customize/LinkToRecord.aspx?altId=014425-23CP,False,False,True,,,security deposit
014456-23CP,7,2023 Dec 13 12:00:00 AM,,,Completed,1922 9TH AVE,98101,https://services.seattle.gov/portal/customize/LinkToRecord.aspx?altId=014456-23CP,False,True,False,,locked out,
014462-23CP,7,2023 Dec 13 12:00:00 AM,,,Completed,3040 17TH AVE W,98119,https://services.seattle.gov/portal/customize/LinkToRecord.aspx?altId=014462-23CP,False,False,True,,,tenant rights
014480-23CP,7,2023 Dec 13 12:00:00 AM,,,Under Investigation,1222 TAYLOR AVE N,98109,https://services.seattle.gov/portal/customize/LinkToRecord.aspx?altId=014480-23CP,False,False,True,,,tenant rights
014514-23CP,7,2023 Dec 14 12:00:00 AM,,,Under Investigation,855 W NICKERSON ST,98119,https://services.seattle.gov/portal/customize/LinkToRecord.aspx?altId=014514-23CP,True,True,True,leak|leaks,pota,tenant rights
014585-23CP,7,2023 Dec 18 12:00:00 AM,,,Closed,800 1ST AVE N,98109,https://services.seattle.gov/portal/customize/LinkToRecord.aspx?altId=014585-23CP,True,False,False,leak|ceiling leak|mold|black mold,,
014602-23CP,7,2023 Dec 18 12:00:00 AM,,,Completed,420 PONTIUS AVE N,98109,https://services.seattle.gov/portal/customize/LinkToRecord.aspx?altId=014602-23CP,False,False,True,,,rent increase
014609-23CP,7,2023 Dec 18 12:00:00 AM,,,Under Investigation,1280 HARRISON ST,98109,https://services.seattle.gov/portal/customize/LinkToRecord.aspx?altId=014609-23CP,False,False,True,,,rent increase
014632-23CP,7,2023 Dec 19 12:00:00 AM,,,Completed,910 8TH AVE,98104,https://services.seattle.gov/portal/customize/LinkToRecord.aspx?altId=014632-23CP,False,False,True,,,rent increase
014777-23CP,7,2023 Dec 22 12:00:00 AM,,,Under Investigation,624 YALE AVE N,98109,https://services.seattle.gov/portal/customize/LinkToRecord.aspx?altId=014777-23CP,False,True,False,,harass,
014839-23CP,7,2023 Dec 28 12:00:00 AM,2024 Jan 02 12:00:00 AM,No Access/Unable to Observe,Completed,762 HAYES ST,98109,https://services.seattle.gov/portal/customize/LinkToRecord.aspx?altId=014839-23CP,False,True,False,,relocation assistance,
014843-23CP,7,2023 Dec 28 12:00:00 AM,,,Completed,1425 5TH AVE N,98109,https://services.seattle.gov/portal/customize/LinkToRecord.aspx?altId=014843-23CP,False,False,True,,,tenant rights
014864-23CP,7,2023 Dec 29 12:00:00 AM,,,Completed,430 MINOR AVE N,98109,https://services.seattle.gov/portal/customize/LinkToRecord.aspx?altId=014864-23CP,False,False,True,,,tenant rights
000151-24CP,7,2024 Jan 02 12:00:00 AM,,,Completed,1040 ELLIOTT AVE W,98119,https://services.seattle.gov/portal/customize/LinkToRecord.aspx?altId=000151-24CP,False,False,True,,,tenant rights
000174-24CP,7,2024 Jan 03 12:00:00 AM,,,Under Investigation,2655 14th AVE W,,https://services.seattle.gov/portal/customize/LinkToRecord.aspx?altId=000174-24CP,False,False,True,,,eviction notice
000187-24CP,7,2024 Jan 03 12:00:00 AM,,,Closed,820 BLANCHARD ST,98121,https://services.seattle.gov/portal/customize/LinkToRecord.aspx?altId=000187-24CP,True,False,False,leak|leaking,,
000212-24CP,7,2024 Jan 04 12:00:00 AM,,,Under Investigation,2230 4TH AVE,98121,https://services.seattle.gov/portal/customize/LinkToRecord.aspx?altId=000212-24CP,False,False,True,,,security deposit
000230-24CP,7,2024 Jan 04 12:00:00 AM,,,Under Investigation,903 9TH AVE,98104,https://services.seattle.gov/portal/customize/LinkToRecord.aspx?altId=000230-24CP,True,False,False,uninhabitable,,
000306-24CP,7,2024 Jan 08 12:00:00 AM,,,Completed,1040 ELLIOTT AVE W,98119,https://services.seattle.gov/portal/customize/LinkToRecord.aspx?altId=000306-24CP,False,True,False,,trao,
000355-24CP,7,2024 Jan 08 12:00:00 AM,,,Completed,23 W GALER ST,98119,https://services.seattle.gov/portal/customize/LinkToRecord.aspx?altId=000355-24CP,False,False,True,,,rent increase
000507-24CP,7,2024 Jan 12 12:00:00 AM,,,Completed,2720 4TH AVE,98121,https://services.seattle.gov/portal/customize/LinkToRecord.aspx?altId=000507-24CP,False,False,True,,,rent increase
000527-24CP,7,2024 Jan 14 12:00:00 AM,,,Completed,600 7TH AVE,98104,https://services.seattle.gov/portal/customize/LinkToRecord.aspx?altId=000527-24CP,True,False,False,leak|flooded,,
000579-24CP,7,2024 Jan 16 12:00:00 AM,,,Under Investigation,524 6TH AVE W,98119,https://services.seattle.gov/portal/customize/LinkToRecord.aspx?altId=000579-24CP,False,False,True,,,rent increase
000590-24CP,7,2024 Jan 16 12:00:00 AM,,,Completed,22 JOHN ST,98109,https://services.seattle.gov/portal/customize/LinkToRecord.aspx?altId=000590-24CP,False,True,True,,harass|threaten,tenant rights
000635-24CP,7,2024 Jan 16 12:00:00 AM,,,Closed,2122 8TH AVE N,98109,https://services.seattle.gov/portal/customize/LinkToRecord.aspx?altId=000635-24CP,True,True,True,leak|leaking|roof leak|mold|black mold,pota,tenant rights
000741-24CP,7,2024 Jan 18 12:00:00 AM,,,Under Investigation,420 PONTIUS AVE N,98109,https://services.seattle.gov/portal/customize/LinkToRecord.aspx?altId=000741-24CP,True,True,True,no hot water,pota,tenant rights
000792-24CP,7,2024 Jan 19 12:00:00 AM,,,Under Investigation,400 BOREN AVE N,98109,https://services.seattle.gov/portal/customize/LinkToRecord.aspx?altId=000792-24CP,False,False,True,,,security deposit
000793-24CP,7,2024 Jan 19 12:00:00 AM,,,Under Investigation,1900 ALASKAN WAY,98101,https://services.seattle.gov/portal/customize/LinkToRecord.aspx?altId=000793-24CP,False,True,True,,pota,tenant rights
000815-24CP,7,2024 Jan 22 12:00:00 AM,,,Under Investigation,2929 1ST AVE,98121,https://services.seattle.gov/portal/customize/LinkToRecord.aspx?altId=000815-24CP,False,False,True,,,rent increase
000818-24CP,7,2024 Jan 22 12:00:00 AM,,,Completed,255 LENORA ST,98121,https://services.seattle.gov/portal/customize/LinkToRecord.aspx?altId=000818-24CP,True,False,True,flooding,,tenant rights
000822-24CP,7,2024 Jan 22 12:00:00 AM,,,Completed,255 LENORA ST,98121,https://services.seattle.gov/portal/customize/LinkToRecord.aspx?altId=000822-24CP,False,False,True,,,tenant rights
000826-24CP,7,2024 Jan 22 12:00:00 AM,,,Under Investigation,702 SPRING ST,98101,https://services.seattle.gov/portal/customize/LinkToRecord.aspx?altId=000826-24CP,False,True,False,,pota,
000837-24CP,7,2024 Jan 22 12:00:00 AM,,,Closed,801 PINE ST,98101,https://services.seattle.gov/portal/customize/LinkToRecord.aspx?altId=000837-24CP,True,False,False,leak|leaking|mold,,
000838-24CP,7,2024 Jan 22 12:00:00 AM,2024 Feb 13 12:00:00 AM,Completed,Under Investigation,2527 13TH AVE W,98119,https://services.seattle.gov/portal/customize/LinkToRecord.aspx?altId=000838-24CP,True,False,False,no water|rats,,
000849-24CP,7,2024 Jan 22 12:00:00 AM,,,Closed,2020 TERRY AVE,98121,https://services.seattle.gov/portal/customize/LinkToRecord.aspx?altId=000849-24CP,False,True,True,,pota,tenant rights
000861-24CP,7,2024 Jan 23 12:00:00 AM,,,Completed,1221 TAYLOR AVE N,98109,https://services.seattle.gov/portal/customize/LinkToRecord.aspx?altId=000861-24CP,True,True,False,leak|leaking,pota,
1057573-VI,7,2024 Jan 23 12:00:00 AM,,,Warning,2720 4TH AVE,98121,https://services.seattle.gov/portal/customize/LinkToRecord.aspx?altId=1057573-VI,False,False,True,,,rent increase
000891-24CP,7,2024 Jan 23 12:00:00 AM,,,Completed,2300 ELLIOTT AVE,98121,https://services.seattle.gov/portal/customize/LinkToRecord.aspx?altId=000891-24CP,False,False,True,,,rent increase
000924-24CP,7,2024 Jan 24 12:00:00 AM,,,Under Investigation,1823 TERRY AVE,98101,https://services.seattle.gov/portal/customize/LinkToRecord.aspx?altId=000924-24CP,True,False,False,leak,,
000925-24CP,7,2024 Jan 23 12:00:00 AM,,,Under Investigation,1820 MINOR AVE,98101,https://services.seattle.gov/portal/customize/LinkToRecord.aspx?altId=000925-24CP,False,True,False,,trao,
000930-24CP,7,2024 Jan 24 12:00:00 AM,,,Under Investigation,321 W MCGRAW ST,98119,https://services.seattle.gov/portal/customize/LinkToRecord.aspx?altId=000930-24CP,False,False,True,,,rent increase
000954-24CP,7,2024 Jan 24 12:00:00 AM,,,Under Investigation,326 QUEEN ANNE AVE N,98109,https://services.seattle.gov/portal/customize/LinkToRecord.aspx?altId=000954-24CP,True,True,False,leak,relocation assistance,
001032-24CP,7,2024 Jan 26 12:00:00 AM,,,Under Investigation,14 HOWE ST,98109,https://services.seattle.gov/portal/customize/LinkToRecord.aspx?altId=001032-24CP,False,False,True,,,rent increase
001045-24CP,7,2024 Jan 26 12:00:00 AM,2024 Feb 26 12:00:00 AM,Completed,Under Investigation,3819 13TH AVE W,98119,https://services.seattle.gov/portal/customize/LinkToRecord.aspx?altId=001045-24CP,True,False,False,leak|leaking,,
001067-24CP,7,2024 Jan 26 12:00:00 AM,,,Under Investigation,626 W MERCER PL,98119,https://services.seattle.gov/portal/customize/LinkToRecord.aspx?altId=001067-24CP,False,False,True,,,rent increase
001119-24CP,7,2024 Jan 26 12:00:00 AM,,,Under Investigation,1820 MINOR AVE,98101,https://services.seattle.gov/portal/customize/LinkToRecord.aspx?altId=001119-24CP,False,True,True,,trao,tenant rights
001179-24CP,7,2024 Jan 29 12:00:00 AM,2024 Jun 06 12:00:00 AM,Completed,Under Investigation,1811 EASTLAKE AVE,98101,https://services.seattle.gov/portal/customize/LinkToRecord.aspx?altId=001179-24CP,True,False,False,odor|garbage,,
001185-24CP,7,2024 Jan 29 12:00:00 AM,,,Completed,2558 DEXTER AVE N,98109,https://services.seattle.gov/portal/customize/LinkToRecord.aspx?altId=001185-24CP,False,False,True,,,rent increase
001187-24CP,7,2024 Jan 26 12:00:00 AM,,,Under Investigation,14 HOWE ST,98109,https://services.seattle.gov/portal/customize/LinkToRecord.aspx?altId=001187-24CP,True,False,False,flooded,,
001277-24CP,7,2024 Jan 31 12:00:00 AM,,,Under Investigation,214 W MCGRAW ST,98119,https://services.seattle.gov/portal/customize/LinkToRecord.aspx?altId=001277-24CP,True,False,False,odor,,
001304-24CP,7,2024 Jan 30 12:00:00 AM,,,Under Investigation,1624 BOREN AVE,98101,https://services.seattle.gov/portal/customize/LinkToRecord.aspx?altId=001304-24CP,False,True,True,,pota,tenant rights
001307-24CP,7,2024 Jan 31 12:00:00 AM,,,Under Investigation,1820 MINOR AVE,98101,https://services.seattle.gov/portal/customize/LinkToRecord.aspx?altId=001307-24CP,False,True,True,,trao,tenant rights
001339-24CP,7,2024 Feb 01 12:00:00 AM,,,Under Investigation,900 LENORA ST,98121,https://services.seattle.gov/portal/customize/LinkToRecord.aspx?altId=001339-24CP,False,False,True,,,tenant rights
001371-24CP,7,2024 Feb 02 12:00:00 AM,,,Under Investigation,1942 WESTLAKE AVE,98101,https://services.seattle.gov/portal/customize/LinkToRecord.aspx?altId=001371-24CP,False,False,True,,,20 day notice
001423-24CP,7,2024 Feb 02 12:00:00 AM,,,Under Investigation,1215 10TH AVE W,98119,https://services.seattle.gov/portal/customize/LinkToRecord.aspx?altId=001423-24CP,False,False,True,,,tenant rights
001498-24CP,7,2024 Feb 06 12:00:00 AM,,,Completed,706 UNION ST,98101,https://services.seattle.gov/portal/customize/LinkToRecord.aspx?altId=001498-24CP,False,False,True,,,security deposit|deposit not returned|withholding deposit
001551-24CP,7,2024 Feb 07 12:00:00 AM,,,Under Investigation,701 GALER ST,98109,https://services.seattle.gov/portal/customize/LinkToRecord.aspx?altId=001551-24CP,True,False,False,mold,,
001622-24CP,7,2024 Feb 08 12:00:00 AM,,,Under Investigation,1820 MINOR AVE,98101,https://services.seattle.gov/portal/customize/LinkToRecord.aspx?altId=001622-24CP,False,True,True,,trao,tenant rights
001678-24CP,7,2024 Feb 12 12:00:00 AM,,,Under Investigation,2801 WESTERN AVE,98121,https://services.seattle.gov/portal/customize/LinkToRecord.aspx?altId=001678-24CP,False,True,False,,harass,
001692-24CP,7,2024 Feb 09 12:00:00 AM,,,Under Investigation,901 8TH AVE,98104,https://services.seattle.gov/portal/customize/LinkToRecord.aspx?altId=001692-24CP,False,False,True,,,tenant rights
001773-24CP,7,2024 Feb 13 12:00:00 AM,,,Completed,3230 16TH AVE W,98119,https://services.seattle.gov/portal/customize/LinkToRecord.aspx?altId=001773-24CP,False,False,True,,,billed for water
001779-24CP,7,2024 Feb 14 12:00:00 AM,,,Completed,2315 W BOSTON ST,98199,https://services.seattle.gov/portal/customize/LinkToRecord.aspx?altId=001779-24CP,False,False,True,,,rent increase
001805-24CP,7,2024 Feb 14 12:00:00 AM,,,Under Investigation,315 W ROY ST,98119,https://services.seattle.gov/portal/customize/LinkToRecord.aspx?altId=001805-24CP,True,False,False,infestation,,
001892-24CP,7,2024 Feb 16 12:00:00 AM,2024 Jul 02 12:00:00 AM,Completed,Completed,206 5TH AVE N,98109,https://services.seattle.gov/portal/customize/LinkToRecord.aspx?altId=001892-24CP,True,True,False,no ventilation,threaten,
001935-24CP,7,2024 Feb 15 12:00:00 AM,,,Under Investigation,66 BELL ST,98121,https://services.seattle.gov/portal/customize/LinkToRecord.aspx?altId=001935-24CP,False,True,True,,trao,tenant rights
001951-24CP,7,2024 Feb 20 12:00:00 AM,,,Under Investigation,2014 TERRY AVE,98121,https://services.seattle.gov/portal/customize/LinkToRecord.aspx?altId=001951-24CP,False,False,True,,,tenant rights
001955-24CP,7,2024 Feb 20 12:00:00 AM,,,Closed,2 SMITH ST,98109,https://services.seattle.gov/portal/customize/LinkToRecord.aspx?altId=001955-24CP,False,False,True,,,rent increase
001982-24CP,7,2024 Feb 20 12:00:00 AM,2024 May 10 12:00:00 AM,Completed,Completed,2319 1ST AVE,98121,https://services.seattle.gov/portal/customize/LinkToRecord.aspx?altId=001982-24CP,True,False,True,mold,,security deposit
001987-24CP,7,2024 Feb 21 12:00:00 AM,,,Completed,1305 DEXTER AVE N,98109,https://services.seattle.gov/portal/customize/LinkToRecord.aspx?altId=001987-24CP,False,False,True,,,rent increase
002031-24CP,7,2024 Feb 22 12:00:00 AM,,,Under Investigation,701 GALER ST,98109,https://services.seattle.gov/portal/customize/LinkToRecord.aspx?altId=002031-24CP,True,False,False,leak|leaks|mold,,
002057-24CP,7,2024 Feb 22 12:00:00 AM,,,Under Investigation,1716 WARREN AVE N,98109,https://services.seattle.gov/portal/customize/LinkToRecord.aspx?altId=002057-24CP,True,False,False,uninhabitable|asbestos,,
002176-24CP,7,2024 Feb 26 12:00:00 AM,,,Closed,94 BAY ST,98109,https://services.seattle.gov/portal/customize/LinkToRecord.aspx?altId=002176-24CP,True,False,False,garbage,,
002178-24CP,7,2024 Feb 23 12:00:00 AM,,,Under Investigation,215 BOREN AVE N,98109,https://services.seattle.gov/portal/customize/LinkToRecord.aspx?altId=002178-24CP,False,False,True,,,tenant rights
002260-24CP,7,2024 Feb 28 12:00:00 AM,,,Under Investigation,588 BELL ST,98121,https://services.seattle.gov/portal/customize/LinkToRecord.aspx?altId=002260-24CP,False,False,True,,,rent increase
002272-24CP,7,2024 Feb 28 12:00:00 AM,,,Under Investigation,80 STEWART ST,98101,https://services.seattle.gov/portal/customize/LinkToRecord.aspx?altId=002272-24CP,False,True,False,,harass,
002279-24CP,7,2024 Feb 28 12:00:00 AM,,,Closed,1600 DEXTER AVE N,98109,https://services.seattle.gov/portal/customize/LinkToRecord.aspx?altId=002279-24CP,False,False,True,,,rent increase
002331-24CP,7,2024 Feb 29 12:00:00 AM,,,Under Investigation,2212 1ST AVE,98121,https://services.seattle.gov/portal/customize/LinkToRecord.aspx?altId=002331-24CP,False,False,True,,,rrio
002345-24CP,7,2024 Mar 01 12:00:00 AM,,,Completed,2706 WESTLAKE AVE N,98109,https://services.seattle.gov/portal/customize/LinkToRecord.aspx?altId=002345-24CP,False,False,True,,,rent increase
002412-24CP,7,2024 Mar 04 12:00:00 AM,,,Completed,2030 8TH AVE,98121,https://services.seattle.gov/portal/customize/LinkToRecord.aspx?altId=002412-24CP,False,True,False,,trao,
002421-24CP,7,2024 Mar 04 12:00:00 AM,,,Under Investigation,2400 4TH AVE,98121,https://services.seattle.gov/portal/customize/LinkToRecord.aspx?altId=002421-24CP,True,False,False,flooding|uninhabitable,,
002450-24CP,7,2024 Mar 05 12:00:00 AM,,,Completed,809 OLIVE WAY,98101,https://services.seattle.gov/portal/customize/LinkToRecord.aspx?altId=002450-24CP,False,True,True,,retaliat,tenant rights
002479-24CP,7,2024 Mar 05 12:00:00 AM,,,Completed,315 W ROY ST,98119,https://services.seattle.gov/portal/customize/LinkToRecord.aspx?altId=002479-24CP,True,False,True,unsanitary,,rent increase
002482-24CP,7,2024 Mar 05 12:00:00 AM,,,Closed,620 COMSTOCK ST,98109,https://services.seattle.gov/portal/customize/LinkToRecord.aspx?altId=002482-24CP,False,False,True,,,rent increase
002495-24CP,7,2024 Mar 04 12:00:00 AM,,,Under Investigation,2204 1ST AVE,98121,https://services.seattle.gov/portal/customize/LinkToRecord.aspx?altId=002495-24CP,False,False,True,,,tenant rights
002530-24CP,7,2024 Mar 06 12:00:00 AM,2024 May 14 12:00:00 AM,Completed,Completed,1000 1st AVE W,,https://services.seattle.gov/portal/customize/LinkToRecord.aspx?altId=002530-24CP,True,False,False,infestation|cockroach,,
002595-24CP,7,2024 Mar 07 12:00:00 AM,,,Under Investigation,624 YALE AVE N,98109,https://services.seattle.gov/portal/customize/LinkToRecord.aspx?altId=002595-24CP,False,False,True,,,rent increase
002601-24CP,7,2024 Mar 07 12:00:00 AM,,,Under Investigation,626 4TH AVE W,98119,https://services.seattle.gov/portal/customize/LinkToRecord.aspx?altId=002601-24CP,False,False,True,,,tenant rights
002610-24CP,7,2024 Mar 07 12:00:00 AM,,,Under Investigation,2415 2ND AVE,98121,https://services.seattle.gov/portal/customize/LinkToRecord.aspx?altId=002610-24CP,False,True,True,,threaten,pay or vacate|rrio
002638-24CP,7,2024 Mar 08 12:00:00 AM,,,Under Investigation,1808 MINOR AVE,98101,https://services.seattle.gov/portal/customize/LinkToRecord.aspx?altId=002638-24CP,False,False,True,,,rent increase
002705-24CP,7,2024 Mar 11 12:00:00 AM,2024 May 07 12:00:00 AM,Completed,Completed,809 OLIVE WAY,98101,https://services.seattle.gov/portal/customize/LinkToRecord.aspx?altId=002705-24CP,True,True,False,flooding,retaliat,
002808-24CP,7,2024 Mar 13 12:00:00 AM,2024 Mar 26 12:00:00 AM,Completed,Under Investigation,604 W KINNEAR PL,98119,https://services.seattle.gov/portal/customize/LinkToRecord.aspx?altId=002808-24CP,True,False,False,leak|leaks,,
002853-24CP,7,2024 Mar 14 12:00:00 AM,,,Completed,820 LENORA ST,98121,https://services.seattle.gov/portal/customize/LinkToRecord.aspx?altId=002853-24CP,False,False,True,,,rent increase
002868-24CP,7,2024 Mar 14 12:00:00 AM,,,Under Investigation,1221 1ST AVE,98101,https://services.seattle.gov/portal/customize/LinkToRecord.aspx?altId=002868-24CP,False,True,True,,pota,tenant rights
003010-24CP,7,2024 Mar 19 12:00:00 AM,,,Under Investigation,2515 4TH AVE,98121,https://services.seattle.gov/portal/customize/LinkToRecord.aspx?altId=003010-24CP,True,False,False,leak|leaking,,
003168-24CP,7,2024 Mar 18 12:00:00 AM,,,Under Investigation,2400 8TH AVE N,98109,https://services.seattle.gov/portal/customize/LinkToRecord.aspx?altId=003168-24CP,True,False,False,flooding,,
003223-24CP,7,2024 Mar 20 12:00:00 AM,,,Under Investigation,2415 8TH AVE N,98109,https://services.seattle.gov/portal/customize/LinkToRecord.aspx?altId=003223-24CP,False,True,False,,trao,
003279-24CP,7,2024 Mar 26 12:00:00 AM,,,Under Investigation,565 LEE ST,98109,https://services.seattle.gov/portal/customize/LinkToRecord.aspx?altId=003279-24CP,False,True,False,,harass,
003310-24CP,7,2024 Mar 27 12:00:00 AM,,,Under Investigation,2528 2ND AVE W,98119,https://services.seattle.gov/portal/customize/LinkToRecord.aspx?altId=003310-24CP,True,False,False,leak|leaking,,
003312-24CP,7,2024 Mar 27 12:00:00 AM,,,Under Investigation,1516 A TAYLOR AVE N,98109,https://services.seattle.gov/portal/customize/LinkToRecord.aspx?altId=003312-24CP,True,False,False,no carbon monoxide,,
003435-24CP,7,2024 Mar 31 12:00:00 AM,,,Under Investigation,1430 2ND AVE,98101,https://services.seattle.gov/portal/customize/LinkToRecord.aspx?altId=003435-24CP,False,False,True,,,utility billing
003543-24CP,7,2024 Apr 03 12:00:00 AM,2024 Apr 17 12:00:00 AM,Completed,Under Investigation,580 GALER ST,98109,https://services.seattle.gov/portal/customize/LinkToRecord.aspx?altId=003543-24CP,True,False,False,sewage|raw sewage|odor,,
003556-24CP,7,2024 Apr 03 12:00:00 AM,,,Under Investigation,535 PONTIUS AVE N,98109,https://services.seattle.gov/portal/customize/LinkToRecord.aspx?altId=003556-24CP,True,False,False,flooded,,
003564-24CP,7,2024 Apr 04 12:00:00 AM,,,Completed,2519 1ST AVE,98121,https://services.seattle.gov/portal/customize/LinkToRecord.aspx?altId=003564-24CP,False,False,True,,,pay or vacate
003649-24CP,7,2024 Apr 05 12:00:00 AM,,,Completed,1820 MINOR AVE,98101,https://services.seattle.gov/portal/customize/LinkToRecord.aspx?altId=003649-24CP,False,True,False,,trao,
003689-24CP,7,2024 Apr 08 12:00:00 AM,,,Completed,704 SPRING ST,98101,https://services.seattle.gov/portal/customize/LinkToRecord.aspx?altId=003689-24CP,True,False,False,flooding,,
003717-24CP,7,2024 Mar 27 12:00:00 AM,,,Under Investigation,2305 1ST AVE,98121,https://services.seattle.gov/portal/customize/LinkToRecord.aspx?altId=003717-24CP,True,False,True,unsafe,,tenant rights
003863-24CP,7,2024 Apr 11 12:00:00 AM,,,Completed,66 BELL ST,98121,https://services.seattle.gov/portal/customize/LinkToRecord.aspx?altId=003863-24CP,True,False,False,leak,,
003919-24CP,7,2024 Apr 12 12:00:00 AM,,,Under Investigation,701 5TH AVE N,98109,https://services.seattle.gov/portal/customize/LinkToRecord.aspx?altId=003919-24CP,False,False,True,,,security deposit
004048-24CP,7,2024 Apr 16 12:00:00 AM,,,Completed,1222 TAYLOR AVE N,98109,https://services.seattle.gov/portal/customize/LinkToRecord.aspx?altId=004048-24CP,False,False,True,,,without proper notice
004054-24CP,7,2024 Apr 15 12:00:00 AM,,,Under Investigation,2706 WESTLAKE AVE N,98109,https://services.seattle.gov/portal/customize/LinkToRecord.aspx?altId=004054-24CP,False,False,True,,,tenant rights
004055-24CP,7,2024 Apr 15 12:00:00 AM,,,Open Duplicate,3028 1ST AVE,98109,https://services.seattle.gov/portal/customize/LinkToRecord.aspx?altId=004055-24CP,False,True,True,,pota,tenant rights
004056-24CP,7,2024 Apr 16 12:00:00 AM,,,Closed,1824 8TH AVE W,98119,https://services.seattle.gov/portal/customize/LinkToRecord.aspx?altId=004056-24CP,False,False,True,,,rent increase
004171-24CP,7,2024 Apr 17 12:00:00 AM,,,Under Investigation,1600 DEXTER AVE N,98109,https://services.seattle.gov/portal/customize/LinkToRecord.aspx?altId=004171-24CP,False,False,True,,,tenant rights
004278-24CP,7,2024 Apr 22 12:00:00 AM,,,Closed,2510 WESTERN AVE,98121,https://services.seattle.gov/portal/customize/LinkToRecord.aspx?altId=004278-24CP,True,False,False,mold,,
004282-24CP,7,2024 Apr 22 12:00:00 AM,,,Under Investigation,2911 2ND AVE,98121,https://services.seattle.gov/portal/customize/LinkToRecord.aspx?altId=004282-24CP,False,False,True,,,rent increase
004309-24CP,7,2024 Apr 18 12:00:00 AM,,,Under Investigation,1600 DEXTER AVE N,98109,https://services.seattle.gov/portal/customize/LinkToRecord.aspx?altId=004309-24CP,False,False,True,,,security deposit
004319-24CP,7,2024 Apr 23 12:00:00 AM,,,Under Investigation,121 STEWART ST,98101,https://services.seattle.gov/portal/customize/LinkToRecord.aspx?altId=004319-24CP,False,False,True,,,rent increase
004460-24CP,7,2024 Apr 26 12:00:00 AM,,,Under Investigation,2121 6th AVE,,https://services.seattle.gov/portal/customize/LinkToRecord.aspx?altId=004460-24CP,True,False,False,unsafe,,
004613-24CP,7,2024 May 01 12:00:00 AM,,,Completed,306 BLANCHARD ST,98121,https://services.seattle.gov/portal/customize/LinkToRecord.aspx?altId=004613-24CP,True,False,False,unsafe,,
004642-24CP,7,2024 Apr 25 12:00:00 AM,,,Under Investigation,81 PIKE ST,98101,https://services.seattle.gov/portal/customize/LinkToRecord.aspx?altId=004642-24CP,True,False,False,flooding,,
004645-24CP,7,2024 May 01 12:00:00 AM,,,Under Investigation,1359 W ARMOUR ST,98119,https://services.seattle.gov/portal/customize/LinkToRecord.aspx?altId=004645-24CP,True,False,True,structural,,tenant rights
004668-24CP,7,2024 May 02 12:00:00 AM,,,Completed,330 W OLYMPIC PL,98119,https://services.seattle.gov/portal/customize/LinkToRecord.aspx?altId=004668-24CP,False,True,False,,retaliat,
004689-24CP,7,2024 May 02 12:00:00 AM,,,Under Investigation,2042 A 14TH AVE W,98119,https://services.seattle.gov/portal/customize/LinkToRecord.aspx?altId=004689-24CP,True,False,False,leak|leaks,,
004741-24CP,7,2024 May 04 12:00:00 AM,,,Under Investigation,101 JOHN ST,98109,https://services.seattle.gov/portal/customize/LinkToRecord.aspx?altId=004741-24CP,True,False,False,leak|leaking,,
004821-24CP,7,2024 May 07 12:00:00 AM,,,Completed,704 SPRING ST,98101,https://services.seattle.gov/portal/customize/LinkToRecord.aspx?altId=004821-24CP,True,False,False,unsafe,,
004889-24CP,7,2024 May 08 12:00:00 AM,2024 Jun 05 12:00:00 AM,Completed,Under Investigation,215 Pontius AVE N,,https://services.seattle.gov/portal/customize/LinkToRecord.aspx?altId=004889-24CP,True,False,False,unsafe|structural,,
004950-24CP,7,2024 May 10 12:00:00 AM,,,Under Investigation,610 HIGHLAND DR,98109,https://services.seattle.gov/portal/customize/LinkToRecord.aspx?altId=004950-24CP,True,False,False,rodent|garbage,,
005005-24CP,7,2024 May 13 12:00:00 AM,,,Under Investigation,2515 4TH AVE,98121,https://services.seattle.gov/portal/customize/LinkToRecord.aspx?altId=005005-24CP,True,False,False,no hot water,,
005233-24CP,7,2024 May 18 12:00:00 AM,,,Completed,809 OLIVE WAY,98101,https://services.seattle.gov/portal/customize/LinkToRecord.aspx?altId=005233-24CP,False,True,False,,retaliat,
005236-24CP,7,2024 May 18 12:00:00 AM,2024 Jul 15 12:00:00 AM,Completed,Completed,809 OLIVE WAY,98101,https://services.seattle.gov/portal/customize/LinkToRecord.aspx?altId=005236-24CP,True,False,False,leak|leaks|water damage|structural,,
005277-24CP,7,2024 May 20 12:00:00 AM,,,Completed,1420 WESTERN AVE,98101,https://services.seattle.gov/portal/customize/LinkToRecord.aspx?altId=005277-24CP,False,True,True,,harass|retaliat|pota,tenant rights
005295-24CP,7,2024 May 20 12:00:00 AM,,,Completed,1902 2ND AVE,98101,https://services.seattle.gov/portal/customize/LinkToRecord.aspx?altId=005295-24CP,False,False,True,,,eviction notice
005311-24CP,7,2024 May 10 12:00:00 AM,,,Under Investigation,2108 8TH AVE W,98119,https://services.seattle.gov/portal/customize/LinkToRecord.aspx?altId=005311-24CP,False,True,False,,retaliat,
005315-24CP,7,2024 May 20 12:00:00 AM,,,Open Duplicate,800 SENECA ST,98101,https://services.seattle.gov/portal/customize/LinkToRecord.aspx?altId=005315-24CP,False,True,True,,harass,3-day notice|just cause|just cause eviction
005355-24CP,7,2024 May 21 12:00:00 AM,,,Open Duplicate,800 SENECA ST,98101,https://services.seattle.gov/portal/customize/LinkToRecord.aspx?altId=005355-24CP,False,True,True,,harass|retaliat,discrimination
005364-24CP,7,2024 May 21 12:00:00 AM,,,Open Duplicate,800 Seneca ST,,https://services.seattle.gov/portal/customize/LinkToRecord.aspx?altId=005364-24CP,False,True,True,,harass,10-day notice|discrimination|just cause|just cause eviction
005369-24CP,7,2024 May 21 12:00:00 AM,,,Open Duplicate,800 SENECA ST,98101,https://services.seattle.gov/portal/customize/LinkToRecord.aspx?altId=005369-24CP,False,True,True,,harass,10-day notice|discrimination|just cause|just cause eviction
005373-24CP,7,2024 May 21 12:00:00 AM,,,Open Duplicate,800 SENECA ST,98101,https://services.seattle.gov/portal/customize/LinkToRecord.aspx?altId=005373-24CP,False,True,True,,harass,10-day notice|discrimination|just cause|just cause eviction
005374-24CP,7,2024 May 22 12:00:00 AM,,,Open Duplicate,800 SENECA ST,98101,https://services.seattle.gov/portal/customize/LinkToRecord.aspx?altId=005374-24CP,False,True,True,,harass,3-day notice|discrimination|just cause|just cause eviction
005375-24CP,7,2024 May 22 12:00:00 AM,,,Open Duplicate,800 SENECA ST,98101,https://services.seattle.gov/portal/customize/LinkToRecord.aspx?altId=005375-24CP,False,True,True,,harass,discrimination
005410-24CP,7,2024 May 22 12:00:00 AM,,,Under Investigation,1420 2ND AVE,98101,https://services.seattle.gov/portal/customize/LinkToRecord.aspx?altId=005410-24CP,False,False,True,,,rent increase|without proper notice
005450-24CP,7,2024 May 23 12:00:00 AM,,,Under Investigation,704 SPRING ST,98101,https://services.seattle.gov/portal/customize/LinkToRecord.aspx?altId=005450-24CP,True,True,False,flooded|mold,forced out,
005497-24CP,7,2024 May 24 12:00:00 AM,,,Completed,2305 1ST AVE,98121,https://services.seattle.gov/portal/customize/LinkToRecord.aspx?altId=005497-24CP,True,False,False,leak|mold,,
005571-24CP,7,2024 May 28 12:00:00 AM,,,Completed,1255 HARRISON ST,98109,https://services.seattle.gov/portal/customize/LinkToRecord.aspx?altId=005571-24CP,False,False,True,,,eviction notice
005628-24CP,7,2024 May 29 12:00:00 AM,,,Under Investigation,711 2ND AVE N,98109,https://services.seattle.gov/portal/customize/LinkToRecord.aspx?altId=005628-24CP,False,True,False,,harass,
005702-24CP,7,2024 May 30 12:00:00 AM,,,Completed,255 LENORA ST,98121,https://services.seattle.gov/portal/customize/LinkToRecord.aspx?altId=005702-24CP,False,False,True,,,tenant rights
005743-24CP,7,2024 May 31 12:00:00 AM,2024 Sep 11 12:00:00 AM,Completed,Closed,306 BLANCHARD ST,98121,https://services.seattle.gov/portal/customize/LinkToRecord.aspx?altId=005743-24CP,True,False,False,cockroach|roaches,,
006090-24CP,7,2024 Jun 10 12:00:00 AM,,,Under Investigation,1000 1ST AVE W,98119,https://services.seattle.gov/portal/customize/LinkToRecord.aspx?altId=006090-24CP,True,False,True,infestation,,rent increase
006120-24CP,7,2024 Jun 10 12:00:00 AM,,,Closed,223 TAYLOR AVE N,98109,https://services.seattle.gov/portal/customize/LinkToRecord.aspx?altId=006120-24CP,False,False,True,,,tenant rights
006244-24CP,7,2024 Jun 13 12:00:00 AM,,,Completed,2315 W BOSTON ST,98199,https://services.seattle.gov/portal/customize/LinkToRecord.aspx?altId=006244-24CP,False,False,True,,,rent increase
006263-24CP,7,2024 Jun 12 12:00:00 AM,,,Closed,111 CEDAR ST,98121,https://services.seattle.gov/portal/customize/LinkToRecord.aspx?altId=006263-24CP,True,False,True,infestation,,entered without notice
006732-24CP,7,2024 Jun 20 12:00:00 AM,,,Under Investigation,714 7TH AVE,98104,https://services.seattle.gov/portal/customize/LinkToRecord.aspx?altId=006732-24CP,False,False,True,,,tenant rights
006846-24CP,7,2024 Jun 26 12:00:00 AM,,,Closed,1518 WARREN AVE N,98109,https://services.seattle.gov/portal/customize/LinkToRecord.aspx?altId=006846-24CP,False,False,True,,,tenant rights
006912-24CP,7,2024 Jun 21 12:00:00 AM,,,Closed,255 LENORA ST,98121,https://services.seattle.gov/portal/customize/LinkToRecord.aspx?altId=006912-24CP,True,False,False,water damage,,
007017-24CP,7,2024 Jun 28 12:00:00 AM,,,Completed,888 WESTERN AVE,98104,https://services.seattle.gov/portal/customize/LinkToRecord.aspx?altId=007017-24CP,True,False,False,leak,,
007030-24CP,7,2024 Jun 29 12:00:00 AM,2024 Aug 07 12:00:00 AM,Completed,Completed,307 QUEEN ANNE AVE N,98109,https://services.seattle.gov/portal/customize/LinkToRecord.aspx?altId=007030-24CP,True,False,False,hazard|hazardous,,
007468-24CP,7,2024 Jul 11 12:00:00 AM,,,Completed,81 CLAY ST,98121,https://services.seattle.gov/portal/customize/LinkToRecord.aspx?altId=007468-24CP,False,False,True,,,tenant rights
007542-24CP,7,2024 Jul 12 12:00:00 AM,,,Closed,1511 DEXTER AVE N,98109,https://services.seattle.gov/portal/customize/LinkToRecord.aspx?altId=007542-24CP,False,False,True,,,tenant rights
007571-24CP,7,2024 Jul 15 12:00:00 AM,,,Completed,3230 16TH AVE W,98119,https://services.seattle.gov/portal/customize/LinkToRecord.aspx?altId=007571-24CP,False,False,True,,,tenant rights
007772-24CP,7,2024 Jul 18 12:00:00 AM,,,Closed,2319 1ST AVE,98121,https://services.seattle.gov/portal/customize/LinkToRecord.aspx?altId=007772-24CP,False,True,False,,harass,
007856-24CP,7,2024 Jul 21 12:00:00 AM,,,Under Investigation,800 SENECA ST,98101,https://services.seattle.gov/portal/customize/LinkToRecord.aspx?altId=007856-24CP,False,False,True,,,security deposit
007858-24CP,7,2024 Jul 21 12:00:00 AM,,,Completed,1430 2ND AVE,98101,https://services.seattle.gov/portal/customize/LinkToRecord.aspx?altId=007858-24CP,False,True,False,,relocation assistance,
007888-24CP,7,2024 Jul 22 12:00:00 AM,,,Completed,909 4TH AVE N,98109,https://services.seattle.gov/portal/customize/LinkToRecord.aspx?altId=007888-24CP,True,False,False,sewage|flooded,,
007950-24CP,7,2024 Jul 23 12:00:00 AM,,,Closed,103 VINE ST,98121,https://services.seattle.gov/portal/customize/LinkToRecord.aspx?altId=007950-24CP,False,False,True,,,tenant rights
008078-24CP,7,2024 Jul 25 12:00:00 AM,,,Closed,1420 WESTERN AVE,98101,https://services.seattle.gov/portal/customize/LinkToRecord.aspx?altId=008078-24CP,False,True,False,,harass,
008161-24CP,7,2024 Jul 27 12:00:00 AM,,,Completed,2121 6TH AVE,98121,https://services.seattle.gov/portal/customize/LinkToRecord.aspx?altId=008161-24CP,True,False,False,leak|leaks|odor,,
008184-24CP,7,2024 Jul 29 12:00:00 AM,,,Closed,2605 4TH AVE N,98109,https://services.seattle.gov/portal/customize/LinkToRecord.aspx?altId=008184-24CP,False,False,True,,,without proper notice
008186-24CP,7,2024 Jul 29 12:00:00 AM,,,Completed,2510 WESTERN AVE,98121,https://services.seattle.gov/portal/customize/LinkToRecord.aspx?altId=008186-24CP,False,True,False,,locked out,
008335-24CP,7,2024 Jul 31 12:00:00 AM,,,Closed,50 UNIVERSITY ST,98101,https://services.seattle.gov/portal/customize/LinkToRecord.aspx?altId=008335-24CP,True,False,False,no hot water,,
008540-24CP,7,2024 Aug 07 12:00:00 AM,,,Completed,919 STEWART ST,98101,https://services.seattle.gov/portal/customize/LinkToRecord.aspx?altId=008540-24CP,False,False,True,,,rent increase
008542-24CP,7,2024 Aug 06 12:00:00 AM,,,Closed,1305 QUEEN ANNE AVE N,98109,https://services.seattle.gov/portal/customize/LinkToRecord.aspx?altId=008542-24CP,False,False,True,,,rent increase
008739-24CP,7,2024 Aug 09 12:00:00 AM,,,Completed,3048 22ND AVE W,98199,https://services.seattle.gov/portal/customize/LinkToRecord.aspx?altId=008739-24CP,True,False,True,mold|black mold,,eviction notice
008767-24CP,7,2024 Aug 02 12:00:00 AM,,,Completed,403 DEXTER AVE N,98109,https://services.seattle.gov/portal/customize/LinkToRecord.aspx?altId=008767-24CP,False,False,True,,,vacate notice
009102-24CP,7,2024 Aug 16 12:00:00 AM,,,Closed,103 VINE ST,98121,https://services.seattle.gov/portal/customize/LinkToRecord.aspx?altId=009102-24CP,False,True,False,,relocation assistance,
009145-24CP,7,2024 Aug 17 12:00:00 AM,,,Completed,809 OLIVE WAY,98101,https://services.seattle.gov/portal/customize/LinkToRecord.aspx?altId=009145-24CP,True,True,False,leak|leaks,retaliat|unpermitted work,
009195-24CP,7,2024 Aug 19 12:00:00 AM,,,Closed,1902 2ND AVE,98101,https://services.seattle.gov/portal/customize/LinkToRecord.aspx?altId=009195-24CP,True,False,False,infestation,,
009245-24CP,7,2024 Aug 20 12:00:00 AM,,,Completed,1215 DEXTER AVE N,98109,https://services.seattle.gov/portal/customize/LinkToRecord.aspx?altId=009245-24CP,False,True,False,,harass,
009262-24CP,7,2024 Aug 20 12:00:00 AM,,,Completed,809 OLIVE WAY,98101,https://services.seattle.gov/portal/customize/LinkToRecord.aspx?altId=009262-24CP,False,False,True,,,utility billing
009434-24CP,7,2024 Aug 26 12:00:00 AM,,,Closed,3810 14TH AVE W,98119,https://services.seattle.gov/portal/customize/LinkToRecord.aspx?altId=009434-24CP,True,True,False,flooded,locked out|trao,
009569-24CP,7,2024 Aug 28 12:00:00 AM,,,Completed,2415 2ND AVE,98121,https://services.seattle.gov/portal/customize/LinkToRecord.aspx?altId=009569-24CP,True,False,False,leak,,
009719-24CP,7,2024 Sep 01 12:00:00 AM,,,Completed,420 PONTIUS AVE N,98109,https://services.seattle.gov/portal/customize/LinkToRecord.aspx?altId=009719-24CP,False,False,True,,,rent increase
009771-24CP,7,2024 Sep 03 12:00:00 AM,,,Closed,3428 13TH AVE W,98119,https://services.seattle.gov/portal/customize/LinkToRecord.aspx?altId=009771-24CP,False,True,False,,trao,
009835-24CP,7,2024 Sep 04 12:00:00 AM,,,Completed,2450 AURORA AVE N,98109,https://services.seattle.gov/portal/customize/LinkToRecord.aspx?altId=009835-24CP,False,False,True,,,rent increase
010609-24CP,7,2024 Sep 20 12:00:00 AM,,,Completed,1406 WESTERN AVE,98101,https://services.seattle.gov/portal/customize/LinkToRecord.aspx?altId=010609-24CP,False,False,True,,,notice to vacate
011299-24CP,7,2024 Oct 04 12:00:00 AM,,,Closed,919 STEWART ST,98101,https://services.seattle.gov/portal/customize/LinkToRecord.aspx?altId=011299-24CP,False,False,True,,,vacate notice
011684-24CP,7,2024 Oct 16 12:00:00 AM,,,Completed,3430 26TH AVE W,98199,https://services.seattle.gov/portal/customize/LinkToRecord.aspx?altId=011684-24CP,False,False,True,,,pay or vacate
011845-24CP,7,2024 Oct 17 12:00:00 AM,,,Completed,201 GALER ST,98109,https://services.seattle.gov/portal/customize/LinkToRecord.aspx?altId=011845-24CP,False,True,False,,retaliat,
011899-24CP,7,2024 Oct 18 12:00:00 AM,,,Completed,223 TAYLOR AVE N,98109,https://services.seattle.gov/portal/customize/LinkToRecord.aspx?altId=011899-24CP,False,True,False,,harass,
011924-24CP,7,2024 Oct 20 12:00:00 AM,,,Completed,702 SPRING ST,98101,https://services.seattle.gov/portal/customize/LinkToRecord.aspx?altId=011924-24CP,True,False,False,flooding,,
011950-24CP,7,2024 Oct 21 12:00:00 AM,,,Under Investigation,75 VINE ST,98121,https://services.seattle.gov/portal/customize/LinkToRecord.aspx?altId=011950-24CP,True,False,False,roaches,,
012227-24CP,7,2024 Oct 28 12:00:00 AM,,,Completed,3700 26TH PL W,98199,https://services.seattle.gov/portal/customize/LinkToRecord.aspx?altId=012227-24CP,False,False,True,,,rent increase
012368-24CP,7,2024 Nov 01 12:00:00 AM,,,Completed,1212 QUEEN ANNE AVE N,98109,https://services.seattle.gov/portal/customize/LinkToRecord.aspx?altId=012368-24CP,True,False,False,sewage|leak|leaking,,
012596-24CP,7,2024 Nov 07 12:00:00 AM,,,Completed,620 5TH AVE W,98119,https://services.seattle.gov/portal/customize/LinkToRecord.aspx?altId=012596-24CP,True,False,True,infestation,,tenant rights
012754-24CP,7,2024 Nov 12 12:00:00 AM,,,Completed,3230 16TH AVE W,98119,https://services.seattle.gov/portal/customize/LinkToRecord.aspx?altId=012754-24CP,False,False,True,,,rent increase
012775-24CP,7,2024 Nov 13 12:00:00 AM,,,Closed,22 ETRURIA ST,98109,https://services.seattle.gov/portal/customize/LinkToRecord.aspx?altId=012775-24CP,False,False,True,,,notice to vacate|security deposit
012813-24CP,7,2024 Nov 12 12:00:00 AM,,,Closed,420 PONTIUS AVE N,98109,https://services.seattle.gov/portal/customize/LinkToRecord.aspx?altId=012813-24CP,False,False,True,,,tenant rights
012814-24CP,7,2024 Nov 13 12:00:00 AM,,,Completed,224 PONTIUS AVE N,98109,https://services.seattle.gov/portal/customize/LinkToRecord.aspx?altId=012814-24CP,True,False,False,leak|uninhabitable,,
012821-24CP,7,2024 Nov 13 12:00:00 AM,,,Closed,21 W LEE ST,98119,https://services.seattle.gov/portal/customize/LinkToRecord.aspx?altId=012821-24CP,False,False,True,,,tenant rights
012928-24CP,7,2024 Nov 15 12:00:00 AM,,,Under Investigation,2053 GILMAN DR W,98119,https://services.seattle.gov/portal/customize/LinkToRecord.aspx?altId=012928-24CP,True,False,False,mold,,
013079-24CP,7,2024 Nov 20 12:00:00 AM,,,Completed,620 5TH AVE W,98119,https://services.seattle.gov/portal/customize/LinkToRecord.aspx?altId=013079-24CP,True,False,False,infestation,,
013244-24CP,7,2024 Nov 25 12:00:00 AM,,,Completed,1823 TERRY AVE,98101,https://services.seattle.gov/portal/customize/LinkToRecord.aspx?altId=013244-24CP,True,False,False,leak|uninhabitable,,
013274-24CP,7,2024 Nov 26 12:00:00 AM,,,Completed,1120 8TH AVE,98101,https://services.seattle.gov/portal/customize/LinkToRecord.aspx?altId=013274-24CP,False,False,True,,,rent increase
013560-24CP,7,2024 Dec 05 12:00:00 AM,,,Closed,100 W OLYMPIC PL,98119,https://services.seattle.gov/portal/customize/LinkToRecord.aspx?altId=013560-24CP,True,False,False,mold,,
013579-24CP,7,2024 Dec 05 12:00:00 AM,,,Completed,420 WALL ST,98121,https://services.seattle.gov/portal/customize/LinkToRecord.aspx?altId=013579-24CP,False,True,False,,trao,
013729-24CP,7,2024 Dec 09 12:00:00 AM,,,Closed,1920 QUEEN ANNE AVE N,98109,https://services.seattle.gov/portal/customize/LinkToRecord.aspx?altId=013729-24CP,False,False,True,,,security deposit
013731-24CP,7,2024 Dec 09 12:00:00 AM,,,Completed,2510 6TH AVE,98121,https://services.seattle.gov/portal/customize/LinkToRecord.aspx?altId=013731-24CP,False,False,True,,,rent increase|illegal rent
013988-24CP,7,2024 Dec 16 12:00:00 AM,,,Under Investigation,757 THOMAS ST,98109,https://services.seattle.gov/portal/customize/LinkToRecord.aspx?altId=013988-24CP,False,True,False,,harass,
014033-24CP,7,2024 Dec 17 12:00:00 AM,,,Completed,2000 waverly PL N,,https://services.seattle.gov/portal/customize/LinkToRecord.aspx?altId=014033-24CP,False,False,True,,,rent increase
014148-24CP,7,2024 Dec 19 12:00:00 AM,,,Under Investigation,600 W OLYMPIC PL,98119,https://services.seattle.gov/portal/customize/LinkToRecord.aspx?altId=014148-24CP,True,False,True,leak,,entered without notice
014327-24CP,7,2024 Dec 26 12:00:00 AM,,,Completed,1301 1ST AVE,98101,https://services.seattle.gov/portal/customize/LinkToRecord.aspx?altId=014327-24CP,False,True,False,,retaliat,
014336-24CP,7,2024 Dec 27 12:00:00 AM,,,Completed,800 SENECA ST,98101,https://services.seattle.gov/portal/customize/LinkToRecord.aspx?altId=014336-24CP,True,False,False,no hot water,,
000107-25CP,7,2025 Jan 01 12:00:00 AM,,,Under Investigation,75 VINE ST,98121,https://services.seattle.gov/portal/customize/LinkToRecord.aspx?altId=000107-25CP,False,False,True,,,rent increase
000136-25CP,7,2025 Jan 02 12:00:00 AM,,,Completed,2519 1ST AVE,98121,https://services.seattle.gov/portal/customize/LinkToRecord.aspx?altId=000136-25CP,False,True,False,,threaten,
000300-25CP,7,2025 Jan 03 12:00:00 AM,,,Completed,2523 GILMAN DR W,98119,https://services.seattle.gov/portal/customize/LinkToRecord.aspx?altId=000300-25CP,False,False,True,,,rent increase
000304-25CP,7,2025 Jan 06 12:00:00 AM,,,Completed,1167 REPUBLICAN ST,98109,https://services.seattle.gov/portal/customize/LinkToRecord.aspx?altId=000304-25CP,False,False,True,,,10 day notice
000373-25CP,7,2025 Jan 08 12:00:00 AM,,,Completed,223 TAYLOR AVE N,98109,https://services.seattle.gov/portal/customize/LinkToRecord.aspx?altId=000373-25CP,False,False,True,,,tenant rights
000464-25CP,7,2025 Jan 10 12:00:00 AM,,,Completed,85 PIKE ST,98101,https://services.seattle.gov/portal/customize/LinkToRecord.aspx?altId=000464-25CP,True,True,False,flooded,trao,
000966-25CP,7,2025 Jan 23 12:00:00 AM,,,Closed,2121 6TH AVE,98121,https://services.seattle.gov/portal/customize/LinkToRecord.aspx?altId=000966-25CP,True,False,False,leak|uninhabitable,,
001036-25CP,7,2025 Jan 22 12:00:00 AM,,,Completed,1000 1ST AVE W,98119,https://services.seattle.gov/portal/customize/LinkToRecord.aspx?altId=001036-25CP,False,True,True,,trao,tenant rights
001613-25CP,7,2025 Feb 11 12:00:00 AM,,,Completed,2519 1ST AVE,98121,https://services.seattle.gov/portal/customize/LinkToRecord.aspx?altId=001613-25CP,False,True,False,,retaliat,
001648-25CP,7,2025 Feb 12 12:00:00 AM,,,Completed,1170 HARRISON ST,98109,https://services.seattle.gov/portal/customize/LinkToRecord.aspx?altId=001648-25CP,False,False,True,,,tenant rights
002061-25CP,7,2025 Feb 24 12:00:00 AM,,,Completed,2000 WAVERLY PL N,98109,https://services.seattle.gov/portal/customize/LinkToRecord.aspx?altId=002061-25CP,False,False,True,,,rent increase
002063-25CP,7,2025 Feb 24 12:00:00 AM,,,Completed,2717 WESTERN AVE,98121,https://services.seattle.gov/portal/customize/LinkToRecord.aspx?altId=002063-25CP,False,False,True,,,rent increase
002143-25CP,7,2025 Feb 25 12:00:00 AM,,,Completed,605 5TH AVE N,98109,https://services.seattle.gov/portal/customize/LinkToRecord.aspx?altId=002143-25CP,False,True,False,,retaliat|relocation assistance,
002168-25CP,7,2025 Feb 26 12:00:00 AM,,,Completed,603 EASTLAKE AVE E,98109,https://services.seattle.gov/portal/customize/LinkToRecord.aspx?altId=002168-25CP,False,False,True,,,10-day notice
002333-25CP,7,2025 Feb 28 12:00:00 AM,,,Completed,810 HARRISON ST,98109,https://services.seattle.gov/portal/customize/LinkToRecord.aspx?altId=002333-25CP,False,True,False,,retaliat|trao,
002399-25CP,7,2025 Mar 04 12:00:00 AM,,,Under Investigation,605 5TH AVE N,98109,https://services.seattle.gov/portal/customize/LinkToRecord.aspx?altId=002399-25CP,False,False,True,,,rent increase
002401-25CP,7,2025 Mar 04 12:00:00 AM,,,Completed,802 5TH AVE N,98109,https://services.seattle.gov/portal/customize/LinkToRecord.aspx?altId=002401-25CP,False,False,True,,,rent increase
002653-25CP,7,2025 Mar 10 12:00:00 AM,,,Under Investigation,312 2ND AVE W,98119,https://services.seattle.gov/portal/customize/LinkToRecord.aspx?altId=002653-25CP,False,False,True,,,rent increase
002714-25CP,7,2025 Mar 11 12:00:00 AM,,,Completed,1921 7TH AVE W,98119,https://services.seattle.gov/portal/customize/LinkToRecord.aspx?altId=002714-25CP,False,False,True,,,rent increase
002830-25CP,7,2025 Mar 13 12:00:00 AM,,,Completed,800 SENECA ST,98101,https://services.seattle.gov/portal/customize/LinkToRecord.aspx?altId=002830-25CP,False,False,True,,,tenant rights
002871-25CP,7,2025 Mar 14 12:00:00 AM,,,Completed,562 B GALER ST,98109,https://services.seattle.gov/portal/customize/LinkToRecord.aspx?altId=002871-25CP,True,False,False,infestation|pest control,,
002931-25CP,7,2025 Mar 14 12:00:00 AM,,,Completed,101 TAYLOR AVE N,98109,https://services.seattle.gov/portal/customize/LinkToRecord.aspx?altId=002931-25CP,False,False,True,,,tenant rights
003051-25CP,7,2025 Mar 19 12:00:00 AM,,,Completed,1287 WESTLAKE AVE N,98109,https://services.seattle.gov/portal/customize/LinkToRecord.aspx?altId=003051-25CP,False,True,True,,forced to move,rent increase
003230-25CP,7,2025 Mar 24 12:00:00 AM,,,Closed,2100 WESTERN AVE,98121,https://services.seattle.gov/portal/customize/LinkToRecord.aspx?altId=003230-25CP,False,True,False,,harass|intimidation|retaliat,
003768-25CP,7,2025 Apr 03 12:00:00 AM,,,Completed,50 UNIVERSITY ST,98101,https://services.seattle.gov/portal/customize/LinkToRecord.aspx?altId=003768-25CP,False,False,True,,,rent increase
003813-25CP,7,2025 Apr 04 12:00:00 AM,,,Completed,1420 WESTERN AVE,98101,https://services.seattle.gov/portal/customize/LinkToRecord.aspx?altId=003813-25CP,False,True,False,,harass,
004067-25CP,7,2025 Apr 07 12:00:00 AM,,,Completed,312 2ND AVE W,98119,https://services.seattle.gov/portal/customize/LinkToRecord.aspx?altId=004067-25CP,True,True,False,water damage,told to move out|trao,
004298-25CP,7,2025 Apr 15 12:00:00 AM,,,Completed,800 SENECA ST,98101,https://services.seattle.gov/portal/customize/LinkToRecord.aspx?altId=004298-25CP,False,True,False,,threaten|retaliat,
004790-25CP,7,2025 Apr 25 12:00:00 AM,,,Under Investigation,2312 3RD AVE,98121,https://services.seattle.gov/portal/customize/LinkToRecord.aspx?altId=004790-25CP,False,True,True,,harass,tenant rights
004823-25CP,7,2025 Apr 27 12:00:00 AM,,,Completed,2122 8TH AVE N,98109,https://services.seattle.gov/portal/customize/LinkToRecord.aspx?altId=004823-25CP,False,True,False,,retaliat,
004843-25CP,7,2025 Apr 25 12:00:00 AM,,,Completed,25 W DRAVUS ST,98119,https://services.seattle.gov/portal/customize/LinkToRecord.aspx?altId=004843-25CP,False,True,True,,trao,tenant rights
004963-25CP,7,2025 Apr 30 12:00:00 AM,,,Completed,1200 MERCER ST,98109,https://services.seattle.gov/portal/customize/LinkToRecord.aspx?altId=004963-25CP,False,False,True,,,rent increase
1060795-VI,7,2025 Apr 30 12:00:00 AM,,,Warning,50 UNIVERSITY ST,98101,https://services.seattle.gov/portal/customize/LinkToRecord.aspx?altId=1060795-VI,False,False,True,,,rent increase
005177-25CP,7,2025 May 05 12:00:00 AM,,,Closed,800 SENECA ST,98101,https://services.seattle.gov/portal/customize/LinkToRecord.aspx?altId=005177-25CP,False,False,True,,,utility billing
005471-25CP,7,2025 May 10 12:00:00 AM,,,Completed,800 SENECA ST,98101,https://services.seattle.gov/portal/customize/LinkToRecord.aspx?altId=005471-25CP,False,False,True,,,utility billing
005495-25CP,7,2025 May 09 12:00:00 AM,,,Completed,704 SPRING ST,98104,https://services.seattle.gov/portal/customize/LinkToRecord.aspx?altId=005495-25CP,False,False,True,,,tenant rights
005743-25CP,7,2025 May 16 12:00:00 AM,,,Completed,421 W ROY ST,98119,https://services.seattle.gov/portal/customize/LinkToRecord.aspx?altId=005743-25CP,False,False,True,,,rent increase|rrio
006293-25CP,7,2025 May 29 12:00:00 AM,,,Completed,2056 13TH AVE W,98119,https://services.seattle.gov/portal/customize/LinkToRecord.aspx?altId=006293-25CP,True,False,False,flooding,,
007097-25CP,7,2025 Jun 12 12:00:00 AM,,,Closed,800 SENECA ST,98101,https://services.seattle.gov/portal/customize/LinkToRecord.aspx?altId=007097-25CP,False,False,True,,,tenant rights
007449-25CP,7,2025 Jun 20 12:00:00 AM,,,Completed,2121 6TH AVE,98121,https://services.seattle.gov/portal/customize/LinkToRecord.aspx?altId=007449-25CP,True,False,False,water damage,,
007481-25CP,7,2025 Jun 20 12:00:00 AM,,,Completed,610 2ND AVE N,98109,https://services.seattle.gov/portal/customize/LinkToRecord.aspx?altId=007481-25CP,False,True,True,,harass,tenant rights
007494-25CP,7,2025 Jun 20 12:00:00 AM,,,Completed,120 WESTLAKE AVE N,98109,https://services.seattle.gov/portal/customize/LinkToRecord.aspx?altId=007494-25CP,False,False,True,,,security deposit
007973-25CP,7,2025 Jun 30 12:00:00 AM,,,Under Investigation,120 WESTLAKE AVE N,98109,https://services.seattle.gov/portal/customize/LinkToRecord.aspx?altId=007973-25CP,False,False,True,,,security deposit
008098-25CP,7,2025 Jul 02 12:00:00 AM,,,Completed,120 Westlake AVE N,,https://services.seattle.gov/portal/customize/LinkToRecord.aspx?altId=008098-25CP,False,False,True,,,security deposit
008157-25CP,7,2025 Jul 03 12:00:00 AM,,,Under Investigation,627 4TH AVE W,98119,https://services.seattle.gov/portal/customize/LinkToRecord.aspx?altId=008157-25CP,False,False,True,,,discrimination
008433-25CP,7,2025 Jul 09 12:00:00 AM,,,Under Investigation,2105 5TH AVE,98121,https://services.seattle.gov/portal/customize/LinkToRecord.aspx?altId=008433-25CP,False,False,True,,,tenant rights
008674-25CP,7,2025 Jul 13 12:00:00 AM,,,Under Investigation,526 YALE AVE N,98109,https://services.seattle.gov/portal/customize/LinkToRecord.aspx?altId=008674-25CP,True,False,False,broken window,,
008718-25CP,7,2025 Jul 14 12:00:00 AM,,,Completed,103 VINE ST,98121,https://services.seattle.gov/portal/customize/LinkToRecord.aspx?altId=008718-25CP,False,True,False,,trao,
008794-25CP,7,2025 Jul 15 12:00:00 AM,,,Under Investigation,312 2ND AVE W,98119,https://services.seattle.gov/portal/customize/LinkToRecord.aspx?altId=008794-25CP,True,False,True,fumes,,tenant rights
008818-25CP,7,2025 Jul 15 12:00:00 AM,,,Completed,80 STEWART ST,98101,https://services.seattle.gov/portal/customize/LinkToRecord.aspx?altId=008818-25CP,True,True,False,pest control,harass|retaliat,
008935-25CP,7,2025 Jul 16 12:00:00 AM,,,Under Investigation,1942 WESTLAKE AVE,98101,https://services.seattle.gov/portal/customize/LinkToRecord.aspx?altId=008935-25CP,False,False,True,,,tenant rights
009058-25CP,7,2025 Jul 18 12:00:00 AM,,,Under Investigation,1301 1ST AVE,98101,https://services.seattle.gov/portal/customize/LinkToRecord.aspx?altId=009058-25CP,False,False,True,,,security deposit
009400-25CP,7,2025 Jul 24 12:00:00 AM,,,Closed,702 SPRING ST,98101,https://services.seattle.gov/portal/customize/LinkToRecord.aspx?altId=009400-25CP,True,False,False,flooded,,
009465-25CP,7,2025 Jul 24 12:00:00 AM,,,Under Investigation,2230 4TH AVE,98121,https://services.seattle.gov/portal/customize/LinkToRecord.aspx?altId=009465-25CP,False,False,True,,,tenant rights
009838-25CP,7,2025 Jul 31 12:00:00 AM,,,Under Investigation,2510 6TH AVE,98121,https://services.seattle.gov/portal/customize/LinkToRecord.aspx?altId=009838-25CP,False,False,True,,,security deposit
009926-25CP,7,2025 Aug 04 12:00:00 AM,,,Under Investigation,801 PINE ST,98101,https://services.seattle.gov/portal/customize/LinkToRecord.aspx?altId=009926-25CP,False,False,True,,,rent increase
009936-25CP,7,2025 Aug 04 12:00:00 AM,,,Under Investigation,225 W OLYMPIC PL,98119,https://services.seattle.gov/portal/customize/LinkToRecord.aspx?altId=009936-25CP,False,False,True,,,security deposit
010071-25CP,7,2025 Aug 01 12:00:00 AM,,,Under Investigation,800 SENECA ST,98101,https://services.seattle.gov/portal/customize/LinkToRecord.aspx?altId=010071-25CP,True,False,False,garbage|unsanitary,,
010102-25CP,7,2025 Aug 06 12:00:00 AM,,,Under Investigation,645 W NICKERSON ST,98119,https://services.seattle.gov/portal/customize/LinkToRecord.aspx?altId=010102-25CP,False,False,True,,,security deposit
010134-25CP,7,2025 Aug 06 12:00:00 AM,,,Closed,3230 16TH AVE W,98119,https://services.seattle.gov/portal/customize/LinkToRecord.aspx?altId=010134-25CP,True,False,True,uninhabitable,,vacate notice
010507-25CP,7,2025 Aug 12 12:00:00 AM,,,Under Investigation,524 6TH AVE W,98119,https://services.seattle.gov/portal/customize/LinkToRecord.aspx?altId=010507-25CP,False,False,True,,,security deposit
010611-25CP,7,2025 Aug 14 12:00:00 AM,,,Under Investigation,435 DEXTER AVE N,98109,https://services.seattle.gov/portal/customize/LinkToRecord.aspx?altId=010611-25CP,False,False,True,,,rent increase
010838-25CP,7,2025 Aug 20 12:00:00 AM,,,Under Investigation,2801 WESTERN AVE,98121,https://services.seattle.gov/portal/customize/LinkToRecord.aspx?altId=010838-25CP,True,False,False,flooded,,
011000-25CP,7,2025 Aug 25 12:00:00 AM,,,Completed,3008 16TH AVE W,98119,https://services.seattle.gov/portal/customize/LinkToRecord.aspx?altId=011000-25CP,False,True,False,,trao,
011015-25CP,7,2025 Aug 15 12:00:00 AM,,,Under Investigation,800 SENECA ST,98101,https://services.seattle.gov/portal/customize/LinkToRecord.aspx?altId=011015-25CP,True,False,False,infestation|odor,,
011022-25CP,7,2025 Aug 26 12:00:00 AM,,,Completed,500 Wall ST,,https://services.seattle.gov/portal/customize/LinkToRecord.aspx?altId=011022-25CP,False,True,True,,threaten,late fees
011452-25CP,7,2025 Sep 06 12:00:00 AM,,,Completed,2501 Thorndyke AVE W,,https://services.seattle.gov/portal/customize/LinkToRecord.aspx?altId=011452-25CP,False,False,True,,,security deposit
011519-25CP,7,2025 Sep 08 12:00:00 AM,,,Completed,620 5TH AVE W,98119,https://services.seattle.gov/portal/customize/LinkToRecord.aspx?altId=011519-25CP,False,False,True,,,tenant rights
011614-25CP,7,2025 Sep 10 12:00:00 AM,,,Completed,600 5TH AVE,98104,https://services.seattle.gov/portal/customize/LinkToRecord.aspx?altId=011614-25CP,True,False,False,leak,,
011642-25CP,7,2025 Sep 10 12:00:00 AM,,,Under Investigation,800 SENECA ST,98101,https://services.seattle.gov/portal/customize/LinkToRecord.aspx?altId=011642-25CP,True,False,False,infestation|pest control,,
011726-25CP,7,2025 Sep 12 12:00:00 AM,,,Completed,75 VINE ST,98121,https://services.seattle.gov/portal/customize/LinkToRecord.aspx?altId=011726-25CP,False,True,False,,trao,
011738-25CP,7,2025 Sep 12 12:00:00 AM,,,Completed,2480 BIRCH AVE N,98109,https://services.seattle.gov/portal/customize/LinkToRecord.aspx?altId=011738-25CP,False,False,True,,,rent increase
011750-25CP,7,2025 Aug 25 12:00:00 AM,,,Under Investigation,1212 QUEEN ANNE AVE N,98109,https://services.seattle.gov/portal/customize/LinkToRecord.aspx?altId=011750-25CP,True,False,False,infestation|cockroach|bedbug,,
011858-25CP,7,2025 Sep 16 12:00:00 AM,,,Completed,513 1ST AVE N,98109,https://services.seattle.gov/portal/customize/LinkToRecord.aspx?altId=011858-25CP,False,True,True,,retaliat,eviction notice
011904-25CP,7,2025 Sep 10 12:00:00 AM,,,Completed,800 SENECA ST,98101,https://services.seattle.gov/portal/customize/LinkToRecord.aspx?altId=011904-25CP,False,False,True,,,code violation
012082-25CP,7,2025 Sep 22 12:00:00 AM,,,Under Investigation,701 5TH AVE N,98109,https://services.seattle.gov/portal/customize/LinkToRecord.aspx?altId=012082-25CP,False,False,True,,,tenant rights
012340-25CP,7,2025 Sep 29 12:00:00 AM,,,Under Investigation,3036 16TH AVE W,98119,https://services.seattle.gov/portal/customize/LinkToRecord.aspx?altId=012340-25CP,False,False,True,,,security deposit|deposit not returned
012353-25CP,7,2025 Sep 29 12:00:00 AM,,,Under Investigation,400 BOREN AVE N,,https://services.seattle.gov/portal/customize/LinkToRecord.aspx?altId=012353-25CP,False,False,True,,,security deposit
012424-25CP,7,2025 Oct 01 12:00:00 AM,,,Completed,2621 22nd AVE W,,https://services.seattle.gov/portal/customize/LinkToRecord.aspx?altId=012424-25CP,True,False,False,mold,,
013656-25CP,7,2025 Oct 27 12:00:00 AM,,,Closed,2014 FAIRVIEW AVE,98121,https://services.seattle.gov/portal/customize/LinkToRecord.aspx?altId=013656-25CP,True,False,False,leak,,
013839-25CP,7,2025 Oct 30 12:00:00 AM,,,Closed,420 PONTIUS AVE N,98109,https://services.seattle.gov/portal/customize/LinkToRecord.aspx?altId=013839-25CP,False,True,False,,relocation assistance,
013982-25CP,7,2025 Nov 04 12:00:00 AM,,,Completed,80 STEWART ST,98101,https://services.seattle.gov/portal/customize/LinkToRecord.aspx?altId=013982-25CP,True,False,False,pest control,,
014004-25CP,7,2025 Nov 04 12:00:00 AM,,,Under Investigation,420 VINE ST,98121,https://services.seattle.gov/portal/customize/LinkToRecord.aspx?altId=014004-25CP,True,False,False,infestation|cockroach,,
014472-25CP,7,2025 Oct 30 12:00:00 AM,,,Under Investigation,1823 TERRY AVE,98101,https://services.seattle.gov/portal/customize/LinkToRecord.aspx?altId=014472-25CP,False,True,False,,shut off water,
014522-25CP,7,2025 Nov 14 12:00:00 AM,,,Completed,3040 17TH AVE W,98119,https://services.seattle.gov/portal/customize/LinkToRecord.aspx?altId=014522-25CP,False,False,True,,,rent increase
014605-25CP,7,2025 Nov 17 12:00:00 AM,,,Under Investigation,914 E HARRISON ST,98102,https://services.seattle.gov/portal/customize/LinkToRecord.aspx?altId=014605-25CP,False,False,True,,,notice to vacate
014759-25CP,7,2025 Nov 20 12:00:00 AM,,,Under Investigation,600 W OLYMPIC PL,98119,https://services.seattle.gov/portal/customize/LinkToRecord.aspx?altId=014759-25CP,True,False,False,leak,,
014788-25CP,7,2025 Nov 20 12:00:00 AM,,,Completed,888 WESTERN AVE,98104,https://services.seattle.gov/portal/customize/LinkToRecord.aspx?altId=014788-25CP,False,False,True,,,eviction notice
014969-25CP,7,2025 Nov 25 12:00:00 AM,,,Under Investigation,819 VIRGINIA ST,98101,https://services.seattle.gov/portal/customize/LinkToRecord.aspx?altId=014969-25CP,False,False,True,,,tenant rights
014995-25CP,7,2025 Nov 26 12:00:00 AM,,,Under Investigation,109 DEXTER AVE N,98109,https://services.seattle.gov/portal/customize/LinkToRecord.aspx?altId=014995-25CP,False,False,True,,,security deposit
015048-25CP,7,2025 Oct 07 12:00:00 AM,,,Under Investigation,201 GALER ST,98109,https://services.seattle.gov/portal/customize/LinkToRecord.aspx?altId=015048-25CP,True,False,False,water damage,,
015148-25CP,7,2025 Oct 15 12:00:00 AM,,,Under Investigation,307 QUEEN ANNE AVE N,98109,https://services.seattle.gov/portal/customize/LinkToRecord.aspx?altId=015148-25CP,False,False,True,,,tenant rights
015162-25CP,7,2025 Nov 24 12:00:00 AM,,,Under Investigation,600 5TH AVE W,98119,https://services.seattle.gov/portal/customize/LinkToRecord.aspx?altId=015162-25CP,True,False,False,leak,,
015236-25CP,7,2025 Dec 04 12:00:00 AM,,,Completed,2821 14TH AVE W,98119,https://services.seattle.gov/portal/customize/LinkToRecord.aspx?altId=015236-25CP,True,False,False,water damage|unsafe,,
015338-25CP,7,2025 Dec 03 12:00:00 AM,,,Completed,101 W OLYMPIC PL,98119,https://services.seattle.gov/portal/customize/LinkToRecord.aspx?altId=015338-25CP,False,False,True,,,rent increase|tenant rights
015339-25CP,7,2025 Dec 05 12:00:00 AM,,,Under Investigation,704 SPRING ST,98104,https://services.seattle.gov/portal/customize/LinkToRecord.aspx?altId=015339-25CP,False,False,True,,,tenant rights
015375-25CP,7,2025 Oct 16 12:00:00 AM,,,Under Investigation,306 BOSTON ST,98109,https://services.seattle.gov/portal/customize/LinkToRecord.aspx?altId=015375-25CP,True,False,False,leak|mold,,
015417-25CP,7,2025 Dec 09 12:00:00 AM,,,Completed,907 WARREN AVE N,98109,https://services.seattle.gov/portal/customize/LinkToRecord.aspx?altId=015417-25CP,False,False,True,,,notice to vacate
015494-25CP,7,2025 Dec 11 12:00:00 AM,,,Under Investigation,2408 2ND AVE,98121,https://services.seattle.gov/portal/customize/LinkToRecord.aspx?altId=015494-25CP,False,True,False,,relocation assistance,
015524-25CP,7,2025 Dec 10 12:00:00 AM,,,Completed,2024 3RD AVE,98121,https://services.seattle.gov/portal/customize/LinkToRecord.aspx?altId=015524-25CP,True,False,True,leak|roaches,,tenant rights
015529-25CP,7,2025 Dec 10 12:00:00 AM,,,Under Investigation,714 7TH AVE,98104,https://services.seattle.gov/portal/customize/LinkToRecord.aspx?altId=015529-25CP,False,False,True,,,tenant rights
015631-25CP,7,2025 Dec 12 12:00:00 AM,,,Under Investigation,94 BAY ST,98121,https://services.seattle.gov/portal/customize/LinkToRecord.aspx?altId=015631-25CP,False,True,False,,retaliat,
015703-25CP,7,2025 Dec 16 12:00:00 AM,,,Under Investigation,1170 HARRISON ST,98109,https://services.seattle.gov/portal/customize/LinkToRecord.aspx?altId=015703-25CP,False,False,True,,,tenant rights
015730-25CP,7,2025 Oct 01 12:00:00 AM,,,Under Investigation,1953 10TH AVE W,98119,https://services.seattle.gov/portal/customize/LinkToRecord.aspx?altId=015730-25CP,False,False,True,,,rrio
015743-25CP,7,2025 Dec 17 12:00:00 AM,,,Under Investigation,2315 W BOSTON ST,98199,https://services.seattle.gov/portal/customize/LinkToRecord.aspx?altId=015743-25CP,False,False,True,,,tenant rights
015871-25CP,7,2025 Dec 19 12:00:00 AM,,,Under Investigation,1123 TAYLOR AVE N,98109,https://services.seattle.gov/portal/customize/LinkToRecord.aspx?altId=015871-25CP,False,False,True,,,tenant rights
015951-25CP,7,2025 Dec 23 12:00:00 AM,,,Under Investigation,221 MINOR AVE N,98109,https://services.seattle.gov/portal/customize/LinkToRecord.aspx?altId=015951-25CP,False,False,True,,,tenant rights
001056-15CP,7,2015 Jan 06 12:00:00 AM,2015 Jan 08 12:00:00 AM,Completed,Completed,1212 QUEEN ANNE AVE N,98109,https://services.seattle.gov/portal/customize/LinkToRecord.aspx?altId=001056-15CP,True,False,False,bed bug,,
001216-15CP,7,2015 Jan 16 12:00:00 AM,2015 Jan 23 12:00:00 AM,Completed,Completed,620 GALER ST,98109,https://services.seattle.gov/portal/customize/LinkToRecord.aspx?altId=001216-15CP,True,False,False,leak|mold|black mold,,
001266-15CP,7,2015 Jan 21 12:00:00 AM,2015 Feb 03 12:00:00 AM,Completed,Completed,1102 8TH AVE,98101,https://services.seattle.gov/portal/customize/LinkToRecord.aspx?altId=001266-15CP,True,False,False,bed bug,,
001425-15CP,7,2015 Jan 28 12:00:00 AM,2015 Feb 05 12:00:00 AM,Completed,Completed,2200 1ST AVE N,98109,https://services.seattle.gov/portal/customize/LinkToRecord.aspx?altId=001425-15CP,True,False,False,unsafe,,
001544-15CP,7,2015 Feb 05 12:00:00 AM,2015 Feb 13 12:00:00 AM,Completed,Completed,2613 14TH AVE W,98119,https://services.seattle.gov/portal/customize/LinkToRecord.aspx?altId=001544-15CP,True,False,False,leak|leaking|flooded|mold|black mold|infestation,,
001772-15CP,7,2015 Feb 23 12:00:00 AM,2015 Feb 24 12:00:00 AM,Completed,Completed,155 BOSTON ST,98109,https://services.seattle.gov/portal/customize/LinkToRecord.aspx?altId=001772-15CP,True,False,False,flooding|mold|mildew|unsafe|hazard|hazardous,,
001971-15CP,7,2015 Mar 05 12:00:00 AM,2015 Mar 20 12:00:00 AM,Completed,Completed,2408 2ND AVE,98121,https://services.seattle.gov/portal/customize/LinkToRecord.aspx?altId=001971-15CP,True,False,False,leak|leaks,,
002095-15CP,7,2015 Mar 16 12:00:00 AM,2015 Mar 27 12:00:00 AM,Completed,Completed,3250 15TH AVE W,98119,https://services.seattle.gov/portal/customize/LinkToRecord.aspx?altId=002095-15CP,True,False,False,leak,,
002486-15CP,7,2015 Apr 07 12:00:00 AM,2015 Apr 20 12:00:00 AM,Completed,Completed,215 W MERCER ST,98119,https://services.seattle.gov/portal/customize/LinkToRecord.aspx?altId=002486-15CP,True,False,False,mold|roaches,,
002522-15CP,7,2015 Apr 09 12:00:00 AM,2015 Apr 20 12:00:00 AM,Completed,Completed,7 HIGHLAND DR,98109,https://services.seattle.gov/portal/customize/LinkToRecord.aspx?altId=002522-15CP,True,False,False,no water,,
002672-15CP,7,2015 Apr 16 12:00:00 AM,2015 Apr 20 12:00:00 AM,Completed,Completed,10 BLAINE ST,98109,https://services.seattle.gov/portal/customize/LinkToRecord.aspx?altId=002672-15CP,True,False,False,water damage|mold|black mold,,
002710-15CP,7,2015 Apr 21 12:00:00 AM,2015 Apr 27 12:00:00 AM,Completed,Completed,3600 26TH PL W,98199,https://services.seattle.gov/portal/customize/LinkToRecord.aspx?altId=002710-15CP,True,False,False,mold,,
002786-15CP,7,2015 Apr 24 12:00:00 AM,2015 May 11 12:00:00 AM,Completed,Completed,1237 W BOTHWELL ST,98119,https://services.seattle.gov/portal/customize/LinkToRecord.aspx?altId=002786-15CP,True,False,False,leak|mold,,
002849-15CP,7,2015 Apr 28 12:00:00 AM,2015 May 04 12:00:00 AM,Completed,Completed,737 OLIVE WAY,98101,https://services.seattle.gov/portal/customize/LinkToRecord.aspx?altId=002849-15CP,True,False,False,infestation,,
002855-15CP,7,2015 Apr 28 12:00:00 AM,2015 May 01 12:00:00 AM,Completed,Completed,330 3RD AVE W,98119,https://services.seattle.gov/portal/customize/LinkToRecord.aspx?altId=002855-15CP,True,False,False,water damage|mold|mildew,,
003158-15CP,7,2015 May 13 12:00:00 AM,2015 May 20 12:00:00 AM,Completed,Completed,2215 1ST AVE,98121,https://services.seattle.gov/portal/customize/LinkToRecord.aspx?altId=003158-15CP,True,False,False,flooded,,
003193-15CP,7,2015 May 14 12:00:00 AM,2015 Jun 18 12:00:00 AM,Completed,Completed,2004 DEXTER AVE N,98109,https://services.seattle.gov/portal/customize/LinkToRecord.aspx?altId=003193-15CP,True,False,False,mold|black mold|poor ventilation,,
003217-15CP,7,2015 May 15 12:00:00 AM,2015 May 19 12:00:00 AM,Completed,Completed,715 2ND AVE W,98119,https://services.seattle.gov/portal/customize/LinkToRecord.aspx?altId=003217-15CP,True,False,False,leak|leaking|leaks|water damage|mold|black mold,,
003724-15CP,7,2015 Jun 05 12:00:00 AM,2015 Jun 17 12:00:00 AM,Completed,Completed,2215 1ST AVE,98121,https://services.seattle.gov/portal/customize/LinkToRecord.aspx?altId=003724-15CP,True,False,False,water damage|flooded,,
004165-15CP,7,2015 Jun 25 12:00:00 AM,2015 Jun 25 12:00:00 AM,Completed,Completed,2602 4TH AVE,98121,https://services.seattle.gov/portal/customize/LinkToRecord.aspx?altId=004165-15CP,True,False,False,leak|leaking,,
004297-15CP,7,2015 Jun 30 12:00:00 AM,2015 Jul 08 12:00:00 AM,Completed,Completed,717 DEXTER AVE N,98109,https://services.seattle.gov/portal/customize/LinkToRecord.aspx?altId=004297-15CP,True,False,False,hazard|fire hazard,,
004313-15CP,7,2015 Jun 30 12:00:00 AM,2015 Jul 10 12:00:00 AM,Completed,Completed,1624 BOREN AVE,98101,https://services.seattle.gov/portal/customize/LinkToRecord.aspx?altId=004313-15CP,True,False,False,bed bug,,
004471-15CP,7,2015 Jul 07 12:00:00 AM,2015 Aug 06 12:00:00 AM,Completed,Completed,714 7TH AVE,98104,https://services.seattle.gov/portal/customize/LinkToRecord.aspx?altId=004471-15CP,True,False,False,leak|mold|black mold,,
004499-15CP,7,2015 Jul 07 12:00:00 AM,2015 Aug 13 12:00:00 AM,Completed,Completed,304 BELL ST,98121,https://services.seattle.gov/portal/customize/LinkToRecord.aspx?altId=004499-15CP,True,False,False,leak|leaking,,
004511-15CP,7,2015 Jul 08 12:00:00 AM,2015 Jul 14 12:00:00 AM,Completed,Completed,1633 10TH AVE W,98119,https://services.seattle.gov/portal/customize/LinkToRecord.aspx?altId=004511-15CP,True,False,False,leak,,
004565-15CP,7,2015 Jul 09 12:00:00 AM,2015 Jul 27 12:00:00 AM,Completed,Completed,1102 8TH AVE,98101,https://services.seattle.gov/portal/customize/LinkToRecord.aspx?altId=004565-15CP,True,False,False,roaches|bed bug,,
004614-15CP,7,2015 Jul 10 12:00:00 AM,2015 Aug 27 12:00:00 AM,Completed,Completed,717 DEXTER AVE N,98109,https://services.seattle.gov/portal/customize/LinkToRecord.aspx?altId=004614-15CP,True,False,False,hazard|fire hazard,,
004764-15CP,7,2015 Jul 21 12:00:00 AM,2015 Jul 23 12:00:00 AM,Completed,Completed,1208 10TH AVE W,98119,https://services.seattle.gov/portal/customize/LinkToRecord.aspx?altId=004764-15CP,True,False,False,leak|uninhabitable|odor,,
005267-15CP,7,2015 Aug 07 12:00:00 AM,2015 Sep 21 12:00:00 AM,Completed,Completed,715 2ND AVE N,98109,https://services.seattle.gov/portal/customize/LinkToRecord.aspx?altId=005267-15CP,True,False,False,infestation|cockroach|roaches,,
005351-15CP,7,2015 Aug 11 12:00:00 AM,2015 Aug 27 12:00:00 AM,Completed,Completed,420 VINE ST,98121,https://services.seattle.gov/portal/customize/LinkToRecord.aspx?altId=005351-15CP,True,False,False,leak|leaks,,
005502-15CP,7,2015 Aug 18 12:00:00 AM,2015 Aug 24 12:00:00 AM,Completed,Completed,111 YALE AVE N,98109,https://services.seattle.gov/portal/customize/LinkToRecord.aspx?altId=005502-15CP,True,False,False,mold,,
005505-15CP,7,2015 Aug 18 12:00:00 AM,2015 Aug 24 12:00:00 AM,Completed,Completed,1713 DEXTER AVE N,98109,https://services.seattle.gov/portal/customize/LinkToRecord.aspx?altId=005505-15CP,True,False,False,mold,,
006001-15CP,7,2015 Sep 11 12:00:00 AM,2015 Sep 18 12:00:00 AM,Completed,Completed,1205 THOMAS ST,98109,https://services.seattle.gov/portal/customize/LinkToRecord.aspx?altId=006001-15CP,True,False,False,bed bug,,
006107-15CP,7,2015 Sep 16 12:00:00 AM,2015 Sep 21 12:00:00 AM,Completed,Completed,320 CEDAR ST,98121,https://services.seattle.gov/portal/customize/LinkToRecord.aspx?altId=006107-15CP,True,False,False,leak,,
006146-15CP,7,2015 Sep 18 12:00:00 AM,2015 Sep 30 12:00:00 AM,Completed,Completed,1108 9TH AVE W,98119,https://services.seattle.gov/portal/customize/LinkToRecord.aspx?altId=006146-15CP,True,False,False,leak|leaking|moisture,,
006674-15CP,7,2015 Oct 15 12:00:00 AM,2015 Oct 22 12:00:00 AM,Completed,Completed,1000 8TH AVE,98104,https://services.seattle.gov/portal/customize/LinkToRecord.aspx?altId=006674-15CP,True,False,False,mice,,
006782-15CP,7,2015 Oct 21 12:00:00 AM,2015 Dec 22 12:00:00 AM,Completed,Completed,2408 2ND AVE,98121,https://services.seattle.gov/portal/customize/LinkToRecord.aspx?altId=006782-15CP,True,False,False,mold,,
007016-15CP,7,2015 Nov 02 12:00:00 AM,2015 Nov 05 12:00:00 AM,Completed,Completed,1215 DEXTER AVE N,98109,https://services.seattle.gov/portal/customize/LinkToRecord.aspx?altId=007016-15CP,False,False,True,,,code violation
007023-15CP,7,2015 Nov 03 12:00:00 AM,2015 Nov 09 12:00:00 AM,Completed,Completed,302 W OLYMPIC PL,98119,https://services.seattle.gov/portal/customize/LinkToRecord.aspx?altId=007023-15CP,True,False,False,leak|leaking|mold,,
007049-15CP,7,2015 Nov 05 12:00:00 AM,2015 Nov 24 12:00:00 AM,Completed,Completed,801 SPRING ST,98104,https://services.seattle.gov/portal/customize/LinkToRecord.aspx?altId=007049-15CP,True,False,False,mold|black mold,,
007075-15CP,7,2015 Nov 06 12:00:00 AM,2015 Nov 17 12:00:00 AM,Completed,Completed,3023 20TH AVE W,98199,https://services.seattle.gov/portal/customize/LinkToRecord.aspx?altId=007075-15CP,True,False,False,mold|black mold,,
007205-15CP,7,2015 Nov 13 12:00:00 AM,2015 Nov 18 12:00:00 AM,Completed,Closed,1226 TAYLOR AVE N,98109,https://services.seattle.gov/portal/customize/LinkToRecord.aspx?altId=007205-15CP,True,False,False,mold|moisture|poor ventilation,,
007234-15CP,7,2015 Nov 16 12:00:00 AM,2015 Nov 18 12:00:00 AM,Completed,Completed,2334 ELLIOTT AVE,98121,https://services.seattle.gov/portal/customize/LinkToRecord.aspx?altId=007234-15CP,True,False,False,hazard|hazardous,,
007305-15CP,7,2015 Nov 19 12:00:00 AM,2016 Jan 14 12:00:00 AM,Completed,Completed,2415 WESTERN AVE,98121,https://services.seattle.gov/portal/customize/LinkToRecord.aspx?altId=007305-15CP,True,False,False,unsafe,,
007357-15CP,7,2015 Nov 23 12:00:00 AM,2015 Dec 22 12:00:00 AM,Completed,Completed,3600 26TH PL W,98199,https://services.seattle.gov/portal/customize/LinkToRecord.aspx?altId=007357-15CP,True,False,False,no hot water,,
007524-15CP,7,2015 Dec 07 12:00:00 AM,2015 Dec 09 12:00:00 AM,Completed,Completed,1420 WESTERN AVE,98101,https://services.seattle.gov/portal/customize/LinkToRecord.aspx?altId=007524-15CP,True,False,False,leak|leaking,,
007540-15CP,7,2015 Dec 07 12:00:00 AM,,,Completed,823 MADISON ST,98104,https://services.seattle.gov/portal/customize/LinkToRecord.aspx?altId=007540-15CP,True,False,False,bed bug,,
007549-15CP,7,2015 Dec 08 12:00:00 AM,2015 Dec 09 12:00:00 AM,Completed,Completed,2150 6TH AVE N,98109,https://services.seattle.gov/portal/customize/LinkToRecord.aspx?altId=007549-15CP,False,False,True,,,code violation
007596-15CP,7,2015 Dec 10 12:00:00 AM,2015 Dec 21 12:00:00 AM,Completed,Completed,1928 12TH AVE W,98119,https://services.seattle.gov/portal/customize/LinkToRecord.aspx?altId=007596-15CP,True,False,False,mold|dampness,,
007710-15CP,7,2015 Dec 18 12:00:00 AM,2016 Jan 04 12:00:00 AM,Completed,Completed,1221 QUEEN ANNE AVE N,98109,https://services.seattle.gov/portal/customize/LinkToRecord.aspx?altId=007710-15CP,True,False,False,leak,,
007743-15CP,7,2015 Dec 21 12:00:00 AM,2016 Jan 04 12:00:00 AM,Completed,Completed,2151 10TH AVE W,98119,https://services.seattle.gov/portal/customize/LinkToRecord.aspx?altId=007743-15CP,True,False,False,leak|leaking|mold,,
007813-15CP,7,2015 Dec 28 12:00:00 AM,,,Completed,1102 8TH AVE,98101,https://services.seattle.gov/portal/customize/LinkToRecord.aspx?altId=007813-15CP,True,False,False,leak|leaking,,
007830-15CP,7,2015 Dec 29 12:00:00 AM,,,Completed,1249 5TH AVE N,98109,https://services.seattle.gov/portal/customize/LinkToRecord.aspx?altId=007830-15CP,True,False,False,no hot water,,
1033680-TR,7,2015 Jan 05 12:00:00 AM,2015 May 20 12:00:00 AM,Vacant,Completed,220 W HARRISON ST,98119,https://services.seattle.gov/portal/customize/LinkToRecord.aspx?altId=1033680-TR,False,True,False,,tenant relocation,
1033826-TR,7,2015 Jan 23 12:00:00 AM,2015 Apr 03 12:00:00 AM,Vacant,Completed,1936 8TH AVE W,98119,https://services.seattle.gov/portal/customize/LinkToRecord.aspx?altId=1033826-TR,False,True,False,,tenant relocation,
1033832-TR,7,2015 Jan 23 12:00:00 AM,,,Completed,2124 10TH AVE W,98119,https://services.seattle.gov/portal/customize/LinkToRecord.aspx?altId=1033832-TR,False,True,False,,tenant relocation,
1033969-TR,7,2015 Feb 10 12:00:00 AM,,,Completed,2125 DEXTER AVE N,98109,https://services.seattle.gov/portal/customize/LinkToRecord.aspx?altId=1033969-TR,False,True,False,,tenant relocation,
1034149-TR,7,2015 Mar 09 12:00:00 AM,2015 Jul 15 12:00:00 AM,Vacant,Completed,403 GALER ST,98109,https://services.seattle.gov/portal/customize/LinkToRecord.aspx?altId=1034149-TR,False,True,False,,tenant relocation,
1034161-TR,7,2015 Mar 11 12:00:00 AM,2015 Jul 15 12:00:00 AM,Vacant,Completed,1805 3RD AVE N,98109,https://services.seattle.gov/portal/customize/LinkToRecord.aspx?altId=1034161-TR,False,True,False,,tenant relocation,
1034296-VI,7,2015 Mar 30 12:00:00 AM,2015 Apr 22 12:00:00 AM,Compliance Achieved,Completed,2408 2ND AVE,98121,https://services.seattle.gov/portal/customize/LinkToRecord.aspx?altId=1034296-VI,True,False,False,leak|leaks,,
1034461-VI,7,2015 Apr 17 12:00:00 AM,2016 Feb 24 12:00:00 AM,Compliance Achieved,Completed,3250 15TH AVE W,98119,https://services.seattle.gov/portal/customize/LinkToRecord.aspx?altId=1034461-VI,True,False,False,leak,,
1034581-TR,7,2015 May 05 12:00:00 AM,,,Completed,1301 W NEWTON ST,98119,https://services.seattle.gov/portal/customize/LinkToRecord.aspx?altId=1034581-TR,False,True,False,,tenant relocation,
1034595-TR,7,2015 May 06 12:00:00 AM,2016 Jan 21 12:00:00 AM,Vacant,Completed,303 W OLYMPIC PL,98119,https://services.seattle.gov/portal/customize/LinkToRecord.aspx?altId=1034595-TR,False,True,False,,tenant relocation,
1034698-VI,7,2015 May 19 12:00:00 AM,2015 Aug 31 12:00:00 AM,Compliance Achieved,Completed,3600 26TH PL W,98199,https://services.seattle.gov/portal/customize/LinkToRecord.aspx?altId=1034698-VI,True,False,False,mold,,
1034809-TR,7,2015 Jun 09 12:00:00 AM,2015 Oct 16 12:00:00 AM,Vacant,Completed,2214 THORNDYKE AVE W,98199,https://services.seattle.gov/portal/customize/LinkToRecord.aspx?altId=1034809-TR,False,True,False,,tenant relocation,
1034951-VI,7,2015 Jun 26 12:00:00 AM,2015 Jun 30 12:00:00 AM,Compliance Achieved,Completed,2602 4TH AVE,98121,https://services.seattle.gov/portal/customize/LinkToRecord.aspx?altId=1034951-VI,True,False,False,leak|leaking,,
1035113-VI,7,2015 Jul 16 12:00:00 AM,2015 Oct 14 12:00:00 AM,Compliance Achieved,Completed,1633 10TH AVE W,98119,https://services.seattle.gov/portal/customize/LinkToRecord.aspx?altId=1035113-VI,True,False,False,leak,,
1035159-TR,7,2015 Jul 22 12:00:00 AM,2015 Oct 16 12:00:00 AM,Vacant,Completed,2601 22ND AVE W,98199,https://services.seattle.gov/portal/customize/LinkToRecord.aspx?altId=1035159-TR,False,True,False,,tenant relocation,
1035160-TR,7,2015 Jul 22 12:00:00 AM,2015 Oct 16 12:00:00 AM,Vacant,Completed,2605 22ND AVE W,98199,https://services.seattle.gov/portal/customize/LinkToRecord.aspx?altId=1035160-TR,False,True,False,,tenant relocation,
1035230-VI,7,2015 Jul 29 12:00:00 AM,2016 Oct 07 12:00:00 AM,Compliance Achieved,Completed,1102 8TH AVE,98101,https://services.seattle.gov/portal/customize/LinkToRecord.aspx?altId=1035230-VI,True,False,False,roaches|bed bug,,
1035366-TR,7,2015 Aug 13 12:00:00 AM,2015 Dec 09 12:00:00 AM,Vacant,Completed,416 W FULTON ST,98119,https://services.seattle.gov/portal/customize/LinkToRecord.aspx?altId=1035366-TR,False,True,False,,tenant relocation,
1035367-TR,7,2015 Aug 13 12:00:00 AM,2015 Dec 10 12:00:00 AM,Vacant,Completed,1025 5TH AVE W,98119,https://services.seattle.gov/portal/customize/LinkToRecord.aspx?altId=1035367-TR,False,True,False,,tenant relocation,
1035423-TR,7,2015 Aug 20 12:00:00 AM,,,Completed,1417 2ND AVE W,98119,https://services.seattle.gov/portal/customize/LinkToRecord.aspx?altId=1035423-TR,False,True,False,,tenant relocation,
1035506-VI,7,2015 Aug 27 12:00:00 AM,2015 Oct 14 12:00:00 AM,Compliance Achieved,Completed,420 VINE ST,98121,https://services.seattle.gov/portal/customize/LinkToRecord.aspx?altId=1035506-VI,True,False,False,leak|leaks,,
1035519-TR,7,2015 Aug 31 12:00:00 AM,,,Completed,1418 2ND AVE W,98119,https://services.seattle.gov/portal/customize/LinkToRecord.aspx?altId=1035519-TR,False,True,False,,tenant relocation,
1035557-TR,7,2015 Sep 08 12:00:00 AM,,,Completed,219 1ST AVE N,98109,https://services.seattle.gov/portal/customize/LinkToRecord.aspx?altId=1035557-TR,False,True,False,,tenant relocation,
1035579-TR,7,2015 Sep 10 12:00:00 AM,,,Completed,2257 14TH AVE W,98119,https://services.seattle.gov/portal/customize/LinkToRecord.aspx?altId=1035579-TR,False,True,False,,tenant relocation,
1035882-VI,7,2015 Oct 14 12:00:00 AM,2015 Dec 08 12:00:00 AM,Compliance Achieved,Completed,1108 9TH AVE W,98119,https://services.seattle.gov/portal/customize/LinkToRecord.aspx?altId=1035882-VI,True,False,False,leak|leaking|moisture,,
1036178-TR,7,2015 Nov 19 12:00:00 AM,2016 Jun 30 12:00:00 AM,Vacant,Completed,3041 21ST AVE W,98199,https://services.seattle.gov/portal/customize/LinkToRecord.aspx?altId=1036178-TR,False,True,False,,tenant relocation,
1036264-TR,7,2015 Dec 04 12:00:00 AM,,,Completed,1249 5TH AVE N,98109,https://services.seattle.gov/portal/customize/LinkToRecord.aspx?altId=1036264-TR,False,True,False,,tenant relocation,
1036275-TR,7,2015 Dec 07 12:00:00 AM,2017 Mar 24 12:00:00 AM,Vacant,Completed,3421 14TH AVE W,98119,https://services.seattle.gov/portal/customize/LinkToRecord.aspx?altId=1036275-TR,False,True,False,,tenant relocation,
1036290-TR,7,2015 Dec 09 12:00:00 AM,2016 Jan 21 12:00:00 AM,Vacant,Completed,3447 22ND AVE W,98199,https://services.seattle.gov/portal/customize/LinkToRecord.aspx?altId=1036290-TR,False,True,False,,tenant relocation,
1036374-VI,7,2015 Dec 18 12:00:00 AM,2016 Feb 03 12:00:00 AM,Compliance Achieved,Completed,1420 WESTERN AVE,98101,https://services.seattle.gov/portal/customize/LinkToRecord.aspx?altId=1036374-VI,True,False,False,leak|leaking,,
001186-16CP,7,2016 Jan 15 12:00:00 AM,2016 Jan 28 12:00:00 AM,Completed,Completed,2412 1ST AVE N,98109,https://services.seattle.gov/portal/customize/LinkToRecord.aspx?altId=001186-16CP,True,False,False,no ventilation,,
001280-16CP,7,2016 Jan 21 12:00:00 AM,2016 Feb 18 12:00:00 AM,Completed,Completed,3428 25TH AVE W,98199,https://services.seattle.gov/portal/customize/LinkToRecord.aspx?altId=001280-16CP,True,False,False,leak|leaking|mold|pest control|unsafe,,
001414-16CP,7,2016 Jan 28 12:00:00 AM,,,Completed,714 7TH AVE,98104,https://services.seattle.gov/portal/customize/LinkToRecord.aspx?altId=001414-16CP,True,False,False,leak|leaking|ceiling leak,,
001796-16CP,7,2016 Feb 19 12:00:00 AM,2016 Mar 15 12:00:00 AM,Completed,Completed,3600 26TH PL W,98199,https://services.seattle.gov/portal/customize/LinkToRecord.aspx?altId=001796-16CP,True,False,False,leak|leaking|leaks|mold|collapse,,
001804-16CP,7,2016 Feb 19 12:00:00 AM,2016 Feb 25 12:00:00 AM,Completed,Completed,2321 4TH AVE,98121,https://services.seattle.gov/portal/customize/LinkToRecord.aspx?altId=001804-16CP,True,False,False,leak|leaking|water damage,,
001841-16CP,7,2016 Feb 23 12:00:00 AM,,,Completed,1921 3RD AVE,98101,https://services.seattle.gov/portal/customize/LinkToRecord.aspx?altId=001841-16CP,True,False,False,bedbug,,
002125-16CP,7,2016 Mar 08 12:00:00 AM,2016 Mar 24 12:00:00 AM,Completed,Completed,524 6TH AVE W,98119,https://services.seattle.gov/portal/customize/LinkToRecord.aspx?altId=002125-16CP,True,False,False,leak|leaking|roof leak|mold,,
002233-16CP,7,2016 Mar 11 12:00:00 AM,,,Completed,1102 8TH AVE,98101,https://services.seattle.gov/portal/customize/LinkToRecord.aspx?altId=002233-16CP,True,False,False,water damage|mold|black mold|infestation|no carbon monoxide,,
002395-16CP,7,2016 Mar 21 12:00:00 AM,2016 Mar 23 12:00:00 AM,Completed,Completed,3227 14TH AVE W,98119,https://services.seattle.gov/portal/customize/LinkToRecord.aspx?altId=002395-16CP,True,False,False,sewage|odor,,
002396-16CP,7,2016 Mar 21 12:00:00 AM,,,Completed,420 WALL ST,98121,https://services.seattle.gov/portal/customize/LinkToRecord.aspx?altId=002396-16CP,True,False,False,bedbug|bed bug,,
002609-16CP,7,2016 Apr 01 12:00:00 AM,2016 May 10 12:00:00 AM,Completed,Completed,3441 9TH AVE W,98119,https://services.seattle.gov/portal/customize/LinkToRecord.aspx?altId=002609-16CP,True,False,False,water damage|unsafe,,
002759-16CP,7,2016 Apr 08 12:00:00 AM,2016 Jul 15 12:00:00 AM,Completed,Completed,2415 WESTERN AVE,98121,https://services.seattle.gov/portal/customize/LinkToRecord.aspx?altId=002759-16CP,True,False,False,hazard,,
003198-16CP,7,2016 Apr 28 12:00:00 AM,2016 May 19 12:00:00 AM,Completed,Completed,3816 13TH AVE W,98119,https://services.seattle.gov/portal/customize/LinkToRecord.aspx?altId=003198-16CP,True,False,False,mold,,
003432-16CP,7,2016 May 11 12:00:00 AM,2016 May 17 12:00:00 AM,Completed,Completed,3213 21ST AVE W,98199,https://services.seattle.gov/portal/customize/LinkToRecord.aspx?altId=003432-16CP,True,True,True,mold|cockroach|roaches|hazard|fire hazard,tenant relocation,rent increase|just cause
003697-16CP,7,2016 May 20 12:00:00 AM,,,Completed,1000 8TH AVE,98104,https://services.seattle.gov/portal/customize/LinkToRecord.aspx?altId=003697-16CP,False,False,True,,,rrio
003959-16CP,7,2016 Jun 01 12:00:00 AM,2016 Jun 02 12:00:00 AM,Completed,Completed,1711 TAYLOR AVE N,98109,https://services.seattle.gov/portal/customize/LinkToRecord.aspx?altId=003959-16CP,True,False,False,flooded|collapse,,
004110-16CP,7,2016 Jun 08 12:00:00 AM,2016 Jun 09 12:00:00 AM,Completed,Completed,1515 7TH AVE,98101,https://services.seattle.gov/portal/customize/LinkToRecord.aspx?altId=004110-16CP,True,False,False,hazard,,
004127-16CP,7,2016 Jun 08 12:00:00 AM,2016 Jul 08 12:00:00 AM,Completed,Completed,2224 2ND AVE,98121,https://services.seattle.gov/portal/customize/LinkToRecord.aspx?altId=004127-16CP,True,False,False,structural,,
004201-16CP,7,2016 Jun 13 12:00:00 AM,2016 Jul 14 12:00:00 AM,Completed,Completed,718 4TH AVE N,98109,https://services.seattle.gov/portal/customize/LinkToRecord.aspx?altId=004201-16CP,True,False,False,infestation|rodent,,
004202-16CP,7,2016 Jun 13 12:00:00 AM,,,Completed,100 ROY ST,98109,https://services.seattle.gov/portal/customize/LinkToRecord.aspx?altId=004202-16CP,True,False,False,leak|leaking|leaks,,
004391-16CP,7,2016 Jun 21 12:00:00 AM,2016 Jun 22 12:00:00 AM,Completed,Completed,100 ROY ST,98109,https://services.seattle.gov/portal/customize/LinkToRecord.aspx?altId=004391-16CP,True,False,False,leak,,
004511-16CP,7,2016 Jun 23 12:00:00 AM,2016 Aug 22 12:00:00 AM,Completed,Completed,3600 26TH PL W,98199,https://services.seattle.gov/portal/customize/LinkToRecord.aspx?altId=004511-16CP,True,False,False,leak|leaking|unsafe,,
004573-16CP,7,2016 Jun 27 12:00:00 AM,2016 Jul 19 12:00:00 AM,Completed,Completed,215 W MERCER ST,98119,https://services.seattle.gov/portal/customize/LinkToRecord.aspx?altId=004573-16CP,True,True,False,leak|leaks|mold|infestation,pota,
004742-16CP,7,2016 Jul 06 12:00:00 AM,,,Completed,315 SENECA ST,98101,https://services.seattle.gov/portal/customize/LinkToRecord.aspx?altId=004742-16CP,True,False,False,mold,,
005079-16CP,7,2016 Jul 20 12:00:00 AM,2016 Aug 10 12:00:00 AM,Completed,Completed,119 W ROY ST,98119,https://services.seattle.gov/portal/customize/LinkToRecord.aspx?altId=005079-16CP,True,False,False,mold|no ventilation,,
005145-16CP,7,2016 Jul 22 12:00:00 AM,2016 Jul 28 12:00:00 AM,Completed,Completed,3402 22ND AVE W,98199,https://services.seattle.gov/portal/customize/LinkToRecord.aspx?altId=005145-16CP,False,True,False,,harass|pota,
005286-16CP,7,2016 Jul 28 12:00:00 AM,2016 Aug 16 12:00:00 AM,Completed,Completed,420 BLANCHARD ST,98121,https://services.seattle.gov/portal/customize/LinkToRecord.aspx?altId=005286-16CP,True,False,False,water damage|mold|moisture,,
005289-16CP,7,2016 Jul 28 12:00:00 AM,2016 Aug 19 12:00:00 AM,Completed,Completed,2224 2ND AVE,98121,https://services.seattle.gov/portal/customize/LinkToRecord.aspx?altId=005289-16CP,True,False,False,leak|leaks|infestation|bedbug,,
005413-16CP,7,2016 Aug 02 12:00:00 AM,2016 Oct 05 12:00:00 AM,Completed,Completed,813 5TH AVE N,98109,https://services.seattle.gov/portal/customize/LinkToRecord.aspx?altId=005413-16CP,True,True,False,sewage|leak|leaks,threaten|retaliat|in retaliation for,
005446-16CP,7,2016 Aug 03 12:00:00 AM,2016 Aug 30 12:00:00 AM,Completed,Completed,302 W OLYMPIC PL,98119,https://services.seattle.gov/portal/customize/LinkToRecord.aspx?altId=005446-16CP,True,False,False,leak|leaking,,
005452-16CP,7,2016 Aug 04 12:00:00 AM,2016 Aug 08 12:00:00 AM,Completed,Completed,813 5TH AVE N,98109,https://services.seattle.gov/portal/customize/LinkToRecord.aspx?altId=005452-16CP,True,False,False,leak|leaks,,
005635-16CP,7,2016 Aug 11 12:00:00 AM,,,Completed,1000 8TH AVE,98104,https://services.seattle.gov/portal/customize/LinkToRecord.aspx?altId=005635-16CP,True,False,False,mice,,
005823-16CP,7,2016 Aug 18 12:00:00 AM,,,Completed,901 6TH AVE,98104,https://services.seattle.gov/portal/customize/LinkToRecord.aspx?altId=005823-16CP,True,False,False,roaches,,
005969-16CP,7,2016 Aug 23 12:00:00 AM,2016 Oct 05 12:00:00 AM,Completed,Completed,3816 13TH AVE W,98119,https://services.seattle.gov/portal/customize/LinkToRecord.aspx?altId=005969-16CP,True,False,False,mold|black mold,,
006144-16CP,7,2016 Aug 31 12:00:00 AM,,,Completed,1102 8TH AVE,98101,https://services.seattle.gov/portal/customize/LinkToRecord.aspx?altId=006144-16CP,True,False,False,infestation|bedbug,,
006317-16CP,7,2016 Sep 09 12:00:00 AM,2016 Oct 05 12:00:00 AM,Completed,Completed,1 DRAVUS ST,98109,https://services.seattle.gov/portal/customize/LinkToRecord.aspx?altId=006317-16CP,True,False,False,leak|leaks,,
006405-16CP,7,2016 Sep 12 12:00:00 AM,2016 Oct 05 12:00:00 AM,Completed,Completed,813 5TH AVE N,98109,https://services.seattle.gov/portal/customize/LinkToRecord.aspx?altId=006405-16CP,True,False,False,mold|infestation,,
006613-16CP,7,2016 Sep 22 12:00:00 AM,2016 Nov 14 12:00:00 AM,Completed,Completed,43 W DRAVUS ST,98119,https://services.seattle.gov/portal/customize/LinkToRecord.aspx?altId=006613-16CP,True,False,False,leak|leaks|infestation|unsafe,,
007148-16CP,7,2016 Oct 18 12:00:00 AM,2016 Nov 02 12:00:00 AM,Completed,Completed,2230 4TH AVE,98121,https://services.seattle.gov/portal/customize/LinkToRecord.aspx?altId=007148-16CP,True,False,False,leak|leaking|mold|moisture,,
007353-16CP,7,2016 Oct 31 12:00:00 AM,2016 Nov 07 12:00:00 AM,Completed,Completed,1102 8TH AVE,98101,https://services.seattle.gov/portal/customize/LinkToRecord.aspx?altId=007353-16CP,True,False,False,no hot water,,
007366-16CP,7,2016 Nov 01 12:00:00 AM,,,Completed,2800 WESTERN AVE,98121,https://services.seattle.gov/portal/customize/LinkToRecord.aspx?altId=007366-16CP,True,True,False,leak|mold,threaten|after reporting,
007399-16CP,7,2016 Nov 02 12:00:00 AM,2016 Nov 16 12:00:00 AM,Completed,Completed,823 MADISON ST,98104,https://services.seattle.gov/portal/customize/LinkToRecord.aspx?altId=007399-16CP,True,False,False,mold|infestation|bed bug,,
007703-16CP,7,2016 Nov 22 12:00:00 AM,2016 Dec 05 12:00:00 AM,Completed,Completed,715 4TH AVE N,98109,https://services.seattle.gov/portal/customize/LinkToRecord.aspx?altId=007703-16CP,True,False,False,leak|mold,,
007714-16CP,7,2016 Nov 22 12:00:00 AM,2016 Nov 23 12:00:00 AM,Completed,Completed,2845 PATTEN PL W,98199,https://services.seattle.gov/portal/customize/LinkToRecord.aspx?altId=007714-16CP,True,False,False,unsafe,,
007925-16CP,7,2016 Dec 09 12:00:00 AM,2017 Jan 04 12:00:00 AM,Completed,Completed,3115 QUEEN ANNE AVE N,98109,https://services.seattle.gov/portal/customize/LinkToRecord.aspx?altId=007925-16CP,True,True,False,leak|leaking|mold,threaten,
007940-16CP,7,2016 Dec 12 12:00:00 AM,2016 Dec 28 12:00:00 AM,Completed,Completed,3240 15TH AVE W,98119,https://services.seattle.gov/portal/customize/LinkToRecord.aspx?altId=007940-16CP,True,False,False,leak|leaking,,
008046-16CP,7,2016 Dec 19 12:00:00 AM,2016 Dec 22 12:00:00 AM,Completed,Completed,2230 4TH AVE,98121,https://services.seattle.gov/portal/customize/LinkToRecord.aspx?altId=008046-16CP,True,False,False,leak|mold|black mold|broken door,,
008137-16CP,7,2016 Dec 27 12:00:00 AM,2017 Jan 19 12:00:00 AM,Completed,Completed,2510 WESTERN AVE,98121,https://services.seattle.gov/portal/customize/LinkToRecord.aspx?altId=008137-16CP,True,False,False,leak|leaking,,
008139-16CP,7,2016 Dec 27 12:00:00 AM,2017 Jan 04 12:00:00 AM,Completed,Completed,1102 8TH AVE,98101,https://services.seattle.gov/portal/customize/LinkToRecord.aspx?altId=008139-16CP,True,False,False,flooding,,
008182-16CP,7,2016 Dec 29 12:00:00 AM,2017 Jan 04 12:00:00 AM,Completed,Completed,2546 WARREN AVE N,98109,https://services.seattle.gov/portal/customize/LinkToRecord.aspx?altId=008182-16CP,True,False,False,mold|no carbon monoxide,,
1036498-VI,7,2016 Jan 05 12:00:00 AM,2016 Feb 17 12:00:00 AM,Compliance Achieved,Completed,1928 12TH AVE W,98119,https://services.seattle.gov/portal/customize/LinkToRecord.aspx?altId=1036498-VI,True,False,False,mold|dampness,,
1036535-VI,7,2016 Jan 13 12:00:00 AM,2016 Dec 08 12:00:00 AM,Compliance Achieved,Completed,1102 8TH AVE,98101,https://services.seattle.gov/portal/customize/LinkToRecord.aspx?altId=1036535-VI,True,False,False,roaches|bed bug,,
1036789-VI,7,2016 Feb 18 12:00:00 AM,2016 May 24 12:00:00 AM,Compliance Achieved,Completed,3428 25TH AVE W,98199,https://services.seattle.gov/portal/customize/LinkToRecord.aspx?altId=1036789-VI,True,False,False,leak|leaking|mold|pest control|unsafe,,
1036918-TR,7,2016 Mar 04 12:00:00 AM,,,Completed,2500 ELLIOTT AVE,98121,https://services.seattle.gov/portal/customize/LinkToRecord.aspx?altId=1036918-TR,False,True,False,,tenant relocation,
1037010-VI,7,2016 Mar 15 12:00:00 AM,2016 Aug 22 12:00:00 AM,Compliance Achieved,Completed,3600 26TH PL W,98199,https://services.seattle.gov/portal/customize/LinkToRecord.aspx?altId=1037010-VI,True,False,False,leak|leaking|leaks|mold|collapse,,
1037073-VI,7,2016 Mar 23 12:00:00 AM,2016 Apr 25 12:00:00 AM,Compliance Achieved,Completed,3227 14TH AVE W,98119,https://services.seattle.gov/portal/customize/LinkToRecord.aspx?altId=1037073-VI,True,False,False,sewage|odor,,
1037086-VI,7,2016 Mar 24 12:00:00 AM,2016 May 16 12:00:00 AM,Compliance Achieved,Completed,524 6TH AVE W,98119,https://services.seattle.gov/portal/customize/LinkToRecord.aspx?altId=1037086-VI,True,False,False,leak|leaking|roof leak|mold,,
1037403-TR,7,2016 May 06 12:00:00 AM,,,Completed,571 VALLEY ST,98109,https://services.seattle.gov/portal/customize/LinkToRecord.aspx?altId=1037403-TR,False,True,False,,tenant relocation,
1037422-TR,7,2016 May 09 12:00:00 AM,2016 Oct 21 12:00:00 AM,Vacant,Completed,422 YALE AVE N,98109,https://services.seattle.gov/portal/customize/LinkToRecord.aspx?altId=1037422-TR,False,True,False,,tenant relocation,
1037448-TR,7,2016 May 12 12:00:00 AM,2016 Aug 30 12:00:00 AM,Vacant,Completed,2264 12TH AVE W,98119,https://services.seattle.gov/portal/customize/LinkToRecord.aspx?altId=1037448-TR,False,True,False,,tenant relocation,
1037470-VI,7,2016 May 17 12:00:00 AM,2017 Mar 09 12:00:00 AM,Compliance Achieved,Completed,3213 21ST AVE W,98199,https://services.seattle.gov/portal/customize/LinkToRecord.aspx?altId=1037470-VI,True,True,True,mold|cockroach|roaches|hazard|fire hazard,tenant relocation,rent increase|just cause
1037484-VI,7,2016 May 19 12:00:00 AM,2017 May 03 12:00:00 AM,Compliance Achieved,Completed,3816 13TH AVE W,98119,https://services.seattle.gov/portal/customize/LinkToRecord.aspx?altId=1037484-VI,True,False,False,mold,,
1037578-TR,7,2016 Jun 01 12:00:00 AM,2016 Oct 20 12:00:00 AM,Vacant,Issued,526 W MERCER ST,98119,https://services.seattle.gov/portal/customize/LinkToRecord.aspx?altId=1037578-TR,False,True,False,,tenant relocation,
1037589-VI,7,2016 Jun 02 12:00:00 AM,2016 Sep 20 12:00:00 AM,Compliance Achieved,Completed,1711 TAYLOR AVE N,98109,https://services.seattle.gov/portal/customize/LinkToRecord.aspx?altId=1037589-VI,True,False,False,flooded|collapse,,
1037852-TR,7,2016 Jul 07 12:00:00 AM,,,Completed,2572 GILMAN DR W,98119,https://services.seattle.gov/portal/customize/LinkToRecord.aspx?altId=1037852-TR,False,True,False,,tenant relocation,
1037898-VI,7,2016 Jul 13 12:00:00 AM,2016 Sep 30 12:00:00 AM,Compliance Achieved,Completed,2224 2ND AVE,98121,https://services.seattle.gov/portal/customize/LinkToRecord.aspx?altId=1037898-VI,True,False,False,structural,,
1037904-VI,7,2016 Jul 14 12:00:00 AM,2016 Sep 21 12:00:00 AM,Compliance Achieved,Completed,718 4TH AVE N,98109,https://services.seattle.gov/portal/customize/LinkToRecord.aspx?altId=1037904-VI,True,False,False,infestation|rodent,,
1037930-VI,7,2016 Jul 19 12:00:00 AM,2016 Nov 03 12:00:00 AM,Compliance Achieved,Completed,215 W MERCER ST,98119,https://services.seattle.gov/portal/customize/LinkToRecord.aspx?altId=1037930-VI,True,True,False,leak|leaks|mold|infestation,pota,
1037959-TR,7,2016 Jul 21 12:00:00 AM,,,Completed,203 W REPUBLICAN ST,98119,https://services.seattle.gov/portal/customize/LinkToRecord.aspx?altId=1037959-TR,False,True,False,,tenant relocation,
1038176-VI,7,2016 Aug 17 12:00:00 AM,2017 Jan 10 12:00:00 AM,Compliance Achieved,Completed,420 BLANCHARD ST,98121,https://services.seattle.gov/portal/customize/LinkToRecord.aspx?altId=1038176-VI,True,False,False,water damage|mold|moisture,,
1038213-VI,7,2016 Aug 22 12:00:00 AM,2017 Mar 09 12:00:00 AM,Compliance Achieved,Completed,3600 26TH PL W,98199,https://services.seattle.gov/portal/customize/LinkToRecord.aspx?altId=1038213-VI,True,False,False,leak|leaking|unsafe,,
1038281-VI,7,2016 Aug 30 12:00:00 AM,2017 Mar 01 12:00:00 AM,Compliance Achieved,Completed,302 W OLYMPIC PL,98119,https://services.seattle.gov/portal/customize/LinkToRecord.aspx?altId=1038281-VI,True,False,False,leak|leaking,,
1038316-TR,7,2016 Sep 01 12:00:00 AM,,,Completed,1515 10TH AVE W,98119,https://services.seattle.gov/portal/customize/LinkToRecord.aspx?altId=1038316-TR,False,True,False,,tenant relocation,
1038339-TR,7,2016 Sep 06 12:00:00 AM,,,Completed,2305 W RAYE ST,98199,https://services.seattle.gov/portal/customize/LinkToRecord.aspx?altId=1038339-TR,False,True,False,,tenant relocation,
1038407-TR,7,2016 Sep 13 12:00:00 AM,,,Completed,1106 6TH AVE W,98119,https://services.seattle.gov/portal/customize/LinkToRecord.aspx?altId=1038407-TR,False,True,False,,tenant relocation,
1038433-TR,7,2016 Sep 16 12:00:00 AM,,,Completed,1116 5TH AVE N,98109,https://services.seattle.gov/portal/customize/LinkToRecord.aspx?altId=1038433-TR,False,True,False,,tenant relocation,
1038723-TR,7,2016 Oct 25 12:00:00 AM,,,Completed,3416 15TH AVE W,98119,https://services.seattle.gov/portal/customize/LinkToRecord.aspx?altId=1038723-TR,False,True,False,,tenant relocation,
1038804-VI,7,2016 Nov 02 12:00:00 AM,2017 Jul 25 12:00:00 AM,Compliance Achieved,Completed,2230 4TH AVE,98121,https://services.seattle.gov/portal/customize/LinkToRecord.aspx?altId=1038804-VI,True,False,False,leak|leaking|mold|moisture,,
1038808-TR,7,2016 Nov 02 12:00:00 AM,,,Completed,1918 5TH AVE N,98109,https://services.seattle.gov/portal/customize/LinkToRecord.aspx?altId=1038808-TR,False,True,False,,tenant relocation,
1038930-VI,7,2016 Nov 17 12:00:00 AM,2016 Dec 08 12:00:00 AM,Compliance Achieved,Completed,823 MADISON ST,98104,https://services.seattle.gov/portal/customize/LinkToRecord.aspx?altId=1038930-VI,True,False,False,mold|infestation|bed bug,,
1039023-VI,7,2016 Dec 05 12:00:00 AM,2017 Mar 09 12:00:00 AM,Compliance Achieved,Completed,715 4TH AVE N,98109,https://services.seattle.gov/portal/customize/LinkToRecord.aspx?altId=1039023-VI,True,False,False,leak|mold,,
1039028-TR,7,2016 Dec 05 12:00:00 AM,,,Completed,2043 13TH AVE W,98119,https://services.seattle.gov/portal/customize/LinkToRecord.aspx?altId=1039028-TR,False,True,False,,tenant relocation,
1039091-TR,7,2016 Dec 15 12:00:00 AM,2017 Feb 21 12:00:00 AM,Vacant,Completed,2660 9TH AVE W,98119,https://services.seattle.gov/portal/customize/LinkToRecord.aspx?altId=1039091-TR,False,True,False,,tenant relocation,
1039154-VI,7,2016 Dec 27 12:00:00 AM,2017 Jul 25 12:00:00 AM,Compliance Achieved,Completed,2230 4TH AVE,98121,https://services.seattle.gov/portal/customize/LinkToRecord.aspx?altId=1039154-VI,True,False,False,leak|mold|black mold|broken door,,
1039168-VI,7,2016 Dec 28 12:00:00 AM,2017 Mar 28 12:00:00 AM,Compliance Achieved,Completed,3240 15TH AVE W,98119,https://services.seattle.gov/portal/customize/LinkToRecord.aspx?altId=1039168-VI,True,False,False,leak|leaking,,
001090-17CP,7,2017 Jan 09 12:00:00 AM,2017 Jan 31 12:00:00 AM,Completed,Completed,2546 WARREN AVE N,98109,https://services.seattle.gov/portal/customize/LinkToRecord.aspx?altId=001090-17CP,True,False,False,no heat,,
001096-17CP,7,2017 Jan 09 12:00:00 AM,2017 Jan 25 12:00:00 AM,Completed,Completed,1170 HARRISON ST,98109,https://services.seattle.gov/portal/customize/LinkToRecord.aspx?altId=001096-17CP,True,False,False,no hot water,,
001133-17CP,7,2017 Jan 10 12:00:00 AM,2017 Jan 23 12:00:00 AM,Completed,Completed,919 STEWART ST,98101,https://services.seattle.gov/portal/customize/LinkToRecord.aspx?altId=001133-17CP,True,False,False,infestation|bedbug,,
001263-17CP,7,2017 Jan 19 12:00:00 AM,,,Completed,401 MERCER ST,98109,https://services.seattle.gov/portal/customize/LinkToRecord.aspx?altId=001263-17CP,True,False,False,leak|leaks|water damage,,
001379-17CP,7,2017 Jan 25 12:00:00 AM,2017 Jan 26 12:00:00 AM,Completed,Completed,1413 4TH AVE W,98119,https://services.seattle.gov/portal/customize/LinkToRecord.aspx?altId=001379-17CP,False,True,False,,threaten,
001555-17CP,7,2017 Feb 07 12:00:00 AM,2017 Mar 07 12:00:00 AM,Completed,Completed,1401 5TH AVE N,98109,https://services.seattle.gov/portal/customize/LinkToRecord.aspx?altId=001555-17CP,True,False,False,leak|leaks|roof leak,,
001605-17CP,7,2017 Feb 09 12:00:00 AM,2017 Feb 15 12:00:00 AM,Completed,Completed,600 GALER ST,98109,https://services.seattle.gov/portal/customize/LinkToRecord.aspx?altId=001605-17CP,True,False,False,leak|leaking|mold,,
001685-17CP,7,2017 Feb 14 12:00:00 AM,2017 Mar 09 12:00:00 AM,Completed,Completed,2219 2ND AVE,98121,https://services.seattle.gov/portal/customize/LinkToRecord.aspx?altId=001685-17CP,True,False,False,structural|fumes,,
001688-17CP,7,2017 Feb 14 12:00:00 AM,2017 Mar 28 12:00:00 AM,Completed,Completed,3240 15TH AVE W,98119,https://services.seattle.gov/portal/customize/LinkToRecord.aspx?altId=001688-17CP,True,False,False,leak|leaks|mold,,
001726-17CP,7,2017 Feb 17 12:00:00 AM,2017 Mar 07 12:00:00 AM,Completed,Completed,1301 W EMERSON ST,98119,https://services.seattle.gov/portal/customize/LinkToRecord.aspx?altId=001726-17CP,True,False,False,mold|poor ventilation,,
001728-17CP,7,2017 Feb 17 12:00:00 AM,2017 Mar 06 12:00:00 AM,Completed,Completed,1922 9TH AVE,98101,https://services.seattle.gov/portal/customize/LinkToRecord.aspx?altId=001728-17CP,True,False,False,bed bug,,
001909-17CP,7,2017 Feb 28 12:00:00 AM,2017 Mar 28 12:00:00 AM,Completed,Completed,2249 13TH AVE W,98119,https://services.seattle.gov/portal/customize/LinkToRecord.aspx?altId=001909-17CP,True,False,False,mold|black mold,,
002041-17CP,7,2017 Mar 07 12:00:00 AM,2017 Apr 18 12:00:00 AM,Completed,Completed,1167 REPUBLICAN ST,98109,https://services.seattle.gov/portal/customize/LinkToRecord.aspx?altId=002041-17CP,True,False,False,no hot water,,
002064-17CP,7,2017 Mar 08 12:00:00 AM,2017 Mar 09 12:00:00 AM,Completed,Completed,41 DRAVUS ST,98109,https://services.seattle.gov/portal/customize/LinkToRecord.aspx?altId=002064-17CP,True,False,False,water damage|mold,,
002117-17CP,7,2017 Mar 13 12:00:00 AM,2017 Mar 21 12:00:00 AM,Completed,Completed,1102 8TH AVE,98101,https://services.seattle.gov/portal/customize/LinkToRecord.aspx?altId=002117-17CP,True,False,False,hazard,,
002891-17CP,7,2017 Apr 24 12:00:00 AM,2017 Apr 26 12:00:00 AM,Completed,Completed,419 2ND AVE W,98119,https://services.seattle.gov/portal/customize/LinkToRecord.aspx?altId=002891-17CP,True,False,False,unsafe,,
002923-17CP,7,2017 Apr 25 12:00:00 AM,2017 May 02 12:00:00 AM,Completed,Completed,2315 W BOSTON ST,98199,https://services.seattle.gov/portal/customize/LinkToRecord.aspx?altId=002923-17CP,True,False,False,mold,,
002924-17CP,7,2017 Apr 25 12:00:00 AM,2017 Jul 14 12:00:00 AM,Completed,Completed,111 CEDAR ST,98121,https://services.seattle.gov/portal/customize/LinkToRecord.aspx?altId=002924-17CP,True,False,False,hazard|garbage,,
002934-17CP,7,2017 Apr 25 12:00:00 AM,2017 Oct 06 12:00:00 AM,Completed,Completed,3246 CONKLING PL W,98119,https://services.seattle.gov/portal/customize/LinkToRecord.aspx?altId=002934-17CP,True,False,False,water damage|mold,,
003129-17CP,7,2017 May 04 12:00:00 AM,2017 Jun 06 12:00:00 AM,Completed,Completed,3250 15TH AVE W,98119,https://services.seattle.gov/portal/customize/LinkToRecord.aspx?altId=003129-17CP,True,False,False,leak|leaks|mold,,
003356-17CP,7,2017 May 17 12:00:00 AM,2017 May 22 12:00:00 AM,Completed,Completed,206 5TH AVE N,98109,https://services.seattle.gov/portal/customize/LinkToRecord.aspx?altId=003356-17CP,True,False,False,unsafe,,
003408-17CP,7,2017 May 18 12:00:00 AM,2017 May 31 12:00:00 AM,Completed,Completed,1902 2ND AVE,98101,https://services.seattle.gov/portal/customize/LinkToRecord.aspx?altId=003408-17CP,True,False,False,mold,,
004198-17CP,7,2017 Jun 19 12:00:00 AM,2017 Jul 18 12:00:00 AM,Completed,Completed,80 STEWART ST,98101,https://services.seattle.gov/portal/customize/LinkToRecord.aspx?altId=004198-17CP,True,False,False,bed bug|pest control,,
004850-17CP,7,2017 Jul 13 12:00:00 AM,2017 Aug 03 12:00:00 AM,Completed,Completed,1949 5TH AVE W,98119,https://services.seattle.gov/portal/customize/LinkToRecord.aspx?altId=004850-17CP,True,False,False,mold,,
005121-17CP,7,2017 Jul 21 12:00:00 AM,,,Completed,2334 ELLIOTT AVE,98121,https://services.seattle.gov/portal/customize/LinkToRecord.aspx?altId=005121-17CP,True,False,False,hazard|fire hazard,,
005446-17CP,7,2017 Aug 02 12:00:00 AM,,,Completed,100 ALOHA ST,98109,https://services.seattle.gov/portal/customize/LinkToRecord.aspx?altId=005446-17CP,False,True,False,,pota,
005449-17CP,7,2017 Aug 02 12:00:00 AM,,,Closed,1525 9TH AVE,98101,https://services.seattle.gov/portal/customize/LinkToRecord.aspx?altId=005449-17CP,True,False,False,flooded,,
005916-17CP,7,2017 Aug 17 12:00:00 AM,2017 Aug 24 12:00:00 AM,Completed,Completed,823 MADISON ST,98104,https://services.seattle.gov/portal/customize/LinkToRecord.aspx?altId=005916-17CP,True,False,False,infestation|rodent|mice,,
006060-17CP,7,2017 Aug 23 12:00:00 AM,2017 Aug 25 12:00:00 AM,Completed,Completed,1526 3RD AVE,98101,https://services.seattle.gov/portal/customize/LinkToRecord.aspx?altId=006060-17CP,True,False,False,bed bug,,
006162-17CP,7,2017 Aug 25 12:00:00 AM,,,Completed,1922 9TH AVE,98101,https://services.seattle.gov/portal/customize/LinkToRecord.aspx?altId=006162-17CP,True,True,False,bedbug|bed bug,pota,
006356-17CP,7,2017 Sep 01 12:00:00 AM,2017 Oct 02 12:00:00 AM,Completed,Completed,1215 QUEEN ANNE AVE N,98109,https://services.seattle.gov/portal/customize/LinkToRecord.aspx?altId=006356-17CP,True,False,False,leak,,
006388-17CP,7,2017 Sep 01 12:00:00 AM,2017 Sep 11 12:00:00 AM,Completed,Completed,310 LYNN ST,98109,https://services.seattle.gov/portal/customize/LinkToRecord.aspx?altId=006388-17CP,True,False,False,mold,,
006477-17CP,7,2017 Sep 07 12:00:00 AM,2017 Sep 19 12:00:00 AM,Completed,Completed,1401 5TH AVE N,98109,https://services.seattle.gov/portal/customize/LinkToRecord.aspx?altId=006477-17CP,True,False,False,leak|leaks|ceiling leak,,
006525-17CP,7,2017 Sep 08 12:00:00 AM,2017 Sep 19 12:00:00 AM,Completed,Completed,1110 8TH AVE,98101,https://services.seattle.gov/portal/customize/LinkToRecord.aspx?altId=006525-17CP,True,False,False,bedbug,,
006588-17CP,7,2017 Sep 11 12:00:00 AM,2018 Jan 23 12:00:00 AM,Completed,Completed,2648 14TH AVE W,98119,https://services.seattle.gov/portal/customize/LinkToRecord.aspx?altId=006588-17CP,True,False,False,mold,,
006709-17CP,7,2017 Sep 15 12:00:00 AM,2017 Sep 26 12:00:00 AM,Withdrawn,Closed,317 MARION ST,98104,https://services.seattle.gov/portal/customize/LinkToRecord.aspx?altId=006709-17CP,True,False,False,mold|black mold,,
006754-17CP,7,2017 Sep 18 12:00:00 AM,2017 Oct 10 12:00:00 AM,Completed,Completed,2626 1ST AVE N,98109,https://services.seattle.gov/portal/customize/LinkToRecord.aspx?altId=006754-17CP,True,False,False,leak|leaking|mold,,
006755-17CP,7,2017 Sep 18 12:00:00 AM,2018 Jan 23 12:00:00 AM,Completed,Completed,7 W DRAVUS ST,98119,https://services.seattle.gov/portal/customize/LinkToRecord.aspx?altId=006755-17CP,True,False,False,leak|leaking,,
006924-17CP,7,2017 Sep 25 12:00:00 AM,2017 Sep 26 12:00:00 AM,Completed,Completed,1401 5TH AVE N,98109,https://services.seattle.gov/portal/customize/LinkToRecord.aspx?altId=006924-17CP,True,True,False,no heat|leak|leaking|leaks|water damage,pota,
007092-17CP,7,2017 Sep 29 12:00:00 AM,2017 Nov 02 12:00:00 AM,Completed,Completed,3539 27TH PL W,98199,https://services.seattle.gov/portal/customize/LinkToRecord.aspx?altId=007092-17CP,True,False,False,fumes|toxic fumes,,
007385-17CP,7,2017 Oct 13 12:00:00 AM,2017 Nov 01 12:00:00 AM,Completed,Completed,408 RAYE ST,98109,https://services.seattle.gov/portal/customize/LinkToRecord.aspx?altId=007385-17CP,True,False,False,infestation,,
007610-17CP,7,2017 Oct 24 12:00:00 AM,2017 Nov 03 12:00:00 AM,Completed,Completed,2008 WESTLAKE AVE,98121,https://services.seattle.gov/portal/customize/LinkToRecord.aspx?altId=007610-17CP,True,False,False,bedbug,,
007637-17CP,7,2017 Oct 25 12:00:00 AM,2017 Oct 31 12:00:00 AM,Completed,Completed,2701 3RD AVE W,98119,https://services.seattle.gov/portal/customize/LinkToRecord.aspx?altId=007637-17CP,True,False,False,no hot water,,
007833-17CP,7,2017 Nov 02 12:00:00 AM,,,Completed,2224 2ND AVE,98121,https://services.seattle.gov/portal/customize/LinkToRecord.aspx?altId=007833-17CP,True,False,False,mice|roaches,,
008186-17CP,7,2017 Nov 21 12:00:00 AM,2017 Nov 22 12:00:00 AM,Completed,Completed,716 3RD AVE W,98119,https://services.seattle.gov/portal/customize/LinkToRecord.aspx?altId=008186-17CP,False,True,False,,pota,
008208-17CP,7,2017 Nov 21 12:00:00 AM,2017 Dec 19 12:00:00 AM,Completed,Completed,520 3RD AVE W,98119,https://services.seattle.gov/portal/customize/LinkToRecord.aspx?altId=008208-17CP,True,False,False,structural,,
008222-17CP,7,2017 Nov 22 12:00:00 AM,,,Completed,903 9TH AVE,98104,https://services.seattle.gov/portal/customize/LinkToRecord.aspx?altId=008222-17CP,True,False,False,broken window,,
008300-17CP,7,2017 Nov 30 12:00:00 AM,2018 Mar 29 12:00:00 AM,Completed,Completed,2541 MAYFAIR AVE N,98109,https://services.seattle.gov/portal/customize/LinkToRecord.aspx?altId=008300-17CP,True,False,False,mold|poor ventilation,,
008315-17CP,7,2017 Nov 30 12:00:00 AM,2017 Dec 19 12:00:00 AM,Completed,Completed,2510 WESTERN AVE,98121,https://services.seattle.gov/portal/customize/LinkToRecord.aspx?altId=008315-17CP,True,False,False,infestation,,
008359-17CP,7,2017 Dec 01 12:00:00 AM,2018 Jan 23 12:00:00 AM,Completed,Completed,3250 15TH AVE W,98119,https://services.seattle.gov/portal/customize/LinkToRecord.aspx?altId=008359-17CP,True,False,False,leak|ceiling leak|mold|mildew,,
008488-17CP,7,2017 Dec 11 12:00:00 AM,2018 Jan 03 12:00:00 AM,Completed,Completed,2048 13TH AVE W,98119,https://services.seattle.gov/portal/customize/LinkToRecord.aspx?altId=008488-17CP,True,False,False,leak|leaking|mold,,
008764-17CP,7,2017 Dec 29 12:00:00 AM,2018 Jan 11 12:00:00 AM,Completed,Completed,823 MADISON ST,98104,https://services.seattle.gov/portal/customize/LinkToRecord.aspx?altId=008764-17CP,True,False,False,water damage|mold|black mold|asbestos,,
1039187-VI,7,2017 Jan 04 12:00:00 AM,2017 Mar 07 12:00:00 AM,Compliance Achieved,Completed,3115 QUEEN ANNE AVE N,98109,https://services.seattle.gov/portal/customize/LinkToRecord.aspx?altId=1039187-VI,True,True,False,leak|leaking|mold,threaten,
1039202-VI,7,2017 Jan 05 12:00:00 AM,2017 Mar 15 12:00:00 AM,Compliance Achieved,Completed,1102 8TH AVE,98101,https://services.seattle.gov/portal/customize/LinkToRecord.aspx?altId=1039202-VI,True,False,False,flooding,,
1039618-VI,7,2017 Mar 07 12:00:00 AM,2017 Apr 12 12:00:00 AM,Compliance Achieved,Completed,1301 W EMERSON ST,98119,https://services.seattle.gov/portal/customize/LinkToRecord.aspx?altId=1039618-VI,True,False,False,mold|poor ventilation,,
1039660-VI,7,2017 Mar 09 12:00:00 AM,2017 Mar 27 12:00:00 AM,Compliance Achieved,Completed,41 DRAVUS ST,98109,https://services.seattle.gov/portal/customize/LinkToRecord.aspx?altId=1039660-VI,True,False,False,water damage|mold,,
1039675-TR,7,2017 Mar 10 12:00:00 AM,,,Completed,155 NICKERSON ST,98109,https://services.seattle.gov/portal/customize/LinkToRecord.aspx?altId=1039675-TR,False,True,False,,tenant relocation,
1039691-TR,7,2017 Mar 14 12:00:00 AM,2018 Feb 01 12:00:00 AM,Vacant,Completed,1920 1ST AVE,98101,https://services.seattle.gov/portal/customize/LinkToRecord.aspx?altId=1039691-TR,False,True,False,,tenant relocation,
1039747-TR,7,2017 Mar 17 12:00:00 AM,,,Completed,3218 15TH AVE W,98119,https://services.seattle.gov/portal/customize/LinkToRecord.aspx?altId=1039747-TR,False,True,False,,tenant relocation,
1039811-TR,7,2017 Mar 28 12:00:00 AM,2017 Aug 18 12:00:00 AM,Vacant,Completed,2110 3RD AVE N,98109,https://services.seattle.gov/portal/customize/LinkToRecord.aspx?altId=1039811-TR,False,True,False,,tenant relocation,
1039823-VI,7,2017 Mar 29 12:00:00 AM,2019 Nov 12 12:00:00 AM,Compliance Achieved,Completed,1102 8TH AVE,98101,https://services.seattle.gov/portal/customize/LinkToRecord.aspx?altId=1039823-VI,True,False,False,hazard,,
1039895-TR,7,2017 Apr 06 12:00:00 AM,,,Completed,617 QUEEN ANNE AVE N,98109,https://services.seattle.gov/portal/customize/LinkToRecord.aspx?altId=1039895-TR,False,True,False,,tenant relocation,
1039974-TR,7,2017 Apr 17 12:00:00 AM,2017 Jul 26 12:00:00 AM,Vacant,Completed,507 GALER ST,98109,https://services.seattle.gov/portal/customize/LinkToRecord.aspx?altId=1039974-TR,False,True,False,,tenant relocation,
1040021-TR,7,2017 Apr 24 12:00:00 AM,,,Completed,1108 9TH AVE W,98119,https://services.seattle.gov/portal/customize/LinkToRecord.aspx?altId=1040021-TR,False,True,False,,tenant relocation,
1040081-VI,7,2017 May 02 12:00:00 AM,,,Completed,419 2ND AVE W,98119,https://services.seattle.gov/portal/customize/LinkToRecord.aspx?altId=1040081-VI,True,False,False,unsafe,,
1040118-TR,7,2017 May 08 12:00:00 AM,2017 Jul 26 12:00:00 AM,Vacant,Completed,1713 DEXTER AVE N,98109,https://services.seattle.gov/portal/customize/LinkToRecord.aspx?altId=1040118-TR,False,True,False,,tenant relocation,
1040319-VI,7,2017 Jun 06 12:00:00 AM,2017 Aug 18 12:00:00 AM,Compliance Achieved,Completed,3250 15TH AVE W,98119,https://services.seattle.gov/portal/customize/LinkToRecord.aspx?altId=1040319-VI,True,False,False,leak|leaks|mold,,
1040711-TR,7,2017 Jul 18 12:00:00 AM,2017 Oct 24 12:00:00 AM,Vacant,Completed,909 6TH AVE N,98109,https://services.seattle.gov/portal/customize/LinkToRecord.aspx?altId=1040711-TR,False,True,False,,tenant relocation,
1040714-VI,7,2017 Jul 18 12:00:00 AM,2017 Oct 19 12:00:00 AM,Compliance Achieved,Completed,80 STEWART ST,98101,https://services.seattle.gov/portal/customize/LinkToRecord.aspx?altId=1040714-VI,True,False,False,bed bug|pest control,,
1040780-TR,7,2017 Jul 24 12:00:00 AM,,,Completed,3050 14TH AVE W,98119,https://services.seattle.gov/portal/customize/LinkToRecord.aspx?altId=1040780-TR,False,True,False,,tenant relocation,
1040918-TR,7,2017 Aug 08 12:00:00 AM,,,Completed,301 LEE ST,98109,https://services.seattle.gov/portal/customize/LinkToRecord.aspx?altId=1040918-TR,False,True,False,,tenant relocation,
1040960-TR,7,2017 Aug 15 12:00:00 AM,,,Completed,224 PONTIUS AVE N,98109,https://services.seattle.gov/portal/customize/LinkToRecord.aspx?altId=1040960-TR,False,True,False,,tenant relocation,
1041053-VI,7,2017 Aug 25 12:00:00 AM,2018 Jan 16 12:00:00 AM,Compliance Achieved,Completed,823 MADISON ST,98104,https://services.seattle.gov/portal/customize/LinkToRecord.aspx?altId=1041053-VI,True,False,False,infestation|rodent|mice,,
1041074-VI,7,2017 Aug 28 12:00:00 AM,2017 Dec 01 12:00:00 AM,Compliance Achieved,Completed,1526 3RD AVE,98101,https://services.seattle.gov/portal/customize/LinkToRecord.aspx?altId=1041074-VI,True,False,False,bed bug,,
1041080-TR,7,2017 Aug 28 12:00:00 AM,,,Completed,1302 W NEWTON ST,98119,https://services.seattle.gov/portal/customize/LinkToRecord.aspx?altId=1041080-TR,False,True,False,,tenant relocation,
1041128-TR,7,2017 Aug 30 12:00:00 AM,,,Completed,1017 6TH AVE N,98109,https://services.seattle.gov/portal/customize/LinkToRecord.aspx?altId=1041128-TR,False,True,False,,tenant relocation,
1041223-VI,7,2017 Sep 11 12:00:00 AM,2017 Nov 03 12:00:00 AM,Compliance Achieved,Completed,310 LYNN ST,98109,https://services.seattle.gov/portal/customize/LinkToRecord.aspx?altId=1041223-VI,True,False,False,mold,,
1041301-TR,7,2017 Sep 18 12:00:00 AM,,,Initiated,526 YALE AVE N,98109,https://services.seattle.gov/portal/customize/LinkToRecord.aspx?altId=1041301-TR,False,True,False,,tenant relocation|relocation assistance,
1041469-TR,7,2017 Oct 03 12:00:00 AM,,,Completed,1115 DEXTER AVE N,98109,https://services.seattle.gov/portal/customize/LinkToRecord.aspx?altId=1041469-TR,False,True,False,,tenant relocation,
1041542-VI,7,2017 Oct 10 12:00:00 AM,2018 Jan 10 12:00:00 AM,Compliance Achieved,Completed,2626 1ST AVE N,98109,https://services.seattle.gov/portal/customize/LinkToRecord.aspx?altId=1041542-VI,True,False,False,leak|leaking|mold,,
1041619-TR,7,2017 Oct 18 12:00:00 AM,,,Completed,3640 13TH AVE W,98119,https://services.seattle.gov/portal/customize/LinkToRecord.aspx?altId=1041619-TR,False,True,False,,tenant relocation,
1041763-VI,7,2017 Nov 01 12:00:00 AM,2018 Feb 20 12:00:00 AM,Compliance Achieved,Completed,408 RAYE ST,98109,https://services.seattle.gov/portal/customize/LinkToRecord.aspx?altId=1041763-VI,True,False,False,infestation,,
1041787-VI,7,2017 Nov 03 12:00:00 AM,2017 Dec 20 12:00:00 AM,Compliance Achieved,Completed,2008 WESTLAKE AVE,98121,https://services.seattle.gov/portal/customize/LinkToRecord.aspx?altId=1041787-VI,True,False,False,bedbug,,
1041819-TR,7,2017 Nov 09 12:00:00 AM,2018 Mar 07 12:00:00 AM,Vacant,Completed,1235 TAYLOR AVE N,98109,https://services.seattle.gov/portal/customize/LinkToRecord.aspx?altId=1041819-TR,False,True,False,,tenant relocation,
1041933-TR,7,2017 Dec 01 12:00:00 AM,,,Completed,511 HOWE ST,98109,https://services.seattle.gov/portal/customize/LinkToRecord.aspx?altId=1041933-TR,False,True,False,,tenant relocation,
1042034-TR,7,2017 Dec 18 12:00:00 AM,2018 May 24 12:00:00 AM,Vacant,Completed,2101 7TH AVE W,98119,https://services.seattle.gov/portal/customize/LinkToRecord.aspx?altId=1042034-TR,False,True,False,,tenant relocation,
003983-18CP,7,2018 May 04 12:00:00 AM,2018 Aug 07 12:00:00 AM,No Access/Unable to Observe,Completed,1910 9TH AVE W,98119,https://services.seattle.gov/portal/customize/LinkToRecord.aspx?altId=003983-18CP,True,False,False,infestation|rodent,,
1044257-TR,7,2018 May 21 12:00:00 AM,,,Issued,1627 10TH AVE W,98119,https://services.seattle.gov/portal/customize/LinkToRecord.aspx?altId=1044257-TR,False,True,False,,tenant relocation,
004641-18CP,7,2018 May 23 12:00:00 AM,,,Completed,2401 4TH AVE N,98109,https://services.seattle.gov/portal/customize/LinkToRecord.aspx?altId=004641-18CP,True,False,False,unsafe,,
1044339-TR,7,2018 Jun 05 12:00:00 AM,,,Completed,1502 5th AVE N,98109,https://services.seattle.gov/portal/customize/LinkToRecord.aspx?altId=1044339-TR,False,True,False,,tenant relocation,
005181-18CP,7,2018 Jun 06 12:00:00 AM,,,Completed,1118 5TH AVE,98101,https://services.seattle.gov/portal/customize/LinkToRecord.aspx?altId=005181-18CP,True,False,False,infestation,,
005390-18CP,7,2018 Jun 12 12:00:00 AM,,,Completed,700 5TH AVE,98104,https://services.seattle.gov/portal/customize/LinkToRecord.aspx?altId=005390-18CP,False,False,True,,,notice to vacate
005413-18CP,7,2018 Jun 13 12:00:00 AM,2018 Aug 07 12:00:00 AM,No Access/Unable to Observe,Completed,415 W ROY ST,98119,https://services.seattle.gov/portal/customize/LinkToRecord.aspx?altId=005413-18CP,True,False,False,mold,,
006280-18CP,7,2018 Jul 09 12:00:00 AM,2018 Aug 07 12:00:00 AM,No Access/Unable to Observe,Completed,2703 W Dravus ST,,https://services.seattle.gov/portal/customize/LinkToRecord.aspx?altId=006280-18CP,True,False,False,sewage,,
006689-18CP,7,2018 Jul 18 12:00:00 AM,2018 Aug 07 12:00:00 AM,No Access/Unable to Observe,Completed,2703 W Dravus ST,,https://services.seattle.gov/portal/customize/LinkToRecord.aspx?altId=006689-18CP,True,False,False,sewage,,
006742-18CP,7,2018 Jul 19 12:00:00 AM,2018 Oct 02 12:00:00 AM,No Access/Unable to Observe,Completed,2215 W Armour ST,,https://services.seattle.gov/portal/customize/LinkToRecord.aspx?altId=006742-18CP,True,False,False,flooded|fumes,,
1044641-TR,7,2018 Jul 23 12:00:00 AM,,,Completed,914 W EMERSON ST,98119,https://services.seattle.gov/portal/customize/LinkToRecord.aspx?altId=1044641-TR,False,True,False,,tenant relocation,
006871-18CP,7,2018 Jul 24 12:00:00 AM,2018 Sep 04 12:00:00 AM,Completed,Completed,610 W Highland DR,,https://services.seattle.gov/portal/customize/LinkToRecord.aspx?altId=006871-18CP,True,False,False,sewage|water damage|flooding|mold,,
007062-18CP,7,2018 Jul 27 12:00:00 AM,2018 Aug 28 12:00:00 AM,Completed,Completed,706 UNION ST,98101,https://services.seattle.gov/portal/customize/LinkToRecord.aspx?altId=007062-18CP,True,False,False,hazard,,
007135-18CP,7,2018 Jul 29 12:00:00 AM,,,Closed,2344 W NEWTON ST,98199,https://services.seattle.gov/portal/customize/LinkToRecord.aspx?altId=007135-18CP,True,False,False,mold|black mold,,
007186-18CP,7,2018 Jul 30 12:00:00 AM,,,Closed,221 MINOR AVE N,98109,https://services.seattle.gov/portal/customize/LinkToRecord.aspx?altId=007186-18CP,True,False,False,garbage,,
007188-18CP,7,2018 Jul 31 12:00:00 AM,,,Completed,221 MINOR AVE N,98109,https://services.seattle.gov/portal/customize/LinkToRecord.aspx?altId=007188-18CP,True,False,False,garbage,,
007286-18CP,7,2018 Aug 01 12:00:00 AM,,,Completed,1420 4TH AVE W,98119,https://services.seattle.gov/portal/customize/LinkToRecord.aspx?altId=007286-18CP,False,False,True,,,rent increase
1044820-TR,7,2018 Aug 17 12:00:00 AM,,,Issued,2314 THORNDYKE AVE W,98199,https://services.seattle.gov/portal/customize/LinkToRecord.aspx?altId=1044820-TR,False,True,False,,tenant relocation,
007930-18CP,7,2018 Aug 19 12:00:00 AM,,,Completed,315 SENECA ST,98101,https://services.seattle.gov/portal/customize/LinkToRecord.aspx?altId=007930-18CP,True,False,False,hazard,,
1044852-TR,7,2018 Aug 23 12:00:00 AM,,,Completed,2411 W BOSTON ST,98199,https://services.seattle.gov/portal/customize/LinkToRecord.aspx?altId=1044852-TR,False,True,False,,tenant relocation,
008194-18CP,7,2018 Aug 27 12:00:00 AM,2018 Sep 06 12:00:00 AM,Completed,Completed,304 BELL ST,98121,https://services.seattle.gov/portal/customize/LinkToRecord.aspx?altId=008194-18CP,True,False,False,leak,,
008477-18CP,7,2018 Sep 05 12:00:00 AM,,,Closed,111 CEDAR ST,98121,https://services.seattle.gov/portal/customize/LinkToRecord.aspx?altId=008477-18CP,True,False,False,roaches,,
1044992-TR,7,2018 Sep 13 12:00:00 AM,,,Completed,522 valley ST,,https://services.seattle.gov/portal/customize/LinkToRecord.aspx?altId=1044992-TR,False,True,False,,tenant relocation,
009538-18CP,7,2018 Oct 09 12:00:00 AM,,,Completed,515 HOWE ST,98109,https://services.seattle.gov/portal/customize/LinkToRecord.aspx?altId=009538-18CP,False,True,False,,trao,
1045241-TR,7,2018 Oct 16 12:00:00 AM,,,Completed,2206 11TH AVE W,98119,https://services.seattle.gov/portal/customize/LinkToRecord.aspx?altId=1045241-TR,False,True,False,,tenant relocation,
1045256-TR,7,2018 Oct 18 12:00:00 AM,,,Completed,708 MCGRAW ST,98109,https://services.seattle.gov/portal/customize/LinkToRecord.aspx?altId=1045256-TR,False,True,False,,tenant relocation,
1045283-TR,7,2018 Oct 22 12:00:00 AM,,,Completed,2400 DEXTER AVE N,98109,https://services.seattle.gov/portal/customize/LinkToRecord.aspx?altId=1045283-TR,False,True,False,,tenant relocation,
009929-18CP,7,2018 Oct 23 12:00:00 AM,2018 Oct 30 12:00:00 AM,Completed,Closed,3402 22nd AVE W,,https://services.seattle.gov/portal/customize/LinkToRecord.aspx?altId=009929-18CP,True,False,False,mold,,
009969-18CP,7,2018 Oct 24 12:00:00 AM,2018 Nov 06 12:00:00 AM,No Access/Unable to Observe,Completed,1004 W NICKERSON ST,98119,https://services.seattle.gov/portal/customize/LinkToRecord.aspx?altId=009969-18CP,True,False,False,mold|black mold,,
010044-18CP,7,2018 Oct 26 12:00:00 AM,2018 Nov 01 12:00:00 AM,No Access/Unable to Observe,Completed,119 W Roy ST,,https://services.seattle.gov/portal/customize/LinkToRecord.aspx?altId=010044-18CP,True,False,False,bed bug,,
1045335-VI,7,2018 Oct 30 12:00:00 AM,2019 Jan 25 12:00:00 AM,Compliance Achieved,Completed,3402 22nd AVE W,,https://services.seattle.gov/portal/customize/LinkToRecord.aspx?altId=1045335-VI,True,False,False,mold,,
1045359-TR,7,2018 Nov 01 12:00:00 AM,,,Completed,1405 6TH AVE N,98109,https://services.seattle.gov/portal/customize/LinkToRecord.aspx?altId=1045359-TR,False,True,False,,tenant relocation,
010388-18CP,7,2018 Nov 11 12:00:00 AM,,,Completed,3047 23RD AVE W,98199,https://services.seattle.gov/portal/customize/LinkToRecord.aspx?altId=010388-18CP,True,False,False,hazard,,
1045421-TR,7,2018 Nov 13 12:00:00 AM,,,Completed,2001 23RD AVE W,98199,https://services.seattle.gov/portal/customize/LinkToRecord.aspx?altId=1045421-TR,False,True,False,,tenant relocation,
1045565-TR,7,2018 Dec 07 12:00:00 AM,2019 Mar 28 12:00:00 AM,Vacant,Completed,128 W Florentia ST,,https://services.seattle.gov/portal/customize/LinkToRecord.aspx?altId=1045565-TR,False,True,False,,trao,
010967-18CP,7,2018 Dec 08 12:00:00 AM,,,Completed,1317 6TH AVE N,98109,https://services.seattle.gov/portal/customize/LinkToRecord.aspx?altId=010967-18CP,True,False,False,mold,,
011080-18CP,7,2018 Dec 13 12:00:00 AM,,,Closed,1107 Virginia ST,98101,https://services.seattle.gov/portal/customize/LinkToRecord.aspx?altId=011080-18CP,True,False,False,no heat,,
011118-18CP,7,2018 Dec 14 12:00:00 AM,2019 Jan 09 12:00:00 AM,Completed,Completed,3451 14th AVE W,,https://services.seattle.gov/portal/customize/LinkToRecord.aspx?altId=011118-18CP,True,False,False,no ventilation,,
011134-18CP,7,2018 Dec 15 12:00:00 AM,,,Closed,1317 6TH AVE N,98109,https://services.seattle.gov/portal/customize/LinkToRecord.aspx?altId=011134-18CP,True,False,False,mold,,
011187-18CP,7,2018 Dec 18 12:00:00 AM,,,Closed,1317 6TH AVE N,98109,https://services.seattle.gov/portal/customize/LinkToRecord.aspx?altId=011187-18CP,True,False,False,mold,,
011189-18CP,7,2018 Dec 18 12:00:00 AM,2019 Jan 03 12:00:00 AM,Completed,Completed,1317 6th AVE N,,https://services.seattle.gov/portal/customize/LinkToRecord.aspx?altId=011189-18CP,True,False,False,leak|mold,,
1045651-TR,7,2018 Dec 26 12:00:00 AM,,,Initiated,3418 15th AVE W,,https://services.seattle.gov/portal/customize/LinkToRecord.aspx?altId=1045651-TR,False,True,False,,trao,
011409-18CP,7,2018 Dec 27 12:00:00 AM,2019 Jan 04 12:00:00 AM,Completed,Completed,3047 24th AVE W,,https://services.seattle.gov/portal/customize/LinkToRecord.aspx?altId=011409-18CP,True,False,False,leak|leaking|mold,,
001062-18CP,7,2018 Jan 04 12:00:00 AM,2018 Jan 30 12:00:00 AM,Completed,Completed,104 PINE ST,98101,https://services.seattle.gov/portal/customize/LinkToRecord.aspx?altId=001062-18CP,True,False,False,infestation|cockroach|bedbug|garbage,,
001077-18CP,7,2018 Jan 05 12:00:00 AM,2018 Jan 19 12:00:00 AM,Completed,Completed,1624 BOREN AVE,98101,https://services.seattle.gov/portal/customize/LinkToRecord.aspx?altId=001077-18CP,True,False,False,mold|moisture,,
001290-18CP,7,2018 Jan 17 12:00:00 AM,2018 Feb 21 12:00:00 AM,Completed,Completed,1820 MINOR AVE,98101,https://services.seattle.gov/portal/customize/LinkToRecord.aspx?altId=001290-18CP,True,False,False,mold,,
001311-18CP,7,2018 Jan 17 12:00:00 AM,2018 Jan 30 12:00:00 AM,Completed,Completed,225 CEDAR ST,98121,https://services.seattle.gov/portal/customize/LinkToRecord.aspx?altId=001311-18CP,True,False,False,water damage|life safety,,
001361-18CP,7,2018 Jan 18 12:00:00 AM,2018 Feb 20 12:00:00 AM,Completed,Completed,1717 5TH AVE N,98109,https://services.seattle.gov/portal/customize/LinkToRecord.aspx?altId=001361-18CP,True,False,False,life safety,,
001435-18CP,7,2018 Jan 23 12:00:00 AM,2018 Feb 15 12:00:00 AM,No Access/Unable to Observe,Closed,1902 2ND AVE,98101,https://services.seattle.gov/portal/customize/LinkToRecord.aspx?altId=001435-18CP,True,False,False,bed bug,,
001459-18CP,7,2018 Jan 24 12:00:00 AM,2018 Apr 25 12:00:00 AM,Completed,Completed,1105 5TH AVE N,98109,https://services.seattle.gov/portal/customize/LinkToRecord.aspx?altId=001459-18CP,True,False,False,leak|mold,,
001493-18CP,7,2018 Jan 25 12:00:00 AM,2018 Mar 01 12:00:00 AM,Completed,Completed,3535 27TH PL W,98199,https://services.seattle.gov/portal/customize/LinkToRecord.aspx?altId=001493-18CP,True,False,False,mold,,
001539-18CP,7,2018 Jan 29 12:00:00 AM,2018 Mar 21 12:00:00 AM,Completed,Completed,3421 14TH AVE W,98119,https://services.seattle.gov/portal/customize/LinkToRecord.aspx?altId=001539-18CP,True,False,False,leak|leaks|water damage|roof leak|mold|exposed wiring,,
001669-18CP,7,2018 Feb 05 12:00:00 AM,2018 Apr 25 12:00:00 AM,Completed,Completed,2703 W DRAVUS ST,98199,https://services.seattle.gov/portal/customize/LinkToRecord.aspx?altId=001669-18CP,True,False,False,infestation|rodent,,
001741-18CP,7,2018 Feb 07 12:00:00 AM,2018 Feb 16 12:00:00 AM,Completed,Completed,813 5TH AVE N,98109,https://services.seattle.gov/portal/customize/LinkToRecord.aspx?altId=001741-18CP,True,False,False,leak|leaks|water damage|mold,,
001793-18CP,7,2018 Feb 08 12:00:00 AM,2018 Mar 22 12:00:00 AM,Completed,Completed,1961 THORNDYKE AVE W,98199,https://services.seattle.gov/portal/customize/LinkToRecord.aspx?altId=001793-18CP,True,False,False,mold,,
001822-18CP,7,2018 Feb 08 12:00:00 AM,,,Completed,2 SMITH ST,98109,https://services.seattle.gov/portal/customize/LinkToRecord.aspx?altId=001822-18CP,True,False,False,mold,,
001826-18CP,7,2018 Feb 08 12:00:00 AM,2018 Apr 25 12:00:00 AM,Completed,Closed,3811 14TH AVE W,98119,https://services.seattle.gov/portal/customize/LinkToRecord.aspx?altId=001826-18CP,True,False,False,no hot water,,
001909-18CP,7,2018 Feb 12 12:00:00 AM,,,Completed,3016 1ST AVE,98121,https://services.seattle.gov/portal/customize/LinkToRecord.aspx?altId=001909-18CP,True,False,False,garbage,,
001945-18CP,7,2018 Feb 13 12:00:00 AM,2018 Mar 21 12:00:00 AM,Completed,Completed,2931 10TH PL W,98119,https://services.seattle.gov/portal/customize/LinkToRecord.aspx?altId=001945-18CP,True,False,False,leak|leaking|leaks,,
002062-18CP,7,2018 Feb 15 12:00:00 AM,2018 Feb 23 12:00:00 AM,Completed,Completed,1102 8TH AVE,98101,https://services.seattle.gov/portal/customize/LinkToRecord.aspx?altId=002062-18CP,True,False,False,bed bug,,
002072-18CP,7,2018 Feb 16 12:00:00 AM,,,Closed,420 WALL ST,98121,https://services.seattle.gov/portal/customize/LinkToRecord.aspx?altId=002072-18CP,True,False,False,bed bug,,
002347-18CP,7,2018 Mar 01 12:00:00 AM,2018 Mar 19 12:00:00 AM,Completed,Completed,335 W OLYMPIC PL,98119,https://services.seattle.gov/portal/customize/LinkToRecord.aspx?altId=002347-18CP,True,True,True,mold,pota,rent increase
002487-18CP,7,2018 Mar 06 12:00:00 AM,2018 Mar 26 12:00:00 AM,Completed,Closed,823 MADISON ST,98104,https://services.seattle.gov/portal/customize/LinkToRecord.aspx?altId=002487-18CP,True,False,False,sewage|raw sewage|leak|water damage,,
002578-18CP,7,2018 Mar 08 12:00:00 AM,,,Closed,1102 8TH AVE,98101,https://services.seattle.gov/portal/customize/LinkToRecord.aspx?altId=002578-18CP,True,False,False,no heat,,
002688-18CP,7,2018 Mar 13 12:00:00 AM,,,Completed,2321 4TH AVE,98121,https://services.seattle.gov/portal/customize/LinkToRecord.aspx?altId=002688-18CP,False,True,False,,pota,
002738-18CP,7,2018 Mar 14 12:00:00 AM,,,Completed,823 MADISON ST,98104,https://services.seattle.gov/portal/customize/LinkToRecord.aspx?altId=002738-18CP,True,False,False,roaches,,
003050-18CP,7,2018 Mar 27 12:00:00 AM,2018 Apr 24 12:00:00 AM,Completed,Completed,1118 5TH AVE,98101,https://services.seattle.gov/portal/customize/LinkToRecord.aspx?altId=003050-18CP,True,False,False,bed bug|pest control,,
003115-18CP,7,2018 Mar 30 12:00:00 AM,,,Completed,2024 3RD AVE,98121,https://services.seattle.gov/portal/customize/LinkToRecord.aspx?altId=003115-18CP,True,False,False,infestation|bed bug,,
003121-18CP,7,2018 Mar 30 12:00:00 AM,2018 Apr 04 12:00:00 AM,Completed,Completed,104 PINE ST,98101,https://services.seattle.gov/portal/customize/LinkToRecord.aspx?altId=003121-18CP,False,True,False,,tenant relocation|relocation assistance,
003201-18CP,7,2018 Apr 03 12:00:00 AM,2018 May 29 12:00:00 AM,No Access/Unable to Observe,Completed,1000 1ST AVE W,98119,https://services.seattle.gov/portal/customize/LinkToRecord.aspx?altId=003201-18CP,True,False,False,mold,,
003278-18CP,7,2018 Apr 05 12:00:00 AM,,,Closed,314 W BARRETT ST,98119,https://services.seattle.gov/portal/customize/LinkToRecord.aspx?altId=003278-18CP,True,False,True,unsafe,,illegal rent
003324-18CP,7,2018 Apr 06 12:00:00 AM,,,Closed,710 CHERRY ST,98104,https://services.seattle.gov/portal/customize/LinkToRecord.aspx?altId=003324-18CP,True,False,False,leak|flooding|mold,,
003335-18CP,7,2018 Apr 06 12:00:00 AM,2018 Apr 25 12:00:00 AM,Completed,Completed,3223 21ST AVE W,98199,https://services.seattle.gov/portal/customize/LinkToRecord.aspx?altId=003335-18CP,True,False,False,infestation|rodent,,
003443-18CP,7,2018 Apr 12 12:00:00 AM,2018 Apr 18 12:00:00 AM,Completed,Completed,1102 8TH AVE,98101,https://services.seattle.gov/portal/customize/LinkToRecord.aspx?altId=003443-18CP,True,False,False,leak|leaking|mold|bed bug|odor,,
003445-18CP,7,2018 Apr 12 12:00:00 AM,,,Closed,118 BELL ST,98121,https://services.seattle.gov/portal/customize/LinkToRecord.aspx?altId=003445-18CP,True,False,False,leak|mold|moisture,,
003670-18CP,7,2018 Apr 23 12:00:00 AM,2018 Apr 30 12:00:00 AM,Completed,Completed,1215 QUEEN ANNE AVE N,98109,https://services.seattle.gov/portal/customize/LinkToRecord.aspx?altId=003670-18CP,True,False,False,mold,,
003704-18CP,7,2018 Apr 24 12:00:00 AM,,,Closed,903 9TH AVE,98104,https://services.seattle.gov/portal/customize/LinkToRecord.aspx?altId=003704-18CP,True,False,False,mold|mildew,,
003705-18CP,7,2018 Apr 24 12:00:00 AM,2018 Apr 24 12:00:00 AM,Completed,Completed,903 9TH AVE,98104,https://services.seattle.gov/portal/customize/LinkToRecord.aspx?altId=003705-18CP,True,False,False,flooding|mold|black mold|lead paint,,
003765-18CP,7,2018 Apr 26 12:00:00 AM,2018 May 10 12:00:00 AM,Completed,Completed,823 MADISON ST,98104,https://services.seattle.gov/portal/customize/LinkToRecord.aspx?altId=003765-18CP,True,False,False,garbage,,
003789-18CP,7,2018 Apr 27 12:00:00 AM,2018 May 04 12:00:00 AM,Completed,Completed,2004 DEXTER AVE N,98109,https://services.seattle.gov/portal/customize/LinkToRecord.aspx?altId=003789-18CP,True,False,False,collapse,,
1042168-VI,7,2018 Jan 11 12:00:00 AM,2018 Mar 05 12:00:00 AM,Compliance Achieved,Completed,823 MADISON ST,98104,https://services.seattle.gov/portal/customize/LinkToRecord.aspx?altId=1042168-VI,True,False,False,water damage|mold|black mold|asbestos,,
1042264-VI,7,2018 Jan 30 12:00:00 AM,2018 Feb 27 12:00:00 AM,Compliance Achieved,Completed,225 CEDAR ST,98121,https://services.seattle.gov/portal/customize/LinkToRecord.aspx?altId=1042264-VI,True,False,False,water damage|life safety,,
1042291-TR,7,2018 Feb 02 12:00:00 AM,2018 Apr 12 12:00:00 AM,Vacant,Completed,1221 1ST AVE,98101,https://services.seattle.gov/portal/customize/LinkToRecord.aspx?altId=1042291-TR,False,True,False,,tenant relocation,
1042307-TR,7,2018 Feb 02 12:00:00 AM,,,Completed,107 ALOHA ST,98109,https://services.seattle.gov/portal/customize/LinkToRecord.aspx?altId=1042307-TR,False,True,False,,tenant relocation,
1042336-TR,7,2018 Feb 07 12:00:00 AM,,,Closed,526 YALE AVE N,98109,https://services.seattle.gov/portal/customize/LinkToRecord.aspx?altId=1042336-TR,False,True,False,,tenant relocation|relocation assistance,
1042419-VI,7,2018 Feb 16 12:00:00 AM,2018 Mar 15 12:00:00 AM,Compliance Achieved,Completed,813 5TH AVE N,98109,https://services.seattle.gov/portal/customize/LinkToRecord.aspx?altId=1042419-VI,True,False,False,leak|leaks|water damage|mold,,
1042425-VI,7,2018 Feb 20 12:00:00 AM,2018 Apr 12 12:00:00 AM,Compliance Achieved,Completed,1717 5TH AVE N,98109,https://services.seattle.gov/portal/customize/LinkToRecord.aspx?altId=1042425-VI,True,False,False,life safety,,
1042515-TR,7,2018 Mar 05 12:00:00 AM,,,Completed,641 W EMERSON ST,98119,https://services.seattle.gov/portal/customize/LinkToRecord.aspx?altId=1042515-TR,False,True,False,,tenant relocation,
1042527-TR,7,2018 Mar 06 12:00:00 AM,,,Completed,3238 14TH AVE W,98119,https://services.seattle.gov/portal/customize/LinkToRecord.aspx?altId=1042527-TR,False,True,False,,tenant relocation,
1042660-VI,7,2018 Mar 19 12:00:00 AM,,,Completed,335 W OLYMPIC PL,98119,https://services.seattle.gov/portal/customize/LinkToRecord.aspx?altId=1042660-VI,True,True,True,mold,pota,rent increase
1042668-TR,7,2018 Mar 19 12:00:00 AM,,,Completed,3630 22ND AVE W,98199,https://services.seattle.gov/portal/customize/LinkToRecord.aspx?altId=1042668-TR,False,True,False,,tenant relocation|relocation assistance,
1042692-VI,7,2018 Mar 21 12:00:00 AM,2018 Oct 09 12:00:00 AM,Compliance Achieved,Completed,3421 14TH AVE W,98119,https://services.seattle.gov/portal/customize/LinkToRecord.aspx?altId=1042692-VI,True,False,False,leak|leaks|water damage|roof leak|mold|exposed wiring,,
1042694-VI,7,2018 Mar 21 12:00:00 AM,2018 Jun 07 12:00:00 AM,Compliance Achieved,Completed,2931 10TH PL W,98119,https://services.seattle.gov/portal/customize/LinkToRecord.aspx?altId=1042694-VI,True,False,False,leak|leaking|leaks,,
1042715-VI,7,2018 Mar 22 12:00:00 AM,2018 Apr 10 12:00:00 AM,Compliance Achieved,Completed,1961 THORNDYKE AVE W,98199,https://services.seattle.gov/portal/customize/LinkToRecord.aspx?altId=1042715-VI,True,False,False,mold,,
1042759-VI,7,2018 Mar 28 12:00:00 AM,2018 May 08 12:00:00 AM,Compliance Achieved,Completed,823 MADISON ST,98104,https://services.seattle.gov/portal/customize/LinkToRecord.aspx?altId=1042759-VI,True,False,False,sewage|raw sewage|leak|water damage,,
1042911-VI,7,2018 Apr 23 12:00:00 AM,2019 Nov 12 12:00:00 AM,Compliance Achieved,Completed,1102 8TH AVE,98101,https://services.seattle.gov/portal/customize/LinkToRecord.aspx?altId=1042911-VI,True,False,False,leak|leaking|mold|bed bug|odor,,
1042924-VI,7,2018 Apr 25 12:00:00 AM,,,Completed,903 9TH AVE,98104,https://services.seattle.gov/portal/customize/LinkToRecord.aspx?altId=1042924-VI,True,False,False,flooding|mold|black mold|lead paint,,
000123-19CP,7,2019 Jan 02 12:00:00 AM,,,Completed,1411 4TH AVE,98101,https://services.seattle.gov/portal/customize/LinkToRecord.aspx?altId=000123-19CP,True,False,False,no hot water,,
1045683-VI,7,2019 Jan 03 12:00:00 AM,2019 Jan 03 12:00:00 AM,Completed,NOV Issued,1317 6th AVE N,,https://services.seattle.gov/portal/customize/LinkToRecord.aspx?altId=1045683-VI,True,False,False,leak|mold,,
1045686-VI,7,2019 Jan 04 12:00:00 AM,2019 Jan 04 12:00:00 AM,Completed,Completed,3047 24th AVE W,,https://services.seattle.gov/portal/customize/LinkToRecord.aspx?altId=1045686-VI,True,False,False,leak|leaking|mold,,
000203-19CP,7,2019 Jan 03 12:00:00 AM,2019 Feb 26 12:00:00 AM,No Access/Unable to Observe,Completed,1300 6TH AVE N,98109,https://services.seattle.gov/portal/customize/LinkToRecord.aspx?altId=000203-19CP,True,False,False,leak|roof leak|mold,,
000243-19CP,7,2019 Jan 07 12:00:00 AM,2019 Jan 29 12:00:00 AM,Completed,Completed,2132 2ND AVE,98121,https://services.seattle.gov/portal/customize/LinkToRecord.aspx?altId=000243-19CP,True,False,False,unsafe|hazard,,
1045710-VI,7,2019 Jan 10 12:00:00 AM,2019 Mar 29 12:00:00 AM,Compliance Achieved,Completed,3451 14th AVE W,,https://services.seattle.gov/portal/customize/LinkToRecord.aspx?altId=1045710-VI,True,False,False,no ventilation,,
000364-19CP,7,2019 Jan 09 12:00:00 AM,,,Completed,2024 3RD AVE,98121,https://services.seattle.gov/portal/customize/LinkToRecord.aspx?altId=000364-19CP,True,False,False,leak,,
000520-19CP,7,2019 Jan 16 12:00:00 AM,,,Completed,823 MADISON ST,,https://services.seattle.gov/portal/customize/LinkToRecord.aspx?altId=000520-19CP,True,False,False,flooding|odor,,
000558-19CP,7,2019 Jan 17 12:00:00 AM,2019 Jan 23 12:00:00 AM,Completed,Completed,106 BELL ST,,https://services.seattle.gov/portal/customize/LinkToRecord.aspx?altId=000558-19CP,True,False,False,infestation|mice,,
1045778-TR,7,2019 Jan 18 12:00:00 AM,2019 Apr 15 12:00:00 AM,Vacant,Issued,2116 3RD AVE N,98109,https://services.seattle.gov/portal/customize/LinkToRecord.aspx?altId=1045778-TR,False,True,False,,tenant relocation,
1045779-TR,7,2019 Jan 18 12:00:00 AM,,,Closed,2116 9TH AVE W,98119,https://services.seattle.gov/portal/customize/LinkToRecord.aspx?altId=1045779-TR,False,True,False,,tenant relocation,
000587-19CP,7,2019 Jan 18 12:00:00 AM,2019 Jan 29 12:00:00 AM,Completed,Completed,110 W OLYMPIC PL,98119,https://services.seattle.gov/portal/customize/LinkToRecord.aspx?altId=000587-19CP,True,False,False,hazard,,
1045797-VI,7,2019 Jan 23 12:00:00 AM,2019 Feb 08 12:00:00 AM,Compliance Achieved,Completed,106 BELL ST,,https://services.seattle.gov/portal/customize/LinkToRecord.aspx?altId=1045797-VI,True,False,False,infestation|mice,,
1045801-TR,7,2019 Jan 24 12:00:00 AM,,,Completed,2117 4TH AVE N,98109,https://services.seattle.gov/portal/customize/LinkToRecord.aspx?altId=1045801-TR,False,True,False,,tenant relocation,
1045824-VI,7,2019 Jan 29 12:00:00 AM,2019 Apr 11 12:00:00 AM,Compliance Achieved,Completed,2132 2ND AVE,98121,https://services.seattle.gov/portal/customize/LinkToRecord.aspx?altId=1045824-VI,True,False,False,unsafe|hazard,,
000908-19CP,7,2019 Jan 30 12:00:00 AM,2019 Feb 07 12:00:00 AM,Completed,Completed,2020 WAVERLY PL N,98109,https://services.seattle.gov/portal/customize/LinkToRecord.aspx?altId=000908-19CP,True,False,False,mold,,
1045869-VI,7,2019 Feb 07 12:00:00 AM,2019 Mar 19 12:00:00 AM,Compliance Achieved,Completed,2020 WAVERLY PL N,98109,https://services.seattle.gov/portal/customize/LinkToRecord.aspx?altId=1045869-VI,True,False,False,mold,,
001071-19CP,7,2019 Feb 09 12:00:00 AM,,,Completed,1255 HARRISON ST,98109,https://services.seattle.gov/portal/customize/LinkToRecord.aspx?altId=001071-19CP,True,False,False,no hot water,,
1045892-VI,7,2019 Feb 13 12:00:00 AM,2019 May 02 12:00:00 AM,Compliance Achieved,Completed,109 JOHN ST,98109,https://services.seattle.gov/portal/customize/LinkToRecord.aspx?altId=1045892-VI,True,False,False,leak|leaking|flooding,,
001129-19CP,7,2019 Feb 12 12:00:00 AM,2019 Dec 06 12:00:00 AM,No Access/Unable to Observe,Completed,903 9TH AVE,,https://services.seattle.gov/portal/customize/LinkToRecord.aspx?altId=001129-19CP,True,False,False,collapse,,
001147-19CP,7,2019 Feb 14 12:00:00 AM,2019 Mar 20 12:00:00 AM,Withdrawn,Closed,16 VALLEY ST,,https://services.seattle.gov/portal/customize/LinkToRecord.aspx?altId=001147-19CP,True,False,False,infestation,,
001219-19CP,7,2019 Feb 19 12:00:00 AM,,,Completed,2000 ALASKAN WAY,98121,https://services.seattle.gov/portal/customize/LinkToRecord.aspx?altId=001219-19CP,False,False,True,,,rrio
001252-19CP,7,2019 Feb 20 12:00:00 AM,,,Closed,1902 2ND AVE,,https://services.seattle.gov/portal/customize/LinkToRecord.aspx?altId=001252-19CP,True,False,False,mold|black mold,,
001423-19CP,7,2019 Feb 26 12:00:00 AM,,,Closed,2442 8TH AVE N,98109,https://services.seattle.gov/portal/customize/LinkToRecord.aspx?altId=001423-19CP,True,True,False,unsafe,threaten,
001465-19CP,7,2019 Feb 28 12:00:00 AM,,,Closed,2442 8TH AVE N,98109,https://services.seattle.gov/portal/customize/LinkToRecord.aspx?altId=001465-19CP,True,True,False,unsafe,threaten,
001470-19CP,7,2019 Feb 26 12:00:00 AM,,,Completed,3816 13TH AVE W,98119,https://services.seattle.gov/portal/customize/LinkToRecord.aspx?altId=001470-19CP,True,False,False,leak|leaking|mold,,
001608-19CP,7,2019 Mar 05 12:00:00 AM,,,Closed,2621 14TH AVE W,98119,https://services.seattle.gov/portal/customize/LinkToRecord.aspx?altId=001608-19CP,True,False,False,mold|black mold,,
001671-19CP,7,2019 Mar 07 12:00:00 AM,,,Closed,2602 4TH AVE,98121,https://services.seattle.gov/portal/customize/LinkToRecord.aspx?altId=001671-19CP,True,False,False,water damage|flooding|mold,,
001817-19CP,7,2019 Mar 13 12:00:00 AM,2019 Mar 19 12:00:00 AM,Completed,Completed,2519 1ST AVE,,https://services.seattle.gov/portal/customize/LinkToRecord.aspx?altId=001817-19CP,True,False,False,sewage,,
001835-19CP,7,2019 Mar 13 12:00:00 AM,,,Completed,3444 A 23RD AVE W,98199,https://services.seattle.gov/portal/customize/LinkToRecord.aspx?altId=001835-19CP,True,False,False,leak|leaking,,
001838-19CP,7,2019 Mar 13 12:00:00 AM,,,Closed,92 STEWART ST,98101,https://services.seattle.gov/portal/customize/LinkToRecord.aspx?altId=001838-19CP,True,False,False,lack of heat|broken window,,
001963-19CP,7,2019 Mar 18 12:00:00 AM,2019 Mar 20 12:00:00 AM,Completed,Completed,1902 2ND AVE,98101,https://services.seattle.gov/portal/customize/LinkToRecord.aspx?altId=001963-19CP,True,False,False,leak|leaks|ceiling leak,,
002084-19CP,7,2019 Mar 21 12:00:00 AM,2019 Apr 11 12:00:00 AM,Completed,Completed,1312 6TH AVE N,98109,https://services.seattle.gov/portal/customize/LinkToRecord.aspx?altId=002084-19CP,False,False,True,,,rrio
1046111-VI,7,2019 Mar 21 12:00:00 AM,2019 Mar 21 12:00:00 AM,Completed,NOV Issued,505 1ST AVE N,98109,https://services.seattle.gov/portal/customize/LinkToRecord.aspx?altId=1046111-VI,True,False,True,sewage|raw sewage,,pay or vacate|3 day notice
002234-19CP,7,2019 Mar 26 12:00:00 AM,2019 Apr 09 12:00:00 AM,Completed,Completed,2117 WAVERLY PL N,98109,https://services.seattle.gov/portal/customize/LinkToRecord.aspx?altId=002234-19CP,True,True,False,mold,pota,
1046151-VI,7,2019 Mar 30 12:00:00 AM,2019 Apr 23 12:00:00 AM,Compliance Achieved,Completed,1902 2ND AVE,98101,https://services.seattle.gov/portal/customize/LinkToRecord.aspx?altId=1046151-VI,True,False,False,leak|leaks|ceiling leak,,
002444-19CP,7,2019 Apr 02 12:00:00 AM,,,Completed,600 W OLYMPIC PL,98119,https://services.seattle.gov/portal/customize/LinkToRecord.aspx?altId=002444-19CP,True,False,False,asbestos,,
002502-19CP,7,2019 Apr 02 12:00:00 AM,2019 Apr 18 12:00:00 AM,Completed,Closed,600 W OLYMPIC PL,98119,https://services.seattle.gov/portal/customize/LinkToRecord.aspx?altId=002502-19CP,True,False,False,leak|leaks|asbestos,,
002520-19CP,7,2019 Apr 04 12:00:00 AM,,,Closed,151 JOHN ST,,https://services.seattle.gov/portal/customize/LinkToRecord.aspx?altId=002520-19CP,True,False,False,bed bug,,
002530-19CP,7,2019 Apr 04 12:00:00 AM,,,Completed,2020 WAVERLY PL N,98109,https://services.seattle.gov/portal/customize/LinkToRecord.aspx?altId=002530-19CP,True,False,False,hazard|collapse,,
1046213-VI,7,2019 Apr 08 12:00:00 AM,2019 Feb 20 12:00:00 AM,Completed,Completed,903 9TH AVE,,https://services.seattle.gov/portal/customize/LinkToRecord.aspx?altId=1046213-VI,True,False,False,collapse,,
002708-19CP,7,2019 Apr 10 12:00:00 AM,2019 Apr 18 12:00:00 AM,Completed,Completed,1420 WESTERN AVE,98101,https://services.seattle.gov/portal/customize/LinkToRecord.aspx?altId=002708-19CP,True,False,False,infestation,,
1046262-VI,7,2019 Apr 11 12:00:00 AM,2019 May 24 12:00:00 AM,Compliance Achieved,Completed,1312 6TH AVE N,98109,https://services.seattle.gov/portal/customize/LinkToRecord.aspx?altId=1046262-VI,False,False,True,,,rrio
1046263-TR,7,2019 Apr 11 12:00:00 AM,,,Completed,3411 23RD AVE W,98199,https://services.seattle.gov/portal/customize/LinkToRecord.aspx?altId=1046263-TR,False,True,False,,tenant relocation,
002746-19CP,7,2019 Apr 11 12:00:00 AM,,,Completed,101 W OLYMPIC PL,98119,https://services.seattle.gov/portal/customize/LinkToRecord.aspx?altId=002746-19CP,False,False,True,,,code violation
002760-19CP,7,2019 Apr 11 12:00:00 AM,2019 May 07 12:00:00 AM,No Access/Unable to Observe,Completed,110 VINE ST,98121,https://services.seattle.gov/portal/customize/LinkToRecord.aspx?altId=002760-19CP,True,False,False,cockroach|roaches|bed bug|unsanitary,,
002940-19CP,7,2019 Apr 18 12:00:00 AM,,,Completed,24 ETRURIA ST,98109,https://services.seattle.gov/portal/customize/LinkToRecord.aspx?altId=002940-19CP,True,False,False,garbage,,
003257-19CP,7,2019 Apr 29 12:00:00 AM,2019 May 18 12:00:00 AM,Completed,Completed,110 W OLYMPIC PL,98119,https://services.seattle.gov/portal/customize/LinkToRecord.aspx?altId=003257-19CP,True,False,False,mold,,
003684-19CP,7,2019 May 14 12:00:00 AM,,,Closed,2510 WESTERN AVE,98121,https://services.seattle.gov/portal/customize/LinkToRecord.aspx?altId=003684-19CP,True,False,False,mold|black mold,,
003713-19CP,7,2019 May 15 12:00:00 AM,,,Closed,600 W OLYMPIC PL,98119,https://services.seattle.gov/portal/customize/LinkToRecord.aspx?altId=003713-19CP,True,False,False,no hot water,,
003714-19CP,7,2019 May 15 12:00:00 AM,,,Closed,600 W OLYMPIC PL,98119,https://services.seattle.gov/portal/customize/LinkToRecord.aspx?altId=003714-19CP,True,False,False,no hot water,,
1046491-TR,7,2019 May 16 12:00:00 AM,,,Closed,2608 W BOSTON ST,98199,https://services.seattle.gov/portal/customize/LinkToRecord.aspx?altId=1046491-TR,False,True,False,,tenant relocation,
003797-19CP,7,2019 May 17 12:00:00 AM,2019 May 29 12:00:00 AM,Completed,Completed,1511 DEXTER AVE N,98109,https://services.seattle.gov/portal/customize/LinkToRecord.aspx?altId=003797-19CP,True,False,False,sewage|raw sewage,,
1046501-VI,7,2019 May 18 12:00:00 AM,2019 Aug 23 12:00:00 AM,Compliance Achieved,Completed,110 W OLYMPIC PL,98119,https://services.seattle.gov/portal/customize/LinkToRecord.aspx?altId=1046501-VI,True,False,False,mold,,
003907-19CP,7,2019 May 22 12:00:00 AM,,,Closed,600 W OLYMPIC PL,98119,https://services.seattle.gov/portal/customize/LinkToRecord.aspx?altId=003907-19CP,True,False,False,lack of hot water|asbestos,,
004129-19CP,7,2019 May 28 12:00:00 AM,2019 Jun 13 12:00:00 AM,Completed,Completed,621 1ST AVE W,98119,https://services.seattle.gov/portal/customize/LinkToRecord.aspx?altId=004129-19CP,True,False,False,collapse|asbestos,,
004192-19CP,7,2019 May 24 12:00:00 AM,2019 Jun 28 12:00:00 AM,Completed,Completed,728 W ARGAND ST,98119,https://services.seattle.gov/portal/customize/LinkToRecord.aspx?altId=004192-19CP,True,False,False,mold|black mold,,
1046594-TR,7,2019 May 30 12:00:00 AM,,,Completed,58 W ETRURIA ST,98119,https://services.seattle.gov/portal/customize/LinkToRecord.aspx?altId=1046594-TR,False,True,False,,tenant relocation,
004275-19CP,7,2019 May 31 12:00:00 AM,2019 Jun 13 12:00:00 AM,Completed,Completed,720 W ARGAND ST,98119,https://services.seattle.gov/portal/customize/LinkToRecord.aspx?altId=004275-19CP,True,False,False,leak|leaking|rats,,
1046609-TR,7,2019 May 06 12:00:00 AM,,,Completed,3410 23rd AVE W,,https://services.seattle.gov/portal/customize/LinkToRecord.aspx?altId=1046609-TR,False,True,False,,tenant relocation,
1046621-TR,7,2019 Jun 06 12:00:00 AM,,,Completed,2119 23rd AVE W,98199,https://services.seattle.gov/portal/customize/LinkToRecord.aspx?altId=1046621-TR,False,True,False,,tenant relocation,
1046664-TR,7,2019 Jun 07 12:00:00 AM,,,Closed,3641 22ND AVE W,98199,https://services.seattle.gov/portal/customize/LinkToRecord.aspx?altId=1046664-TR,False,True,False,,tenant relocation,
004620-19CP,7,2019 Jun 10 12:00:00 AM,,,Completed,1820 MINOR AVE,98101,https://services.seattle.gov/portal/customize/LinkToRecord.aspx?altId=004620-19CP,True,False,False,no hot water,,
004674-19CP,7,2019 Jun 10 12:00:00 AM,2019 Jun 18 12:00:00 AM,Completed,Completed,110 VINE ST,,https://services.seattle.gov/portal/customize/LinkToRecord.aspx?altId=004674-19CP,True,False,False,infestation|mice,,
004824-19CP,7,2019 Jun 13 12:00:00 AM,,,Closed,110 VINE ST,98121,https://services.seattle.gov/portal/customize/LinkToRecord.aspx?altId=004824-19CP,True,False,False,no hot water|mold|mice,,
004873-19CP,7,2019 Jun 14 12:00:00 AM,,,Completed,2132 2ND AVE,98121,https://services.seattle.gov/portal/customize/LinkToRecord.aspx?altId=004873-19CP,False,True,False,,retaliat,
004899-19CP,7,2019 Jun 14 12:00:00 AM,,,Closed,425 Vine ST,,https://services.seattle.gov/portal/customize/LinkToRecord.aspx?altId=004899-19CP,True,False,False,hazard,,
004974-19CP,7,2019 Jun 17 12:00:00 AM,,,Closed,701 GALER ST,98109,https://services.seattle.gov/portal/customize/LinkToRecord.aspx?altId=004974-19CP,True,False,False,unsafe,,
1046818-VI,7,2019 Jun 18 12:00:00 AM,2020 Jan 23 12:00:00 AM,Compliance Achieved,Completed,110 VINE ST,,https://services.seattle.gov/portal/customize/LinkToRecord.aspx?altId=1046818-VI,True,False,False,infestation|mice,,
1046881-TR,7,2019 Jun 21 12:00:00 AM,,,Completed,3416 23rd AVE W,,https://services.seattle.gov/portal/customize/LinkToRecord.aspx?altId=1046881-TR,False,True,False,,tenant relocation,
1046892-TR,7,2019 Jun 24 12:00:00 AM,,,Closed,2200 WESTLAKE AVE,98121,https://services.seattle.gov/portal/customize/LinkToRecord.aspx?altId=1046892-TR,False,True,False,,tenant relocation,
1046963-VI,7,2019 Jun 28 12:00:00 AM,2019 Aug 06 12:00:00 AM,Compliance Achieved,Completed,728 W ARGAND ST,98119,https://services.seattle.gov/portal/customize/LinkToRecord.aspx?altId=1046963-VI,True,False,False,mold|black mold,,
1046972-TR,7,2019 Jun 28 12:00:00 AM,,,Completed,2465 DEXTER AVE N,98109,https://services.seattle.gov/portal/customize/LinkToRecord.aspx?altId=1046972-TR,False,True,False,,tenant relocation,
005588-19CP,7,2019 Jul 01 12:00:00 AM,,,Completed,699 JOHN ST,98109,https://services.seattle.gov/portal/customize/LinkToRecord.aspx?altId=005588-19CP,True,False,False,no water,,
005624-19CP,7,2019 Jul 01 12:00:00 AM,2019 Jul 17 12:00:00 AM,No Access/Unable to Observe,Closed,311 CEDAR ST,,https://services.seattle.gov/portal/customize/LinkToRecord.aspx?altId=005624-19CP,True,False,False,moisture,,
1046985-TR,7,2019 May 06 12:00:00 AM,,,Completed,3422 23RD AVE W,98199,https://services.seattle.gov/portal/customize/LinkToRecord.aspx?altId=1046985-TR,False,True,False,,tenant relocation,
1047018-TR,7,2019 Jul 02 12:00:00 AM,,,Completed,2440 DEXTER AVE N,98109,https://services.seattle.gov/portal/customize/LinkToRecord.aspx?altId=1047018-TR,False,True,False,,tenant relocation,
005762-19CP,7,2019 Jul 02 12:00:00 AM,,,Closed,311 CEDAR ST,,https://services.seattle.gov/portal/customize/LinkToRecord.aspx?altId=005762-19CP,True,False,False,flooded,,
005813-19CP,7,2019 Jul 04 12:00:00 AM,,,Closed,1600 2ND AVE,98101,https://services.seattle.gov/portal/customize/LinkToRecord.aspx?altId=005813-19CP,True,False,False,sewage|odor,,
005984-19CP,7,2019 Jul 09 12:00:00 AM,2019 Jul 10 12:00:00 AM,Completed,Completed,604 W HOWE ST,98119,https://services.seattle.gov/portal/customize/LinkToRecord.aspx?altId=005984-19CP,True,False,False,sewage,,
006128-19CP,7,2019 Jul 11 12:00:00 AM,,,Completed,1811 EASTLAKE AVE,98101,https://services.seattle.gov/portal/customize/LinkToRecord.aspx?altId=006128-19CP,True,False,False,infestation,,
1047154-TR,7,2019 Jul 12 12:00:00 AM,,,Completed,2436 DEXTER AVE N,98109,https://services.seattle.gov/portal/customize/LinkToRecord.aspx?altId=1047154-TR,False,True,False,,tenant relocation,
006161-19CP,7,2019 Jul 12 12:00:00 AM,,,Closed,2922 WESTERN AVE,98121,https://services.seattle.gov/portal/customize/LinkToRecord.aspx?altId=006161-19CP,True,False,False,mice,,
006254-19CP,7,2019 Jul 15 12:00:00 AM,,,Closed,1823 TERRY AVE,98101,https://services.seattle.gov/portal/customize/LinkToRecord.aspx?altId=006254-19CP,True,False,False,leak,,
006258-19CP,7,2019 Jul 15 12:00:00 AM,,,Closed,901 6TH AVE,98104,https://services.seattle.gov/portal/customize/LinkToRecord.aspx?altId=006258-19CP,True,False,True,infestation,,rrio
006333-19CP,7,2019 Jul 17 12:00:00 AM,,,Completed,312 2ND AVE W,98119,https://services.seattle.gov/portal/customize/LinkToRecord.aspx?altId=006333-19CP,True,False,False,hazard,,
1047384-TR,7,2019 Jul 24 12:00:00 AM,,,Closed,1215 6TH AVE N,98109,https://services.seattle.gov/portal/customize/LinkToRecord.aspx?altId=1047384-TR,False,True,False,,trao,
006699-19CP,7,2019 Jul 18 12:00:00 AM,,,Closed,41 W CREMONA ST,98119,https://services.seattle.gov/portal/customize/LinkToRecord.aspx?altId=006699-19CP,True,False,False,sewage|raw sewage,,
006832-19CP,7,2019 Jul 25 12:00:00 AM,,,Closed,110 VINE ST,98121,https://services.seattle.gov/portal/customize/LinkToRecord.aspx?altId=006832-19CP,True,False,False,roaches,,
007300-19CP,7,2019 Aug 02 12:00:00 AM,2019 Aug 19 12:00:00 AM,Completed,Completed,1902 2ND AVE,,https://services.seattle.gov/portal/customize/LinkToRecord.aspx?altId=007300-19CP,True,False,False,leak|leaking,,
007303-19CP,7,2019 Aug 06 12:00:00 AM,,,Closed,2510 WESTERN AVE,98121,https://services.seattle.gov/portal/customize/LinkToRecord.aspx?altId=007303-19CP,True,False,False,infestation,,
007446-19CP,7,2019 Aug 09 12:00:00 AM,,,Closed,1222 1ST AVE,98101,https://services.seattle.gov/portal/customize/LinkToRecord.aspx?altId=007446-19CP,True,False,False,sewage|leak|leaking|unsafe|hazard,,
007460-19CP,7,2019 Aug 06 12:00:00 AM,2019 Oct 22 12:00:00 AM,No Access/Unable to Observe,Completed,1814 MINOR AVE,98101,https://services.seattle.gov/portal/customize/LinkToRecord.aspx?altId=007460-19CP,True,False,False,broken door,,
007651-19CP,7,2019 Aug 15 12:00:00 AM,,,Completed,316 FLORENTIA ST,98109,https://services.seattle.gov/portal/customize/LinkToRecord.aspx?altId=007651-19CP,True,False,False,unsafe,,
007790-19CP,7,2019 Aug 19 12:00:00 AM,,,Completed,1215 THOMAS ST,98109,https://services.seattle.gov/portal/customize/LinkToRecord.aspx?altId=007790-19CP,True,False,False,unsafe,,
1047940-VI,7,2019 Aug 21 12:00:00 AM,2019 Aug 21 12:00:00 AM,Completed,Completed,1413 3RD AVE,,https://services.seattle.gov/portal/customize/LinkToRecord.aspx?altId=1047940-VI,False,True,False,,pota,
007914-19CP,7,2019 Aug 22 12:00:00 AM,,,Closed,1102 8TH AVE,,https://services.seattle.gov/portal/customize/LinkToRecord.aspx?altId=007914-19CP,True,False,False,infestation|bed bug,,
008011-19CP,7,2019 Aug 26 12:00:00 AM,,,Completed,1102 8TH AVE,,https://services.seattle.gov/portal/customize/LinkToRecord.aspx?altId=008011-19CP,True,False,False,infestation|bed bug,,
008036-19CP,7,2019 Aug 27 12:00:00 AM,,,Closed,2442 8TH AVE N,98109,https://services.seattle.gov/portal/customize/LinkToRecord.aspx?altId=008036-19CP,True,False,False,sewage|raw sewage|leak|leaking|mold|hazard,,
008049-19CP,7,2019 Aug 27 12:00:00 AM,,,Completed,1413 3RD AVE,98101,https://services.seattle.gov/portal/customize/LinkToRecord.aspx?altId=008049-19CP,True,False,False,rats,,
008055-19CP,7,2019 Aug 27 12:00:00 AM,,,Completed,2442 8TH AVE N,,https://services.seattle.gov/portal/customize/LinkToRecord.aspx?altId=008055-19CP,True,False,False,leak|leaking|mold,,
008185-19CP,7,2019 Aug 30 12:00:00 AM,,,Completed,420 VALLEY ST,98109,https://services.seattle.gov/portal/customize/LinkToRecord.aspx?altId=008185-19CP,True,False,False,flooding,,
1048306-TR,7,2019 Sep 13 12:00:00 AM,,,Completed,2641 PROSCH AVE W,98119,https://services.seattle.gov/portal/customize/LinkToRecord.aspx?altId=1048306-TR,False,True,False,,tenant relocation,
1048345-VI,7,2019 Sep 18 12:00:00 AM,2019 Oct 21 12:00:00 AM,Compliance Achieved,Completed,80 STEWART ST,98101,https://services.seattle.gov/portal/customize/LinkToRecord.aspx?altId=1048345-VI,False,False,True,,,code violation
1048361-VI,7,2019 Sep 18 12:00:00 AM,2019 Sep 18 12:00:00 AM,Completed,Referred to Law,420 WALL ST,98121,https://services.seattle.gov/portal/customize/LinkToRecord.aspx?altId=1048361-VI,True,True,False,bed bug,trao,
009477-19CP,7,2019 Oct 01 12:00:00 AM,2019 Oct 09 12:00:00 AM,Completed,Completed,3023 3RD AVE W,98119,https://services.seattle.gov/portal/customize/LinkToRecord.aspx?altId=009477-19CP,True,False,False,sewage|raw sewage,,
009479-19CP,7,2019 Sep 27 12:00:00 AM,,,Completed,2451 AURORA AVE N,98109,https://services.seattle.gov/portal/customize/LinkToRecord.aspx?altId=009479-19CP,True,False,False,mold,,
009508-19CP,7,2019 Oct 02 12:00:00 AM,2019 Oct 15 12:00:00 AM,Completed,Completed,62 CEDAR ST,98121,https://services.seattle.gov/portal/customize/LinkToRecord.aspx?altId=009508-19CP,True,False,False,mold,,
009567-19CP,7,2019 Oct 04 12:00:00 AM,,,Completed,1939 8TH AVE W,98119,https://services.seattle.gov/portal/customize/LinkToRecord.aspx?altId=009567-19CP,True,False,True,unsafe,,housing code violation|code violation
009702-19CP,7,2019 Oct 07 12:00:00 AM,2019 Oct 11 12:00:00 AM,No Access/Unable to Observe,Closed,1118 5TH AVE,98101,https://services.seattle.gov/portal/customize/LinkToRecord.aspx?altId=009702-19CP,True,False,False,mold|black mold,,
009708-19CP,7,2019 Oct 09 12:00:00 AM,,,Closed,1531 7TH AVE,98101,https://services.seattle.gov/portal/customize/LinkToRecord.aspx?altId=009708-19CP,True,False,False,structural,,
009727-19CP,7,2019 Oct 09 12:00:00 AM,2019 Oct 24 12:00:00 AM,Completed,Completed,2450 AURORA AVE N,98109,https://services.seattle.gov/portal/customize/LinkToRecord.aspx?altId=009727-19CP,True,False,False,garbage,,
1048659-VI,7,2019 Oct 10 12:00:00 AM,2019 Dec 11 12:00:00 AM,Compliance Achieved,Completed,2438 5TH AVE W,98119,https://services.seattle.gov/portal/customize/LinkToRecord.aspx?altId=1048659-VI,True,False,False,no heat|moisture,,
1048726-VI,7,2019 Oct 16 12:00:00 AM,2019 Oct 28 12:00:00 AM,Compliance Achieved,Completed,62 CEDAR ST,98121,https://services.seattle.gov/portal/customize/LinkToRecord.aspx?altId=1048726-VI,True,False,False,mold,,
009977-19CP,7,2019 Oct 16 12:00:00 AM,2019 Oct 22 12:00:00 AM,Completed,Completed,756 JOHN ST,98109,https://services.seattle.gov/portal/customize/LinkToRecord.aspx?altId=009977-19CP,True,False,False,mold|bedbug,,
010006-19CP,7,2019 Oct 17 12:00:00 AM,2019 Oct 17 12:00:00 AM,Completed,Completed,1624 BOREN AVE,98101,https://services.seattle.gov/portal/customize/LinkToRecord.aspx?altId=010006-19CP,True,False,False,no heat,,
010429-19CP,7,2019 Oct 24 12:00:00 AM,2019 Nov 14 12:00:00 AM,Completed,Completed,1145 REPUBLICAN ST,98109,https://services.seattle.gov/portal/customize/LinkToRecord.aspx?altId=010429-19CP,True,False,False,sewage|leak|odor,,
010437-19CP,7,2019 Oct 31 12:00:00 AM,,,Completed,618 JOHN ST,98109,https://services.seattle.gov/portal/customize/LinkToRecord.aspx?altId=010437-19CP,True,False,False,bed bug,,
010451-19CP,7,2019 Nov 01 12:00:00 AM,2019 Nov 15 12:00:00 AM,No Access/Unable to Observe,Completed,1210 REPUBLICAN ST,98109,https://services.seattle.gov/portal/customize/LinkToRecord.aspx?altId=010451-19CP,True,False,False,sewage,,
010493-19CP,7,2019 Nov 04 12:00:00 AM,,,Closed,617 3RD AVE W,98119,https://services.seattle.gov/portal/customize/LinkToRecord.aspx?altId=010493-19CP,True,False,False,bedbug,,
010602-19CP,7,2019 Nov 04 12:00:00 AM,,,Completed,756 JOHN ST,98109,https://services.seattle.gov/portal/customize/LinkToRecord.aspx?altId=010602-19CP,True,False,False,mold|bedbug,,
010848-19CP,7,2019 Nov 15 12:00:00 AM,2019 Nov 22 12:00:00 AM,Completed,Completed,823 MADISON ST,98104,https://services.seattle.gov/portal/customize/LinkToRecord.aspx?altId=010848-19CP,True,False,False,flooded|mold|black mold|rats|mice|roaches|asbestos,,
1049092-TR,7,2019 Nov 21 12:00:00 AM,,,Completed,2258 15TH AVE W,98119,https://services.seattle.gov/portal/customize/LinkToRecord.aspx?altId=1049092-TR,False,True,False,,tenant relocation,
1049093-TR,7,2019 Nov 21 12:00:00 AM,,,Completed,2258 15TH AVE W,98119,https://services.seattle.gov/portal/customize/LinkToRecord.aspx?altId=1049093-TR,False,True,False,,tenant relocation,
011025-19CP,7,2019 Nov 21 12:00:00 AM,2019 Dec 04 12:00:00 AM,Completed,Completed,110 W OLYMPIC PL,98119,https://services.seattle.gov/portal/customize/LinkToRecord.aspx?altId=011025-19CP,True,False,False,mold,,
1049108-VI,7,2019 Nov 22 12:00:00 AM,2019 Nov 22 12:00:00 AM,Completed,Completed,823 Madison ST,98104,https://services.seattle.gov/portal/customize/LinkToRecord.aspx?altId=1049108-VI,True,False,False,flooded|mold|black mold|rats|mice|roaches|asbestos,,
1049145-VI,7,2019 Nov 26 12:00:00 AM,2019 Nov 26 12:00:00 AM,Completed,Completed,715 HIGHLAND DR,98109,https://services.seattle.gov/portal/customize/LinkToRecord.aspx?altId=1049145-VI,False,False,True,,,code violation
011199-19CP,7,2019 Nov 30 12:00:00 AM,,,Closed,1016 REPUBLICAN ST,98109,https://services.seattle.gov/portal/customize/LinkToRecord.aspx?altId=011199-19CP,True,False,False,hazard|garbage,,
011231-19CP,7,2019 Dec 02 12:00:00 AM,2019 Dec 18 12:00:00 AM,Completed,Completed,421 W ROY ST,98119,https://services.seattle.gov/portal/customize/LinkToRecord.aspx?altId=011231-19CP,False,False,True,,,code violation
011385-19CP,7,2019 Dec 09 12:00:00 AM,,,Completed,401 W Galer ST,,https://services.seattle.gov/portal/customize/LinkToRecord.aspx?altId=011385-19CP,True,False,False,hazard,,
1049281-VI,7,2019 Dec 13 12:00:00 AM,2019 Dec 04 12:00:00 AM,Completed,Completed,110 W OLYMPIC PL,98119,https://services.seattle.gov/portal/customize/LinkToRecord.aspx?altId=1049281-VI,True,False,False,mold,,
011556-19CP,7,2019 Dec 15 12:00:00 AM,2020 Jan 31 12:00:00 AM,Completed,Completed,1939 8TH AVE W,98119,https://services.seattle.gov/portal/customize/LinkToRecord.aspx?altId=011556-19CP,True,False,True,unsafe,,housing code violation|code violation
011583-19CP,7,2019 Dec 16 12:00:00 AM,,,Closed,2320 1ST AVE,98121,https://services.seattle.gov/portal/customize/LinkToRecord.aspx?altId=011583-19CP,True,False,False,flooded|mold,,
011589-19CP,7,2019 Dec 16 12:00:00 AM,2019 Dec 20 12:00:00 AM,Completed,Completed,101 W OLYMPIC PL,98119,https://services.seattle.gov/portal/customize/LinkToRecord.aspx?altId=011589-19CP,True,False,False,leak|leaks,,
1049306-VI,7,2019 Dec 18 12:00:00 AM,2020 Feb 20 12:00:00 AM,Compliance Achieved,Completed,421 W ROY ST,98119,https://services.seattle.gov/portal/customize/LinkToRecord.aspx?altId=1049306-VI,False,False,True,,,code violation
011782-19CP,7,2019 Dec 23 12:00:00 AM,2020 Jan 15 12:00:00 AM,No Access/Unable to Observe,Completed,104 PINE ST,98101,https://services.seattle.gov/portal/customize/LinkToRecord.aspx?altId=011782-19CP,True,False,False,leak|leaking,,
1049352-VI,7,2019 Dec 26 12:00:00 AM,2020 Feb 06 12:00:00 AM,Compliance Achieved,Completed,101 W OLYMPIC PL,98119,https://services.seattle.gov/portal/customize/LinkToRecord.aspx?altId=1049352-VI,True,False,False,leak|leaks,,
011849-19CP,7,2019 Dec 30 12:00:00 AM,2020 Jan 10 12:00:00 AM,Completed,Completed,510 MINOR AVE N,98109,https://services.seattle.gov/portal/customize/LinkToRecord.aspx?altId=011849-19CP,True,False,False,garbage,,
000132-20CP,7,2020 Jan 02 12:00:00 AM,,,Closed,3018 14TH AVE W,98119,https://services.seattle.gov/portal/customize/LinkToRecord.aspx?altId=000132-20CP,True,False,False,mold,,
000371-20CP,7,2020 Jan 10 12:00:00 AM,2020 Feb 04 12:00:00 AM,No Access/Unable to Observe,Completed,1215 QUEEN ANNE AVE N,98109,https://services.seattle.gov/portal/customize/LinkToRecord.aspx?altId=000371-20CP,True,False,False,leak|mold,,
000516-20CP,7,2020 Jan 17 12:00:00 AM,,,Completed,1902 2ND AVE,98101,https://services.seattle.gov/portal/customize/LinkToRecord.aspx?altId=000516-20CP,True,False,False,no heat,,
000526-20CP,7,2020 Jan 17 12:00:00 AM,2020 Feb 05 12:00:00 AM,Completed,Completed,2701 3RD AVE W,98119,https://services.seattle.gov/portal/customize/LinkToRecord.aspx?altId=000526-20CP,True,False,False,no heat|leak|leaking|mold,,
1049501-TR,7,2020 Jan 21 12:00:00 AM,,,Issued,100 ROY ST,,https://services.seattle.gov/portal/customize/LinkToRecord.aspx?altId=1049501-TR,False,True,False,,tenant relocation,
000575-20CP,7,2020 Jan 17 12:00:00 AM,2020 Feb 05 12:00:00 AM,Completed,Completed,2415 8TH AVE N,98109,https://services.seattle.gov/portal/customize/LinkToRecord.aspx?altId=000575-20CP,True,True,True,flooding,threaten,rent increase|eviction notice
000850-20CP,7,2020 Jan 30 12:00:00 AM,,,Closed,2701 3RD AVE W,98119,https://services.seattle.gov/portal/customize/LinkToRecord.aspx?altId=000850-20CP,True,False,False,sewage,,
000923-20CP,7,2020 Feb 01 12:00:00 AM,,,Completed,1000 QUEEN ANNE AVE N,98109,https://services.seattle.gov/portal/customize/LinkToRecord.aspx?altId=000923-20CP,True,False,False,leak|leaking,,
001010-20CP,7,2020 Jan 30 12:00:00 AM,2020 Nov 02 12:00:00 AM,Completed,Completed,2321 4TH AVE,98121,https://services.seattle.gov/portal/customize/LinkToRecord.aspx?altId=001010-20CP,True,False,False,mold|unsafe,,
1049668-VI,7,2020 Feb 05 12:00:00 AM,2020 Feb 05 12:00:00 AM,Completed,NOV Issued,2415 8TH AVE N,98109,https://services.seattle.gov/portal/customize/LinkToRecord.aspx?altId=1049668-VI,True,True,True,flooding,threaten,rent increase|eviction notice
1049675-VI,7,2020 Feb 05 12:00:00 AM,2020 Feb 05 12:00:00 AM,Completed,NOV Issued,2701 3RD AVE W,98119,https://services.seattle.gov/portal/customize/LinkToRecord.aspx?altId=1049675-VI,True,False,False,no heat|leak|leaking|mold,,
001071-20CP,7,2020 Feb 06 12:00:00 AM,,,Completed,800 2nd AVE N,,https://services.seattle.gov/portal/customize/LinkToRecord.aspx?altId=001071-20CP,True,False,False,water damage|mold,,
001153-20CP,7,2020 Feb 09 12:00:00 AM,,,Closed,1145 REPUBLICAN ST,98109,https://services.seattle.gov/portal/customize/LinkToRecord.aspx?altId=001153-20CP,True,False,False,leak|leaking|leaks|structural|foundation issues,,
001288-20CP,7,2020 Feb 12 12:00:00 AM,,,Closed,1701 DEXTER AVE N,98109,https://services.seattle.gov/portal/customize/LinkToRecord.aspx?altId=001288-20CP,True,False,False,leak,,
001334-20CP,7,2020 Feb 14 12:00:00 AM,,,Closed,224 PONTIUS AVE N,98109,https://services.seattle.gov/portal/customize/LinkToRecord.aspx?altId=001334-20CP,True,False,False,unsafe,,
001396-20CP,7,2020 Feb 17 12:00:00 AM,,,Completed,420 PONTIUS AVE N,98109,https://services.seattle.gov/portal/customize/LinkToRecord.aspx?altId=001396-20CP,True,False,False,no hot water,,
1049806-TR,7,2020 Feb 18 12:00:00 AM,,,Issued,2224 2ND AVE,98121,https://services.seattle.gov/portal/customize/LinkToRecord.aspx?altId=1049806-TR,False,True,False,,tenant relocation,
001463-20CP,7,2020 Feb 19 12:00:00 AM,,,Completed,2321 4th AVE,98121,https://services.seattle.gov/portal/customize/LinkToRecord.aspx?altId=001463-20CP,True,False,False,water damage|mold,,
001507-20CP,7,2020 Feb 20 12:00:00 AM,,,Closed,106 BELL ST,,https://services.seattle.gov/portal/customize/LinkToRecord.aspx?altId=001507-20CP,True,True,False,moisture|rodent,retaliat,
1049854-TR,7,2020 Feb 20 12:00:00 AM,,,Completed,1017 6TH AVE N,98109,https://services.seattle.gov/portal/customize/LinkToRecord.aspx?altId=1049854-TR,False,True,False,,tenant relocation,
1049855-TR,7,2020 Feb 20 12:00:00 AM,,,Completed,1021 6TH AVE N,98109,https://services.seattle.gov/portal/customize/LinkToRecord.aspx?altId=1049855-TR,False,True,False,,tenant relocation,
001637-20CP,7,2020 Feb 24 12:00:00 AM,2020 Feb 24 12:00:00 AM,Completed,Completed,1102 8TH AVE,98101,https://services.seattle.gov/portal/customize/LinkToRecord.aspx?altId=001637-20CP,True,False,False,no heat,,
001679-20CP,7,2020 Feb 21 12:00:00 AM,,,Completed,420 PONTIUS AVE N,98109,https://services.seattle.gov/portal/customize/LinkToRecord.aspx?altId=001679-20CP,True,False,False,no hot water|garbage|unsanitary|unsanitary conditions,,
1049891-TR,7,2020 Feb 25 12:00:00 AM,,,Completed,524 HIGHLAND DR,98109,https://services.seattle.gov/portal/customize/LinkToRecord.aspx?altId=1049891-TR,False,True,False,,tenant relocation,
001719-20CP,7,2020 Feb 26 12:00:00 AM,2020 Feb 24 12:00:00 AM,Completed,Completed,3448 15TH AVE W,98119,https://services.seattle.gov/portal/customize/LinkToRecord.aspx?altId=001719-20CP,True,False,False,hazard|hazardous,,
001763-20CP,7,2020 Feb 26 12:00:00 AM,,,Closed,2801 WESTERN AVE,98121,https://services.seattle.gov/portal/customize/LinkToRecord.aspx?altId=001763-20CP,True,False,False,mold,,
001790-20CP,7,2020 Feb 27 12:00:00 AM,,,Completed,2701 3RD AVE W,98119,https://services.seattle.gov/portal/customize/LinkToRecord.aspx?altId=001790-20CP,True,False,False,mold|garbage,,
1049924-TR,7,2020 Feb 28 12:00:00 AM,,,Reviews In Process,1416 11TH AVE W,98119,https://services.seattle.gov/portal/customize/LinkToRecord.aspx?altId=1049924-TR,False,True,False,,tenant relocation,
1049931-TR,7,2020 Feb 28 12:00:00 AM,,,Closed,1250 HARRISON ST,98109,https://services.seattle.gov/portal/customize/LinkToRecord.aspx?altId=1049931-TR,False,True,False,,trao,
001952-20CP,7,2020 Mar 02 12:00:00 AM,,,Closed,23 W GALER ST,98119,https://services.seattle.gov/portal/customize/LinkToRecord.aspx?altId=001952-20CP,True,False,False,mold|black mold,,
002548-20CP,7,2020 Mar 25 12:00:00 AM,,,Closed,1902 2ND AVE,98101,https://services.seattle.gov/portal/customize/LinkToRecord.aspx?altId=002548-20CP,True,False,False,mold,,
1050146-TR,7,2020 Mar 26 12:00:00 AM,,,Initiated,743 W ETRURIA ST,98119,https://services.seattle.gov/portal/customize/LinkToRecord.aspx?altId=1050146-TR,False,True,False,,trao,
002621-20CP,7,2020 Mar 28 12:00:00 AM,,,Closed,801 DEXTER AVE N,98109,https://services.seattle.gov/portal/customize/LinkToRecord.aspx?altId=002621-20CP,True,False,False,unsafe|hazard,,
002792-20CP,7,2020 Apr 05 12:00:00 AM,2020 Apr 13 12:00:00 AM,No Access/Unable to Observe,Completed,523 PINE ST,98101,https://services.seattle.gov/portal/customize/LinkToRecord.aspx?altId=002792-20CP,True,False,False,fumes,,
002862-20CP,7,2020 Apr 07 12:00:00 AM,,,Closed,2400 4TH AVE,98121,https://services.seattle.gov/portal/customize/LinkToRecord.aspx?altId=002862-20CP,True,False,False,exposed wiring,,
003135-20CP,7,2020 Apr 17 12:00:00 AM,,,Completed,2410 W MANOR PL,98199,https://services.seattle.gov/portal/customize/LinkToRecord.aspx?altId=003135-20CP,True,False,False,hazard,,
003273-20CP,7,2020 Apr 23 12:00:00 AM,,,Closed,823 MADISON ST,98104,https://services.seattle.gov/portal/customize/LinkToRecord.aspx?altId=003273-20CP,True,False,False,bed bug,,
003471-20CP,7,2020 Apr 30 12:00:00 AM,,,Closed,3230 16TH AVE W,98119,https://services.seattle.gov/portal/customize/LinkToRecord.aspx?altId=003471-20CP,True,False,False,rodent|garbage|unsanitary,,
003640-20CP,7,2020 May 06 12:00:00 AM,,,Closed,3007 HUMES PL W,98119,https://services.seattle.gov/portal/customize/LinkToRecord.aspx?altId=003640-20CP,True,False,False,sewage|mold,,
003800-20CP,7,2020 May 12 12:00:00 AM,,,Closed,1735 DEXTER AVE N,98109,https://services.seattle.gov/portal/customize/LinkToRecord.aspx?altId=003800-20CP,True,False,False,leak,,
004669-20CP,7,2020 Jun 05 12:00:00 AM,,,Closed,100 WARD ST,98109,https://services.seattle.gov/portal/customize/LinkToRecord.aspx?altId=004669-20CP,True,False,False,leak,,
1050387-TR,7,2020 Jun 05 12:00:00 AM,,,Issued,3811 13TH AVE W,98119,https://services.seattle.gov/portal/customize/LinkToRecord.aspx?altId=1050387-TR,False,True,False,,tenant relocation,
1050446-TR,7,2020 Jun 19 12:00:00 AM,,,Closed,321 LEE ST,98109,https://services.seattle.gov/portal/customize/LinkToRecord.aspx?altId=1050446-TR,False,True,False,,trao,
005174-20CP,7,2020 Jun 22 12:00:00 AM,2021 Jan 15 12:00:00 AM,Completed,Completed,3627 22nd AVE W,,https://services.seattle.gov/portal/customize/LinkToRecord.aspx?altId=005174-20CP,True,False,False,moisture|rodent|hazard|exposed wiring|no smoke alarm|garbage,,
005249-20CP,7,2020 Jun 24 12:00:00 AM,,,Closed,420 WALL ST,98121,https://services.seattle.gov/portal/customize/LinkToRecord.aspx?altId=005249-20CP,True,False,False,bed bug,,
005270-20CP,7,2020 Jun 25 12:00:00 AM,2020 Nov 17 12:00:00 AM,Completed,Completed,1820 MINOR AVE,98101,https://services.seattle.gov/portal/customize/LinkToRecord.aspx?altId=005270-20CP,True,False,False,water damage|infestation|hazard,,
005480-20CP,7,2020 Jul 01 12:00:00 AM,,,Closed,2442 8TH AVE N,98109,https://services.seattle.gov/portal/customize/LinkToRecord.aspx?altId=005480-20CP,True,False,False,leak|leaking|water damage|mold,,
005713-20CP,7,2020 Jun 30 12:00:00 AM,,,Completed,2121 6TH AVE,98121,https://services.seattle.gov/portal/customize/LinkToRecord.aspx?altId=005713-20CP,True,False,False,unsafe,,
006007-20CP,7,2020 Jul 15 12:00:00 AM,,,Completed,424 MINOR AVE N,98109,https://services.seattle.gov/portal/customize/LinkToRecord.aspx?altId=006007-20CP,True,False,False,infestation,,
006200-20CP,7,2020 Jul 22 12:00:00 AM,,,Closed,1933 12TH AVE W,98119,https://services.seattle.gov/portal/customize/LinkToRecord.aspx?altId=006200-20CP,True,False,False,hazard,,
006308-20CP,7,2020 Jul 27 12:00:00 AM,,,Completed,3040 17TH AVE W,98119,https://services.seattle.gov/portal/customize/LinkToRecord.aspx?altId=006308-20CP,True,False,False,hazard|garbage,,
006500-20CP,7,2020 Jul 31 12:00:00 AM,2020 Oct 12 12:00:00 AM,Completed,Completed,1413 3rd AVE,,https://services.seattle.gov/portal/customize/LinkToRecord.aspx?altId=006500-20CP,True,False,False,infestation|hazard|garbage,,
006501-20CP,7,2020 Jul 31 12:00:00 AM,,,Completed,1413 3rd AVE,,https://services.seattle.gov/portal/customize/LinkToRecord.aspx?altId=006501-20CP,True,False,False,bed bug|garbage,,
006525-20CP,7,2020 Jul 31 12:00:00 AM,2020 Sep 09 12:00:00 AM,Completed,Completed,20 MERCER ST,98109,https://services.seattle.gov/portal/customize/LinkToRecord.aspx?altId=006525-20CP,True,False,False,hazard|structural|unsanitary,,
006586-20CP,7,2020 Aug 03 12:00:00 AM,,,Closed,1624 BOREN AVE,98101,https://services.seattle.gov/portal/customize/LinkToRecord.aspx?altId=006586-20CP,True,False,False,unsafe,,
006641-20CP,7,2020 Aug 04 12:00:00 AM,,,Closed,2442 8TH AVE N,98109,https://services.seattle.gov/portal/customize/LinkToRecord.aspx?altId=006641-20CP,True,False,False,water damage|mold,,
006658-20CP,7,2020 Aug 04 12:00:00 AM,2020 Dec 30 12:00:00 AM,No Access/Unable to Observe,Completed,210 WALL ST,98121,https://services.seattle.gov/portal/customize/LinkToRecord.aspx?altId=006658-20CP,False,True,False,,locked out,
1050701-TR,7,2020 Jun 03 12:00:00 AM,,,Initiated,2624 WESTERN AVE,98121,https://services.seattle.gov/portal/customize/LinkToRecord.aspx?altId=1050701-TR,False,True,False,,tenant relocation,
006731-20CP,7,2020 Aug 06 12:00:00 AM,,,Closed,2442 8TH AVE N,98109,https://services.seattle.gov/portal/customize/LinkToRecord.aspx?altId=006731-20CP,True,False,False,water damage|mold,,
1050761-VI,7,2020 Aug 18 12:00:00 AM,2021 Feb 08 12:00:00 AM,Compliance Achieved,Completed,119 W Roy ST,,https://services.seattle.gov/portal/customize/LinkToRecord.aspx?altId=1050761-VI,True,False,False,leak,,
007317-20CP,7,2020 Aug 21 12:00:00 AM,,,Closed,104 PINE ST,98101,https://services.seattle.gov/portal/customize/LinkToRecord.aspx?altId=007317-20CP,True,False,False,flooding|mold,,
007515-20CP,7,2020 Aug 26 12:00:00 AM,,,Closed,1933 12TH AVE W,98119,https://services.seattle.gov/portal/customize/LinkToRecord.aspx?altId=007515-20CP,True,False,False,hazard|structural,,
1050827-TR,7,2020 Aug 27 12:00:00 AM,,,Closed,2576 10TH AVE W,98119,https://services.seattle.gov/portal/customize/LinkToRecord.aspx?altId=1050827-TR,False,True,False,,trao,
007650-20CP,7,2020 Aug 28 12:00:00 AM,,,Completed,221 W MERCER ST,98119,https://services.seattle.gov/portal/customize/LinkToRecord.aspx?altId=007650-20CP,True,False,False,infestation,,
1050879-VI,7,2020 Sep 04 12:00:00 AM,,,Initiated,75 MARION ST,98104,https://services.seattle.gov/portal/customize/LinkToRecord.aspx?altId=1050879-VI,True,False,False,hazard|hazardous|garbage,,
1050894-CT,7,2020 Sep 10 12:00:00 AM,2020 Sep 09 12:00:00 AM,Completed,Completed,2490 Dexter AVE N,,https://services.seattle.gov/portal/customize/LinkToRecord.aspx?altId=1050894-CT,False,False,True,,,code violation
1050912-VI,7,2020 Sep 14 12:00:00 AM,2021 Jan 08 12:00:00 AM,Compliance Achieved,Completed,210 WALL ST,98121,https://services.seattle.gov/portal/customize/LinkToRecord.aspx?altId=1050912-VI,False,True,False,,locked out,
1050934-VI,7,2020 Sep 17 12:00:00 AM,2022 Mar 03 12:00:00 AM,Admin Closure,Completed,1301 ALASKAN WAY,98101,https://services.seattle.gov/portal/customize/LinkToRecord.aspx?altId=1050934-VI,True,False,False,hazard|structural|collapse,,
008255-20CP,7,2020 Sep 18 12:00:00 AM,2020 Oct 13 12:00:00 AM,Completed,Completed,2442 8TH AVE N,98109,https://services.seattle.gov/portal/customize/LinkToRecord.aspx?altId=008255-20CP,True,False,False,leak|flooded|mold,,
1050965-VI,7,2020 Sep 23 12:00:00 AM,,,Initiated,652 ELLIOTT AVE W,98119,https://services.seattle.gov/portal/customize/LinkToRecord.aspx?altId=1050965-VI,True,False,False,garbage,,
1050969-VI,7,2020 Sep 23 12:00:00 AM,2020 Oct 21 12:00:00 AM,Compliance Achieved,Completed,75 VINE ST,98121,https://services.seattle.gov/portal/customize/LinkToRecord.aspx?altId=1050969-VI,True,False,False,no heat|fumes,,
008413-20CP,7,2020 Sep 24 12:00:00 AM,2020 Nov 13 12:00:00 AM,Completed,Completed,1902 2nd AVE,,https://services.seattle.gov/portal/customize/LinkToRecord.aspx?altId=008413-20CP,True,False,False,mold|structural,,
008450-20CP,7,2020 Sep 24 12:00:00 AM,2020 Nov 13 12:00:00 AM,Completed,Completed,1413 3RD AVE,98101,https://services.seattle.gov/portal/customize/LinkToRecord.aspx?altId=008450-20CP,True,False,False,hazard|hazardous|garbage,,
008475-20CP,7,2020 Sep 25 12:00:00 AM,,,Completed,2207 W RAYE ST,98199,https://services.seattle.gov/portal/customize/LinkToRecord.aspx?altId=008475-20CP,True,False,False,leak|leaking|leaks|ceiling leak,,
008617-20CP,7,2020 Sep 29 12:00:00 AM,,,Completed,424 MINOR AVE N,98109,https://services.seattle.gov/portal/customize/LinkToRecord.aspx?altId=008617-20CP,True,False,False,infestation,,
1051021-VI,7,2020 Sep 30 12:00:00 AM,2021 Dec 06 12:00:00 AM,Compliance Achieved,Completed,2300 8th AVE,,https://services.seattle.gov/portal/customize/LinkToRecord.aspx?altId=1051021-VI,True,True,False,unsafe|hazard,threaten,
1051089-TR,7,2020 Oct 09 12:00:00 AM,,,Closed,2903 1ST AVE,98121,https://services.seattle.gov/portal/customize/LinkToRecord.aspx?altId=1051089-TR,False,True,False,,trao|relocation assistance,
008894-20CP,7,2020 Oct 06 12:00:00 AM,,,Closed,533 3RD AVE W,98119,https://services.seattle.gov/portal/customize/LinkToRecord.aspx?altId=008894-20CP,True,False,False,water damage|flooded,,
1051100-VI,7,2020 Oct 12 12:00:00 AM,2020 Dec 08 12:00:00 AM,Compliance Achieved,Completed,1413 3rd AVE,,https://services.seattle.gov/portal/customize/LinkToRecord.aspx?altId=1051100-VI,True,False,False,infestation|hazard|garbage,,
009001-20CP,7,2020 Oct 14 12:00:00 AM,,,Closed,1110 8TH AVE,98101,https://services.seattle.gov/portal/customize/LinkToRecord.aspx?altId=009001-20CP,True,False,False,rats|bed bug,,
009237-20CP,7,2020 Oct 22 12:00:00 AM,,,Completed,1110 8TH AVE,98101,https://services.seattle.gov/portal/customize/LinkToRecord.aspx?altId=009237-20CP,True,False,False,pest control,,
1051195-TR,7,2020 Oct 23 12:00:00 AM,,,Closed,1919 2ND AVE,98101,https://services.seattle.gov/portal/customize/LinkToRecord.aspx?altId=1051195-TR,False,True,False,,trao,
1051196-TR,7,2020 Oct 23 12:00:00 AM,,,Closed,1921 2ND AVE,98101,https://services.seattle.gov/portal/customize/LinkToRecord.aspx?altId=1051196-TR,False,True,False,,trao,
1051197-TR,7,2020 Oct 23 12:00:00 AM,,,Closed,1931 2ND AVE,98101,https://services.seattle.gov/portal/customize/LinkToRecord.aspx?altId=1051197-TR,False,True,False,,trao,
009262-20CP,7,2020 Oct 20 12:00:00 AM,,,Completed,420 PONTIUS AVE N,98109,https://services.seattle.gov/portal/customize/LinkToRecord.aspx?altId=009262-20CP,True,False,False,no hot water,,
009299-20CP,7,2020 Oct 26 12:00:00 AM,,,Closed,1420 WESTERN AVE,98101,https://services.seattle.gov/portal/customize/LinkToRecord.aspx?altId=009299-20CP,True,False,False,no hot water,,
009424-20CP,7,2020 Oct 27 12:00:00 AM,,,Closed,2215 1ST AVE,98121,https://services.seattle.gov/portal/customize/LinkToRecord.aspx?altId=009424-20CP,True,False,False,leak,,
009467-20CP,7,2020 Oct 29 12:00:00 AM,2021 Jan 07 12:00:00 AM,Completed,Completed,1205 QUEEN ANNE AVE N,98109,https://services.seattle.gov/portal/customize/LinkToRecord.aspx?altId=009467-20CP,True,False,False,mold,,
1051275-VI,7,2020 Nov 04 12:00:00 AM,2021 Jan 28 12:00:00 AM,Completed,NOV Issued,2344 W Newton ST,,https://services.seattle.gov/portal/customize/LinkToRecord.aspx?altId=1051275-VI,True,False,False,water damage|structural,,
009720-20CP,7,2020 Nov 12 12:00:00 AM,2020 Dec 21 12:00:00 AM,Completed,Completed,3627 22ND AVE W,98199,https://services.seattle.gov/portal/customize/LinkToRecord.aspx?altId=009720-20CP,True,False,False,leak,,
1051322-VI,7,2020 Nov 12 12:00:00 AM,2021 Jul 27 12:00:00 AM,Compliance Achieved,Completed,2321 4TH AVE,98121,https://services.seattle.gov/portal/customize/LinkToRecord.aspx?altId=1051322-VI,True,False,False,mold|unsafe,,
009759-20CP,7,2020 Nov 15 12:00:00 AM,,,Completed,2020 13TH AVE W,98119,https://services.seattle.gov/portal/customize/LinkToRecord.aspx?altId=009759-20CP,True,False,False,broken window,,
010234-20CP,7,2020 Dec 07 12:00:00 AM,2020 Dec 11 12:00:00 AM,Completed,Completed,2715 W HOWE ST,98199,https://services.seattle.gov/portal/customize/LinkToRecord.aspx?altId=010234-20CP,True,False,False,no heat|mold,,
1051418-TR,7,2020 Dec 08 12:00:00 AM,,,Completed,610 2nd AVE W,,https://services.seattle.gov/portal/customize/LinkToRecord.aspx?altId=1051418-TR,False,True,False,,tenant relocation,
1051440-VI,7,2020 Dec 11 12:00:00 AM,2020 Dec 11 12:00:00 AM,Completed,Completed,2715 W HOWE ST,98199,https://services.seattle.gov/portal/customize/LinkToRecord.aspx?altId=1051440-VI,True,False,False,no heat|mold,,
1051448-CT,7,2020 Dec 11 12:00:00 AM,2021 Jan 07 12:00:00 AM,Compliance Achieved,Completed,2412 2ND AVE,98121,https://services.seattle.gov/portal/customize/LinkToRecord.aspx?altId=1051448-CT,False,False,True,,,code violation
010338-20CP,7,2020 Dec 12 12:00:00 AM,,,Closed,1127 OLYMPIC WAY W,98119,https://services.seattle.gov/portal/customize/LinkToRecord.aspx?altId=010338-20CP,True,False,False,no heat,,
1051499-VI,7,2020 Dec 21 12:00:00 AM,2020 Nov 23 12:00:00 AM,Completed,NOV Issued,3627 22ND AVE W,98199,https://services.seattle.gov/portal/customize/LinkToRecord.aspx?altId=1051499-VI,True,False,False,leak,,
010519-20CP,7,2020 Dec 21 12:00:00 AM,,,Completed,1957 9th AVE W,,https://services.seattle.gov/portal/customize/LinkToRecord.aspx?altId=010519-20CP,True,False,False,leak,,
1051506-TR,7,2020 Dec 23 12:00:00 AM,,,Reviews Completed,1406 3RD AVE W,98119,https://services.seattle.gov/portal/customize/LinkToRecord.aspx?altId=1051506-TR,False,True,False,,tenant relocation,
1051516-VI,7,2020 Sep 21 12:00:00 AM,,,Completed,1820 MINOR AVE,98101,https://services.seattle.gov/portal/customize/LinkToRecord.aspx?altId=1051516-VI,False,False,True,,,illegal entry
010603-20CP,7,2020 Dec 24 12:00:00 AM,,,Closed,219 NICKERSON ST,98109,https://services.seattle.gov/portal/customize/LinkToRecord.aspx?altId=010603-20CP,True,False,False,no heat,,
010622-20CP,7,2020 Dec 26 12:00:00 AM,,,Closed,215 Pontius AVE N,,https://services.seattle.gov/portal/customize/LinkToRecord.aspx?altId=010622-20CP,True,False,False,unsafe,,
1051534-VI,7,2020 Dec 30 12:00:00 AM,2021 Jan 19 12:00:00 AM,Completed,NOV Issued,1915 WARREN AVE N,98109,https://services.seattle.gov/portal/customize/LinkToRecord.aspx?altId=1051534-VI,True,False,False,hazard|fire hazard,,
010683-20CP,7,2020 Dec 29 12:00:00 AM,2021 Feb 17 12:00:00 AM,Completed,Closed,1902 2ND AVE,98101,https://services.seattle.gov/portal/customize/LinkToRecord.aspx?altId=010683-20CP,True,False,False,infestation|bed bug,,
000182-21CP,7,2021 Jan 05 12:00:00 AM,,,Closed,1118 5TH AVE,98101,https://services.seattle.gov/portal/customize/LinkToRecord.aspx?altId=000182-21CP,True,False,True,flooding,,code violation
000188-21CP,7,2021 Jan 05 12:00:00 AM,,,Completed,420 PONTIUS AVE N,98109,https://services.seattle.gov/portal/customize/LinkToRecord.aspx?altId=000188-21CP,True,False,False,no hot water,,
1051559-VI,7,2021 Jan 07 12:00:00 AM,2021 Mar 02 12:00:00 AM,Compliance Achieved,Completed,230 8TH AVE N,98109,https://services.seattle.gov/portal/customize/LinkToRecord.aspx?altId=1051559-VI,True,False,False,leak,,
1051561-VI,7,2021 Jan 07 12:00:00 AM,,,Initiated,1205 QUEEN ANNE AVE N,98109,https://services.seattle.gov/portal/customize/LinkToRecord.aspx?altId=1051561-VI,True,False,False,mold,,
000390-21CP,7,2021 Jan 13 12:00:00 AM,,,Closed,118 BELL ST,98121,https://services.seattle.gov/portal/customize/LinkToRecord.aspx?altId=000390-21CP,True,False,False,flooding|flooded,,
000398-21CP,7,2021 Jan 13 12:00:00 AM,,,Completed,420 PONTIUS AVE N,98109,https://services.seattle.gov/portal/customize/LinkToRecord.aspx?altId=000398-21CP,True,False,False,no hot water,,
000402-21CP,7,2021 Jan 13 12:00:00 AM,,,Closed,2602 4TH AVE,98121,https://services.seattle.gov/portal/customize/LinkToRecord.aspx?altId=000402-21CP,True,False,False,flooding|mold,,
000465-21CP,7,2021 Jan 15 12:00:00 AM,,,Completed,1908 8TH AVE N,98109,https://services.seattle.gov/portal/customize/LinkToRecord.aspx?altId=000465-21CP,True,False,False,leak|leaking|leaks|mold,,
000499-21CP,7,2021 Jan 18 12:00:00 AM,2021 Mar 01 12:00:00 AM,No Access/Unable to Observe,Completed,1413 3rd AVE,,https://services.seattle.gov/portal/customize/LinkToRecord.aspx?altId=000499-21CP,True,False,False,infestation|garbage,,
000522-21CP,7,2021 Jan 19 12:00:00 AM,,,Closed,420 pontius AVE N,,https://services.seattle.gov/portal/customize/LinkToRecord.aspx?altId=000522-21CP,True,True,False,no hot water,retaliat,
000539-21CP,7,2021 Jan 20 12:00:00 AM,,,Closed,420 PONTIUS AVE N,98109,https://services.seattle.gov/portal/customize/LinkToRecord.aspx?altId=000539-21CP,True,False,False,no hot water,,
000727-21CP,7,2021 Jan 26 12:00:00 AM,2021 Apr 29 12:00:00 AM,Completed,Completed,2008 DEXTER AVE N,98109,https://services.seattle.gov/portal/customize/LinkToRecord.aspx?altId=000727-21CP,True,False,False,leak|unsafe,,
000764-21CP,7,2021 Jan 27 12:00:00 AM,2021 Jan 27 12:00:00 AM,Completed,Completed,715 2ND AVE N,98109,https://services.seattle.gov/portal/customize/LinkToRecord.aspx?altId=000764-21CP,True,False,False,no heat,,
1051627-TR,7,2021 Jan 27 12:00:00 AM,,,Closed,2425 W CROCKETT ST,98199,https://services.seattle.gov/portal/customize/LinkToRecord.aspx?altId=1051627-TR,False,True,False,,trao,
1051631-VI,7,2021 Jan 28 12:00:00 AM,2021 Feb 04 12:00:00 AM,Compliance Achieved,Completed,715 2ND AVE N,98109,https://services.seattle.gov/portal/customize/LinkToRecord.aspx?altId=1051631-VI,True,False,False,no heat,,
000852-21CP,7,2021 Jan 30 12:00:00 AM,,,Closed,910 JOHN ST,98109,https://services.seattle.gov/portal/customize/LinkToRecord.aspx?altId=000852-21CP,True,False,False,no hot water,,
000876-21CP,7,2021 Feb 01 12:00:00 AM,,,Closed,424 MINOR AVE N,98109,https://services.seattle.gov/portal/customize/LinkToRecord.aspx?altId=000876-21CP,True,False,False,no electricity,,
000877-21CP,7,2021 Jan 29 12:00:00 AM,,,Closed,2215 1ST AVE,98121,https://services.seattle.gov/portal/customize/LinkToRecord.aspx?altId=000877-21CP,True,False,False,infestation,,
001141-21CP,7,2021 Feb 10 12:00:00 AM,2021 Feb 12 12:00:00 AM,Compliance Achieved,Completed,714 7TH AVE,98104,https://services.seattle.gov/portal/customize/LinkToRecord.aspx?altId=001141-21CP,True,False,False,no heat,,
001219-21CP,7,2021 Feb 12 12:00:00 AM,,,Closed,420 PONTIUS AVE N,98109,https://services.seattle.gov/portal/customize/LinkToRecord.aspx?altId=001219-21CP,True,False,False,no hot water,,
1051743-VI,7,2021 Feb 23 12:00:00 AM,2021 Feb 18 12:00:00 AM,Completed,Completed,229 1ST AVE N,98109,https://services.seattle.gov/portal/customize/LinkToRecord.aspx?altId=1051743-VI,True,False,True,no heat,,tenant rights
001427-21CP,7,2021 Feb 23 12:00:00 AM,,,Closed,2450 DEXTER AVE N,98109,https://services.seattle.gov/portal/customize/LinkToRecord.aspx?altId=001427-21CP,True,False,False,water damage,,
1051765-TR,7,2021 Feb 26 12:00:00 AM,,,Completed,621 1ST AVE W,98119,https://services.seattle.gov/portal/customize/LinkToRecord.aspx?altId=1051765-TR,False,True,False,,tenant relocation,
001542-21CP,7,2021 Feb 27 12:00:00 AM,,,Completed,2600 2ND AVE,98121,https://services.seattle.gov/portal/customize/LinkToRecord.aspx?altId=001542-21CP,True,False,False,mold,,
001595-21CP,7,2021 Mar 02 12:00:00 AM,,,Closed,714 7TH AVE,98104,https://services.seattle.gov/portal/customize/LinkToRecord.aspx?altId=001595-21CP,True,False,False,no heat,,
001744-21CP,7,2021 Mar 07 12:00:00 AM,,,Closed,2451 AURORA AVE N,98109,https://services.seattle.gov/portal/customize/LinkToRecord.aspx?altId=001744-21CP,True,False,False,mold|black mold|rats|no smoke detector,,
001754-21CP,7,2021 Mar 08 12:00:00 AM,,,Closed,11 W FULTON ST,98119,https://services.seattle.gov/portal/customize/LinkToRecord.aspx?altId=001754-21CP,True,False,False,mold,,
1051820-TR,7,2021 Mar 02 12:00:00 AM,,,Issued,68 W ETRURIA ST,98119,https://services.seattle.gov/portal/customize/LinkToRecord.aspx?altId=1051820-TR,False,True,False,,tenant relocation,
1051875-TR,7,2021 Mar 16 12:00:00 AM,,,Completed,1223 TAYLOR AVE N,98109,https://services.seattle.gov/portal/customize/LinkToRecord.aspx?altId=1051875-TR,False,True,False,,tenant relocation,
002090-21CP,7,2021 Mar 19 12:00:00 AM,,,Closed,317 W REPUBLICAN ST,98119,https://services.seattle.gov/portal/customize/LinkToRecord.aspx?altId=002090-21CP,True,False,False,leak|leaking|water damage|mold|structural,,
1051889-TR,7,2021 Mar 22 12:00:00 AM,,,Closed,21 W LEE ST,98119,https://services.seattle.gov/portal/customize/LinkToRecord.aspx?altId=1051889-TR,False,True,False,,trao,
002156-21CP,7,2021 Mar 23 12:00:00 AM,,,Closed,1701 DEXTER AVE N,98109,https://services.seattle.gov/portal/customize/LinkToRecord.aspx?altId=002156-21CP,True,False,False,leak|leaking,,
002206-21CP,7,2021 Mar 24 12:00:00 AM,,,Closed,2230 4TH AVE,98121,https://services.seattle.gov/portal/customize/LinkToRecord.aspx?altId=002206-21CP,True,False,False,mice|pest control,,
002229-21CP,7,2021 Mar 25 12:00:00 AM,2021 May 17 12:00:00 AM,Completed,Completed,1413 4TH AVE W,98119,https://services.seattle.gov/portal/customize/LinkToRecord.aspx?altId=002229-21CP,True,False,False,flooding|hazard,,
1051934-VI,7,2021 Mar 31 12:00:00 AM,,,Completed,811 A W NICKERSON ST,98119,https://services.seattle.gov/portal/customize/LinkToRecord.aspx?altId=1051934-VI,True,False,False,collapse,,
002522-21CP,7,2021 Apr 05 12:00:00 AM,,,Closed,2209 1ST AVE,98121,https://services.seattle.gov/portal/customize/LinkToRecord.aspx?altId=002522-21CP,True,False,False,infestation|mice,,
002555-21CP,7,2021 Apr 07 12:00:00 AM,,,Closed,600 W OLYMPIC PL,98119,https://services.seattle.gov/portal/customize/LinkToRecord.aspx?altId=002555-21CP,True,False,False,flooding,,
1051970-VI,7,2021 Apr 07 12:00:00 AM,2020 Oct 27 12:00:00 AM,Completed,Completed,1118 5TH AVE,98101,https://services.seattle.gov/portal/customize/LinkToRecord.aspx?altId=1051970-VI,True,False,False,unsafe,,
1051997-VI,7,2021 Apr 12 12:00:00 AM,,,Completed,172 GALER ST,98109,https://services.seattle.gov/portal/customize/LinkToRecord.aspx?altId=1051997-VI,True,False,False,garbage,,
1052038-TR,7,2021 Apr 20 12:00:00 AM,,,Completed,411 W PROSPECT ST,98119,https://services.seattle.gov/portal/customize/LinkToRecord.aspx?altId=1052038-TR,False,True,False,,tenant relocation,
002911-21CP,7,2021 Apr 21 12:00:00 AM,2021 May 27 12:00:00 AM,Completed,Completed,2624 WESTERN AVE,98121,https://services.seattle.gov/portal/customize/LinkToRecord.aspx?altId=002911-21CP,True,False,False,garbage,,
003015-21CP,7,2021 Apr 26 12:00:00 AM,,,Completed,2721 4TH AVE,98121,https://services.seattle.gov/portal/customize/LinkToRecord.aspx?altId=003015-21CP,True,False,False,sewage|raw sewage,,
003019-21CP,7,2021 Apr 26 12:00:00 AM,,,Completed,1118 5th AVE,,https://services.seattle.gov/portal/customize/LinkToRecord.aspx?altId=003019-21CP,True,False,False,no heat,,
1052082-VI,7,2021 Apr 28 12:00:00 AM,,,Completed,621 W EMERSON ST,98119,https://services.seattle.gov/portal/customize/LinkToRecord.aspx?altId=1052082-VI,True,True,True,mold,pota,tenant rights
1052130-TR,7,2021 May 06 12:00:00 AM,,,Completed,309 W KINNEAR PL,98119,https://services.seattle.gov/portal/customize/LinkToRecord.aspx?altId=1052130-TR,False,True,False,,tenant relocation,
003379-21CP,7,2021 May 08 12:00:00 AM,,,Completed,901 W HOWE ST,98119,https://services.seattle.gov/portal/customize/LinkToRecord.aspx?altId=003379-21CP,True,False,False,leak|mold|black mold,,
003391-21CP,7,2021 May 10 12:00:00 AM,,,Completed,1511 DEXTER AVE N,98109,https://services.seattle.gov/portal/customize/LinkToRecord.aspx?altId=003391-21CP,True,True,False,odor,retaliat,
1052151-VI,7,2021 May 11 12:00:00 AM,2021 Aug 03 12:00:00 AM,Completed,Completed,2008 DEXTER AVE N,98109,https://services.seattle.gov/portal/customize/LinkToRecord.aspx?altId=1052151-VI,True,False,False,leak|unsafe,,
003501-21CP,7,2021 May 13 12:00:00 AM,,,Closed,1957 9TH AVE W,98119,https://services.seattle.gov/portal/customize/LinkToRecord.aspx?altId=003501-21CP,True,False,False,no heat,,
003576-21CP,7,2021 May 15 12:00:00 AM,,,Open Duplicate,2911 2ND AVE,98121,https://services.seattle.gov/portal/customize/LinkToRecord.aspx?altId=003576-21CP,True,False,False,hazard|fire hazard,,
003746-21CP,7,2021 May 20 12:00:00 AM,2021 May 20 12:00:00 AM,Completed,Completed,1110 8TH AVE,98101,https://services.seattle.gov/portal/customize/LinkToRecord.aspx?altId=003746-21CP,True,False,False,no heat|leak|leaking,,
1052205-VI,7,2021 May 21 12:00:00 AM,2021 May 25 12:00:00 AM,Compliance Achieved,Completed,1110 8TH AVE,98101,https://services.seattle.gov/portal/customize/LinkToRecord.aspx?altId=1052205-VI,True,False,False,no heat|leak|leaking,,
003783-21CP,7,2021 May 22 12:00:00 AM,,,Completed,2116 4th AVE,,https://services.seattle.gov/portal/customize/LinkToRecord.aspx?altId=003783-21CP,False,True,False,,threaten,
003791-21CP,7,2021 May 22 12:00:00 AM,,,Completed,800 SENECA ST,98101,https://services.seattle.gov/portal/customize/LinkToRecord.aspx?altId=003791-21CP,True,False,False,unsafe,,
004067-21CP,7,2021 Jun 01 12:00:00 AM,,,Completed,2315 W LYNN ST,98199,https://services.seattle.gov/portal/customize/LinkToRecord.aspx?altId=004067-21CP,True,False,False,hazard,,
004079-21CP,7,2021 Jun 02 12:00:00 AM,,,Closed,120 REPUBLICAN ST,98109,https://services.seattle.gov/portal/customize/LinkToRecord.aspx?altId=004079-21CP,False,False,True,,,code violation
004250-21CP,7,2021 Jun 07 12:00:00 AM,,,Closed,1922 9TH AVE,98101,https://services.seattle.gov/portal/customize/LinkToRecord.aspx?altId=004250-21CP,True,False,False,leak|leaks|roof leak,,
1052269-VI,7,2021 Jun 09 12:00:00 AM,,,Initiated,901 5TH AVE N,98109,https://services.seattle.gov/portal/customize/LinkToRecord.aspx?altId=1052269-VI,False,False,True,,,rent increase
004337-21CP,7,2021 Jun 09 12:00:00 AM,2021 Jul 30 12:00:00 AM,Completed,Completed,2215 1ST AVE,98121,https://services.seattle.gov/portal/customize/LinkToRecord.aspx?altId=004337-21CP,True,False,False,leak|leaking|ceiling leak|mold,,
004846-21CP,7,2021 Jun 24 12:00:00 AM,,,Completed,2911 2nd AVE,,https://services.seattle.gov/portal/customize/LinkToRecord.aspx?altId=004846-21CP,True,False,False,hazard|fire hazard,,
1052349-VI,7,2021 Jun 24 12:00:00 AM,2021 Jul 08 12:00:00 AM,Compliance Achieved,Completed,600 3RD AVE,98104,https://services.seattle.gov/portal/customize/LinkToRecord.aspx?altId=1052349-VI,True,False,False,hazard,,
1052423-TR,7,2021 Jul 07 12:00:00 AM,,,Application Completed,101 LYNN ST,98109,https://services.seattle.gov/portal/customize/LinkToRecord.aspx?altId=1052423-TR,False,True,False,,tenant relocation,
005325-21CP,7,2021 Jul 02 12:00:00 AM,,,Closed,2602 4TH AVE,98121,https://services.seattle.gov/portal/customize/LinkToRecord.aspx?altId=005325-21CP,True,False,False,mold|broken window,,
005508-21CP,7,2021 Jul 09 12:00:00 AM,,,Closed,111 CEDAR ST,98121,https://services.seattle.gov/portal/customize/LinkToRecord.aspx?altId=005508-21CP,True,False,False,mold,,
005765-21CP,7,2021 Jul 16 12:00:00 AM,,,Completed,2415 8TH AVE N,98109,https://services.seattle.gov/portal/customize/LinkToRecord.aspx?altId=005765-21CP,True,False,False,rodent|hazard|fire hazard,,
006066-21CP,7,2021 Jul 29 12:00:00 AM,,,Completed,2450 dexter AVE N,,https://services.seattle.gov/portal/customize/LinkToRecord.aspx?altId=006066-21CP,False,False,True,,,rental registration
006126-21CP,7,2021 Jul 30 12:00:00 AM,,,Completed,3240 15th AVE W,,https://services.seattle.gov/portal/customize/LinkToRecord.aspx?altId=006126-21CP,True,False,False,leak|leaking,,
006137-21CP,7,2021 Jul 31 12:00:00 AM,2021 Aug 23 12:00:00 AM,Completed,Completed,2801 WESTERN AVE,98121,https://services.seattle.gov/portal/customize/LinkToRecord.aspx?altId=006137-21CP,True,False,False,infestation|cockroach|roaches,,
006301-21CP,7,2021 Aug 05 12:00:00 AM,,,Closed,206 BELL ST,98121,https://services.seattle.gov/portal/customize/LinkToRecord.aspx?altId=006301-21CP,True,False,False,mold|mildew|odor,,
006302-21CP,7,2021 Aug 05 12:00:00 AM,,,Closed,206 BELL ST,98121,https://services.seattle.gov/portal/customize/LinkToRecord.aspx?altId=006302-21CP,True,False,False,mold|mildew|odor,,
006386-21CP,7,2021 Aug 06 12:00:00 AM,,,Closed,80 STEWART ST,98101,https://services.seattle.gov/portal/customize/LinkToRecord.aspx?altId=006386-21CP,True,False,False,mold,,
006445-21CP,7,2021 Aug 09 12:00:00 AM,,,Completed,2215 1ST AVE,98121,https://services.seattle.gov/portal/customize/LinkToRecord.aspx?altId=006445-21CP,True,False,False,unsafe,,
006449-21CP,7,2021 Aug 06 12:00:00 AM,,,Closed,1102 8TH AVE,98101,https://services.seattle.gov/portal/customize/LinkToRecord.aspx?altId=006449-21CP,True,False,False,mold,,
1052596-VI,7,2021 Aug 10 12:00:00 AM,2021 Dec 02 12:00:00 AM,Compliance Achieved,Completed,1813 THORNDYKE AVE W,98199,https://services.seattle.gov/portal/customize/LinkToRecord.aspx?altId=1052596-VI,False,False,True,,,code violation
006556-21CP,7,2021 Aug 11 12:00:00 AM,,,Closed,302 W OLYMPIC PL,98119,https://services.seattle.gov/portal/customize/LinkToRecord.aspx?altId=006556-21CP,True,False,False,rats|hazard,,
006603-21CP,7,2021 Aug 12 12:00:00 AM,,,Closed,617 QUEEN ANNE AVE N,98109,https://services.seattle.gov/portal/customize/LinkToRecord.aspx?altId=006603-21CP,True,False,False,hazard,,
006676-21CP,7,2021 Aug 16 12:00:00 AM,,,Closed,305 PINE ST,98101,https://services.seattle.gov/portal/customize/LinkToRecord.aspx?altId=006676-21CP,True,False,False,sewage|raw sewage|leak|leaking,,
006749-21CP,7,2021 Aug 17 12:00:00 AM,,,Closed,206 BELL ST,98121,https://services.seattle.gov/portal/customize/LinkToRecord.aspx?altId=006749-21CP,True,False,False,chemical smell|fumes,,
1052663-VI,7,2021 Aug 18 12:00:00 AM,2022 Mar 02 12:00:00 AM,Completed,Completed,2016 Dexter AVE N,,https://services.seattle.gov/portal/customize/LinkToRecord.aspx?altId=1052663-VI,True,False,True,unsafe,,unauthorized entry
1052666-VI,7,2021 Aug 18 12:00:00 AM,2021 Dec 08 12:00:00 AM,Compliance Achieved,Completed,2012 DEXTER AVE N,98109,https://services.seattle.gov/portal/customize/LinkToRecord.aspx?altId=1052666-VI,True,False,True,unsafe,,unauthorized entry
006841-21CP,7,2021 Aug 16 12:00:00 AM,,,Closed,305 PINE ST,98101,https://services.seattle.gov/portal/customize/LinkToRecord.aspx?altId=006841-21CP,True,False,False,sewage|raw sewage|leak|leaking|leaks,,
1052685-VI,7,2021 Aug 19 12:00:00 AM,,,Completed,1518 5TH AVE N,98109,https://services.seattle.gov/portal/customize/LinkToRecord.aspx?altId=1052685-VI,True,False,False,hazard,,
006908-21CP,7,2021 Aug 21 12:00:00 AM,,,Completed,2442 8TH AVE N,98109,https://services.seattle.gov/portal/customize/LinkToRecord.aspx?altId=006908-21CP,True,False,False,mold|structural,,
1052715-VI,7,2021 Aug 24 12:00:00 AM,2024 Apr 16 12:00:00 AM,Admin Closure,Completed,2524 11th AVE W,,https://services.seattle.gov/portal/customize/LinkToRecord.aspx?altId=1052715-VI,False,False,True,,,code violation
007139-21CP,7,2021 Aug 27 12:00:00 AM,,,Closed,607 EASTLAKE AVE E,98109,https://services.seattle.gov/portal/customize/LinkToRecord.aspx?altId=007139-21CP,True,False,True,no hot water,,code violation
1052743-VI,7,2021 Aug 30 12:00:00 AM,2022 Jan 06 12:00:00 AM,Compliance Achieved,Compliance Achieved,2473 aurora AVE N,,https://services.seattle.gov/portal/customize/LinkToRecord.aspx?altId=1052743-VI,True,False,False,hazard|hazardous|garbage,,
007178-21CP,7,2021 Aug 30 12:00:00 AM,,,Closed,1922 9TH AVE,98101,https://services.seattle.gov/portal/customize/LinkToRecord.aspx?altId=007178-21CP,True,False,False,flooded|mold|mildew,,
1052752-CT,7,2021 Aug 31 12:00:00 AM,2021 Nov 16 12:00:00 AM,Compliance Achieved,Completed,807 W NICKERSON ST,98119,https://services.seattle.gov/portal/customize/LinkToRecord.aspx?altId=1052752-CT,True,False,False,hazard|hazardous,,
1052753-CT,7,2021 Aug 31 12:00:00 AM,2021 Oct 01 12:00:00 AM,Compliance Achieved,Completed,3465 8TH AVE W,98119,https://services.seattle.gov/portal/customize/LinkToRecord.aspx?altId=1052753-CT,True,False,False,hazard|hazardous,,
007252-21CP,7,2021 Aug 30 12:00:00 AM,,,Closed,80 STEWART ST,98101,https://services.seattle.gov/portal/customize/LinkToRecord.aspx?altId=007252-21CP,True,False,False,mold,,
1052765-CT,7,2021 Sep 01 12:00:00 AM,2021 Oct 05 12:00:00 AM,Compliance Achieved,Completed,302 HALLADAY ST,98109,https://services.seattle.gov/portal/customize/LinkToRecord.aspx?altId=1052765-CT,True,False,False,hazard|hazardous,,
1052768-CT,7,2021 Sep 01 12:00:00 AM,2021 Oct 05 12:00:00 AM,Compliance Achieved,Completed,306 HALLADAY ST,98109,https://services.seattle.gov/portal/customize/LinkToRecord.aspx?altId=1052768-CT,True,False,False,hazard|hazardous,,
1052770-CT,7,2021 Sep 01 12:00:00 AM,2021 Oct 05 12:00:00 AM,Compliance Achieved,Completed,620 W HOWE ST,98119,https://services.seattle.gov/portal/customize/LinkToRecord.aspx?altId=1052770-CT,True,False,False,hazard|hazardous,,
1052813-VI,7,2021 Sep 08 12:00:00 AM,,,Compliance Achieved,216 W BOSTON ST,98119,https://services.seattle.gov/portal/customize/LinkToRecord.aspx?altId=1052813-VI,False,False,True,,,rent increase
1052836-CT,7,2021 Sep 10 12:00:00 AM,,,Completed,1407 TAYLOR AVE N,,https://services.seattle.gov/portal/customize/LinkToRecord.aspx?altId=1052836-CT,True,False,False,roaches,,
007570-21CP,7,2021 Sep 12 12:00:00 AM,,,Completed,1924 9TH AVE,98101,https://services.seattle.gov/portal/customize/LinkToRecord.aspx?altId=007570-21CP,True,False,False,no hot water,,
007625-21CP,7,2021 Sep 10 12:00:00 AM,,,Closed,2226 ELLIOTT AVE,98121,https://services.seattle.gov/portal/customize/LinkToRecord.aspx?altId=007625-21CP,True,False,False,leak|mold,,
007729-21CP,7,2021 Sep 16 12:00:00 AM,,,Completed,2911 2ND AVE,98121,https://services.seattle.gov/portal/customize/LinkToRecord.aspx?altId=007729-21CP,True,False,False,garbage,,
007810-21CP,7,2021 Sep 19 12:00:00 AM,,,Closed,1110 8TH AVE,98101,https://services.seattle.gov/portal/customize/LinkToRecord.aspx?altId=007810-21CP,True,False,False,bed bug|pest control,,
007834-21CP,7,2021 Sep 20 12:00:00 AM,2021 Oct 07 12:00:00 AM,Completed,Completed,1118 5TH AVE,98101,https://services.seattle.gov/portal/customize/LinkToRecord.aspx?altId=007834-21CP,True,False,False,no heat,,
007869-21CP,7,2021 Sep 21 12:00:00 AM,,,Closed,2451 THORNDYKE AVE W,98199,https://services.seattle.gov/portal/customize/LinkToRecord.aspx?altId=007869-21CP,True,False,False,structural,,
007883-21CP,7,2021 Sep 17 12:00:00 AM,,,Completed,319 W REPUBLICAN ST,98119,https://services.seattle.gov/portal/customize/LinkToRecord.aspx?altId=007883-21CP,True,False,False,leak|mold,,
008085-21CP,7,2021 Sep 28 12:00:00 AM,2021 Oct 07 12:00:00 AM,Completed,Completed,714 7TH AVE,98104,https://services.seattle.gov/portal/customize/LinkToRecord.aspx?altId=008085-21CP,True,False,False,leak|leaks|roaches,,
008342-21CP,7,2021 Oct 05 12:00:00 AM,,,Closed,706 UNION ST,98101,https://services.seattle.gov/portal/customize/LinkToRecord.aspx?altId=008342-21CP,True,False,False,hazard,,
008417-21CP,7,2021 Oct 07 12:00:00 AM,,,Completed,2807 21ST AVE W,98199,https://services.seattle.gov/portal/customize/LinkToRecord.aspx?altId=008417-21CP,False,True,False,,trao,
008425-21CP,7,2021 Oct 07 12:00:00 AM,,,Completed,1902 2ND AVE,98101,https://services.seattle.gov/portal/customize/LinkToRecord.aspx?altId=008425-21CP,True,False,False,cockroach|roaches|bedbug,,
008428-21CP,7,2021 Oct 01 12:00:00 AM,,,Closed,700 5TH AVE,98104,https://services.seattle.gov/portal/customize/LinkToRecord.aspx?altId=008428-21CP,True,False,False,no heat,,
008447-21CP,7,2021 Oct 08 12:00:00 AM,,,Closed,429 2ND AVE W,98119,https://services.seattle.gov/portal/customize/LinkToRecord.aspx?altId=008447-21CP,True,False,False,unsafe,,
1053073-VI,7,2021 Oct 13 12:00:00 AM,2021 Nov 09 12:00:00 AM,Completed,Completed,200 TERRY AVE N,98109,https://services.seattle.gov/portal/customize/LinkToRecord.aspx?altId=1053073-VI,True,False,False,hazard,,
008630-21CP,7,2021 Oct 14 12:00:00 AM,2021 Oct 25 12:00:00 AM,Completed,Completed,1102 8TH AVE,98101,https://services.seattle.gov/portal/customize/LinkToRecord.aspx?altId=008630-21CP,True,False,False,leak|leaking,,
1053119-CT,7,2021 Oct 19 12:00:00 AM,2022 Jun 21 12:00:00 AM,Compliance Achieved,Completed,1424 1ST AVE N,98109,https://services.seattle.gov/portal/customize/LinkToRecord.aspx?altId=1053119-CT,True,False,False,roaches,,
008970-21CP,7,2021 Oct 20 12:00:00 AM,,,Completed,823 MADISON ST,98104,https://services.seattle.gov/portal/customize/LinkToRecord.aspx?altId=008970-21CP,True,False,False,infestation,,
009190-21CP,7,2021 Nov 02 12:00:00 AM,,,Completed,1420 4TH AVE W,98119,https://services.seattle.gov/portal/customize/LinkToRecord.aspx?altId=009190-21CP,True,False,False,no heat,,
009204-21CP,7,2021 Nov 02 12:00:00 AM,,,Closed,20 W BOSTON ST,98119,https://services.seattle.gov/portal/customize/LinkToRecord.aspx?altId=009204-21CP,True,False,False,no heat,,
009283-21CP,7,2021 Nov 04 12:00:00 AM,,,Closed,2415 8TH AVE N,98109,https://services.seattle.gov/portal/customize/LinkToRecord.aspx?altId=009283-21CP,True,False,False,leak|leaking,,
009455-21CP,7,2021 Nov 10 12:00:00 AM,,,Closed,706 UNION ST,98101,https://services.seattle.gov/portal/customize/LinkToRecord.aspx?altId=009455-21CP,True,True,False,mold|infestation|asbestos,retaliat,
1053284-VI,7,2021 Nov 10 12:00:00 AM,2023 Jun 08 12:00:00 AM,Compliance Achieved,Completed,607 Pine ST,,https://services.seattle.gov/portal/customize/LinkToRecord.aspx?altId=1053284-VI,False,False,True,,,code violation
009506-21CP,7,2021 Nov 12 12:00:00 AM,2021 Nov 12 12:00:00 AM,Completed,Completed,1823 TERRY AVE,98101,https://services.seattle.gov/portal/customize/LinkToRecord.aspx?altId=009506-21CP,True,False,False,no heat,,
1053299-VI,7,2021 Nov 12 12:00:00 AM,2022 Mar 28 12:00:00 AM,Completed,Completed,1823 TERRY AVE,98101,https://services.seattle.gov/portal/customize/LinkToRecord.aspx?altId=1053299-VI,True,False,False,no heat,,
1053303-VI,7,2021 Nov 15 12:00:00 AM,2022 Jan 21 12:00:00 AM,Compliance Achieved,Completed,413 MINOR AVE N,98109,https://services.seattle.gov/portal/customize/LinkToRecord.aspx?altId=1053303-VI,True,False,False,garbage,,
009583-21CP,7,2021 Nov 12 12:00:00 AM,,,Completed,1170 HARRISON ST,98109,https://services.seattle.gov/portal/customize/LinkToRecord.aspx?altId=009583-21CP,True,False,False,garbage,,
009686-21CP,7,2021 Nov 19 12:00:00 AM,,,Completed,1301 1ST AVE,98101,https://services.seattle.gov/portal/customize/LinkToRecord.aspx?altId=009686-21CP,False,False,True,,,tenant rights
009745-21CP,7,2021 Nov 22 12:00:00 AM,,,Closed,1902 2ND AVE,98101,https://services.seattle.gov/portal/customize/LinkToRecord.aspx?altId=009745-21CP,True,False,False,bed bug,,
009777-21CP,7,2021 Nov 23 12:00:00 AM,2022 Feb 07 12:00:00 AM,Completed,Completed,3016 23RD AVE W,98199,https://services.seattle.gov/portal/customize/LinkToRecord.aspx?altId=009777-21CP,True,False,False,hazard,,
1053399-VI,7,2021 Dec 01 12:00:00 AM,2021 Dec 01 12:00:00 AM,Admin Closure,Completed,1922 9th AVE,,https://services.seattle.gov/portal/customize/LinkToRecord.aspx?altId=1053399-VI,True,False,False,roaches|bed bug|garbage,,
1053403-VI,7,2021 Dec 01 12:00:00 AM,2021 Dec 01 12:00:00 AM,Completed,EO Repair Restore Issued,1922 9th AVE,,https://services.seattle.gov/portal/customize/LinkToRecord.aspx?altId=1053403-VI,True,False,False,roaches|bed bug|garbage,,
009987-21CP,7,2021 Dec 02 12:00:00 AM,,,Completed,823 MADISON ST,98104,https://services.seattle.gov/portal/customize/LinkToRecord.aspx?altId=009987-21CP,True,False,False,no heat|roaches|bedbug,,
010024-21CP,7,2021 Nov 30 12:00:00 AM,,,Completed,607 EASTLAKE AVE E,98109,https://services.seattle.gov/portal/customize/LinkToRecord.aspx?altId=010024-21CP,False,False,True,,,code violation
1053419-TR,7,2021 Oct 04 12:00:00 AM,,,Completed,3012 14th AVE W,,https://services.seattle.gov/portal/customize/LinkToRecord.aspx?altId=1053419-TR,False,True,False,,tenant relocation,
1053463-CT,7,2021 Dec 13 12:00:00 AM,2022 Jan 24 12:00:00 AM,Compliance Achieved,Completed,2442 8TH AVE N,98109,https://services.seattle.gov/portal/customize/LinkToRecord.aspx?altId=1053463-CT,True,False,False,hazard|hazardous,,
1053464-CT,7,2021 Dec 13 12:00:00 AM,2022 Feb 16 12:00:00 AM,Compliance Achieved,Completed,2450 8TH AVE N,98109,https://services.seattle.gov/portal/customize/LinkToRecord.aspx?altId=1053464-CT,True,False,False,hazard|hazardous,,
1053470-CT,7,2021 Dec 14 12:00:00 AM,2022 Jan 24 12:00:00 AM,Compliance Achieved,Completed,2420 8TH AVE N,98109,https://services.seattle.gov/portal/customize/LinkToRecord.aspx?altId=1053470-CT,True,False,False,hazard|hazardous,,
010386-21CP,7,2021 Dec 16 12:00:00 AM,,,Closed,1102 8TH AVE,98101,https://services.seattle.gov/portal/customize/LinkToRecord.aspx?altId=010386-21CP,True,False,False,no hot water,,
010585-21CP,7,2021 Dec 23 12:00:00 AM,,,Completed,116 ROY ST,98109,https://services.seattle.gov/portal/customize/LinkToRecord.aspx?altId=010585-21CP,True,False,False,no heat,,
010650-21CP,7,2021 Dec 29 12:00:00 AM,,,Completed,1280 HARRISON ST,98109,https://services.seattle.gov/portal/customize/LinkToRecord.aspx?altId=010650-21CP,True,False,False,no hot water,,
000138-22CP,7,2022 Jan 04 12:00:00 AM,,,Completed,420 PONTIUS AVE N,98109,https://services.seattle.gov/portal/customize/LinkToRecord.aspx?altId=000138-22CP,True,False,False,hazard|hazardous|garbage,,
000193-22CP,7,2022 Jan 04 12:00:00 AM,,,Closed,2624 WESTERN AVE,98121,https://services.seattle.gov/portal/customize/LinkToRecord.aspx?altId=000193-22CP,True,False,False,no hot water,,
1053563-TR,7,2022 Jan 06 12:00:00 AM,,,Reviews Completed,419 QUEEN ANNE AVE N,98109,https://services.seattle.gov/portal/customize/LinkToRecord.aspx?altId=1053563-TR,False,True,False,,tenant relocation,
000283-22CP,7,2022 Jan 07 12:00:00 AM,2022 Mar 02 12:00:00 AM,Completed,Completed,3425 14TH AVE W,98119,https://services.seattle.gov/portal/customize/LinkToRecord.aspx?altId=000283-22CP,True,False,False,leak|leaking,,
000289-22CP,7,2022 Jan 10 12:00:00 AM,,,Closed,420 PONTIUS AVE N,98109,https://services.seattle.gov/portal/customize/LinkToRecord.aspx?altId=000289-22CP,True,False,False,garbage,,
000307-22CP,7,2022 Jan 10 12:00:00 AM,,,Completed,420 PONTIUS AVE N,98109,https://services.seattle.gov/portal/customize/LinkToRecord.aspx?altId=000307-22CP,True,False,False,no hot water,,
000338-22CP,7,2022 Jan 10 12:00:00 AM,2022 Feb 01 12:00:00 AM,Completed,Completed,206 P STEWART ST,98101,https://services.seattle.gov/portal/customize/LinkToRecord.aspx?altId=000338-22CP,True,False,False,broken window,,
000360-22CP,7,2022 Jan 06 12:00:00 AM,,,Completed,305 PINE ST,98101,https://services.seattle.gov/portal/customize/LinkToRecord.aspx?altId=000360-22CP,True,False,False,sewage|leak|leaking,,
000433-22CP,7,2022 Jan 10 12:00:00 AM,,,Completed,420 PONTIUS AVE N,98109,https://services.seattle.gov/portal/customize/LinkToRecord.aspx?altId=000433-22CP,True,False,False,no hot water|garbage,,
000602-22CP,7,2022 Jan 20 12:00:00 AM,,,Closed,80 STEWART ST,35,https://services.seattle.gov/portal/customize/LinkToRecord.aspx?altId=000602-22CP,True,False,False,mold,,
000750-22CP,7,2022 Jan 20 12:00:00 AM,,,Closed,2408 2ND AVE,98121,https://services.seattle.gov/portal/customize/LinkToRecord.aspx?altId=000750-22CP,True,False,False,rodent|garbage,,
1053653-TR,7,2022 Jan 26 12:00:00 AM,,,Completed,1607 1ST AVE W,98119,https://services.seattle.gov/portal/customize/LinkToRecord.aspx?altId=1053653-TR,False,True,False,,tenant relocation,
000880-22CP,7,2022 Jan 27 12:00:00 AM,,,Closed,1102 8TH AVE,98101,https://services.seattle.gov/portal/customize/LinkToRecord.aspx?altId=000880-22CP,True,False,False,no water,,
1053680-VI,7,2022 Jan 28 12:00:00 AM,,,Initiated,100 ROY ST,98109,https://services.seattle.gov/portal/customize/LinkToRecord.aspx?altId=1053680-VI,True,False,False,no heat,,
000968-22CP,7,2022 Jan 31 12:00:00 AM,,,Closed,1915 2ND AVE,98101,https://services.seattle.gov/portal/customize/LinkToRecord.aspx?altId=000968-22CP,True,False,False,no heat,,
001050-22CP,7,2022 Feb 01 12:00:00 AM,,,Closed,2717 4TH AVE W,98119,https://services.seattle.gov/portal/customize/LinkToRecord.aspx?altId=001050-22CP,True,False,False,infestation,,
1053718-TR,7,2022 Feb 03 12:00:00 AM,,,Reviews Completed,609 THOMAS ST,98109,https://services.seattle.gov/portal/customize/LinkToRecord.aspx?altId=1053718-TR,False,True,False,,tenant relocation,
001154-22CP,7,2022 Jan 31 12:00:00 AM,,,Closed,1100 QUEEN ANNE AVE N,98109,https://services.seattle.gov/portal/customize/LinkToRecord.aspx?altId=001154-22CP,True,False,False,mold,,
001266-22CP,7,2022 Feb 08 12:00:00 AM,,,Closed,108 ALOHA ST,98109,https://services.seattle.gov/portal/customize/LinkToRecord.aspx?altId=001266-22CP,True,False,False,moisture|infestation|pest control,,
1053741-VI,7,2022 Feb 09 12:00:00 AM,,,Initiated,1165 HARRISON ST,98109,https://services.seattle.gov/portal/customize/LinkToRecord.aspx?altId=1053741-VI,True,False,False,garbage,,
001477-22CP,7,2022 Feb 11 12:00:00 AM,,,Closed,2312 W PLYMOUTH ST,98199,https://services.seattle.gov/portal/customize/LinkToRecord.aspx?altId=001477-22CP,True,False,False,leak,,
1053820-VI,7,2022 Feb 17 12:00:00 AM,,,NOV Issued,2490 DEXTER AVE N,98109,https://services.seattle.gov/portal/customize/LinkToRecord.aspx?altId=1053820-VI,False,True,False,,unpermitted work,
001648-22CP,7,2022 Feb 23 12:00:00 AM,2022 Nov 16 12:00:00 AM,Completed,Completed,901 W HOWE ST,98119,https://services.seattle.gov/portal/customize/LinkToRecord.aspx?altId=001648-22CP,True,False,False,mold|black mold,,
001676-22CP,7,2022 Feb 24 12:00:00 AM,,,Closed,222 QUEEN ANNE AVE N,98109,https://services.seattle.gov/portal/customize/LinkToRecord.aspx?altId=001676-22CP,True,False,False,water damage|hazard,,
001894-22CP,7,2022 Mar 02 12:00:00 AM,,,Closed,409 W MERCER ST,98119,https://services.seattle.gov/portal/customize/LinkToRecord.aspx?altId=001894-22CP,True,False,False,leak|leaks|roof leak|mold|mildew,,
1053871-VI,7,2022 Mar 03 12:00:00 AM,,,NOV Issued,3425 14TH AVE W,98119,https://services.seattle.gov/portal/customize/LinkToRecord.aspx?altId=1053871-VI,True,False,False,leak|leaking,,
001929-22CP,7,2022 Mar 03 12:00:00 AM,,,Closed,2701 3RD AVE W,98119,https://services.seattle.gov/portal/customize/LinkToRecord.aspx?altId=001929-22CP,True,False,False,hazard|hazardous,,
002011-22CP,7,2022 Mar 07 12:00:00 AM,,,Closed,2114 7TH AVE W,98119,https://services.seattle.gov/portal/customize/LinkToRecord.aspx?altId=002011-22CP,False,False,True,,,rent increase
002202-22CP,7,2022 Mar 13 12:00:00 AM,,,Completed,76 CEDAR ST,98121,https://services.seattle.gov/portal/customize/LinkToRecord.aspx?altId=002202-22CP,False,False,True,,,rrio
002467-22CP,7,2022 Mar 21 12:00:00 AM,,,Closed,500 5th AVE W,,https://services.seattle.gov/portal/customize/LinkToRecord.aspx?altId=002467-22CP,True,False,False,leak,,
002493-22CP,7,2022 Mar 21 12:00:00 AM,,,Closed,2321 4TH AVE,98121,https://services.seattle.gov/portal/customize/LinkToRecord.aspx?altId=002493-22CP,True,False,False,leak|leaking,,
1053990-TR,7,2022 Mar 28 12:00:00 AM,,,Completed,1420 TAYLOR AVE N,98109,https://services.seattle.gov/portal/customize/LinkToRecord.aspx?altId=1053990-TR,False,True,False,,tenant relocation,
003055-22CP,7,2022 Apr 09 12:00:00 AM,,,Completed,307 QUEEN ANNE AVE N,98109,https://services.seattle.gov/portal/customize/LinkToRecord.aspx?altId=003055-22CP,True,False,False,mold|hazard,,
003063-22CP,7,2022 Apr 11 12:00:00 AM,,,Completed,111 CEDAR ST,98121,https://services.seattle.gov/portal/customize/LinkToRecord.aspx?altId=003063-22CP,True,False,False,leak,,
003171-22CP,7,2022 Mar 28 12:00:00 AM,,,Closed,2224 2ND AVE,98121,https://services.seattle.gov/portal/customize/LinkToRecord.aspx?altId=003171-22CP,True,False,False,hazard|fire hazard,,
003177-22CP,7,2022 Apr 14 12:00:00 AM,2022 Apr 14 12:00:00 AM,Completed,Under Investigation,630 BOREN AVE N,98109,https://services.seattle.gov/portal/customize/LinkToRecord.aspx?altId=003177-22CP,True,True,True,no heat,pota,tenant rights
1054076-VI,7,2022 Apr 14 12:00:00 AM,2022 Apr 18 12:00:00 AM,Compliance Achieved,Completed,630 BOREN AVE N,98109,https://services.seattle.gov/portal/customize/LinkToRecord.aspx?altId=1054076-VI,True,True,True,no heat,pota,tenant rights
003196-22CP,7,2022 Apr 14 12:00:00 AM,,,Closed,1100 QUEEN ANNE AVE N,98109,https://services.seattle.gov/portal/customize/LinkToRecord.aspx?altId=003196-22CP,True,False,False,flooding|mold|toxic mold,,
003387-22CP,7,2022 Apr 21 12:00:00 AM,,,Completed,1902 2ND AVE,98101,https://services.seattle.gov/portal/customize/LinkToRecord.aspx?altId=003387-22CP,True,False,False,infestation|bedbug|pest control,,
003695-22CP,7,2022 May 02 12:00:00 AM,,,Closed,2209 1ST AVE,98121,https://services.seattle.gov/portal/customize/LinkToRecord.aspx?altId=003695-22CP,True,False,False,mice|roaches|bedbug,,
003931-22CP,7,2022 May 06 12:00:00 AM,,,Closed,301 MINOR AVE N,98109,https://services.seattle.gov/portal/customize/LinkToRecord.aspx?altId=003931-22CP,True,False,False,hazard|hazardous,,
003936-22CP,7,2022 May 06 12:00:00 AM,,,Closed,315 1st AVE N,,https://services.seattle.gov/portal/customize/LinkToRecord.aspx?altId=003936-22CP,True,False,False,sewage,,
004220-22CP,7,2022 May 14 12:00:00 AM,,,Completed,1114 AURORA AVE N,98109,https://services.seattle.gov/portal/customize/LinkToRecord.aspx?altId=004220-22CP,True,False,False,unsafe,,
004226-22CP,7,2022 May 15 12:00:00 AM,,,Completed,1114 AURORA AVE N,98109,https://services.seattle.gov/portal/customize/LinkToRecord.aspx?altId=004226-22CP,True,False,False,unsafe,,
004231-22CP,7,2022 May 15 12:00:00 AM,,,Closed,301 MINOR AVE N,98109,https://services.seattle.gov/portal/customize/LinkToRecord.aspx?altId=004231-22CP,True,False,False,garbage,,
004241-22CP,7,2022 May 16 12:00:00 AM,2022 Dec 29 12:00:00 AM,Completed,Completed,424 Minor AVE N,,https://services.seattle.gov/portal/customize/LinkToRecord.aspx?altId=004241-22CP,False,True,False,,harass,
004435-22CP,7,2022 May 25 12:00:00 AM,,,Completed,3432 9TH AVE W,98119,https://services.seattle.gov/portal/customize/LinkToRecord.aspx?altId=004435-22CP,True,False,False,mold|unsafe,,
1054269-VI,7,2022 May 20 12:00:00 AM,2022 Jul 14 12:00:00 AM,Compliance Achieved,Completed,1114 AURORA AVE N,98109,https://services.seattle.gov/portal/customize/LinkToRecord.aspx?altId=1054269-VI,True,False,False,garbage,,
004483-22CP,7,2022 May 21 12:00:00 AM,,,Closed,888 WESTERN AVE,98104,https://services.seattle.gov/portal/customize/LinkToRecord.aspx?altId=004483-22CP,True,True,False,lack of heat,forced to move,
004771-22CP,7,2022 May 30 12:00:00 AM,,,Closed,3046 17TH AVE W,98119,https://services.seattle.gov/portal/customize/LinkToRecord.aspx?altId=004771-22CP,True,False,False,no heat,,
004952-22CP,7,2022 Jun 01 12:00:00 AM,,,Completed,2250 7TH AVE,98121,https://services.seattle.gov/portal/customize/LinkToRecord.aspx?altId=004952-22CP,False,True,False,,trao,
004965-22CP,7,2022 Jun 03 12:00:00 AM,2022 Aug 10 12:00:00 AM,Completed,Completed,714 7TH AVE,98104,https://services.seattle.gov/portal/customize/LinkToRecord.aspx?altId=004965-22CP,True,False,False,leak|leaking|mold,,
005317-22CP,7,2022 Jun 09 12:00:00 AM,,,Closed,702 2ND AVE W,98119,https://services.seattle.gov/portal/customize/LinkToRecord.aspx?altId=005317-22CP,True,False,False,no heat,,
005676-22CP,7,2022 Jun 20 12:00:00 AM,2022 Oct 28 12:00:00 AM,Completed,Completed,1170 Harrison ST,,https://services.seattle.gov/portal/customize/LinkToRecord.aspx?altId=005676-22CP,True,False,False,leak|mold,,
005795-22CP,7,2022 Jun 21 12:00:00 AM,,,Completed,2224 2ND AVE,98121,https://services.seattle.gov/portal/customize/LinkToRecord.aspx?altId=005795-22CP,False,False,True,,,unauthorized entry
005796-22CP,7,2022 Jun 21 12:00:00 AM,2022 Jul 27 12:00:00 AM,Completed,Completed,2234 2ND AVE,98121,https://services.seattle.gov/portal/customize/LinkToRecord.aspx?altId=005796-22CP,False,False,True,,,unauthorized entry
1054401-TR,7,2022 Jun 22 12:00:00 AM,,,Completed,564 LEE ST,98109,https://services.seattle.gov/portal/customize/LinkToRecord.aspx?altId=1054401-TR,False,True,False,,tenant relocation,
006046-22CP,7,2022 Jun 21 12:00:00 AM,,,Completed,2716 ELLIOTT AVE,98121,https://services.seattle.gov/portal/customize/LinkToRecord.aspx?altId=006046-22CP,False,True,False,,trao,
006217-22CP,7,2022 Jul 01 12:00:00 AM,,,Completed,901 W HOWE ST,98119,https://services.seattle.gov/portal/customize/LinkToRecord.aspx?altId=006217-22CP,True,True,True,mold|black mold,retaliat,rent increase|just cause|just cause eviction
006369-22CP,7,2022 Jul 06 12:00:00 AM,,,Completed,1907 1st AVE,,https://services.seattle.gov/portal/customize/LinkToRecord.aspx?altId=006369-22CP,True,False,False,flooded|garbage|unsanitary,,
006444-22CP,7,2022 Jul 06 12:00:00 AM,,,Completed,2934 2ND AVE N,98109,https://services.seattle.gov/portal/customize/LinkToRecord.aspx?altId=006444-22CP,True,True,False,infestation,threaten,
007111-22CP,7,2022 Jul 11 12:00:00 AM,,,Completed,711 W FLORENTIA PL,98119,https://services.seattle.gov/portal/customize/LinkToRecord.aspx?altId=007111-22CP,True,False,False,rodent,,
007469-22CP,7,2022 Jul 22 12:00:00 AM,,,Completed,2009 DEXTER AVE N,98109,https://services.seattle.gov/portal/customize/LinkToRecord.aspx?altId=007469-22CP,True,False,False,leak,,
007517-22CP,7,2022 Jul 22 12:00:00 AM,2022 Oct 12 12:00:00 AM,Withdrawn,Closed,430 Minor AVE N,,https://services.seattle.gov/portal/customize/LinkToRecord.aspx?altId=007517-22CP,True,False,False,infestation,,
007523-22CP,7,2022 Jul 23 12:00:00 AM,,,Open Duplicate,3648 24TH AVE W,98199,https://services.seattle.gov/portal/customize/LinkToRecord.aspx?altId=007523-22CP,True,False,False,rats|hazard|garbage,,
007958-22CP,7,2022 Aug 02 12:00:00 AM,,,Closed,1110 8TH AVE,98101,https://services.seattle.gov/portal/customize/LinkToRecord.aspx?altId=007958-22CP,True,False,False,bed bug,,
008146-22CP,7,2022 Aug 01 12:00:00 AM,2022 Aug 23 12:00:00 AM,Completed,Completed,1110 8TH AVE,98101,https://services.seattle.gov/portal/customize/LinkToRecord.aspx?altId=008146-22CP,True,False,False,no water,,
008166-22CP,7,2022 Aug 05 12:00:00 AM,2022 Nov 16 12:00:00 AM,Completed,Completed,2717 WESTERN AVE,98121,https://services.seattle.gov/portal/customize/LinkToRecord.aspx?altId=008166-22CP,True,False,False,leak,,
008269-22CP,7,2022 Aug 09 12:00:00 AM,,,Completed,2440 WESTERN AVE,98121,https://services.seattle.gov/portal/customize/LinkToRecord.aspx?altId=008269-22CP,True,False,False,leak|structural|garbage,,
008288-22CP,7,2022 Aug 09 12:00:00 AM,,,Completed,10 W SMITH ST,98119,https://services.seattle.gov/portal/customize/LinkToRecord.aspx?altId=008288-22CP,True,False,False,hazard|fire hazard,,
008319-22CP,7,2022 Aug 09 12:00:00 AM,,,Closed,715 4TH AVE N,98109,https://services.seattle.gov/portal/customize/LinkToRecord.aspx?altId=008319-22CP,True,False,False,odor,,
008338-22CP,7,2022 Aug 02 12:00:00 AM,2022 Aug 29 12:00:00 AM,Completed,Completed,2011 5TH AVE,98121,https://services.seattle.gov/portal/customize/LinkToRecord.aspx?altId=008338-22CP,True,False,False,leak,,
008400-22CP,7,2022 Aug 03 12:00:00 AM,,,Closed,1811 EASTLAKE AVE,98101,https://services.seattle.gov/portal/customize/LinkToRecord.aspx?altId=008400-22CP,True,False,False,leak,,
1054625-VI,7,2022 Aug 15 12:00:00 AM,2022 Dec 07 12:00:00 AM,Compliance Achieved,Completed,3407 14TH AVE W,98119,https://services.seattle.gov/portal/customize/LinkToRecord.aspx?altId=1054625-VI,True,False,False,leak|mold,,
008795-22CP,7,2022 Aug 17 12:00:00 AM,,,Closed,1811 EASTLAKE AVE,98101,https://services.seattle.gov/portal/customize/LinkToRecord.aspx?altId=008795-22CP,True,False,False,no running water,,
008933-22CP,7,2022 Aug 19 12:00:00 AM,,,Closed,1811 EASTLAKE AVE,,https://services.seattle.gov/portal/customize/LinkToRecord.aspx?altId=008933-22CP,True,False,False,no stove,,
008994-22CP,7,2022 Aug 22 12:00:00 AM,,,Completed,2515 DEXTER AVE N,98109,https://services.seattle.gov/portal/customize/LinkToRecord.aspx?altId=008994-22CP,True,False,False,hazard,,
1054667-VI,7,2022 Aug 23 12:00:00 AM,2023 Feb 27 12:00:00 AM,Compliance Achieved,Completed,1110 8TH AVE,98101,https://services.seattle.gov/portal/customize/LinkToRecord.aspx?altId=1054667-VI,True,False,False,no water,,
009128-22CP,7,2022 Aug 25 12:00:00 AM,,,Completed,717 DEXTER AVE N,98109,https://services.seattle.gov/portal/customize/LinkToRecord.aspx?altId=009128-22CP,True,False,False,hazard|fire hazard,,
1054684-TR,7,2022 Aug 26 12:00:00 AM,,,Reviews In Process,511 HOWE ST,98109,https://services.seattle.gov/portal/customize/LinkToRecord.aspx?altId=1054684-TR,False,True,False,,tenant relocation,
1054685-TR,7,2022 Aug 26 12:00:00 AM,,,Reviews In Process,515 HOWE ST,98109,https://services.seattle.gov/portal/customize/LinkToRecord.aspx?altId=1054685-TR,False,True,False,,tenant relocation,
1054687-VI,7,2022 Aug 29 12:00:00 AM,2023 Jan 30 12:00:00 AM,Compliance Achieved,Completed,2011 5TH AVE,98121,https://services.seattle.gov/portal/customize/LinkToRecord.aspx?altId=1054687-VI,True,False,False,leak,,
009280-22CP,7,2022 Aug 29 12:00:00 AM,,,Open Duplicate,206 BELL ST,98121,https://services.seattle.gov/portal/customize/LinkToRecord.aspx?altId=009280-22CP,True,False,False,sewage|leak|leaking,,
009315-22CP,7,2022 Aug 31 12:00:00 AM,,,Closed,1811 EASTLAKE AVE,98101,https://services.seattle.gov/portal/customize/LinkToRecord.aspx?altId=009315-22CP,True,False,False,no refrigerator,,
009421-22CP,7,2022 Sep 02 12:00:00 AM,,,Closed,910 8TH AVE,98104,https://services.seattle.gov/portal/customize/LinkToRecord.aspx?altId=009421-22CP,True,False,False,exposed wiring,,
009621-22CP,7,2022 Sep 08 12:00:00 AM,,,Completed,308 Bell ST,,https://services.seattle.gov/portal/customize/LinkToRecord.aspx?altId=009621-22CP,True,False,False,mold|garbage,,
009699-22CP,7,2022 Sep 08 12:00:00 AM,,,Closed,2004 DEXTER AVE N,98109,https://services.seattle.gov/portal/customize/LinkToRecord.aspx?altId=009699-22CP,True,False,False,mold|black mold,,
009764-22CP,7,2022 Sep 02 12:00:00 AM,,,Closed,714 7TH AVE,98104,https://services.seattle.gov/portal/customize/LinkToRecord.aspx?altId=009764-22CP,True,False,False,infestation,,
009820-22CP,7,2022 Sep 11 12:00:00 AM,,,Completed,420 VINE ST,98121,https://services.seattle.gov/portal/customize/LinkToRecord.aspx?altId=009820-22CP,True,False,False,leak|odor,,
009853-22CP,7,2022 Sep 12 12:00:00 AM,,,Closed,2058 14TH AVE W,98119,https://services.seattle.gov/portal/customize/LinkToRecord.aspx?altId=009853-22CP,True,False,False,broken window,,
010271-22CP,7,2022 Sep 20 12:00:00 AM,,,Completed,2226 ELLIOTT AVE,98121,https://services.seattle.gov/portal/customize/LinkToRecord.aspx?altId=010271-22CP,True,False,False,leak|water damage,,
1054814-TR,7,2022 Oct 11 12:00:00 AM,,,Completed,367 VALLEY ST,98109,https://services.seattle.gov/portal/customize/LinkToRecord.aspx?altId=1054814-TR,False,True,False,,tenant relocation,
010601-22CP,7,2022 Sep 26 12:00:00 AM,,,Completed,1400 6TH AVE,98101,https://services.seattle.gov/portal/customize/LinkToRecord.aspx?altId=010601-22CP,True,False,False,leak|leaking,,
010681-22CP,7,2022 Sep 27 12:00:00 AM,,,Closed,110 VINE ST,98121,https://services.seattle.gov/portal/customize/LinkToRecord.aspx?altId=010681-22CP,True,False,False,cockroach|roaches,,
1054862-TR,7,2022 Oct 05 12:00:00 AM,,,Closed,2716 ELLIOTT AVE,98121,https://services.seattle.gov/portal/customize/LinkToRecord.aspx?altId=1054862-TR,False,True,False,,trao,
011170-22CP,7,2022 Oct 10 12:00:00 AM,,,Completed,315 1ST AVE N,98109,https://services.seattle.gov/portal/customize/LinkToRecord.aspx?altId=011170-22CP,True,False,False,odor,,
011207-22CP,7,2022 Oct 11 12:00:00 AM,,,Completed,2230 4TH AVE,98121,https://services.seattle.gov/portal/customize/LinkToRecord.aspx?altId=011207-22CP,True,False,False,rats,,
011360-22CP,7,2022 Oct 15 12:00:00 AM,,,Completed,2205 2ND AVE,98121,https://services.seattle.gov/portal/customize/LinkToRecord.aspx?altId=011360-22CP,True,False,False,infestation|bedbug,,
011365-22CP,7,2022 Oct 16 12:00:00 AM,,,Closed,756 JOHN ST,98109,https://services.seattle.gov/portal/customize/LinkToRecord.aspx?altId=011365-22CP,True,False,False,infestation|rodent|roaches|hazard|unsanitary,,
011381-22CP,7,2022 Oct 17 12:00:00 AM,,,Completed,1305 DEXTER AVE N,98109,https://services.seattle.gov/portal/customize/LinkToRecord.aspx?altId=011381-22CP,True,False,False,no heat,,
011417-22CP,7,2022 Oct 17 12:00:00 AM,,,Completed,524 5TH AVE W,98119,https://services.seattle.gov/portal/customize/LinkToRecord.aspx?altId=011417-22CP,True,False,False,water damage,,
011440-22CP,7,2022 Oct 18 12:00:00 AM,,,Closed,1102 8TH AVE,98101,https://services.seattle.gov/portal/customize/LinkToRecord.aspx?altId=011440-22CP,True,False,False,unsafe,,
1054945-TR,7,2022 Sep 28 12:00:00 AM,,,Issued,705 2ND AVE W,98119,https://services.seattle.gov/portal/customize/LinkToRecord.aspx?altId=1054945-TR,False,True,False,,tenant relocation,
011620-22CP,7,2022 Oct 24 12:00:00 AM,2022 Oct 27 12:00:00 AM,Completed,Completed,1118 5TH AVE,98101,https://services.seattle.gov/portal/customize/LinkToRecord.aspx?altId=011620-22CP,True,False,False,no heat,,
1054988-VI,7,2022 Oct 28 12:00:00 AM,2023 Feb 03 12:00:00 AM,Compliance Achieved,Completed,1170 Harrison ST,,https://services.seattle.gov/portal/customize/LinkToRecord.aspx?altId=1054988-VI,True,False,False,leak|mold,,
011786-22CP,7,2022 Oct 28 12:00:00 AM,,,Completed,1250 5th AVE N,,https://services.seattle.gov/portal/customize/LinkToRecord.aspx?altId=011786-22CP,True,False,False,mold|infestation,,
012019-22CP,7,2022 Nov 03 12:00:00 AM,,,Open Duplicate,2205 2ND AVE,98121,https://services.seattle.gov/portal/customize/LinkToRecord.aspx?altId=012019-22CP,True,False,False,infestation|bed bug,,
012232-22CP,7,2022 Nov 09 12:00:00 AM,,,Closed,1922 9TH AVE,98101,https://services.seattle.gov/portal/customize/LinkToRecord.aspx?altId=012232-22CP,True,False,False,no hot water,,
012348-22CP,7,2022 Nov 13 12:00:00 AM,,,Closed,2205 2ND AVE,98121,https://services.seattle.gov/portal/customize/LinkToRecord.aspx?altId=012348-22CP,True,False,False,infestation|uninhabitable,,
012569-22CP,7,2022 Nov 14 12:00:00 AM,,,Closed,80 STEWART ST,98101,https://services.seattle.gov/portal/customize/LinkToRecord.aspx?altId=012569-22CP,True,False,False,mold,,
013056-22CP,7,2022 Dec 08 12:00:00 AM,,,Open Duplicate,2205 2ND AVE,98121,https://services.seattle.gov/portal/customize/LinkToRecord.aspx?altId=013056-22CP,True,False,False,infestation|cockroach|roaches|bed bug|garbage,,
013229-22CP,7,2022 Dec 14 12:00:00 AM,,,Closed,1525 9TH AVE,98101,https://services.seattle.gov/portal/customize/LinkToRecord.aspx?altId=013229-22CP,True,False,False,no hot water,,
013315-22CP,7,2022 Dec 17 12:00:00 AM,,,Closed,2132 2ND AVE,98121,https://services.seattle.gov/portal/customize/LinkToRecord.aspx?altId=013315-22CP,True,False,False,no ventilation,,
013492-22CP,7,2022 Dec 20 12:00:00 AM,,,Closed,1905 7TH AVE W,98119,https://services.seattle.gov/portal/customize/LinkToRecord.aspx?altId=013492-22CP,True,False,False,leak|mold|moisture|structural,,
013502-22CP,7,2022 Dec 15 12:00:00 AM,,,Completed,710 CHERRY ST,98104,https://services.seattle.gov/portal/customize/LinkToRecord.aspx?altId=013502-22CP,True,False,False,no hot water,,
013691-22CP,7,2022 Dec 23 12:00:00 AM,,,Closed,1110 8TH AVE,98101,https://services.seattle.gov/portal/customize/LinkToRecord.aspx?altId=013691-22CP,True,False,False,no heat|no hot water,,
013692-22CP,7,2022 Dec 23 12:00:00 AM,,,Closed,420 Pontius AVE N,,https://services.seattle.gov/portal/customize/LinkToRecord.aspx?altId=013692-22CP,True,False,False,no hot water,,
013731-22CP,7,2022 Dec 26 12:00:00 AM,,,Completed,3010 1st AVE,,https://services.seattle.gov/portal/customize/LinkToRecord.aspx?altId=013731-22CP,True,False,False,unsafe,,
013746-22CP,7,2022 Dec 27 12:00:00 AM,2023 Apr 21 12:00:00 AM,Completed,Completed,2619 5TH AVE,98121,https://services.seattle.gov/portal/customize/LinkToRecord.aspx?altId=013746-22CP,True,False,False,mold,,
013755-22CP,7,2022 Dec 27 12:00:00 AM,2022 Dec 28 12:00:00 AM,Completed,Completed,120 WESTLAKE AVE N,98109,https://services.seattle.gov/portal/customize/LinkToRecord.aspx?altId=013755-22CP,True,False,False,no heat,,
013764-22CP,7,2022 Dec 27 12:00:00 AM,,,Completed,710 CHERRY ST,98104,https://services.seattle.gov/portal/customize/LinkToRecord.aspx?altId=013764-22CP,True,False,False,no hot water,,
1055294-VI,7,2022 Dec 29 12:00:00 AM,2023 Apr 17 12:00:00 AM,Compliance Achieved,Completed,120 WESTLAKE AVE N,98109,https://services.seattle.gov/portal/customize/LinkToRecord.aspx?altId=1055294-VI,True,False,False,no heat,,
013817-22CP,7,2022 Dec 29 12:00:00 AM,,,Closed,420 Pontius AVE N,,https://services.seattle.gov/portal/customize/LinkToRecord.aspx?altId=013817-22CP,True,False,False,unsafe|fumes,,
013822-22CP,7,2022 Dec 29 12:00:00 AM,,,Closed,609 PROSPECT ST,98109,https://services.seattle.gov/portal/customize/LinkToRecord.aspx?altId=013822-22CP,True,False,False,mold|unsafe,,
1055297-VI,7,2022 Dec 29 12:00:00 AM,2023 Mar 09 12:00:00 AM,Compliance Achieved,Completed,424 Minor AVE N,,https://services.seattle.gov/portal/customize/LinkToRecord.aspx?altId=1055297-VI,False,True,False,,harass,
013834-22CP,7,2022 Dec 29 12:00:00 AM,,,Closed,2305 1ST AVE,98121,https://services.seattle.gov/portal/customize/LinkToRecord.aspx?altId=013834-22CP,True,False,False,hazard,,
000112-23CP,7,2023 Jan 02 12:00:00 AM,,,Completed,1102 8TH AVE,98101,https://services.seattle.gov/portal/customize/LinkToRecord.aspx?altId=000112-23CP,True,False,False,mold|no ventilation|lead paint,,
000311-23CP,7,2023 Jan 06 12:00:00 AM,,,Completed,1102 8TH AVE,98101,https://services.seattle.gov/portal/customize/LinkToRecord.aspx?altId=000311-23CP,True,False,False,no hot water,,
000383-23CP,7,2023 Jan 09 12:00:00 AM,,,Completed,1102 8TH AVE,98101,https://services.seattle.gov/portal/customize/LinkToRecord.aspx?altId=000383-23CP,True,False,False,no hot water,,
000397-23CP,7,2023 Jan 11 12:00:00 AM,2023 Jan 18 12:00:00 AM,Completed,Completed,1110 8TH AVE,98101,https://services.seattle.gov/portal/customize/LinkToRecord.aspx?altId=000397-23CP,True,False,False,no hot water,,
000628-23CP,7,2023 Jan 18 12:00:00 AM,2023 Apr 24 12:00:00 AM,Completed,Completed,1922 9TH AVE,98101,https://services.seattle.gov/portal/customize/LinkToRecord.aspx?altId=000628-23CP,True,False,False,mold,,
1055365-TR,7,2023 Jan 18 12:00:00 AM,,,Closed,2210 11TH AVE W,98119,https://services.seattle.gov/portal/customize/LinkToRecord.aspx?altId=1055365-TR,False,True,False,,pota|trao,
000967-23CP,7,2023 Jan 27 12:00:00 AM,,,Completed,307 QUEEN ANNE AVE N,98109,https://services.seattle.gov/portal/customize/LinkToRecord.aspx?altId=000967-23CP,True,False,False,garbage,,
001060-23CP,7,2023 Jan 31 12:00:00 AM,,,Completed,8 W FULTON ST,98119,https://services.seattle.gov/portal/customize/LinkToRecord.aspx?altId=001060-23CP,True,False,False,flooding,,
001150-23CP,7,2023 Jan 27 12:00:00 AM,,,Completed,1250 5TH AVE N,98109,https://services.seattle.gov/portal/customize/LinkToRecord.aspx?altId=001150-23CP,True,False,False,leak|leaks,,
001195-23CP,7,2023 Feb 02 12:00:00 AM,,,Open Duplicate,2801 WESTERN AVE,98121,https://services.seattle.gov/portal/customize/LinkToRecord.aspx?altId=001195-23CP,True,False,False,mold,,
001334-23CP,7,2023 Feb 07 12:00:00 AM,,,Completed,2230 4TH AVE,98121,https://services.seattle.gov/portal/customize/LinkToRecord.aspx?altId=001334-23CP,True,False,False,leak|leaks|water damage,,
001404-23CP,7,2023 Feb 08 12:00:00 AM,2023 Apr 18 12:00:00 AM,Completed,Completed,1406 WESTERN AVE,98101,https://services.seattle.gov/portal/customize/LinkToRecord.aspx?altId=001404-23CP,True,False,False,lack of heat|water damage|mold|strong smell,,
001407-23CP,7,2023 Feb 06 12:00:00 AM,,,Closed,2357 W PLYMOUTH ST,98199,https://services.seattle.gov/portal/customize/LinkToRecord.aspx?altId=001407-23CP,True,False,False,mold,,
001624-23CP,7,2023 Feb 14 12:00:00 AM,,,Closed,130 BOREN AVE N,,https://services.seattle.gov/portal/customize/LinkToRecord.aspx?altId=001624-23CP,True,False,True,leak|leaking|leaks,,code violation
1055490-TR,7,2023 Feb 16 12:00:00 AM,,,Completed,629 W EMERSON ST,98119,https://services.seattle.gov/portal/customize/LinkToRecord.aspx?altId=1055490-TR,False,True,False,,tenant relocation,
001688-23CP,7,2023 Feb 16 12:00:00 AM,,,Completed,84 UNION ST,98101,https://services.seattle.gov/portal/customize/LinkToRecord.aspx?altId=001688-23CP,True,True,False,leak|leaking|garbage,retaliat,
001709-23CP,7,2023 Feb 17 12:00:00 AM,,,Completed,1624 BOREN AVE,98101,https://services.seattle.gov/portal/customize/LinkToRecord.aspx?altId=001709-23CP,True,False,False,leak|leaks|water damage|mold,,
001740-23CP,7,2023 Feb 17 12:00:00 AM,,,Closed,1110 8TH AVE,98101,https://services.seattle.gov/portal/customize/LinkToRecord.aspx?altId=001740-23CP,True,False,False,no water,,
001879-23CP,7,2023 Feb 22 12:00:00 AM,,,Completed,80 STEWART ST,98101,https://services.seattle.gov/portal/customize/LinkToRecord.aspx?altId=001879-23CP,True,False,False,mold,,
1055521-VI,7,2023 Feb 23 12:00:00 AM,2023 Mar 21 12:00:00 AM,Completed,Completed,2401 3RD AVE,98121,https://services.seattle.gov/portal/customize/LinkToRecord.aspx?altId=1055521-VI,True,False,False,water damage,,
001999-23CP,7,2023 Feb 25 12:00:00 AM,,,Completed,1102 8th AVE,,https://services.seattle.gov/portal/customize/LinkToRecord.aspx?altId=001999-23CP,True,False,False,flooded,,
002008-23CP,7,2023 Feb 26 12:00:00 AM,,,Completed,1823 TERRY AVE,98101,https://services.seattle.gov/portal/customize/LinkToRecord.aspx?altId=002008-23CP,True,False,False,no hot water|lack of hot water,,
002086-23CP,7,2023 Feb 28 12:00:00 AM,,,Closed,130 BOREN AVE N,,https://services.seattle.gov/portal/customize/LinkToRecord.aspx?altId=002086-23CP,True,False,False,leak|leaking|garbage,,
002308-23CP,7,2023 Mar 06 12:00:00 AM,,,Closed,420 VINE ST,98121,https://services.seattle.gov/portal/customize/LinkToRecord.aspx?altId=002308-23CP,True,False,False,cockroach|roaches|bed bug,,
002728-23CP,7,2023 Mar 17 12:00:00 AM,,,Completed,2230 4TH AVE,98121,https://services.seattle.gov/portal/customize/LinkToRecord.aspx?altId=002728-23CP,True,False,False,no heat,,
002849-23CP,7,2023 Mar 20 12:00:00 AM,2023 Apr 21 12:00:00 AM,Completed,Completed,1307 W BOSTON ST,98119,https://services.seattle.gov/portal/customize/LinkToRecord.aspx?altId=002849-23CP,True,False,False,leak|water damage|mold,,
002852-23CP,7,2023 Mar 20 12:00:00 AM,,,Open Duplicate,1307 W BOSTON ST,98119,https://services.seattle.gov/portal/customize/LinkToRecord.aspx?altId=002852-23CP,True,False,False,hazard|exposed wiring|fire hazard,,
1055702-VI,7,2023 Mar 21 12:00:00 AM,2023 Jul 19 12:00:00 AM,Compliance Achieved-Virtual,Completed,2319 1ST AVE,98121,https://services.seattle.gov/portal/customize/LinkToRecord.aspx?altId=1055702-VI,True,False,False,leak,,
003064-23CP,7,2023 Mar 24 12:00:00 AM,,,Closed,710 Cherry ST,,https://services.seattle.gov/portal/customize/LinkToRecord.aspx?altId=003064-23CP,True,False,False,leak|leaking,,
003423-23CP,7,2023 Apr 03 12:00:00 AM,,,Closed,1000 1ST AVE W,98119,https://services.seattle.gov/portal/customize/LinkToRecord.aspx?altId=003423-23CP,True,False,False,hazard,,
003543-23CP,7,2023 Apr 05 12:00:00 AM,,,Completed,2118 westlake AVE,,https://services.seattle.gov/portal/customize/LinkToRecord.aspx?altId=003543-23CP,True,False,False,hazard,,
003744-23CP,7,2023 Apr 11 12:00:00 AM,,,Closed,2118 10TH AVE W,98119,https://services.seattle.gov/portal/customize/LinkToRecord.aspx?altId=003744-23CP,True,False,False,leak|ceiling leak,,
003901-23CP,7,2023 Apr 15 12:00:00 AM,,,Completed,2312 3RD AVE,98121,https://services.seattle.gov/portal/customize/LinkToRecord.aspx?altId=003901-23CP,True,False,False,unsafe|hazard|fire hazard|unsanitary,,
003984-23CP,7,2023 Apr 19 12:00:00 AM,,,Closed,320 W Republican ST,,https://services.seattle.gov/portal/customize/LinkToRecord.aspx?altId=003984-23CP,True,False,False,no smoke detector,,
1055864-VI,7,2023 Apr 19 12:00:00 AM,2023 Jun 22 12:00:00 AM,Compliance Achieved,Completed,1406 WESTERN AVE,98101,https://services.seattle.gov/portal/customize/LinkToRecord.aspx?altId=1055864-VI,True,False,False,lack of heat|water damage|mold|strong smell,,
1055893-VI,7,2023 Apr 24 12:00:00 AM,2023 Jul 11 12:00:00 AM,Compliance Achieved,Completed,1922 9TH AVE,98101,https://services.seattle.gov/portal/customize/LinkToRecord.aspx?altId=1055893-VI,True,False,False,mold,,
1055896-VI,7,2023 Apr 25 12:00:00 AM,2023 Apr 21 12:00:00 AM,Completed,NOV Issued,1307 W BOSTON ST,98119,https://services.seattle.gov/portal/customize/LinkToRecord.aspx?altId=1055896-VI,True,False,False,leak|water damage|mold,,
004227-23CP,7,2023 Apr 26 12:00:00 AM,,,Closed,2442 8TH AVE N,98109,https://services.seattle.gov/portal/customize/LinkToRecord.aspx?altId=004227-23CP,True,False,False,mold|poor ventilation,,
1055955-VI,7,2023 May 05 12:00:00 AM,,,Completed,2619 5TH AVE,98121,https://services.seattle.gov/portal/customize/LinkToRecord.aspx?altId=1055955-VI,True,False,False,mold,,
004689-23CP,7,2023 May 06 12:00:00 AM,,,Closed,906 DEXTER AVE N,98109,https://services.seattle.gov/portal/customize/LinkToRecord.aspx?altId=004689-23CP,True,False,False,unsafe|hazard|hazardous,,
004742-23CP,7,2023 May 08 12:00:00 AM,,,Closed,756 John ST,,https://services.seattle.gov/portal/customize/LinkToRecord.aspx?altId=004742-23CP,True,False,False,water damage|mold|infestation|garbage|unsanitary|unsanitary conditions,,
1055973-VI,7,2023 May 10 12:00:00 AM,,,Completed,1102 8th AVE,,https://services.seattle.gov/portal/customize/LinkToRecord.aspx?altId=1055973-VI,True,True,False,leak,harass|threaten,
1055984-VI,7,2023 May 10 12:00:00 AM,2024 May 03 12:00:00 AM,Compliance Achieved,Completed,420 BLANCHARD ST,98121,https://services.seattle.gov/portal/customize/LinkToRecord.aspx?altId=1055984-VI,True,False,False,leak|ceiling leak|mold,,
1055989-VI,7,2023 May 12 12:00:00 AM,2023 May 12 12:00:00 AM,Completed,Completed,2121 6TH AVE,98121,https://services.seattle.gov/portal/customize/LinkToRecord.aspx?altId=1055989-VI,True,False,False,leak,,
1055990-VI,7,2023 May 12 12:00:00 AM,2023 May 11 12:00:00 AM,Completed,Completed,1226 TAYLOR AVE N,98109,https://services.seattle.gov/portal/customize/LinkToRecord.aspx?altId=1055990-VI,True,False,False,infestation|pest control,,
005006-23CP,7,2023 May 14 12:00:00 AM,,,Closed,2103 2ND AVE N,98109,https://services.seattle.gov/portal/customize/LinkToRecord.aspx?altId=005006-23CP,True,False,False,collapse,,
005034-23CP,7,2023 May 16 12:00:00 AM,,,Completed,1907 1ST AVE,98101,https://services.seattle.gov/portal/customize/LinkToRecord.aspx?altId=005034-23CP,False,True,False,,threaten,
005216-23CP,7,2023 May 18 12:00:00 AM,2023 Jun 29 12:00:00 AM,Completed,Completed,2546 DEXTER AVE N,98109,https://services.seattle.gov/portal/customize/LinkToRecord.aspx?altId=005216-23CP,True,False,False,hazard|fire hazard,,
1056044-TR,7,2023 May 23 12:00:00 AM,,,Closed,1118 5TH AVE,98101,https://services.seattle.gov/portal/customize/LinkToRecord.aspx?altId=1056044-TR,False,True,False,,trao,
1056061-VI,7,2023 May 25 12:00:00 AM,,,Completed,3651 14TH AVE W,98119,https://services.seattle.gov/portal/customize/LinkToRecord.aspx?altId=1056061-VI,True,False,False,infestation,,
005608-23CP,7,2023 May 29 12:00:00 AM,,,Closed,3228 14TH AVE W,98119,https://services.seattle.gov/portal/customize/LinkToRecord.aspx?altId=005608-23CP,True,False,True,exposed wiring,,rrio
005657-23CP,7,2023 May 30 12:00:00 AM,,,Closed,2323 W Newton ST,,https://services.seattle.gov/portal/customize/LinkToRecord.aspx?altId=005657-23CP,True,False,False,leak|leaks|flooding|mold,,
005735-23CP,7,2023 Jun 01 12:00:00 AM,,,Closed,3555 27TH PL W,98199,https://services.seattle.gov/portal/customize/LinkToRecord.aspx?altId=005735-23CP,True,False,False,flooding|infestation,,
005905-23CP,7,2023 Jun 05 12:00:00 AM,,,Closed,320 W REPUBLICAN ST,98119,https://services.seattle.gov/portal/customize/LinkToRecord.aspx?altId=005905-23CP,True,False,False,mold,,
1056140-TR,7,2023 Jun 08 12:00:00 AM,,,Closed,420 WALL ST,98121,https://services.seattle.gov/portal/customize/LinkToRecord.aspx?altId=1056140-TR,False,True,False,,trao,
1056177-TR,7,2023 Jun 13 12:00:00 AM,,,Completed,161 FLORENTIA ST,98109,https://services.seattle.gov/portal/customize/LinkToRecord.aspx?altId=1056177-TR,False,True,False,,tenant relocation,
006302-23CP,7,2023 Jun 13 12:00:00 AM,,,Closed,3228 14TH AVE W,98119,https://services.seattle.gov/portal/customize/LinkToRecord.aspx?altId=006302-23CP,False,False,True,,,rrio
006470-23CP,7,2023 Jun 16 12:00:00 AM,,,Completed,601 AURORA AVE N,98109,https://services.seattle.gov/portal/customize/LinkToRecord.aspx?altId=006470-23CP,False,False,True,,,without proper notice
006509-23CP,7,2023 Jun 19 12:00:00 AM,,,Completed,1901 8TH AVE W,98119,https://services.seattle.gov/portal/customize/LinkToRecord.aspx?altId=006509-23CP,False,False,True,,,rrio
006559-23CP,7,2023 Jun 20 12:00:00 AM,,,Closed,710 CHERRY ST,98104,https://services.seattle.gov/portal/customize/LinkToRecord.aspx?altId=006559-23CP,True,False,False,water damage|hazard|electrical hazard,,
006723-23CP,7,2023 Jun 23 12:00:00 AM,,,Closed,2030 3RD AVE,98121,https://services.seattle.gov/portal/customize/LinkToRecord.aspx?altId=006723-23CP,True,False,False,bedbug,,
006913-23CP,7,2023 Jun 27 12:00:00 AM,,,Completed,551 ELLIOTT AVE W,98119,https://services.seattle.gov/portal/customize/LinkToRecord.aspx?altId=006913-23CP,False,True,False,,bullying,
007048-23CP,7,2023 Jun 28 12:00:00 AM,2023 Jul 27 12:00:00 AM,Completed,Completed,2230 4TH AVE,98121,https://services.seattle.gov/portal/customize/LinkToRecord.aspx?altId=007048-23CP,True,False,False,leak|leaking|no stove,,
007186-23CP,7,2023 Jul 01 12:00:00 AM,,,Completed,2541 13th AVE W,,https://services.seattle.gov/portal/customize/LinkToRecord.aspx?altId=007186-23CP,True,False,False,sewage|leak|leaking,,
007292-23CP,7,2023 Jul 05 12:00:00 AM,,,Completed,800 SENECA ST,98101,https://services.seattle.gov/portal/customize/LinkToRecord.aspx?altId=007292-23CP,True,False,False,rats|garbage,,
007475-23CP,7,2023 Jul 06 12:00:00 AM,,,Completed,111 YALE AVE N,98109,https://services.seattle.gov/portal/customize/LinkToRecord.aspx?altId=007475-23CP,True,False,False,mold,,
007542-23CP,7,2023 Jul 11 12:00:00 AM,,,Closed,600 4TH AVE,,https://services.seattle.gov/portal/customize/LinkToRecord.aspx?altId=007542-23CP,True,False,False,infestation,,
007625-23CP,7,2023 Jul 11 12:00:00 AM,,,Closed,600 4TH AVE,,https://services.seattle.gov/portal/customize/LinkToRecord.aspx?altId=007625-23CP,True,False,False,infestation,,
007657-23CP,7,2023 Jul 12 12:00:00 AM,,,Completed,415 W MERCER ST,98119,https://services.seattle.gov/portal/customize/LinkToRecord.aspx?altId=007657-23CP,True,False,False,leak|leaking|structural,,
007667-23CP,7,2023 Jul 07 12:00:00 AM,,,Closed,1114 2ND AVE N,98109,https://services.seattle.gov/portal/customize/LinkToRecord.aspx?altId=007667-23CP,True,False,False,sewage|leak|flooding|collapse,,
007825-23CP,7,2023 Jul 14 12:00:00 AM,,,Completed,2305 1ST AVE,98121,https://services.seattle.gov/portal/customize/LinkToRecord.aspx?altId=007825-23CP,True,False,False,infestation,,
007892-23CP,7,2023 Jul 16 12:00:00 AM,,,Closed,2510 WESTERN AVE,98121,https://services.seattle.gov/portal/customize/LinkToRecord.aspx?altId=007892-23CP,True,False,False,uninhabitable|odor,,
007896-23CP,7,2023 Jul 16 12:00:00 AM,,,Closed,600 4th AVE,,https://services.seattle.gov/portal/customize/LinkToRecord.aspx?altId=007896-23CP,True,False,False,garbage,,
1056424-TR,7,2023 Jul 19 12:00:00 AM,,,Closed,317 MARION ST,98104,https://services.seattle.gov/portal/customize/LinkToRecord.aspx?altId=1056424-TR,False,True,False,,tenant relocation,
008065-23CP,7,2023 Jul 19 12:00:00 AM,,,Completed,2030 3RD AVE,98121,https://services.seattle.gov/portal/customize/LinkToRecord.aspx?altId=008065-23CP,True,False,False,mold|mildew|infestation|bed bug,,
008104-23CP,7,2023 Jul 20 12:00:00 AM,,,Completed,2035 4th AVE,,https://services.seattle.gov/portal/customize/LinkToRecord.aspx?altId=008104-23CP,True,True,False,garbage,harass,
1056448-TR,7,2023 Jul 21 12:00:00 AM,,,Completed,2710 5TH AVE W,98119,https://services.seattle.gov/portal/customize/LinkToRecord.aspx?altId=1056448-TR,False,True,False,,tenant relocation,
1056457-TR,7,2023 Jul 23 12:00:00 AM,,,Completed,3256 21ST AVE W,98199,https://services.seattle.gov/portal/customize/LinkToRecord.aspx?altId=1056457-TR,False,True,False,,tenant relocation,
008259-23CP,7,2023 Jul 23 12:00:00 AM,,,Closed,600 4TH AVE,,https://services.seattle.gov/portal/customize/LinkToRecord.aspx?altId=008259-23CP,True,False,False,infestation,,
008286-23CP,7,2023 Jul 24 12:00:00 AM,2023 Aug 23 12:00:00 AM,Completed,Completed,2617 14TH AVE W,98119,https://services.seattle.gov/portal/customize/LinkToRecord.aspx?altId=008286-23CP,True,False,False,mold|black mold,,
008320-23CP,7,2023 Jul 24 12:00:00 AM,,,Closed,324 W OLYMPIC PL,98119,https://services.seattle.gov/portal/customize/LinkToRecord.aspx?altId=008320-23CP,True,False,False,leak|leaking,,
1056474-VI,7,2023 Jul 25 12:00:00 AM,2023 Sep 27 12:00:00 AM,Compliance Achieved,Completed,2344 W NEWTON ST,98199,https://services.seattle.gov/portal/customize/LinkToRecord.aspx?altId=1056474-VI,True,True,True,mold|unsafe,pota,tenant rights
008436-23CP,7,2023 Jul 26 12:00:00 AM,,,Closed,315 1ST AVE W,98119,https://services.seattle.gov/portal/customize/LinkToRecord.aspx?altId=008436-23CP,True,False,False,leak|leaking,,
008498-23CP,7,2023 Jul 27 12:00:00 AM,,,Completed,3005 1ST AVE,98121,https://services.seattle.gov/portal/customize/LinkToRecord.aspx?altId=008498-23CP,True,False,False,garbage,,
008664-23CP,7,2023 Jul 28 12:00:00 AM,,,Closed,714 7TH AVE,98104,https://services.seattle.gov/portal/customize/LinkToRecord.aspx?altId=008664-23CP,True,False,False,infestation|cockroach,,
008696-23CP,7,2023 Jul 30 12:00:00 AM,,,Completed,801 SPRING ST,98104,https://services.seattle.gov/portal/customize/LinkToRecord.aspx?altId=008696-23CP,True,False,False,no hot water,,
008701-23CP,7,2023 Jul 31 12:00:00 AM,,,Closed,801 SPRING ST,98104,https://services.seattle.gov/portal/customize/LinkToRecord.aspx?altId=008701-23CP,True,False,False,no hot water,,
1056526-VI,7,2023 Aug 02 12:00:00 AM,2023 Dec 07 12:00:00 AM,Compliance Achieved,Completed,2230 4TH AVE,98121,https://services.seattle.gov/portal/customize/LinkToRecord.aspx?altId=1056526-VI,True,False,False,leak|leaking|no stove,,
008899-23CP,7,2023 Aug 02 12:00:00 AM,,,Completed,825 W Nickerson ST,,https://services.seattle.gov/portal/customize/LinkToRecord.aspx?altId=008899-23CP,True,False,False,leak|leaks|roof leak|mold|toxic mold,,
1056533-VI,7,2023 Aug 03 12:00:00 AM,2023 Aug 16 12:00:00 AM,Compliance Achieved-Virtual,Completed,2546 DEXTER AVE N,98109,https://services.seattle.gov/portal/customize/LinkToRecord.aspx?altId=1056533-VI,True,False,False,hazard|fire hazard,,
009032-23CP,7,2023 Aug 04 12:00:00 AM,2023 Aug 08 12:00:00 AM,Completed,Completed,702 2ND AVE W,98119,https://services.seattle.gov/portal/customize/LinkToRecord.aspx?altId=009032-23CP,True,False,False,sewage|asbestos,,
009235-23CP,7,2023 Aug 07 12:00:00 AM,,,Closed,2004 DEXTER AVE N,98109,https://services.seattle.gov/portal/customize/LinkToRecord.aspx?altId=009235-23CP,True,False,False,sewage|leak|leaking|collapse,,
1056563-VI,7,2023 Aug 09 12:00:00 AM,2024 Jan 31 12:00:00 AM,Compliance Achieved,Completed,110 W OLYMPIC PL,98119,https://services.seattle.gov/portal/customize/LinkToRecord.aspx?altId=1056563-VI,True,False,False,mold,,
009729-23CP,7,2023 Aug 15 12:00:00 AM,,,Closed,1430 2ND AVE,98101,https://services.seattle.gov/portal/customize/LinkToRecord.aspx?altId=009729-23CP,True,False,False,garbage,,
009873-23CP,7,2023 Aug 19 12:00:00 AM,,,Closed,702 SPRING ST,98101,https://services.seattle.gov/portal/customize/LinkToRecord.aspx?altId=009873-23CP,True,False,False,unsafe,,
009920-23CP,7,2023 Jul 31 12:00:00 AM,,,Closed,1624 BOREN AVE,98101,https://services.seattle.gov/portal/customize/LinkToRecord.aspx?altId=009920-23CP,True,False,False,pest control,,
1056648-VI,7,2023 Aug 24 12:00:00 AM,2024 Mar 06 12:00:00 AM,Compliance Achieved,Completed,2617 14TH AVE W,98119,https://services.seattle.gov/portal/customize/LinkToRecord.aspx?altId=1056648-VI,True,False,False,mold|black mold,,
010210-23CP,7,2023 Aug 28 12:00:00 AM,,,Completed,2205 2ND AVE,98121,https://services.seattle.gov/portal/customize/LinkToRecord.aspx?altId=010210-23CP,True,False,False,bedbug|bed bug,,
010245-23CP,7,2023 Aug 28 12:00:00 AM,,,Completed,2107 3RD AVE,98121,https://services.seattle.gov/portal/customize/LinkToRecord.aspx?altId=010245-23CP,True,False,False,leak,,
010287-23CP,7,2023 Aug 30 12:00:00 AM,,,Closed,1430 2ND AVE,98101,https://services.seattle.gov/portal/customize/LinkToRecord.aspx?altId=010287-23CP,True,False,False,garbage,,
010291-23CP,7,2023 Aug 30 12:00:00 AM,,,Completed,2617 14TH AVE W,98119,https://services.seattle.gov/portal/customize/LinkToRecord.aspx?altId=010291-23CP,True,False,False,hazard|fire hazard,,
010294-23CP,7,2023 Aug 30 12:00:00 AM,,,Completed,1430 2ND AVE,98101,https://services.seattle.gov/portal/customize/LinkToRecord.aspx?altId=010294-23CP,True,False,False,rodent|garbage,,
010341-23CP,7,2023 Aug 31 12:00:00 AM,,,Open Duplicate,2619 5TH AVE,98121,https://services.seattle.gov/portal/customize/LinkToRecord.aspx?altId=010341-23CP,True,False,False,leak,,
010490-23CP,7,2023 Sep 05 12:00:00 AM,,,Completed,524 5TH AVE W,98119,https://services.seattle.gov/portal/customize/LinkToRecord.aspx?altId=010490-23CP,False,False,True,,,rrio
010499-23CP,7,2023 Sep 05 12:00:00 AM,,,Completed,1518 WARREN AVE N,98109,https://services.seattle.gov/portal/customize/LinkToRecord.aspx?altId=010499-23CP,False,False,True,,,rental registration
1056735-VI,7,2023 Sep 06 12:00:00 AM,2023 Aug 08 12:00:00 AM,Completed,Completed,702 2ND AVE W,98119,https://services.seattle.gov/portal/customize/LinkToRecord.aspx?altId=1056735-VI,True,False,False,sewage|asbestos,,
011585-23CP,7,2023 Sep 27 12:00:00 AM,,,Completed,901 W Howe ST,,https://services.seattle.gov/portal/customize/LinkToRecord.aspx?altId=011585-23CP,True,False,False,mold|moisture,,
011619-23CP,7,2023 Sep 28 12:00:00 AM,2023 Oct 20 12:00:00 AM,Completed,Completed,1001 Taylor AVE N,,https://services.seattle.gov/portal/customize/LinkToRecord.aspx?altId=011619-23CP,True,False,False,rodent|garbage,,
1056880-TR,7,2023 Sep 29 12:00:00 AM,,,Completed,2442 8TH AVE N,98109,https://services.seattle.gov/portal/customize/LinkToRecord.aspx?altId=1056880-TR,False,True,False,,tenant relocation,
011652-23CP,7,2023 Sep 26 12:00:00 AM,,,Completed,3010 1ST AVE,98121,https://services.seattle.gov/portal/customize/LinkToRecord.aspx?altId=011652-23CP,True,False,False,leak|leaking,,
011688-23CP,7,2023 Sep 29 12:00:00 AM,,,Closed,1102 8TH AVE,98101,https://services.seattle.gov/portal/customize/LinkToRecord.aspx?altId=011688-23CP,True,False,False,no heat,,
012054-23CP,7,2023 Oct 10 12:00:00 AM,,,Completed,168 BOSTON ST,98109,https://services.seattle.gov/portal/customize/LinkToRecord.aspx?altId=012054-23CP,True,False,False,no hot water,,
012110-23CP,7,2023 Oct 11 12:00:00 AM,,,Closed,420 VINE ST,98121,https://services.seattle.gov/portal/customize/LinkToRecord.aspx?altId=012110-23CP,True,False,False,sewage|mold,,
012237-23CP,7,2023 Oct 13 12:00:00 AM,2023 Oct 17 12:00:00 AM,Completed,Completed,1624 BOREN AVE,98101,https://services.seattle.gov/portal/customize/LinkToRecord.aspx?altId=012237-23CP,True,False,False,no heat,,
012280-23CP,7,2023 Oct 13 12:00:00 AM,,,Completed,1305 DEXTER AVE N,98109,https://services.seattle.gov/portal/customize/LinkToRecord.aspx?altId=012280-23CP,True,False,False,infestation|unsanitary,,
012325-23CP,7,2023 Oct 16 12:00:00 AM,,,Completed,3520 28TH AVE W,98199,https://services.seattle.gov/portal/customize/LinkToRecord.aspx?altId=012325-23CP,True,False,False,asbestos,,
012590-23CP,7,2023 Oct 21 12:00:00 AM,,,Closed,94 BAY ST,98109,https://services.seattle.gov/portal/customize/LinkToRecord.aspx?altId=012590-23CP,True,False,False,cockroach|roaches,,
1057074-VI,7,2023 Oct 26 12:00:00 AM,2023 Oct 26 12:00:00 AM,Completed,Completed,714 7TH AVE,98104,https://services.seattle.gov/portal/customize/LinkToRecord.aspx?altId=1057074-VI,True,True,False,leak,retaliat,
012901-23CP,7,2023 Oct 30 12:00:00 AM,,,Completed,110 VINE ST,98121,https://services.seattle.gov/portal/customize/LinkToRecord.aspx?altId=012901-23CP,True,False,False,mold,,
1057126-VI,7,2023 Nov 03 12:00:00 AM,2023 Nov 02 12:00:00 AM,Completed,Completed,1902 2ND AVE,98101,https://services.seattle.gov/portal/customize/LinkToRecord.aspx?altId=1057126-VI,True,True,True,no hot water,pota,rent increase
013133-23CP,7,2023 Nov 06 12:00:00 AM,,,Closed,3230 16TH AVE W,98119,https://services.seattle.gov/portal/customize/LinkToRecord.aspx?altId=013133-23CP,True,False,False,no hot water,,
013180-23CP,7,2023 Nov 07 12:00:00 AM,2023 Nov 21 12:00:00 AM,Completed,Completed,120 WESTLAKE AVE N,98109,https://services.seattle.gov/portal/customize/LinkToRecord.aspx?altId=013180-23CP,True,False,False,leak|leaking|flooding|mold,,
013330-23CP,7,2023 Nov 11 12:00:00 AM,,,Closed,2020 13TH AVE W,98119,https://services.seattle.gov/portal/customize/LinkToRecord.aspx?altId=013330-23CP,True,False,False,leak|mold|rodent|no ventilation,,
013353-23CP,7,2023 Nov 09 12:00:00 AM,,,Completed,2004 DEXTER AVE N,98109,https://services.seattle.gov/portal/customize/LinkToRecord.aspx?altId=013353-23CP,False,False,True,,,tenant rights
013395-23CP,7,2023 Nov 13 12:00:00 AM,,,Completed,1902 2ND AVE,98101,https://services.seattle.gov/portal/customize/LinkToRecord.aspx?altId=013395-23CP,True,False,True,no hot water,,tenant rights
013423-23CP,7,2023 Nov 14 12:00:00 AM,,,Completed,2501 14TH AVE W,98119,https://services.seattle.gov/portal/customize/LinkToRecord.aspx?altId=013423-23CP,True,False,False,leak|leaking,,
013475-23CP,7,2023 Nov 09 12:00:00 AM,,,Completed,1902 2ND AVE,98101,https://services.seattle.gov/portal/customize/LinkToRecord.aspx?altId=013475-23CP,True,False,False,no hot water,,
013535-23CP,7,2023 Nov 16 12:00:00 AM,,,Completed,3010 1ST AVE,98121,https://services.seattle.gov/portal/customize/LinkToRecord.aspx?altId=013535-23CP,True,False,False,leak|leaking|hazard,,
013598-23CP,7,2023 Nov 19 12:00:00 AM,,,Closed,600 4th AVE,,https://services.seattle.gov/portal/customize/LinkToRecord.aspx?altId=013598-23CP,True,False,False,garbage,,
013708-23CP,7,2023 Nov 21 12:00:00 AM,,,Completed,1102 8TH AVE,98101,https://services.seattle.gov/portal/customize/LinkToRecord.aspx?altId=013708-23CP,True,False,False,leak,,
013772-23CP,7,2023 Nov 26 12:00:00 AM,,,Completed,1167 REPUBLICAN ST,98109,https://services.seattle.gov/portal/customize/LinkToRecord.aspx?altId=013772-23CP,True,False,False,mold|roaches,,
013854-23CP,7,2023 Nov 28 12:00:00 AM,,,Closed,2600 2nd AVE,,https://services.seattle.gov/portal/customize/LinkToRecord.aspx?altId=013854-23CP,False,True,False,,harass,
013867-23CP,7,2023 Nov 29 12:00:00 AM,2023 Dec 12 12:00:00 AM,Completed,Completed,809 OLIVE WAY,98101,https://services.seattle.gov/portal/customize/LinkToRecord.aspx?altId=013867-23CP,True,True,False,leak|leaking,pota,
013902-23CP,7,2023 Nov 29 12:00:00 AM,,,Completed,1942 WESTLAKE AVE,98101,https://services.seattle.gov/portal/customize/LinkToRecord.aspx?altId=013902-23CP,True,False,False,mold,,
014009-23CP,7,2023 Dec 04 12:00:00 AM,2023 Dec 27 12:00:00 AM,Completed,Completed,1100 5TH AVE N,98109,https://services.seattle.gov/portal/customize/LinkToRecord.aspx?altId=014009-23CP,True,False,False,leak,,
014041-23CP,7,2023 Dec 04 12:00:00 AM,,,Completed,921 1ST AVE W,98119,https://services.seattle.gov/portal/customize/LinkToRecord.aspx?altId=014041-23CP,True,False,False,mold|toxic mold,,
014293-23CP,7,2023 Dec 08 12:00:00 AM,2024 Jan 24 12:00:00 AM,Completed,Completed,533 3RD AVE W,98119,https://services.seattle.gov/portal/customize/LinkToRecord.aspx?altId=014293-23CP,True,False,False,leak|ceiling leak|mold,,
1057341-TR,7,2023 Dec 12 12:00:00 AM,,,Issued,1820 MINOR AVE,98101,https://services.seattle.gov/portal/customize/LinkToRecord.aspx?altId=1057341-TR,False,True,False,,tenant relocation,
014433-23CP,7,2023 Dec 12 12:00:00 AM,,,Closed,2922 WESTERN AVE,98121,https://services.seattle.gov/portal/customize/LinkToRecord.aspx?altId=014433-23CP,True,False,False,infestation|roaches,,
1057365-TR,7,2023 Dec 13 12:00:00 AM,,,Issued,1820 MINOR AVE,98101,https://services.seattle.gov/portal/customize/LinkToRecord.aspx?altId=1057365-TR,False,True,False,,tenant relocation,
014542-23CP,7,2023 Dec 15 12:00:00 AM,,,Closed,2100 1ST AVE,98121,https://services.seattle.gov/portal/customize/LinkToRecord.aspx?altId=014542-23CP,True,False,False,garbage,,
014798-23CP,7,2023 Dec 27 12:00:00 AM,,,Closed,1526 3rd AVE,,https://services.seattle.gov/portal/customize/LinkToRecord.aspx?altId=014798-23CP,True,True,False,garbage,threaten,
1057449-VI,7,2023 Dec 29 12:00:00 AM,2024 Jun 12 12:00:00 AM,Compliance Achieved,Completed,1100 5TH AVE N,98109,https://services.seattle.gov/portal/customize/LinkToRecord.aspx?altId=1057449-VI,True,False,False,leak,,
000116-24CP,7,2024 Jan 02 12:00:00 AM,,,Closed,1406 WESTERN AVE,98101,https://services.seattle.gov/portal/customize/LinkToRecord.aspx?altId=000116-24CP,True,False,False,unsanitary,,
000150-24CP,7,2024 Jan 03 12:00:00 AM,,,Closed,910 8TH AVE,98104,https://services.seattle.gov/portal/customize/LinkToRecord.aspx?altId=000150-24CP,False,False,True,,,tenant rights
000251-24CP,7,2024 Jan 04 12:00:00 AM,,,Completed,2614 4TH AVE,98121,https://services.seattle.gov/portal/customize/LinkToRecord.aspx?altId=000251-24CP,True,False,False,infestation|garbage,,
000301-24CP,7,2024 Jan 07 12:00:00 AM,,,Closed,1406 WESTERN AVE,98101,https://services.seattle.gov/portal/customize/LinkToRecord.aspx?altId=000301-24CP,True,False,False,hazard,,
000511-24CP,7,2024 Jan 12 12:00:00 AM,,,Closed,903 9TH AVE,98104,https://services.seattle.gov/portal/customize/LinkToRecord.aspx?altId=000511-24CP,True,False,False,water damage|mold,,
000563-24CP,7,2024 Jan 16 12:00:00 AM,,,Completed,101 W OLYMPIC PL,98119,https://services.seattle.gov/portal/customize/LinkToRecord.aspx?altId=000563-24CP,True,False,False,no heat,,
000584-24CP,7,2024 Jan 16 12:00:00 AM,,,Completed,1222 TAYLOR AVE N,98109,https://services.seattle.gov/portal/customize/LinkToRecord.aspx?altId=000584-24CP,True,False,False,lack of hot water|mold,,
000670-24CP,7,2024 Jan 17 12:00:00 AM,,,Completed,1823 Terry AVE,,https://services.seattle.gov/portal/customize/LinkToRecord.aspx?altId=000670-24CP,True,False,False,no water,,
000683-24CP,7,2024 Jan 12 12:00:00 AM,2024 Jan 25 12:00:00 AM,Completed,Completed,1901 3RD AVE,98101,https://services.seattle.gov/portal/customize/LinkToRecord.aspx?altId=000683-24CP,True,False,False,leak|leaking,,
000809-24CP,7,2024 Jan 22 12:00:00 AM,,,Open Duplicate,903 9TH AVE,98104,https://services.seattle.gov/portal/customize/LinkToRecord.aspx?altId=000809-24CP,True,False,False,flooding|mold,,
000956-24CP,7,2024 Jan 24 12:00:00 AM,2024 Mar 11 12:00:00 AM,Completed,Completed,1170 HARRISON ST,98109,https://services.seattle.gov/portal/customize/LinkToRecord.aspx?altId=000956-24CP,True,False,False,flooding|hazard,,
001236-24CP,7,2024 Jan 30 12:00:00 AM,,,Completed,533 3RD AVE W,98119,https://services.seattle.gov/portal/customize/LinkToRecord.aspx?altId=001236-24CP,True,False,False,mold,,
001283-24CP,7,2024 Jan 31 12:00:00 AM,2024 Apr 23 12:00:00 AM,Completed,Completed,2501 14TH AVE W,98119,https://services.seattle.gov/portal/customize/LinkToRecord.aspx?altId=001283-24CP,True,False,False,mold,,
1057640-VI,7,2024 Feb 01 12:00:00 AM,2024 Apr 24 12:00:00 AM,Compliance Achieved,Completed,110 W OLYMPIC PL,98119,https://services.seattle.gov/portal/customize/LinkToRecord.aspx?altId=1057640-VI,True,False,False,mold,,
1057647-VI,7,2024 Feb 01 12:00:00 AM,2024 Feb 27 12:00:00 AM,Compliance Achieved,Completed,2803 QUEEN ANNE AVE N,98109,https://services.seattle.gov/portal/customize/LinkToRecord.aspx?altId=1057647-VI,True,False,True,mold|black mold,,tenant rights
1057669-VI,7,2024 Feb 06 12:00:00 AM,,,Initiated,533 3RD AVE W,98119,https://services.seattle.gov/portal/customize/LinkToRecord.aspx?altId=1057669-VI,True,False,False,mold,,
1057670-VI,7,2024 Feb 06 12:00:00 AM,2024 Mar 19 12:00:00 AM,Compliance Achieved-Virtual,Completed,533 3RD AVE W,98119,https://services.seattle.gov/portal/customize/LinkToRecord.aspx?altId=1057670-VI,True,False,False,leak|ceiling leak|mold,,
001618-24CP,7,2024 Feb 08 12:00:00 AM,2024 Mar 21 12:00:00 AM,Completed,Completed,2300 ELLIOTT AVE,98121,https://services.seattle.gov/portal/customize/LinkToRecord.aspx?altId=001618-24CP,True,False,False,mold,,
001619-24CP,7,2024 Feb 09 12:00:00 AM,,,Closed,1000 1ST AVE W,98119,https://services.seattle.gov/portal/customize/LinkToRecord.aspx?altId=001619-24CP,True,False,False,water damage|infestation|structural|collapse,,
001621-24CP,7,2024 Feb 09 12:00:00 AM,,,Completed,111 FAIRVIEW AVE N,98109,https://services.seattle.gov/portal/customize/LinkToRecord.aspx?altId=001621-24CP,True,False,False,no hot water,,
1057718-TR,7,2024 Feb 12 12:00:00 AM,,,Completed,1040 ELLIOTT AVE W,98119,https://services.seattle.gov/portal/customize/LinkToRecord.aspx?altId=1057718-TR,False,True,False,,tenant relocation|relocation assistance,
1057742-VI,7,2024 Feb 14 12:00:00 AM,2024 Mar 20 12:00:00 AM,Completed,Referred to Law,2527 13TH AVE W,98119,https://services.seattle.gov/portal/customize/LinkToRecord.aspx?altId=1057742-VI,True,False,False,no water|rats,,
001858-24CP,7,2024 Feb 15 12:00:00 AM,,,Closed,1908 8TH AVE N,98109,https://services.seattle.gov/portal/customize/LinkToRecord.aspx?altId=001858-24CP,True,False,False,sewage|raw sewage|leak,,
001922-24CP,7,2024 Feb 19 12:00:00 AM,,,Closed,600 4th AVE,,https://services.seattle.gov/portal/customize/LinkToRecord.aspx?altId=001922-24CP,True,False,False,garbage,,
001949-24CP,7,2024 Feb 20 12:00:00 AM,2024 Feb 28 12:00:00 AM,Completed,Completed,2614 4TH AVE,98121,https://services.seattle.gov/portal/customize/LinkToRecord.aspx?altId=001949-24CP,True,False,False,hazard|fire hazard|garbage,,
1057798-VI,7,2024 Feb 27 12:00:00 AM,2024 May 01 12:00:00 AM,Compliance Achieved,Completed,3819 13TH AVE W,98119,https://services.seattle.gov/portal/customize/LinkToRecord.aspx?altId=1057798-VI,True,False,False,leak|leaking,,
002193-24CP,7,2024 Feb 27 12:00:00 AM,,,Completed,510 MINOR AVE N,98109,https://services.seattle.gov/portal/customize/LinkToRecord.aspx?altId=002193-24CP,True,False,False,garbage,,
002249-24CP,7,2024 Feb 28 12:00:00 AM,,,Closed,2402 2ND AVE,98121,https://services.seattle.gov/portal/customize/LinkToRecord.aspx?altId=002249-24CP,True,False,False,leak|leaks|mold,,
002283-24CP,7,2024 Feb 29 12:00:00 AM,2024 Mar 27 12:00:00 AM,Completed,Completed,25 W ROY ST,98119,https://services.seattle.gov/portal/customize/LinkToRecord.aspx?altId=002283-24CP,True,False,False,leak|leaks|mold,,
002363-24CP,7,2024 Mar 02 12:00:00 AM,,,Closed,2415 WESTERN AVE,98121,https://services.seattle.gov/portal/customize/LinkToRecord.aspx?altId=002363-24CP,True,False,False,infestation,,
002618-24CP,7,2024 Mar 07 12:00:00 AM,2024 Apr 10 12:00:00 AM,Completed,Completed,2037 13TH AVE W,98119,https://services.seattle.gov/portal/customize/LinkToRecord.aspx?altId=002618-24CP,True,False,False,leak|roof leak,,
002645-24CP,7,2024 Mar 08 12:00:00 AM,,,Completed,210 8TH AVE N,98109,https://services.seattle.gov/portal/customize/LinkToRecord.aspx?altId=002645-24CP,False,False,True,,,eviction notice
002931-24CP,7,2024 Mar 17 12:00:00 AM,,,Closed,109 EASTLAKE AVE E,98109,https://services.seattle.gov/portal/customize/LinkToRecord.aspx?altId=002931-24CP,True,False,False,unsafe,,
002934-24CP,7,2024 Mar 18 12:00:00 AM,2024 Mar 27 12:00:00 AM,Completed,Completed,1040 ELLIOTT AVE W,98119,https://services.seattle.gov/portal/customize/LinkToRecord.aspx?altId=002934-24CP,True,False,False,fumes|paint fumes,,
002967-24CP,7,2024 Mar 15 12:00:00 AM,,,Closed,123 2ND AVE N,98109,https://services.seattle.gov/portal/customize/LinkToRecord.aspx?altId=002967-24CP,True,False,False,mold,,
003067-24CP,7,2024 Mar 20 12:00:00 AM,,,Closed,1250 5th AVE N,,https://services.seattle.gov/portal/customize/LinkToRecord.aspx?altId=003067-24CP,True,False,False,infestation,,
003094-24CP,7,2024 Mar 21 12:00:00 AM,,,Closed,1622 QUEEN ANNE AVE N,98109,https://services.seattle.gov/portal/customize/LinkToRecord.aspx?altId=003094-24CP,True,False,False,water damage|mold|black mold,,
003128-24CP,7,2024 Mar 22 12:00:00 AM,,,Closed,524 5TH AVE W,98119,https://services.seattle.gov/portal/customize/LinkToRecord.aspx?altId=003128-24CP,False,False,True,,,rrio
1057968-TR,7,2024 Mar 22 12:00:00 AM,,,Issued,330 3RD AVE W,98119,https://services.seattle.gov/portal/customize/LinkToRecord.aspx?altId=1057968-TR,False,True,False,,tenant relocation|relocation assistance,
1058018-VI,7,2024 Apr 01 12:00:00 AM,2024 May 10 12:00:00 AM,Compliance Achieved,Completed,2305 1ST AVE,98121,https://services.seattle.gov/portal/customize/LinkToRecord.aspx?altId=1058018-VI,True,False,False,broken window,,
003489-24CP,7,2024 Apr 02 12:00:00 AM,,,Closed,2510 Western AVE,98121,https://services.seattle.gov/portal/customize/LinkToRecord.aspx?altId=003489-24CP,False,False,True,,,3 day notice
1058058-VI,7,2024 Apr 05 12:00:00 AM,2024 Mar 26 12:00:00 AM,Completed,NOV Issued,604 W KINNEAR PL,98119,https://services.seattle.gov/portal/customize/LinkToRecord.aspx?altId=1058058-VI,True,False,False,leak|leaks,,
003755-24CP,7,2024 Apr 09 12:00:00 AM,,,Closed,420 Wall ST,,https://services.seattle.gov/portal/customize/LinkToRecord.aspx?altId=003755-24CP,True,False,False,unsafe,,
003810-24CP,7,2024 Apr 10 12:00:00 AM,,,Closed,2020 TERRY AVE,98121,https://services.seattle.gov/portal/customize/LinkToRecord.aspx?altId=003810-24CP,False,False,True,,,10 day notice
1058097-VI,7,2024 Apr 12 12:00:00 AM,2024 Jun 20 12:00:00 AM,Compliance Achieved,Completed,25 W ROY ST,98119,https://services.seattle.gov/portal/customize/LinkToRecord.aspx?altId=1058097-VI,True,False,False,leak|leaks|mold,,
1058165-VI,7,2024 Apr 19 12:00:00 AM,2024 Jun 13 12:00:00 AM,Compliance Achieved-Virtual,Completed,2037 13TH AVE W,98119,https://services.seattle.gov/portal/customize/LinkToRecord.aspx?altId=1058165-VI,True,False,False,leak|roof leak,,
004251-24CP,7,2024 Apr 21 12:00:00 AM,,,Completed,304 Bell ST,,https://services.seattle.gov/portal/customize/LinkToRecord.aspx?altId=004251-24CP,True,False,False,infestation|rodent|mice,,
004315-24CP,7,2024 Apr 23 12:00:00 AM,,,Completed,800 SENECA ST,98101,https://services.seattle.gov/portal/customize/LinkToRecord.aspx?altId=004315-24CP,True,False,False,hazard,,
1058249-VI,7,2024 Apr 25 12:00:00 AM,2024 Jul 02 12:00:00 AM,Compliance Achieved-Virtual,Completed,2501 14TH AVE W,98119,https://services.seattle.gov/portal/customize/LinkToRecord.aspx?altId=1058249-VI,True,False,False,mold,,
004610-24CP,7,2024 May 01 12:00:00 AM,,,Completed,2312 3RD AVE,98121,https://services.seattle.gov/portal/customize/LinkToRecord.aspx?altId=004610-24CP,True,False,False,roaches,,
1058309-VI,7,2024 May 02 12:00:00 AM,2024 Apr 25 12:00:00 AM,Completed,Completed,2319 1ST AVE,98121,https://services.seattle.gov/portal/customize/LinkToRecord.aspx?altId=1058309-VI,True,False,True,mold,,security deposit
004752-24CP,7,2024 May 05 12:00:00 AM,,,Closed,702 SPRING ST,98101,https://services.seattle.gov/portal/customize/LinkToRecord.aspx?altId=004752-24CP,True,False,False,unsafe,,
004814-24CP,7,2024 May 07 12:00:00 AM,,,Closed,224 Pontius AVE N,,https://services.seattle.gov/portal/customize/LinkToRecord.aspx?altId=004814-24CP,True,False,False,hazard,,
1058342-VI,7,2024 May 07 12:00:00 AM,2024 May 15 12:00:00 AM,Completed,Completed,809 OLIVE WAY,98101,https://services.seattle.gov/portal/customize/LinkToRecord.aspx?altId=1058342-VI,True,True,False,flooding,retaliat,
004910-24CP,7,2024 May 09 12:00:00 AM,,,Closed,711 2ND AVE N,98109,https://services.seattle.gov/portal/customize/LinkToRecord.aspx?altId=004910-24CP,True,False,False,no heat,,
004943-24CP,7,2024 May 10 12:00:00 AM,,,Closed,1222 Taylor AVE N,,https://services.seattle.gov/portal/customize/LinkToRecord.aspx?altId=004943-24CP,True,False,False,leak|leaks,,
1058377-VI,7,2024 May 10 12:00:00 AM,,,Completed,2319 1ST AVE,98121,https://services.seattle.gov/portal/customize/LinkToRecord.aspx?altId=1058377-VI,True,False,True,mold,,security deposit
004966-24CP,7,2024 May 10 12:00:00 AM,,,Closed,1530 Post AL,,https://services.seattle.gov/portal/customize/LinkToRecord.aspx?altId=004966-24CP,True,False,False,odor,,
004992-24CP,7,2024 May 12 12:00:00 AM,,,Completed,1530 Post AL,,https://services.seattle.gov/portal/customize/LinkToRecord.aspx?altId=004992-24CP,True,False,False,odor,,
005006-24CP,7,2024 May 13 12:00:00 AM,,,Completed,1901 WESTERN AVE,98101,https://services.seattle.gov/portal/customize/LinkToRecord.aspx?altId=005006-24CP,False,False,True,,,rrio
1058390-VI,7,2024 May 14 12:00:00 AM,2024 Jul 17 12:00:00 AM,Compliance Achieved-Virtual,Completed,1000 1st AVE W,,https://services.seattle.gov/portal/customize/LinkToRecord.aspx?altId=1058390-VI,True,False,False,infestation|cockroach,,
005175-24CP,7,2024 May 16 12:00:00 AM,,,Closed,1221 1ST AVE,98101,https://services.seattle.gov/portal/customize/LinkToRecord.aspx?altId=005175-24CP,True,False,False,mold,,
005261-24CP,7,2024 May 20 12:00:00 AM,,,Closed,800 SENECA ST,98101,https://services.seattle.gov/portal/customize/LinkToRecord.aspx?altId=005261-24CP,False,False,True,,,3 day notice
005458-24CP,7,2024 May 23 12:00:00 AM,,,Completed,1922 9TH AVE,98101,https://services.seattle.gov/portal/customize/LinkToRecord.aspx?altId=005458-24CP,True,False,False,no heat,,
005517-24CP,7,2024 May 26 12:00:00 AM,,,Closed,1530 Post AL,,https://services.seattle.gov/portal/customize/LinkToRecord.aspx?altId=005517-24CP,True,False,False,unsafe,,
005520-24CP,7,2024 May 26 12:00:00 AM,,,Completed,330 W OLYMPIC PL,98119,https://services.seattle.gov/portal/customize/LinkToRecord.aspx?altId=005520-24CP,False,True,False,,retaliat,
005529-24CP,7,2024 May 27 12:00:00 AM,,,Closed,3444 9TH AVE W,98119,https://services.seattle.gov/portal/customize/LinkToRecord.aspx?altId=005529-24CP,False,False,True,,,rrio
1058491-TR,7,2024 May 29 12:00:00 AM,,,Issued,1820 MINOR AVE,98101,https://services.seattle.gov/portal/customize/LinkToRecord.aspx?altId=1058491-TR,False,True,False,,tenant relocation,
005911-24CP,7,2024 Jun 05 12:00:00 AM,,,Completed,2312 3rd AVE,,https://services.seattle.gov/portal/customize/LinkToRecord.aspx?altId=005911-24CP,True,False,False,uninhabitable,,
005932-24CP,7,2024 Jun 05 12:00:00 AM,2025 Jan 17 12:00:00 AM,Completed,Completed,1102 8TH AVE,98101,https://services.seattle.gov/portal/customize/LinkToRecord.aspx?altId=005932-24CP,True,False,False,rats,,
1058555-VI,7,2024 Jun 06 12:00:00 AM,2024 Dec 16 12:00:00 AM,Compliance Achieved-Virtual,Completed,215 Pontius AVE N,,https://services.seattle.gov/portal/customize/LinkToRecord.aspx?altId=1058555-VI,True,False,False,unsafe|structural,,
005996-24CP,7,2024 Jun 07 12:00:00 AM,2024 Jun 03 12:00:00 AM,Completed,Completed,702 SPRING ST,98101,https://services.seattle.gov/portal/customize/LinkToRecord.aspx?altId=005996-24CP,True,False,False,infestation,,
1058594-VI,7,2024 Jun 11 12:00:00 AM,2024 Aug 01 12:00:00 AM,Compliance Achieved,Completed,809 OLIVE WAY,98101,https://services.seattle.gov/portal/customize/LinkToRecord.aspx?altId=1058594-VI,True,False,False,leak|leaks|water damage|structural,,
006228-24CP,7,2024 Jun 12 12:00:00 AM,,,Closed,2510 Western AVE,,https://services.seattle.gov/portal/customize/LinkToRecord.aspx?altId=006228-24CP,True,False,False,mold,,
006275-24CP,7,2024 Jun 13 12:00:00 AM,2024 Aug 07 12:00:00 AM,Completed,Completed,809 OLIVE WAY,98101,https://services.seattle.gov/portal/customize/LinkToRecord.aspx?altId=006275-24CP,True,False,False,mold|moisture,,
006306-24CP,7,2024 Jun 14 12:00:00 AM,,,Closed,2133 5TH AVE,98121,https://services.seattle.gov/portal/customize/LinkToRecord.aspx?altId=006306-24CP,True,False,False,hazard|fire hazard,,
006408-24CP,7,2024 Jun 18 12:00:00 AM,2024 Jul 03 12:00:00 AM,Withdrawn,Closed,1110 8TH AVE,98101,https://services.seattle.gov/portal/customize/LinkToRecord.aspx?altId=006408-24CP,True,True,False,mildew,retaliat,
006704-24CP,7,2024 Jun 24 12:00:00 AM,,,Completed,2101 4TH AVE,98121,https://services.seattle.gov/portal/customize/LinkToRecord.aspx?altId=006704-24CP,True,False,False,flooding|flooded,,
007063-24CP,7,2024 Jul 01 12:00:00 AM,,,Completed,203 W COMSTOCK ST,98119,https://services.seattle.gov/portal/customize/LinkToRecord.aspx?altId=007063-24CP,True,False,False,infestation,,
007074-24CP,7,2024 Jul 01 12:00:00 AM,,,Open Duplicate,604 W KINNEAR PL,98119,https://services.seattle.gov/portal/customize/LinkToRecord.aspx?altId=007074-24CP,True,False,False,no hot water,,
007090-24CP,7,2024 Jul 01 12:00:00 AM,2024 Jul 23 12:00:00 AM,Completed,Completed,203 W COMSTOCK ST,98119,https://services.seattle.gov/portal/customize/LinkToRecord.aspx?altId=007090-24CP,True,False,False,infestation|pest control,,
007264-24CP,7,2024 Jul 06 12:00:00 AM,,,Closed,2558 DEXTER AVE N,98109,https://services.seattle.gov/portal/customize/LinkToRecord.aspx?altId=007264-24CP,False,False,True,,,rent increase
007371-24CP,7,2024 Jul 09 12:00:00 AM,,,Closed,2250 15TH AVE W,98119,https://services.seattle.gov/portal/customize/LinkToRecord.aspx?altId=007371-24CP,True,False,False,structural,,
007927-24CP,7,2024 Jul 22 12:00:00 AM,,,Closed,1902 2ND AVE,98101,https://services.seattle.gov/portal/customize/LinkToRecord.aspx?altId=007927-24CP,True,False,False,bedbug,,
008112-24CP,7,2024 Jul 26 12:00:00 AM,2024 Aug 13 12:00:00 AM,Completed,Completed,1110 8TH AVE,98101,https://services.seattle.gov/portal/customize/LinkToRecord.aspx?altId=008112-24CP,True,False,False,leak|leaks|flooding,,
1058990-TR,7,2024 Jul 30 12:00:00 AM,,,Completed,535 PONTIUS AVE N,98109,https://services.seattle.gov/portal/customize/LinkToRecord.aspx?altId=1058990-TR,False,True,False,,tenant relocation,
008276-24CP,7,2024 Jul 31 12:00:00 AM,,,Completed,800 SENECA ST,98101,https://services.seattle.gov/portal/customize/LinkToRecord.aspx?altId=008276-24CP,True,False,False,leak|hazard|electrical hazard,,
008368-24CP,7,2024 Aug 01 12:00:00 AM,,,Closed,2121 6TH AVE,98121,https://services.seattle.gov/portal/customize/LinkToRecord.aspx?altId=008368-24CP,True,False,False,flooded,,
008387-24CP,7,2024 Aug 02 12:00:00 AM,,,Closed,2209 1ST AVE,98121,https://services.seattle.gov/portal/customize/LinkToRecord.aspx?altId=008387-24CP,True,False,False,water damage|mold|toxic mold|infestation|rodent|bed bug,,
008420-24CP,7,2024 Jul 18 12:00:00 AM,,,Completed,307 QUEEN ANNE AVE N,98109,https://services.seattle.gov/portal/customize/LinkToRecord.aspx?altId=008420-24CP,True,False,True,uninhabitable,,code violation
008442-24CP,7,2024 Aug 05 12:00:00 AM,,,Closed,1413 4TH AVE W,98119,https://services.seattle.gov/portal/customize/LinkToRecord.aspx?altId=008442-24CP,True,False,False,leak,,
008457-24CP,7,2024 Jul 31 12:00:00 AM,2024 Aug 07 12:00:00 AM,Completed,Completed,307 QUEEN ANNE AVE N,98109,https://services.seattle.gov/portal/customize/LinkToRecord.aspx?altId=008457-24CP,True,False,False,lead paint,,
008485-24CP,7,2024 Aug 05 12:00:00 AM,,,Completed,2205 2ND AVE,98121,https://services.seattle.gov/portal/customize/LinkToRecord.aspx?altId=008485-24CP,True,False,False,water damage,,
1059078-VI,7,2024 Aug 07 12:00:00 AM,2024 Sep 27 12:00:00 AM,Compliance Achieved,Completed,307 QUEEN ANNE AVE N,98109,https://services.seattle.gov/portal/customize/LinkToRecord.aspx?altId=1059078-VI,True,False,False,hazard|hazardous,,
008903-24CP,7,2024 Aug 13 12:00:00 AM,2024 Aug 30 12:00:00 AM,Completed,Completed,1902 2ND AVE,98101,https://services.seattle.gov/portal/customize/LinkToRecord.aspx?altId=008903-24CP,True,False,False,infestation,,
1059114-VI,7,2024 Aug 13 12:00:00 AM,2024 Oct 17 12:00:00 AM,Compliance Achieved-Virtual,Completed,1110 8TH AVE,98101,https://services.seattle.gov/portal/customize/LinkToRecord.aspx?altId=1059114-VI,True,False,False,leak|leaks|flooding,,
008957-24CP,7,2024 Aug 14 12:00:00 AM,2024 Aug 28 12:00:00 AM,Completed,Completed,901 6TH AVE,98104,https://services.seattle.gov/portal/customize/LinkToRecord.aspx?altId=008957-24CP,True,False,False,infestation|cockroach|roaches,,
009032-24CP,7,2024 Aug 15 12:00:00 AM,2024 Oct 22 12:00:00 AM,Completed,Completed,107 1ST AVE N,98109,https://services.seattle.gov/portal/customize/LinkToRecord.aspx?altId=009032-24CP,True,False,False,infestation,,
009143-24CP,7,2024 Aug 17 12:00:00 AM,,,Closed,600 4TH AVE,98104,https://services.seattle.gov/portal/customize/LinkToRecord.aspx?altId=009143-24CP,True,False,False,mold,,
009314-24CP,7,2024 Aug 21 12:00:00 AM,,,Completed,809 OLIVE WAY,98101,https://services.seattle.gov/portal/customize/LinkToRecord.aspx?altId=009314-24CP,True,False,False,flooding,,
009332-24CP,7,2024 Aug 21 12:00:00 AM,,,Completed,809 OLIVE WAY,98101,https://services.seattle.gov/portal/customize/LinkToRecord.aspx?altId=009332-24CP,True,False,False,leak,,
009333-24CP,7,2024 Aug 21 12:00:00 AM,,,Completed,809 OLIVE WAY,98101,https://services.seattle.gov/portal/customize/LinkToRecord.aspx?altId=009333-24CP,True,False,False,mold,,
009451-24CP,7,2024 Aug 26 12:00:00 AM,,,Completed,2030 3RD AVE,98121,https://services.seattle.gov/portal/customize/LinkToRecord.aspx?altId=009451-24CP,True,False,False,mold|bed bug|unsanitary|unsanitary conditions,,
009473-24CP,7,2024 Aug 27 12:00:00 AM,,,Completed,610 HIGHLAND DR,98109,https://services.seattle.gov/portal/customize/LinkToRecord.aspx?altId=009473-24CP,True,False,False,flooding,,
009475-24CP,7,2024 Aug 27 12:00:00 AM,,,Closed,420 PONTIUS AVE N,98109,https://services.seattle.gov/portal/customize/LinkToRecord.aspx?altId=009475-24CP,False,False,True,,,3 day notice
1059244-VI,7,2024 Aug 27 12:00:00 AM,2024 Jul 23 12:00:00 AM,Completed,Completed,203 W COMSTOCK ST,98119,https://services.seattle.gov/portal/customize/LinkToRecord.aspx?altId=1059244-VI,True,False,False,infestation|pest control,,
009560-24CP,7,2024 Aug 28 12:00:00 AM,,,Closed,2111 NOB HILL AVE N,98109,https://services.seattle.gov/portal/customize/LinkToRecord.aspx?altId=009560-24CP,True,False,False,hazard,,
009571-24CP,7,2024 Aug 28 12:00:00 AM,,,Completed,2415 2ND AVE,98121,https://services.seattle.gov/portal/customize/LinkToRecord.aspx?altId=009571-24CP,True,False,False,leak|leaking,,
009628-24CP,7,2024 Aug 29 12:00:00 AM,2024 Dec 12 12:00:00 AM,Completed,Completed,1624 BOREN AVE,98101,https://services.seattle.gov/portal/customize/LinkToRecord.aspx?altId=009628-24CP,True,False,False,leak|leaking,,
009695-24CP,7,2024 Aug 30 12:00:00 AM,,,Closed,2602 4TH AVE,98121,https://services.seattle.gov/portal/customize/LinkToRecord.aspx?altId=009695-24CP,True,False,False,leak|leaking,,
010085-24CP,7,2024 Sep 10 12:00:00 AM,,,Completed,2922 WESTERN AVE,98121,https://services.seattle.gov/portal/customize/LinkToRecord.aspx?altId=010085-24CP,True,False,False,hazard|garbage,,
010086-24CP,7,2024 Sep 10 12:00:00 AM,,,Closed,1123 TAYLOR AVE N,98109,https://services.seattle.gov/portal/customize/LinkToRecord.aspx?altId=010086-24CP,True,False,False,leak|mold,,
010337-24CP,7,2024 Sep 13 12:00:00 AM,,,Completed,1827 YALE AVE,98101,https://services.seattle.gov/portal/customize/LinkToRecord.aspx?altId=010337-24CP,True,False,False,mold,,
010384-24CP,7,2024 Sep 16 12:00:00 AM,,,Completed,2014 FAIRVIEW AVE,98121,https://services.seattle.gov/portal/customize/LinkToRecord.aspx?altId=010384-24CP,True,False,False,leak,,
010426-24CP,7,2024 Sep 17 12:00:00 AM,,,Completed,1120 8TH AVE,98101,https://services.seattle.gov/portal/customize/LinkToRecord.aspx?altId=010426-24CP,True,False,True,flooding,,rrio
1059388-TR,7,2024 Sep 18 12:00:00 AM,,,Reviews Completed,3428 13TH AVE W,98119,https://services.seattle.gov/portal/customize/LinkToRecord.aspx?altId=1059388-TR,False,True,False,,tenant relocation,
010586-24CP,7,2024 Sep 20 12:00:00 AM,,,Completed,2000 ALASKAN WAY,98121,https://services.seattle.gov/portal/customize/LinkToRecord.aspx?altId=010586-24CP,False,False,True,,,rent increase
010814-24CP,7,2024 Sep 25 12:00:00 AM,,,Closed,2005 13TH AVE W,98119,https://services.seattle.gov/portal/customize/LinkToRecord.aspx?altId=010814-24CP,True,False,False,flooded,,
1059441-TR,7,2024 Sep 26 12:00:00 AM,,,Completed,3026 A 4TH AVE W,98119,https://services.seattle.gov/portal/customize/LinkToRecord.aspx?altId=1059441-TR,False,True,False,,tenant relocation,
010897-24CP,7,2024 Sep 26 12:00:00 AM,,,Completed,2209 1ST AVE,98121,https://services.seattle.gov/portal/customize/LinkToRecord.aspx?altId=010897-24CP,True,False,False,flooding|mold|black mold,,
010969-24CP,7,2024 Sep 30 12:00:00 AM,,,Closed,1811 EASTLAKE AVE,98101,https://services.seattle.gov/portal/customize/LinkToRecord.aspx?altId=010969-24CP,False,False,True,,,3 day notice
010972-24CP,7,2024 Sep 27 12:00:00 AM,,,Under Investigation,607 EASTLAKE AVE E,98109,https://services.seattle.gov/portal/customize/LinkToRecord.aspx?altId=010972-24CP,True,False,False,leak,,
011035-24CP,7,2024 Oct 01 12:00:00 AM,,,Closed,101 W OLYMPIC PL,98119,https://services.seattle.gov/portal/customize/LinkToRecord.aspx?altId=011035-24CP,True,False,False,no heat,,
011078-24CP,7,2024 Oct 01 12:00:00 AM,,,Completed,710 CHERRY ST,98104,https://services.seattle.gov/portal/customize/LinkToRecord.aspx?altId=011078-24CP,True,False,False,leak|mold|roaches|asbestos,,
011300-24CP,7,2024 Oct 04 12:00:00 AM,2025 Feb 12 12:00:00 AM,Completed,Completed,620 5TH AVE W,98119,https://services.seattle.gov/portal/customize/LinkToRecord.aspx?altId=011300-24CP,True,False,False,cockroach|roaches,,
011315-24CP,7,2024 Oct 05 12:00:00 AM,,,Completed,720 SENECA ST,98101,https://services.seattle.gov/portal/customize/LinkToRecord.aspx?altId=011315-24CP,True,False,False,no ventilation,,
011317-24CP,7,2024 Oct 05 12:00:00 AM,,,Completed,720 SENECA ST,98101,https://services.seattle.gov/portal/customize/LinkToRecord.aspx?altId=011317-24CP,False,False,True,,,code violation
011454-24CP,7,2024 Oct 08 12:00:00 AM,,,Closed,909 4TH AVE,98104,https://services.seattle.gov/portal/customize/LinkToRecord.aspx?altId=011454-24CP,True,False,False,no hot water,,
011497-24CP,7,2024 Oct 09 12:00:00 AM,,,Completed,3441 23RD AVE W,98199,https://services.seattle.gov/portal/customize/LinkToRecord.aspx?altId=011497-24CP,True,False,False,flooding|structural,,
1059566-TR,7,2024 Oct 11 12:00:00 AM,,,Issued,22 W HIGHLAND DR,98119,https://services.seattle.gov/portal/customize/LinkToRecord.aspx?altId=1059566-TR,False,True,False,,tenant relocation,
011624-24CP,7,2024 Oct 13 12:00:00 AM,2024 Nov 07 12:00:00 AM,Completed,Completed,704 SPRING ST,98101,https://services.seattle.gov/portal/customize/LinkToRecord.aspx?altId=011624-24CP,True,False,False,odor|garbage|unsanitary|unsanitary conditions,,
011625-24CP,7,2024 Oct 14 12:00:00 AM,,,Closed,1255 HARRISON ST,98109,https://services.seattle.gov/portal/customize/LinkToRecord.aspx?altId=011625-24CP,True,False,False,infestation|cockroach|roaches,,
011631-24CP,7,2024 Oct 14 12:00:00 AM,,,Under Investigation,21 W LEE ST,98119,https://services.seattle.gov/portal/customize/LinkToRecord.aspx?altId=011631-24CP,True,False,False,mold|moisture|infestation|cockroach|roaches,,
011870-24CP,7,2024 Oct 18 12:00:00 AM,2024 Oct 30 12:00:00 AM,Completed,Completed,909 4TH AVE N,98109,https://services.seattle.gov/portal/customize/LinkToRecord.aspx?altId=011870-24CP,True,False,False,leak|mold|asbestos,,
011882-24CP,7,2024 Oct 18 12:00:00 AM,,,Completed,1102 8TH AVE,98101,https://services.seattle.gov/portal/customize/LinkToRecord.aspx?altId=011882-24CP,True,False,False,sewage|leak,,
012252-24CP,7,2024 Oct 28 12:00:00 AM,,,Completed,910 JOHN ST,98109,https://services.seattle.gov/portal/customize/LinkToRecord.aspx?altId=012252-24CP,True,False,False,garbage,,
1059699-VI,7,2024 Oct 30 12:00:00 AM,2025 Jun 11 12:00:00 AM,Compliance Achieved,Completed,909 4TH AVE N,98109,https://services.seattle.gov/portal/customize/LinkToRecord.aspx?altId=1059699-VI,True,False,False,leak|mold|asbestos,,
012335-24CP,7,2024 Oct 31 12:00:00 AM,,,Closed,714 7TH AVE,98104,https://services.seattle.gov/portal/customize/LinkToRecord.aspx?altId=012335-24CP,True,False,False,broken window,,
012367-24CP,7,2024 Nov 01 12:00:00 AM,,,Closed,1212 QUEEN ANNE AVE N,98109,https://services.seattle.gov/portal/customize/LinkToRecord.aspx?altId=012367-24CP,True,False,False,sewage|leak|leaking,,
012380-24CP,7,2024 Nov 01 12:00:00 AM,,,Closed,2212 1ST AVE,98121,https://services.seattle.gov/portal/customize/LinkToRecord.aspx?altId=012380-24CP,True,False,False,mold|black mold,,
012467-24CP,7,2024 Nov 04 12:00:00 AM,,,Completed,1110 8TH AVE,98101,https://services.seattle.gov/portal/customize/LinkToRecord.aspx?altId=012467-24CP,True,False,False,no hot water,,
012505-24CP,7,2024 Nov 05 12:00:00 AM,,,Completed,2519 1ST AVE,98121,https://services.seattle.gov/portal/customize/LinkToRecord.aspx?altId=012505-24CP,True,False,False,mold,,
012555-24CP,7,2024 Nov 06 12:00:00 AM,2024 Nov 25 12:00:00 AM,Completed,Completed,224 PONTIUS AVE N,98109,https://services.seattle.gov/portal/customize/LinkToRecord.aspx?altId=012555-24CP,True,False,False,uninhabitable,,
012559-24CP,7,2024 Nov 06 12:00:00 AM,,,Closed,524 5TH AVE W,98119,https://services.seattle.gov/portal/customize/LinkToRecord.aspx?altId=012559-24CP,False,False,True,,,rrio
1059760-VI,7,2024 Nov 07 12:00:00 AM,2025 Jan 07 12:00:00 AM,Compliance Achieved,Completed,704 SPRING ST,98101,https://services.seattle.gov/portal/customize/LinkToRecord.aspx?altId=1059760-VI,True,False,False,odor|garbage|unsanitary|unsanitary conditions,,
012812-24CP,7,2024 Nov 13 12:00:00 AM,2024 Nov 25 12:00:00 AM,Completed,Completed,224 PONTIUS AVE N,98109,https://services.seattle.gov/portal/customize/LinkToRecord.aspx?altId=012812-24CP,True,False,False,leak|uninhabitable,,
012874-24CP,7,2024 Nov 14 12:00:00 AM,2024 Nov 21 12:00:00 AM,Completed,Completed,2405 W LYNN ST,98199,https://services.seattle.gov/portal/customize/LinkToRecord.aspx?altId=012874-24CP,True,False,False,infestation,,
012927-24CP,7,2024 Nov 15 12:00:00 AM,2024 Dec 02 12:00:00 AM,Completed,Completed,2053 GILMAN DR W,98119,https://services.seattle.gov/portal/customize/LinkToRecord.aspx?altId=012927-24CP,True,False,False,mold,,
1059810-TR,7,2024 Nov 15 12:00:00 AM,,,Completed,2126 9TH AVE W,98119,https://services.seattle.gov/portal/customize/LinkToRecord.aspx?altId=1059810-TR,False,True,False,,tenant relocation,
012963-24CP,7,2024 Nov 16 12:00:00 AM,,,Completed,1823 MINOR AVE,98101,https://services.seattle.gov/portal/customize/LinkToRecord.aspx?altId=012963-24CP,True,False,False,no heat,,
012972-24CP,7,2024 Nov 17 12:00:00 AM,2024 Dec 12 12:00:00 AM,Completed,Completed,571 VALLEY ST,98109,https://services.seattle.gov/portal/customize/LinkToRecord.aspx?altId=012972-24CP,True,False,False,flooding|flooded,,
013111-24CP,7,2024 Nov 21 12:00:00 AM,,,Completed,1601 Dexter AVE N,,https://services.seattle.gov/portal/customize/LinkToRecord.aspx?altId=013111-24CP,True,False,False,hazard,,
1059844-VI,7,2024 Nov 21 12:00:00 AM,2024 Nov 21 12:00:00 AM,Completed,Completed,2405 W LYNN ST,98199,https://services.seattle.gov/portal/customize/LinkToRecord.aspx?altId=1059844-VI,True,False,False,infestation,,
013185-24CP,7,2024 Nov 15 12:00:00 AM,2024 Dec 05 12:00:00 AM,Completed,Completed,639 W EMERSON ST,98119,https://services.seattle.gov/portal/customize/LinkToRecord.aspx?altId=013185-24CP,True,False,False,leak|mold,,
013243-24CP,7,2024 Nov 25 12:00:00 AM,,,Closed,1823 TERRY AVE,98101,https://services.seattle.gov/portal/customize/LinkToRecord.aspx?altId=013243-24CP,True,False,False,leak|uninhabitable,,
013292-24CP,7,2024 Nov 27 12:00:00 AM,,,Completed,620 5TH AVE W,98119,https://services.seattle.gov/portal/customize/LinkToRecord.aspx?altId=013292-24CP,True,False,False,roaches,,
013302-24CP,7,2024 Nov 27 12:00:00 AM,2025 Jan 16 12:00:00 AM,Completed,Completed,1420 WESTERN AVE,98101,https://services.seattle.gov/portal/customize/LinkToRecord.aspx?altId=013302-24CP,True,False,False,mold|black mold,,
013333-24CP,7,2024 Nov 27 12:00:00 AM,,,Closed,2215 12TH AVE W,98119,https://services.seattle.gov/portal/customize/LinkToRecord.aspx?altId=013333-24CP,False,True,False,,after i complained,
013351-24CP,7,2024 Nov 30 12:00:00 AM,,,Completed,1220 1ST AVE,98101,https://services.seattle.gov/portal/customize/LinkToRecord.aspx?altId=013351-24CP,True,False,False,mold|infestation,,
013361-24CP,7,2024 Dec 01 12:00:00 AM,,,Closed,800 SENECA ST,98101,https://services.seattle.gov/portal/customize/LinkToRecord.aspx?altId=013361-24CP,True,False,False,no hot water,,
1059894-TR,7,2024 Dec 03 12:00:00 AM,,,Completed,1907 8TH AVE W,98119,https://services.seattle.gov/portal/customize/LinkToRecord.aspx?altId=1059894-TR,False,True,False,,tenant relocation,
013429-24CP,7,2024 Dec 02 12:00:00 AM,,,Completed,800 SENECA ST,98101,https://services.seattle.gov/portal/customize/LinkToRecord.aspx?altId=013429-24CP,True,False,False,no hot water,,
1059896-VI,7,2024 Dec 03 12:00:00 AM,2025 Jan 15 12:00:00 AM,Compliance Achieved,Completed,2053 GILMAN DR W,98119,https://services.seattle.gov/portal/customize/LinkToRecord.aspx?altId=1059896-VI,True,False,False,mold,,
013501-24CP,7,2024 Dec 04 12:00:00 AM,,,Closed,76 CEDAR ST,98121,https://services.seattle.gov/portal/customize/LinkToRecord.aspx?altId=013501-24CP,True,False,False,flooded,,
013553-24CP,7,2024 Dec 05 12:00:00 AM,,,Under Investigation,2558 DEXTER AVE N,98109,https://services.seattle.gov/portal/customize/LinkToRecord.aspx?altId=013553-24CP,True,True,False,rats|pest control,retaliat|in retaliation for,
013559-24CP,7,2024 Dec 05 12:00:00 AM,,,Closed,100 W OLYMPIC PL,98119,https://services.seattle.gov/portal/customize/LinkToRecord.aspx?altId=013559-24CP,True,False,False,mold|dampness|moisture,,
1059924-VI,7,2024 Dec 05 12:00:00 AM,2024 Dec 05 12:00:00 AM,Completed,Completed,639 W EMERSON ST,98119,https://services.seattle.gov/portal/customize/LinkToRecord.aspx?altId=1059924-VI,True,False,False,leak|mold,,
013679-24CP,7,2024 Dec 08 12:00:00 AM,,,Closed,76 CEDAR ST,98121,https://services.seattle.gov/portal/customize/LinkToRecord.aspx?altId=013679-24CP,True,False,False,sewage,,
013696-24CP,7,2024 Dec 09 12:00:00 AM,,,Completed,800 SENECA ST,98101,https://services.seattle.gov/portal/customize/LinkToRecord.aspx?altId=013696-24CP,True,False,False,no hot water,,
013756-24CP,7,2024 Dec 09 12:00:00 AM,,,Completed,311 CEDAR ST,98121,https://services.seattle.gov/portal/customize/LinkToRecord.aspx?altId=013756-24CP,True,False,False,no hot water,,
013855-24CP,7,2024 Dec 11 12:00:00 AM,,,Completed,840 W NICKERSON ST,98119,https://services.seattle.gov/portal/customize/LinkToRecord.aspx?altId=013855-24CP,True,False,False,leak|leaking|structural,,
013975-24CP,7,2024 Dec 15 12:00:00 AM,,,Closed,2701 W MANOR PL,98199,https://services.seattle.gov/portal/customize/LinkToRecord.aspx?altId=013975-24CP,True,False,False,hazard,,
014055-24CP,7,2024 Dec 17 12:00:00 AM,,,Completed,699 JOHN ST,98109,https://services.seattle.gov/portal/customize/LinkToRecord.aspx?altId=014055-24CP,True,False,False,hazard,,
014070-24CP,7,2024 Dec 18 12:00:00 AM,,,Completed,800 SENECA ST,98101,https://services.seattle.gov/portal/customize/LinkToRecord.aspx?altId=014070-24CP,True,False,False,leak|leaks,,
014128-24CP,7,2024 Dec 19 12:00:00 AM,,,Closed,1255 HARRISON ST,98109,https://services.seattle.gov/portal/customize/LinkToRecord.aspx?altId=014128-24CP,False,False,True,,,3 day notice
014181-24CP,7,2024 Dec 20 12:00:00 AM,,,Completed,33 GALER ST,98109,https://services.seattle.gov/portal/customize/LinkToRecord.aspx?altId=014181-24CP,True,False,False,garbage,,
014208-24CP,7,2024 Dec 21 12:00:00 AM,,,Closed,1823 TERRY AVE,98101,https://services.seattle.gov/portal/customize/LinkToRecord.aspx?altId=014208-24CP,True,False,False,water damage|flooding,,
014237-24CP,7,2024 Dec 23 12:00:00 AM,,,Closed,1920 1ST AVE,98101,https://services.seattle.gov/portal/customize/LinkToRecord.aspx?altId=014237-24CP,True,False,False,no hot water,,
014335-24CP,7,2024 Dec 27 12:00:00 AM,,,Completed,800 SENECA ST,98101,https://services.seattle.gov/portal/customize/LinkToRecord.aspx?altId=014335-24CP,True,False,False,no hot water,,
014366-24CP,7,2024 Dec 28 12:00:00 AM,,,Completed,2720 3RD AVE,98121,https://services.seattle.gov/portal/customize/LinkToRecord.aspx?altId=014366-24CP,True,False,False,garbage,,
014376-24CP,7,2024 Dec 28 12:00:00 AM,,,Completed,1900 1ST AVE,98101,https://services.seattle.gov/portal/customize/LinkToRecord.aspx?altId=014376-24CP,True,False,False,no heat|leak,,
1060043-VI,7,2024 Dec 31 12:00:00 AM,2025 Jan 09 12:00:00 AM,Compliance Achieved-Virtual,Completed,571 VALLEY ST,98109,https://services.seattle.gov/portal/customize/LinkToRecord.aspx?altId=1060043-VI,True,False,False,flooding|flooded,,
1060048-TR,7,2025 Jan 02 12:00:00 AM,,,Completed,2120 9TH AVE W,98119,https://services.seattle.gov/portal/customize/LinkToRecord.aspx?altId=1060048-TR,False,True,False,,tenant relocation,
000216-25CP,7,2025 Jan 03 12:00:00 AM,,,Closed,1530 POST AL,98101,https://services.seattle.gov/portal/customize/LinkToRecord.aspx?altId=000216-25CP,True,False,False,hazard,,
000231-25CP,7,2025 Jan 05 12:00:00 AM,,,Completed,801 SPRING ST,98104,https://services.seattle.gov/portal/customize/LinkToRecord.aspx?altId=000231-25CP,True,False,False,cockroach,,
1060081-VI,7,2025 Jan 09 12:00:00 AM,2025 Jan 10 12:00:00 AM,Compliance Achieved-Virtual,Completed,1624 BOREN AVE,98101,https://services.seattle.gov/portal/customize/LinkToRecord.aspx?altId=1060081-VI,True,False,False,leak|leaking,,
000486-25CP,7,2025 Jan 10 12:00:00 AM,2025 Mar 03 12:00:00 AM,Completed,Closed,1170 HARRISON ST,98109,https://services.seattle.gov/portal/customize/LinkToRecord.aspx?altId=000486-25CP,True,False,False,flooding,,
000574-25CP,7,2025 Jan 13 12:00:00 AM,,,Closed,2217 3RD AVE,98121,https://services.seattle.gov/portal/customize/LinkToRecord.aspx?altId=000574-25CP,True,False,False,no hot water,,
000762-25CP,7,2025 Jan 16 12:00:00 AM,2025 Jan 30 12:00:00 AM,Completed,Completed,315 1ST AVE N,98109,https://services.seattle.gov/portal/customize/LinkToRecord.aspx?altId=000762-25CP,False,True,False,,told to move out|pota,
1060141-TR,7,2025 Jan 17 12:00:00 AM,,,Reviews In Process,718 CHERRY ST,98104,https://services.seattle.gov/portal/customize/LinkToRecord.aspx?altId=1060141-TR,False,True,False,,tenant relocation,
000823-25CP,7,2025 Jan 18 12:00:00 AM,2025 Jun 13 12:00:00 AM,Completed,Completed,2204 1st AVE,,https://services.seattle.gov/portal/customize/LinkToRecord.aspx?altId=000823-25CP,True,False,False,unsafe,,
000832-25CP,7,2025 Jan 19 12:00:00 AM,,,Closed,101 TAYLOR AVE N,98109,https://services.seattle.gov/portal/customize/LinkToRecord.aspx?altId=000832-25CP,True,False,False,unsafe,,
000848-25CP,7,2025 Jan 20 12:00:00 AM,2025 May 20 12:00:00 AM,Completed,Closed,2201 3RD AVE,98121,https://services.seattle.gov/portal/customize/LinkToRecord.aspx?altId=000848-25CP,True,False,False,no hot water,,
000965-25CP,7,2025 Jan 23 12:00:00 AM,,,Closed,2121 6TH AVE,98121,https://services.seattle.gov/portal/customize/LinkToRecord.aspx?altId=000965-25CP,True,False,False,leak|uninhabitable,,
000985-25CP,7,2025 Jan 23 12:00:00 AM,,,Completed,330 3RD AVE W,98119,https://services.seattle.gov/portal/customize/LinkToRecord.aspx?altId=000985-25CP,True,False,False,hazard,,
001020-25CP,7,2025 Jan 23 12:00:00 AM,,,Completed,702 SPRING ST,98101,https://services.seattle.gov/portal/customize/LinkToRecord.aspx?altId=001020-25CP,False,True,False,,locked out,
1060187-TR,7,2025 Jan 24 12:00:00 AM,,,Completed,810 HARRISON ST,98109,https://services.seattle.gov/portal/customize/LinkToRecord.aspx?altId=1060187-TR,False,True,False,,tenant relocation,
001061-25CP,7,2025 Jan 24 12:00:00 AM,,,Closed,105 WARREN AVE N,98109,https://services.seattle.gov/portal/customize/LinkToRecord.aspx?altId=001061-25CP,False,False,True,,,3 day notice
001114-25CP,7,2025 Jan 27 12:00:00 AM,2025 Feb 12 12:00:00 AM,Completed,Completed,2014 FAIRVIEW AVE,98121,https://services.seattle.gov/portal/customize/LinkToRecord.aspx?altId=001114-25CP,True,False,False,odor|garbage|unsanitary|unsanitary conditions,,
001188-25CP,7,2025 Jan 28 12:00:00 AM,2025 Mar 06 12:00:00 AM,Completed,Completed,2233 14TH AVE W,98119,https://services.seattle.gov/portal/customize/LinkToRecord.aspx?altId=001188-25CP,True,False,False,leak|leaks,,
001255-25CP,7,2025 Jan 29 12:00:00 AM,,,Closed,2215 1ST AVE,98121,https://services.seattle.gov/portal/customize/LinkToRecord.aspx?altId=001255-25CP,False,False,True,,,3 day notice
001256-25CP,7,2025 Jan 29 12:00:00 AM,,,Closed,2215 1ST AVE,98121,https://services.seattle.gov/portal/customize/LinkToRecord.aspx?altId=001256-25CP,False,False,True,,,3 day notice
1060207-VI,7,2025 Jan 30 12:00:00 AM,2025 Mar 13 12:00:00 AM,Compliance Achieved,Completed,315 1ST AVE N,98109,https://services.seattle.gov/portal/customize/LinkToRecord.aspx?altId=1060207-VI,False,True,False,,told to move out|pota,
001424-25CP,7,2025 Feb 04 12:00:00 AM,,,Closed,2008 WESTLAKE AVE,98121,https://services.seattle.gov/portal/customize/LinkToRecord.aspx?altId=001424-25CP,False,False,True,,,3 day notice
001510-25CP,7,2025 Feb 07 12:00:00 AM,2025 May 20 12:00:00 AM,Completed,Completed,94 BAY ST,98109,https://services.seattle.gov/portal/customize/LinkToRecord.aspx?altId=001510-25CP,True,False,False,no hot water,,
001513-25CP,7,2025 Feb 07 12:00:00 AM,2025 Mar 05 12:00:00 AM,Completed,Completed,2517 THORNDYKE AVE W,98199,https://services.seattle.gov/portal/customize/LinkToRecord.aspx?altId=001513-25CP,True,False,False,leak|leaking,,
001533-25CP,7,2025 Feb 07 12:00:00 AM,2025 Mar 12 12:00:00 AM,Completed,Completed,1401 5TH AVE N,98109,https://services.seattle.gov/portal/customize/LinkToRecord.aspx?altId=001533-25CP,True,False,False,mold,,
1060276-VI,7,2025 Feb 12 12:00:00 AM,2025 Apr 15 12:00:00 AM,Compliance Achieved,Completed,620 5TH AVE W,98119,https://services.seattle.gov/portal/customize/LinkToRecord.aspx?altId=1060276-VI,True,False,False,cockroach|roaches,,
001649-25CP,7,2025 Feb 12 12:00:00 AM,,,Closed,1102 8TH AVE,98101,https://services.seattle.gov/portal/customize/LinkToRecord.aspx?altId=001649-25CP,True,False,False,roaches|garbage,,
001705-25CP,7,2025 Feb 12 12:00:00 AM,2025 Mar 05 12:00:00 AM,Completed,Completed,409 EASTLAKE AVE E,98109,https://services.seattle.gov/portal/customize/LinkToRecord.aspx?altId=001705-25CP,True,False,False,mold,,
001746-25CP,7,2025 Feb 15 12:00:00 AM,,,Completed,2117 WAVERLY PL N,98109,https://services.seattle.gov/portal/customize/LinkToRecord.aspx?altId=001746-25CP,True,False,True,mold|moisture,,notice to vacate
001884-25CP,7,2025 Feb 20 12:00:00 AM,2025 Mar 12 12:00:00 AM,Completed,Completed,3420 15TH AVE W,98119,https://services.seattle.gov/portal/customize/LinkToRecord.aspx?altId=001884-25CP,True,False,False,mold|black mold,,
001900-25CP,7,2025 Feb 20 12:00:00 AM,,,Closed,810 DEXTER AVE N,98109,https://services.seattle.gov/portal/customize/LinkToRecord.aspx?altId=001900-25CP,True,False,False,no hot water,,
001935-25CP,7,2025 Feb 21 12:00:00 AM,2025 Mar 04 12:00:00 AM,Completed,Completed,130 BOREN AVE N,98109,https://services.seattle.gov/portal/customize/LinkToRecord.aspx?altId=001935-25CP,True,False,False,no hot water|mold|black mold,,
001954-25CP,7,2025 Feb 21 12:00:00 AM,2025 May 06 12:00:00 AM,Withdrawn,Closed,2024 3RD AVE,98121,https://services.seattle.gov/portal/customize/LinkToRecord.aspx?altId=001954-25CP,True,False,False,no hot water,,
001958-25CP,7,2025 Feb 21 12:00:00 AM,,,Closed,2008 WESTLAKE AVE,98121,https://services.seattle.gov/portal/customize/LinkToRecord.aspx?altId=001958-25CP,False,False,True,,,3 day notice
001967-25CP,7,2025 Feb 21 12:00:00 AM,,,Closed,211 PINE ST,98101,https://services.seattle.gov/portal/customize/LinkToRecord.aspx?altId=001967-25CP,False,False,True,,,3 day notice
002020-25CP,7,2025 Feb 23 12:00:00 AM,2025 Jun 04 12:00:00 AM,Completed,Completed,2661 8TH AVE W,98119,https://services.seattle.gov/portal/customize/LinkToRecord.aspx?altId=002020-25CP,True,False,False,unsafe,,
002062-25CP,7,2025 Feb 24 12:00:00 AM,2025 Mar 11 12:00:00 AM,Completed,Completed,2405 W Lynn ST,,https://services.seattle.gov/portal/customize/LinkToRecord.aspx?altId=002062-25CP,True,False,False,infestation,,
002166-25CP,7,2025 Feb 26 12:00:00 AM,2025 Mar 06 12:00:00 AM,Completed,Under Investigation,1735 DEXTER AVE N,98109,https://services.seattle.gov/portal/customize/LinkToRecord.aspx?altId=002166-25CP,True,False,False,flooded|mold,,
002440-25CP,7,2025 Mar 04 12:00:00 AM,,,Closed,809 OLIVE WAY,98101,https://services.seattle.gov/portal/customize/LinkToRecord.aspx?altId=002440-25CP,True,False,False,flooded,,
002485-25CP,7,2025 Mar 05 12:00:00 AM,2025 Apr 01 12:00:00 AM,Completed,Completed,600 W OLYMPIC PL,98119,https://services.seattle.gov/portal/customize/LinkToRecord.aspx?altId=002485-25CP,True,False,False,leak|mold,,
002486-25CP,7,2025 Mar 05 12:00:00 AM,,,Completed,809 OLIVE WAY,98101,https://services.seattle.gov/portal/customize/LinkToRecord.aspx?altId=002486-25CP,True,False,False,flooded,,
1060441-VI,7,2025 Mar 06 12:00:00 AM,2025 May 21 12:00:00 AM,Compliance Achieved,Completed,2517 THORNDYKE AVE W,98199,https://services.seattle.gov/portal/customize/LinkToRecord.aspx?altId=1060441-VI,True,False,False,leak|leaking,,
1060442-VI,7,2025 Mar 06 12:00:00 AM,2025 Aug 20 12:00:00 AM,Compliance Achieved-Virtual,Completed,409 EASTLAKE AVE E,98109,https://services.seattle.gov/portal/customize/LinkToRecord.aspx?altId=1060442-VI,True,False,False,mold,,
1060445-VI,7,2025 Mar 06 12:00:00 AM,2025 May 01 12:00:00 AM,Compliance Achieved,Completed,1735 DEXTER AVE N,98109,https://services.seattle.gov/portal/customize/LinkToRecord.aspx?altId=1060445-VI,True,False,False,flooded|mold,,
002529-25CP,7,2025 Mar 06 12:00:00 AM,2025 Apr 30 12:00:00 AM,Completed,Completed,110 W OLYMPIC PL,98119,https://services.seattle.gov/portal/customize/LinkToRecord.aspx?altId=002529-25CP,True,False,False,rats|roaches,,
002601-25CP,7,2025 Mar 08 12:00:00 AM,,,Completed,1305 denny WAY,,https://services.seattle.gov/portal/customize/LinkToRecord.aspx?altId=002601-25CP,True,False,False,leak,,
002746-25CP,7,2025 Mar 11 12:00:00 AM,,,Completed,3230 16TH AVE W,98119,https://services.seattle.gov/portal/customize/LinkToRecord.aspx?altId=002746-25CP,False,False,True,,,utility billing
1060458-VI,7,2025 Mar 12 12:00:00 AM,2025 Mar 06 12:00:00 AM,Completed,NOV Issued,2233 14TH AVE W,98119,https://services.seattle.gov/portal/customize/LinkToRecord.aspx?altId=1060458-VI,True,False,False,leak|leaks,,
002783-25CP,7,2025 Mar 12 12:00:00 AM,,,Completed,2118 10TH AVE W,98119,https://services.seattle.gov/portal/customize/LinkToRecord.aspx?altId=002783-25CP,True,False,False,leak|leaking|mold,,
002877-25CP,7,2025 Mar 14 12:00:00 AM,,,Closed,975 JOHN ST,98109,https://services.seattle.gov/portal/customize/LinkToRecord.aspx?altId=002877-25CP,True,False,False,no hot water,,
002903-25CP,7,2025 Mar 14 12:00:00 AM,,,Completed,801 SPRING ST,98104,https://services.seattle.gov/portal/customize/LinkToRecord.aspx?altId=002903-25CP,True,False,False,infestation|rodent,,
1060501-VI,7,2025 Mar 17 12:00:00 AM,2025 May 14 12:00:00 AM,Compliance Achieved,Completed,3420 15TH AVE W,98119,https://services.seattle.gov/portal/customize/LinkToRecord.aspx?altId=1060501-VI,True,False,False,mold|black mold,,
002960-25CP,7,2025 Mar 17 12:00:00 AM,2025 Mar 27 12:00:00 AM,Completed,Completed,1627 10th AVE W,,https://services.seattle.gov/portal/customize/LinkToRecord.aspx?altId=002960-25CP,True,False,False,water damage,,
002989-25CP,7,2025 Mar 18 12:00:00 AM,,,Completed,110 VINE ST,98121,https://services.seattle.gov/portal/customize/LinkToRecord.aspx?altId=002989-25CP,True,False,False,infestation|cockroach,,
003035-25CP,7,2025 Mar 19 12:00:00 AM,,,Closed,110 Vine ST,,https://services.seattle.gov/portal/customize/LinkToRecord.aspx?altId=003035-25CP,True,False,False,leak|cockroach|roaches,,
003067-25CP,7,2025 Mar 19 12:00:00 AM,,,Completed,1102 8th AVE,,https://services.seattle.gov/portal/customize/LinkToRecord.aspx?altId=003067-25CP,True,False,False,infestation|bedbug,,
003073-25CP,7,2025 Mar 20 12:00:00 AM,,,Completed,2800 ELLIOTT AVE,98121,https://services.seattle.gov/portal/customize/LinkToRecord.aspx?altId=003073-25CP,True,False,False,infestation|cockroach|roaches|pest control,,
003127-25CP,7,2025 Mar 20 12:00:00 AM,,,Completed,2209 1ST AVE,98121,https://services.seattle.gov/portal/customize/LinkToRecord.aspx?altId=003127-25CP,True,False,False,mice|roaches,,
003145-25CP,7,2025 Mar 21 12:00:00 AM,2025 Jun 03 12:00:00 AM,Completed,Completed,2614 4TH AVE,98121,https://services.seattle.gov/portal/customize/LinkToRecord.aspx?altId=003145-25CP,True,False,False,hazard|garbage,,
003257-25CP,7,2025 Mar 24 12:00:00 AM,2025 May 07 12:00:00 AM,Completed,Completed,2602 4th AVE,,https://services.seattle.gov/portal/customize/LinkToRecord.aspx?altId=003257-25CP,True,False,False,unsafe,,
1060557-TR,7,2025 Mar 25 12:00:00 AM,,,Completed,103 VINE ST,98121,https://services.seattle.gov/portal/customize/LinkToRecord.aspx?altId=1060557-TR,False,True,False,,tenant relocation,
1060560-TR,7,2025 Mar 25 12:00:00 AM,,,Issued,1280 HARRISON ST,98109,https://services.seattle.gov/portal/customize/LinkToRecord.aspx?altId=1060560-TR,False,True,False,,tenant relocation,
1060578-VI,7,2025 Mar 26 12:00:00 AM,2025 Jun 17 12:00:00 AM,Compliance Achieved-Virtual,Completed,2608 23RD AVE W,98199,https://services.seattle.gov/portal/customize/LinkToRecord.aspx?altId=1060578-VI,True,False,False,no ventilation,,
003368-25CP,7,2025 Mar 26 12:00:00 AM,,,Closed,2602 4TH AVE,98121,https://services.seattle.gov/portal/customize/LinkToRecord.aspx?altId=003368-25CP,True,False,False,leak|ceiling falling,,
1060607-VI,7,2025 Mar 27 12:00:00 AM,2025 Aug 06 12:00:00 AM,Compliance Achieved,Completed,1627 10th AVE W,,https://services.seattle.gov/portal/customize/LinkToRecord.aspx?altId=1060607-VI,True,False,False,water damage,,
003437-25CP,7,2025 Mar 27 12:00:00 AM,2025 Apr 22 12:00:00 AM,Completed,Completed,2249 13TH AVE W,98119,https://services.seattle.gov/portal/customize/LinkToRecord.aspx?altId=003437-25CP,True,False,False,leak,,
003438-25CP,7,2025 Mar 27 12:00:00 AM,,,Completed,975 JOHN ST,98109,https://services.seattle.gov/portal/customize/LinkToRecord.aspx?altId=003438-25CP,True,False,False,leak,,
003440-25CP,7,2025 Mar 27 12:00:00 AM,2025 Apr 22 12:00:00 AM,Completed,Completed,2226 ELLIOTT AVE,98121,https://services.seattle.gov/portal/customize/LinkToRecord.aspx?altId=003440-25CP,True,False,False,fumes,,
003501-25CP,7,2025 Mar 28 12:00:00 AM,,,Closed,2212 1ST AVE,98121,https://services.seattle.gov/portal/customize/LinkToRecord.aspx?altId=003501-25CP,True,False,False,mold|black mold,,
1060626-VI,7,2025 Apr 01 12:00:00 AM,2025 Oct 02 12:00:00 AM,Compliance Achieved,Completed,600 W OLYMPIC PL,98119,https://services.seattle.gov/portal/customize/LinkToRecord.aspx?altId=1060626-VI,True,False,False,leak|mold,,
003653-25CP,7,2025 Apr 01 12:00:00 AM,2025 Apr 15 12:00:00 AM,Completed,Completed,312 2ND AVE W,98119,https://services.seattle.gov/portal/customize/LinkToRecord.aspx?altId=003653-25CP,True,False,False,water damage|mold,,
1060635-TR,7,2025 Apr 02 12:00:00 AM,,,Completed,25 W DRAVUS ST,98119,https://services.seattle.gov/portal/customize/LinkToRecord.aspx?altId=1060635-TR,False,True,False,,tenant relocation,
1060636-TR,7,2025 Apr 02 12:00:00 AM,,,Completed,31 W DRAVUS ST,98119,https://services.seattle.gov/portal/customize/LinkToRecord.aspx?altId=1060636-TR,False,True,False,,tenant relocation,
003714-25CP,7,2025 Apr 02 12:00:00 AM,,,Completed,2850 15TH AVE W,98119,https://services.seattle.gov/portal/customize/LinkToRecord.aspx?altId=003714-25CP,True,False,False,mold|black mold,,
003792-25CP,7,2025 Apr 04 12:00:00 AM,,,Completed,801 SPRING ST,98104,https://services.seattle.gov/portal/customize/LinkToRecord.aspx?altId=003792-25CP,True,False,False,rats,,
003887-25CP,7,2025 Apr 04 12:00:00 AM,,,Closed,2357 W PLYMOUTH ST,98199,https://services.seattle.gov/portal/customize/LinkToRecord.aspx?altId=003887-25CP,True,False,False,mold|black mold,,
004027-25CP,7,2025 Apr 09 12:00:00 AM,,,Closed,110 VINE ST,98121,https://services.seattle.gov/portal/customize/LinkToRecord.aspx?altId=004027-25CP,True,False,False,mold|black mold,,
004120-25CP,7,2025 Apr 10 12:00:00 AM,,,Completed,1405 DEXTER AVE N,98109,https://services.seattle.gov/portal/customize/LinkToRecord.aspx?altId=004120-25CP,True,False,False,odor,,
004124-25CP,7,2025 Apr 11 12:00:00 AM,,,Closed,1511 DEXTER AVE N,98109,https://services.seattle.gov/portal/customize/LinkToRecord.aspx?altId=004124-25CP,True,False,False,roaches|garbage,,
004144-25CP,7,2025 Apr 11 12:00:00 AM,,,Completed,831 W NICKERSON ST,98119,https://services.seattle.gov/portal/customize/LinkToRecord.aspx?altId=004144-25CP,True,False,False,mold,,
004234-25CP,7,2025 Apr 14 12:00:00 AM,,,Completed,2635 PROSCH AVE W,98119,https://services.seattle.gov/portal/customize/LinkToRecord.aspx?altId=004234-25CP,True,False,False,water damage,,
1060696-VI,7,2025 Apr 15 12:00:00 AM,2025 Apr 16 12:00:00 AM,Compliance Achieved,Completed,312 2ND AVE W,98119,https://services.seattle.gov/portal/customize/LinkToRecord.aspx?altId=1060696-VI,True,False,False,water damage|mold,,
004281-25CP,7,2025 Apr 15 12:00:00 AM,2025 Jun 20 12:00:00 AM,Withdrawn,Closed,75 VINE ST,98121,https://services.seattle.gov/portal/customize/LinkToRecord.aspx?altId=004281-25CP,True,False,False,leak|leaks,,
004297-25CP,7,2025 Apr 15 12:00:00 AM,2025 May 06 12:00:00 AM,Completed,Completed,800 SENECA ST,98101,https://services.seattle.gov/portal/customize/LinkToRecord.aspx?altId=004297-25CP,True,False,False,leak|leaking|leaks|mold,,
1060703-VI,7,2025 Apr 16 12:00:00 AM,2025 Jun 03 12:00:00 AM,Compliance Achieved,Completed,312 2ND AVE W,98119,https://services.seattle.gov/portal/customize/LinkToRecord.aspx?altId=1060703-VI,True,False,False,water damage|mold,,
004346-25CP,7,2025 Apr 16 12:00:00 AM,,,Closed,2105 5th AVE,,https://services.seattle.gov/portal/customize/LinkToRecord.aspx?altId=004346-25CP,True,False,False,uninhabitable,,
004350-25CP,7,2025 Apr 16 12:00:00 AM,2025 Jun 04 12:00:00 AM,Completed,Completed,2056 13TH AVE W,98119,https://services.seattle.gov/portal/customize/LinkToRecord.aspx?altId=004350-25CP,True,False,False,flooded,,
004392-25CP,7,2025 Apr 16 12:00:00 AM,,,Closed,1525 9TH AVE,98101,https://services.seattle.gov/portal/customize/LinkToRecord.aspx?altId=004392-25CP,False,False,True,,,3 day notice
004463-25CP,7,2025 Apr 17 12:00:00 AM,2025 Apr 30 12:00:00 AM,Completed,Completed,2635 PROSCH AVE W,98119,https://services.seattle.gov/portal/customize/LinkToRecord.aspx?altId=004463-25CP,True,False,False,water damage,,
004581-25CP,7,2025 Apr 21 12:00:00 AM,2025 May 08 12:00:00 AM,Completed,Completed,120 WESTLAKE AVE N,98109,https://services.seattle.gov/portal/customize/LinkToRecord.aspx?altId=004581-25CP,True,False,False,no heat,,
1060748-VI,7,2025 Apr 22 12:00:00 AM,2025 Nov 05 12:00:00 AM,Compliance Achieved,Completed,2249 13TH AVE W,98119,https://services.seattle.gov/portal/customize/LinkToRecord.aspx?altId=1060748-VI,True,False,False,leak,,
1060749-VI,7,2025 Apr 22 12:00:00 AM,2025 Aug 19 12:00:00 AM,Compliance Achieved,Completed,2226 ELLIOTT AVE,98121,https://services.seattle.gov/portal/customize/LinkToRecord.aspx?altId=1060749-VI,True,False,False,fumes,,
004811-25CP,7,2025 Apr 26 12:00:00 AM,2025 May 19 12:00:00 AM,Completed,Completed,1167 REPUBLICAN ST,98109,https://services.seattle.gov/portal/customize/LinkToRecord.aspx?altId=004811-25CP,True,False,False,mold,,
004830-25CP,7,2025 Apr 27 12:00:00 AM,,,Completed,605 5TH AVE N,98109,https://services.seattle.gov/portal/customize/LinkToRecord.aspx?altId=004830-25CP,True,False,False,mold,,
004942-25CP,7,2025 Apr 29 12:00:00 AM,,,Closed,800 SENECA ST,98101,https://services.seattle.gov/portal/customize/LinkToRecord.aspx?altId=004942-25CP,True,False,False,rats,,
004987-25CP,7,2025 Apr 30 12:00:00 AM,2025 May 15 12:00:00 AM,Completed,Completed,614 GALER ST,98109,https://services.seattle.gov/portal/customize/LinkToRecord.aspx?altId=004987-25CP,True,False,False,water damage,,
004988-25CP,7,2025 Apr 30 12:00:00 AM,,,Completed,800 SENECA ST,98101,https://services.seattle.gov/portal/customize/LinkToRecord.aspx?altId=004988-25CP,True,False,False,odor|garbage,,
1060796-VI,7,2025 Apr 30 12:00:00 AM,2025 Jul 03 12:00:00 AM,Compliance Achieved,Completed,2635 PROSCH AVE W,98119,https://services.seattle.gov/portal/customize/LinkToRecord.aspx?altId=1060796-VI,True,False,False,water damage,,
005086-25CP,7,2025 May 01 12:00:00 AM,,,Closed,620 GALER ST,98109,https://services.seattle.gov/portal/customize/LinkToRecord.aspx?altId=005086-25CP,True,False,False,unsafe|structural,,
005093-25CP,7,2025 May 02 12:00:00 AM,,,Closed,800 Seneca ST,,https://services.seattle.gov/portal/customize/LinkToRecord.aspx?altId=005093-25CP,True,False,False,broken window,,
005283-25CP,7,2025 May 06 12:00:00 AM,,,Closed,1823 MINOR AVE,98101,https://services.seattle.gov/portal/customize/LinkToRecord.aspx?altId=005283-25CP,False,False,True,,,3 day notice
005299-25CP,7,2025 May 07 12:00:00 AM,2025 May 28 12:00:00 AM,Completed,Completed,600 W OLYMPIC PL,98119,https://services.seattle.gov/portal/customize/LinkToRecord.aspx?altId=005299-25CP,True,False,False,flooded|mold,,
005346-25CP,7,2025 May 07 12:00:00 AM,,,Completed,714 7TH AVE,98104,https://services.seattle.gov/portal/customize/LinkToRecord.aspx?altId=005346-25CP,False,True,False,,locked out,
005351-25CP,7,2025 May 07 12:00:00 AM,,,Completed,1511 DEXTER AVE N,98109,https://services.seattle.gov/portal/customize/LinkToRecord.aspx?altId=005351-25CP,False,True,False,,retaliat,
1060865-VI,7,2025 May 07 12:00:00 AM,2025 May 07 12:00:00 AM,Completed,Completed,2602 4th AVE,,https://services.seattle.gov/portal/customize/LinkToRecord.aspx?altId=1060865-VI,True,False,False,unsafe,,
005438-25CP,7,2025 May 09 12:00:00 AM,,,Closed,2215 1ST AVE,98121,https://services.seattle.gov/portal/customize/LinkToRecord.aspx?altId=005438-25CP,False,False,True,,,3 day notice
005670-25CP,7,2025 May 15 12:00:00 AM,,,Closed,720 SENECA ST,98101,https://services.seattle.gov/portal/customize/LinkToRecord.aspx?altId=005670-25CP,True,False,False,rats,,
005686-25CP,7,2025 May 14 12:00:00 AM,2025 Jun 18 12:00:00 AM,Completed,Completed,2411 W LYNN ST,98199,https://services.seattle.gov/portal/customize/LinkToRecord.aspx?altId=005686-25CP,True,False,False,infestation,,
1060941-VI,7,2025 May 15 12:00:00 AM,2025 Oct 16 12:00:00 AM,Compliance Achieved,Completed,614 GALER ST,98109,https://services.seattle.gov/portal/customize/LinkToRecord.aspx?altId=1060941-VI,True,False,False,water damage,,
005853-25CP,7,2025 May 20 12:00:00 AM,,,Completed,2614 4TH AVE,98121,https://services.seattle.gov/portal/customize/LinkToRecord.aspx?altId=005853-25CP,True,False,False,hazard|garbage,,
005860-25CP,7,2025 May 20 12:00:00 AM,2025 Jun 18 12:00:00 AM,Completed,Completed,600 W OLYMPIC PL,98119,https://services.seattle.gov/portal/customize/LinkToRecord.aspx?altId=005860-25CP,True,False,False,leak|leaking,,
1060965-VI,7,2025 May 20 12:00:00 AM,2025 Oct 22 12:00:00 AM,Compliance Achieved,Completed,1167 REPUBLICAN ST,98109,https://services.seattle.gov/portal/customize/LinkToRecord.aspx?altId=1060965-VI,True,False,False,mold,,
005885-25CP,7,2025 May 20 12:00:00 AM,2025 Jun 10 12:00:00 AM,Completed,Completed,800 4TH AVE N,98109,https://services.seattle.gov/portal/customize/LinkToRecord.aspx?altId=005885-25CP,True,False,False,leak|water damage,,
006011-25CP,7,2025 May 22 12:00:00 AM,,,Closed,800 SENECA ST,98101,https://services.seattle.gov/portal/customize/LinkToRecord.aspx?altId=006011-25CP,True,False,False,uninhabitable,,
1060990-TR,7,2025 May 23 12:00:00 AM,,,Completed,25 W CREMONA ST,98119,https://services.seattle.gov/portal/customize/LinkToRecord.aspx?altId=1060990-TR,False,True,False,,tenant relocation,
006171-25CP,7,2025 May 28 12:00:00 AM,,,Closed,2400 ELLIOTT AVE,98121,https://services.seattle.gov/portal/customize/LinkToRecord.aspx?altId=006171-25CP,False,False,True,,,3 day notice
006173-25CP,7,2025 May 28 12:00:00 AM,,,Closed,94 BAY ST,98121,https://services.seattle.gov/portal/customize/LinkToRecord.aspx?altId=006173-25CP,False,False,True,,,3 day notice
1061006-VI,7,2025 May 28 12:00:00 AM,2025 Nov 05 12:00:00 AM,Compliance Achieved,Completed,600 W OLYMPIC PL,98119,https://services.seattle.gov/portal/customize/LinkToRecord.aspx?altId=1061006-VI,True,False,False,flooded|mold,,
006199-25CP,7,2025 May 28 12:00:00 AM,2025 Jun 18 12:00:00 AM,Completed,Completed,3207 21ST AVE W,98199,https://services.seattle.gov/portal/customize/LinkToRecord.aspx?altId=006199-25CP,True,False,False,leak|mold,,
006296-25CP,7,2025 May 29 12:00:00 AM,,,Completed,118 Bell ST,,https://services.seattle.gov/portal/customize/LinkToRecord.aspx?altId=006296-25CP,True,False,False,leak|leaks|mold,,
1061032-TR,7,2025 May 29 12:00:00 AM,,,Reviews Completed,62 CEDAR ST,98121,https://services.seattle.gov/portal/customize/LinkToRecord.aspx?altId=1061032-TR,False,True,False,,tenant relocation,
006408-25CP,7,2025 Jun 02 12:00:00 AM,,,Completed,600 W OLYMPIC PL,98119,https://services.seattle.gov/portal/customize/LinkToRecord.aspx?altId=006408-25CP,True,False,False,leak,,
006564-25CP,7,2025 Jun 04 12:00:00 AM,,,Completed,50 UNIVERSITY ST,98101,https://services.seattle.gov/portal/customize/LinkToRecord.aspx?altId=006564-25CP,True,False,False,water damage,,
006729-25CP,7,2025 Jun 06 12:00:00 AM,,,Closed,120 WESTLAKE AVE N,98109,https://services.seattle.gov/portal/customize/LinkToRecord.aspx?altId=006729-25CP,True,False,False,no hot water,,
006778-25CP,7,2025 Jun 07 12:00:00 AM,,,Closed,215 PONTIUS AVE N,98109,https://services.seattle.gov/portal/customize/LinkToRecord.aspx?altId=006778-25CP,True,False,False,no hot water,,
006918-25CP,7,2025 Jun 10 12:00:00 AM,,,Closed,702 SPRING ST,98101,https://services.seattle.gov/portal/customize/LinkToRecord.aspx?altId=006918-25CP,False,False,True,,,3 day notice
007043-25CP,7,2025 Jun 12 12:00:00 AM,,,Closed,229 QUEEN ANNE AVE N,98109,https://services.seattle.gov/portal/customize/LinkToRecord.aspx?altId=007043-25CP,False,False,True,,,3 day notice
1061125-TR,7,2025 Jun 12 12:00:00 AM,,,Completed,1249 5TH AVE N,98109,https://services.seattle.gov/portal/customize/LinkToRecord.aspx?altId=1061125-TR,False,True,False,,tenant relocation,
1061141-VI,7,2025 Jun 13 12:00:00 AM,2025 Jun 13 12:00:00 AM,Completed,NOV Issued,2204 1st AVE,,https://services.seattle.gov/portal/customize/LinkToRecord.aspx?altId=1061141-VI,True,False,False,unsafe,,
007176-25CP,7,2025 Jun 13 12:00:00 AM,2025 Jun 18 12:00:00 AM,Completed,Completed,11 ETRURIA ST,98109,https://services.seattle.gov/portal/customize/LinkToRecord.aspx?altId=007176-25CP,True,False,False,water damage|mildew,,
007177-25CP,7,2025 Jun 13 12:00:00 AM,2025 Jul 15 12:00:00 AM,Completed,Completed,2209 1ST AVE,98121,https://services.seattle.gov/portal/customize/LinkToRecord.aspx?altId=007177-25CP,True,False,False,infestation|mice,,
007183-25CP,7,2025 Jun 16 12:00:00 AM,,,Closed,1145 REPUBLICAN ST,98109,https://services.seattle.gov/portal/customize/LinkToRecord.aspx?altId=007183-25CP,True,False,False,sewage,,
007221-25CP,7,2025 Jun 16 12:00:00 AM,,,Closed,121 STEWART ST,98101,https://services.seattle.gov/portal/customize/LinkToRecord.aspx?altId=007221-25CP,True,False,False,leak|leaking,,
007379-25CP,7,2025 Jun 18 12:00:00 AM,,,Closed,103 VINE ST,98121,https://services.seattle.gov/portal/customize/LinkToRecord.aspx?altId=007379-25CP,False,True,False,,trao,
1061156-VI,7,2025 Jun 18 12:00:00 AM,2025 Jul 29 12:00:00 AM,Compliance Achieved,Completed,11 ETRURIA ST,98109,https://services.seattle.gov/portal/customize/LinkToRecord.aspx?altId=1061156-VI,True,False,False,water damage|mildew,,
007479-25CP,7,2025 Jun 20 12:00:00 AM,,,Completed,1170 HARRISON ST,98109,https://services.seattle.gov/portal/customize/LinkToRecord.aspx?altId=007479-25CP,True,False,False,flooding|moisture|infestation,,
007630-25CP,7,2025 Jun 23 12:00:00 AM,,,Closed,121 STEWART ST,98101,https://services.seattle.gov/portal/customize/LinkToRecord.aspx?altId=007630-25CP,True,False,False,leak,,
1061179-VI,7,2025 Jun 24 12:00:00 AM,2025 Oct 27 12:00:00 AM,Compliance Achieved,Completed,3207 21ST AVE W,98199,https://services.seattle.gov/portal/customize/LinkToRecord.aspx?altId=1061179-VI,True,False,False,leak|mold,,
007718-25CP,7,2025 Jun 25 12:00:00 AM,,,Closed,1902 2ND AVE,98101,https://services.seattle.gov/portal/customize/LinkToRecord.aspx?altId=007718-25CP,False,False,True,,,3 day notice
1061201-VI,7,2025 Jun 26 12:00:00 AM,2025 Oct 02 12:00:00 AM,Compliance Achieved,Completed,600 W OLYMPIC PL,98119,https://services.seattle.gov/portal/customize/LinkToRecord.aspx?altId=1061201-VI,True,False,False,water damage,,
007835-25CP,7,2025 Jun 26 12:00:00 AM,,,Completed,800 SENECA ST,98101,https://services.seattle.gov/portal/customize/LinkToRecord.aspx?altId=007835-25CP,True,False,False,leak|leaking,,
007923-25CP,7,2025 Jun 27 12:00:00 AM,2025 Jul 23 12:00:00 AM,Completed,Completed,3440 B 23RD AVE W,98199,https://services.seattle.gov/portal/customize/LinkToRecord.aspx?altId=007923-25CP,True,False,False,leak|leaking|garbage,,
007989-25CP,7,2025 Jun 30 12:00:00 AM,,,Completed,1525 9th AVE,,https://services.seattle.gov/portal/customize/LinkToRecord.aspx?altId=007989-25CP,True,False,False,leak,,
008186-25CP,7,2025 Jul 03 12:00:00 AM,,,Closed,101 W OLYMPIC PL,98119,https://services.seattle.gov/portal/customize/LinkToRecord.aspx?altId=008186-25CP,True,False,False,mold,,
008326-25CP,7,2025 Jul 08 12:00:00 AM,,,Closed,1167 REPUBLICAN ST,98109,https://services.seattle.gov/portal/customize/LinkToRecord.aspx?altId=008326-25CP,False,False,True,,,3 day notice
008434-25CP,7,2025 Jul 09 12:00:00 AM,,,Completed,1605 5TH AVE N,98109,https://services.seattle.gov/portal/customize/LinkToRecord.aspx?altId=008434-25CP,True,False,True,mold,,tenant rights
008503-25CP,7,2025 Jul 09 12:00:00 AM,,,Completed,1525 9TH AVE,98101,https://services.seattle.gov/portal/customize/LinkToRecord.aspx?altId=008503-25CP,True,False,False,leak,,
1061320-TR,7,2025 Jul 14 12:00:00 AM,,,Reviews Completed,3425 9TH AVE W,98119,https://services.seattle.gov/portal/customize/LinkToRecord.aspx?altId=1061320-TR,False,True,False,,tenant relocation,
1061321-TR,7,2025 Jul 14 12:00:00 AM,,,Reviews Completed,3429 9TH AVE W,98119,https://services.seattle.gov/portal/customize/LinkToRecord.aspx?altId=1061321-TR,False,True,False,,tenant relocation,
1061322-TR,7,2025 Jul 14 12:00:00 AM,,,Reviews Completed,3433 9TH AVE W,98119,https://services.seattle.gov/portal/customize/LinkToRecord.aspx?altId=1061322-TR,False,True,False,,tenant relocation,
008921-25CP,7,2025 Jul 16 12:00:00 AM,,,Closed,215 1ST AVE W,98119,https://services.seattle.gov/portal/customize/LinkToRecord.aspx?altId=008921-25CP,False,False,True,,,3 day notice
009160-25CP,7,2025 Jul 21 12:00:00 AM,,,Completed,3451 24TH AVE W,98199,https://services.seattle.gov/portal/customize/LinkToRecord.aspx?altId=009160-25CP,True,False,False,mold,,
009167-25CP,7,2025 Jul 21 12:00:00 AM,2025 Oct 16 12:00:00 AM,Completed,Closed,1811 EASTLAKE AVE,98101,https://services.seattle.gov/portal/customize/LinkToRecord.aspx?altId=009167-25CP,True,False,False,hazard,,
009197-25CP,7,2025 Jul 22 12:00:00 AM,,,Open Duplicate,800 Seneca ST,,https://services.seattle.gov/portal/customize/LinkToRecord.aspx?altId=009197-25CP,True,False,False,rats,,
1061372-TR,7,2025 Jul 22 12:00:00 AM,,,Completed,3225 27TH AVE W,98199,https://services.seattle.gov/portal/customize/LinkToRecord.aspx?altId=1061372-TR,False,True,False,,tenant relocation,
009338-25CP,7,2025 Jul 23 12:00:00 AM,2025 Oct 30 12:00:00 AM,Compliance Achieved,Completed,2905 1ST AVE,98121,https://services.seattle.gov/portal/customize/LinkToRecord.aspx?altId=009338-25CP,False,True,False,,retaliat,
009352-25CP,7,2025 Jul 23 12:00:00 AM,,,Completed,109 DEXTER AVE N,98109,https://services.seattle.gov/portal/customize/LinkToRecord.aspx?altId=009352-25CP,True,False,False,unsafe,,
1061382-VI,7,2025 Jul 24 12:00:00 AM,2025 Sep 25 12:00:00 AM,Compliance Achieved,Completed,3440 B 23RD AVE W,98199,https://services.seattle.gov/portal/customize/LinkToRecord.aspx?altId=1061382-VI,True,False,False,leak|leaking|garbage,,
009438-25CP,7,2025 Jul 24 12:00:00 AM,,,Closed,710 CHERRY ST,98104,https://services.seattle.gov/portal/customize/LinkToRecord.aspx?altId=009438-25CP,False,False,True,,,3 day notice
009498-25CP,7,2025 Jul 25 12:00:00 AM,,,Closed,2209 1ST AVE,98121,https://services.seattle.gov/portal/customize/LinkToRecord.aspx?altId=009498-25CP,False,False,True,,,3 day notice
009536-25CP,7,2025 Jul 25 12:00:00 AM,2025 Sep 16 12:00:00 AM,Completed,Completed,100 ALOHA ST,98109,https://services.seattle.gov/portal/customize/LinkToRecord.aspx?altId=009536-25CP,True,False,False,vermin|hazard|garbage,,
009581-25CP,7,2025 Jul 28 12:00:00 AM,,,Closed,1301 1ST AVE,98101,https://services.seattle.gov/portal/customize/LinkToRecord.aspx?altId=009581-25CP,True,False,False,unsafe|uninhabitable|hazard|broken window,,
009639-25CP,7,2025 Jul 29 12:00:00 AM,,,Closed,2900 1ST AVE,98121,https://services.seattle.gov/portal/customize/LinkToRecord.aspx?altId=009639-25CP,True,False,False,leak|leaking,,
1061427-VI,7,2025 Jul 30 12:00:00 AM,2025 Jul 15 12:00:00 AM,Completed,Under Investigation,2209 1ST AVE,98121,https://services.seattle.gov/portal/customize/LinkToRecord.aspx?altId=1061427-VI,True,False,False,infestation|mice,,
009771-25CP,7,2025 Jul 31 12:00:00 AM,,,Closed,1901 3RD AVE,98101,https://services.seattle.gov/portal/customize/LinkToRecord.aspx?altId=009771-25CP,True,False,False,no heat|rats,,
009789-25CP,7,2025 Jul 31 12:00:00 AM,2025 Aug 13 12:00:00 AM,Completed,Completed,1102 8TH AVE,98101,https://services.seattle.gov/portal/customize/LinkToRecord.aspx?altId=009789-25CP,True,False,False,no hot water|roaches,,
009797-25CP,7,2025 Jul 31 12:00:00 AM,,,Closed,2407 1ST AVE,98121,https://services.seattle.gov/portal/customize/LinkToRecord.aspx?altId=009797-25CP,True,False,False,no heat,,
009822-25CP,7,2025 Jul 31 12:00:00 AM,2025 Aug 19 12:00:00 AM,Completed,Completed,2134 WAVERLY PL N,98109,https://services.seattle.gov/portal/customize/LinkToRecord.aspx?altId=009822-25CP,True,False,False,sewage|leak|mold,,
009840-25CP,7,2025 Aug 01 12:00:00 AM,,,Completed,116 STEWART ST,98101,https://services.seattle.gov/portal/customize/LinkToRecord.aspx?altId=009840-25CP,True,False,False,mold|black mold,,
009864-25CP,7,2025 Aug 01 12:00:00 AM,2025 Oct 29 12:00:00 AM,Completed,Completed,2614 4TH AVE,98121,https://services.seattle.gov/portal/customize/LinkToRecord.aspx?altId=009864-25CP,True,False,False,mold|no ventilation|garbage,,
009995-25CP,7,2025 Aug 05 12:00:00 AM,2025 Aug 21 12:00:00 AM,Completed,Completed,600 W Olympic PL,,https://services.seattle.gov/portal/customize/LinkToRecord.aspx?altId=009995-25CP,True,False,False,leak|leaking,,
010010-25CP,7,2025 Jul 31 12:00:00 AM,2025 Nov 05 12:00:00 AM,Completed,Completed,1520 6TH AVE,98101,https://services.seattle.gov/portal/customize/LinkToRecord.aspx?altId=010010-25CP,True,False,False,infestation,,
010070-25CP,7,2025 Aug 01 12:00:00 AM,,,Completed,800 SENECA ST,98101,https://services.seattle.gov/portal/customize/LinkToRecord.aspx?altId=010070-25CP,True,False,False,garbage|unsanitary,,
010085-25CP,7,2025 Aug 05 12:00:00 AM,2025 Nov 21 12:00:00 AM,Completed,Completed,2614 4th AVE,,https://services.seattle.gov/portal/customize/LinkToRecord.aspx?altId=010085-25CP,True,False,False,infestation|bedbug,,
010146-25CP,7,2025 Aug 06 12:00:00 AM,,,Completed,1102 8TH AVE,98101,https://services.seattle.gov/portal/customize/LinkToRecord.aspx?altId=010146-25CP,True,False,False,no hot water,,
010203-25CP,7,2025 Aug 07 12:00:00 AM,,,Open Duplicate,800 SENECA ST,98101,https://services.seattle.gov/portal/customize/LinkToRecord.aspx?altId=010203-25CP,True,False,False,infestation,,
010274-25CP,7,2025 Aug 08 12:00:00 AM,,,Closed,2202 8TH AVE,98121,https://services.seattle.gov/portal/customize/LinkToRecord.aspx?altId=010274-25CP,True,False,False,water damage,,
010420-25CP,7,2025 Aug 12 12:00:00 AM,,,Closed,111 CEDAR ST,98121,https://services.seattle.gov/portal/customize/LinkToRecord.aspx?altId=010420-25CP,False,False,True,,,3 day notice
010653-25CP,7,2025 Aug 15 12:00:00 AM,,,Completed,2510 WESTERN AVE,98121,https://services.seattle.gov/portal/customize/LinkToRecord.aspx?altId=010653-25CP,True,False,False,flooding,,
010663-25CP,7,2025 Aug 15 12:00:00 AM,,,Closed,800 SENECA ST,98101,https://services.seattle.gov/portal/customize/LinkToRecord.aspx?altId=010663-25CP,True,False,False,infestation|odor,,
010666-25CP,7,2025 Aug 15 12:00:00 AM,2025 Sep 02 12:00:00 AM,Completed,Completed,800 SENECA ST,98101,https://services.seattle.gov/portal/customize/LinkToRecord.aspx?altId=010666-25CP,True,False,False,infestation|odor,,
010706-25CP,7,2025 Aug 16 12:00:00 AM,,,Closed,303 Battery ST,,https://services.seattle.gov/portal/customize/LinkToRecord.aspx?altId=010706-25CP,True,False,False,hazard|fire hazard,,
010719-25CP,7,2025 Aug 17 12:00:00 AM,,,Closed,2300 ELLIOTT AVE,98121,https://services.seattle.gov/portal/customize/LinkToRecord.aspx?altId=010719-25CP,True,False,False,infestation|garbage|unsanitary,,
010810-25CP,7,2025 Aug 19 12:00:00 AM,,,Closed,221 W Mercer ST,,https://services.seattle.gov/portal/customize/LinkToRecord.aspx?altId=010810-25CP,True,False,False,infestation|bed bug,,
010816-25CP,7,2025 Aug 20 12:00:00 AM,,,Closed,116 STEWART ST,98101,https://services.seattle.gov/portal/customize/LinkToRecord.aspx?altId=010816-25CP,False,False,True,,,3 day notice
1061577-VI,7,2025 Aug 20 12:00:00 AM,2025 Aug 19 12:00:00 AM,Completed,NOV Issued,2134 WAVERLY PL N,98109,https://services.seattle.gov/portal/customize/LinkToRecord.aspx?altId=1061577-VI,True,False,False,sewage|leak|mold,,
1061586-VI,7,2025 Aug 21 12:00:00 AM,2025 Aug 21 12:00:00 AM,Completed,NOV Issued,600 W Olympic PL,,https://services.seattle.gov/portal/customize/LinkToRecord.aspx?altId=1061586-VI,True,False,False,leak|leaking,,
010938-25CP,7,2025 Aug 22 12:00:00 AM,,,Completed,2513 13TH AVE W,98119,https://services.seattle.gov/portal/customize/LinkToRecord.aspx?altId=010938-25CP,False,False,True,,,rent increase
011018-25CP,7,2025 Aug 25 12:00:00 AM,,,Completed,1000 8TH AVE,98104,https://services.seattle.gov/portal/customize/LinkToRecord.aspx?altId=011018-25CP,True,False,False,infestation|cockroach|roaches|pest control,,
011033-25CP,7,2025 Aug 26 12:00:00 AM,,,Open Duplicate,800 SENECA ST,98101,https://services.seattle.gov/portal/customize/LinkToRecord.aspx?altId=011033-25CP,True,False,False,infestation|odor|unsanitary|unsanitary conditions,,
1061608-TR,7,2025 Aug 26 12:00:00 AM,,,Reviews Completed,2523 GILMAN DR W,98119,https://services.seattle.gov/portal/customize/LinkToRecord.aspx?altId=1061608-TR,False,True,False,,tenant relocation,
1061619-TR,7,2025 Aug 27 12:00:00 AM,,,Reviews Completed,320 W REPUBLICAN ST,98119,https://services.seattle.gov/portal/customize/LinkToRecord.aspx?altId=1061619-TR,False,True,False,,tenant relocation,
1061623-TR,7,2025 Aug 27 12:00:00 AM,,,Reviews Completed,409 W MERCER ST,98119,https://services.seattle.gov/portal/customize/LinkToRecord.aspx?altId=1061623-TR,False,True,False,,tenant relocation,
011096-25CP,7,2025 Aug 27 12:00:00 AM,,,Closed,901 6TH AVE,98104,https://services.seattle.gov/portal/customize/LinkToRecord.aspx?altId=011096-25CP,True,False,False,lead paint,,
011112-25CP,7,2025 Aug 27 12:00:00 AM,,,Closed,800 SENECA ST,98101,https://services.seattle.gov/portal/customize/LinkToRecord.aspx?altId=011112-25CP,True,False,False,leak|leaking,,
011114-25CP,7,2025 Aug 27 12:00:00 AM,2025 Sep 10 12:00:00 AM,Completed,Completed,2821 14TH AVE W,98119,https://services.seattle.gov/portal/customize/LinkToRecord.aspx?altId=011114-25CP,True,False,False,leak|leaking|water damage|uninhabitable,,
011126-25CP,7,2025 Aug 28 12:00:00 AM,,,Completed,800 SENECA ST,98101,https://services.seattle.gov/portal/customize/LinkToRecord.aspx?altId=011126-25CP,True,False,False,infestation,,
011148-25CP,7,2025 Aug 28 12:00:00 AM,2025 Oct 10 12:00:00 AM,Completed,Completed,704 SPRING ST,98104,https://services.seattle.gov/portal/customize/LinkToRecord.aspx?altId=011148-25CP,True,False,False,odor|garbage,,
011254-25CP,7,2025 Sep 01 12:00:00 AM,,,Completed,800 SENECA ST,98101,https://services.seattle.gov/portal/customize/LinkToRecord.aspx?altId=011254-25CP,True,False,False,infestation|uninhabitable|odor|garbage,,
011256-25CP,7,2025 Sep 02 12:00:00 AM,,,Closed,715 Spring ST,,https://services.seattle.gov/portal/customize/LinkToRecord.aspx?altId=011256-25CP,True,False,False,rats|bed bug,,
011272-25CP,7,2025 Sep 02 12:00:00 AM,,,Closed,1600 7th AVE,,https://services.seattle.gov/portal/customize/LinkToRecord.aspx?altId=011272-25CP,True,False,False,unsafe,,
1061644-VI,7,2025 Sep 02 12:00:00 AM,2025 Oct 29 12:00:00 AM,Compliance Achieved,Completed,800 SENECA ST,98101,https://services.seattle.gov/portal/customize/LinkToRecord.aspx?altId=1061644-VI,True,False,False,infestation|odor,,
011318-25CP,7,2025 Sep 03 12:00:00 AM,,,Closed,1823 MINOR AVE,98101,https://services.seattle.gov/portal/customize/LinkToRecord.aspx?altId=011318-25CP,False,False,True,,,3 day notice
011367-25CP,7,2025 Sep 04 12:00:00 AM,,,Closed,2020 TERRY AVE,98121,https://services.seattle.gov/portal/customize/LinkToRecord.aspx?altId=011367-25CP,False,False,True,,,3 day notice
011453-25CP,7,2025 Sep 06 12:00:00 AM,,,Completed,80 Stewart ST,,https://services.seattle.gov/portal/customize/LinkToRecord.aspx?altId=011453-25CP,True,False,False,bed bug,,
011591-25CP,7,2025 Sep 10 12:00:00 AM,,,Completed,2100 ALASKAN WAY,98121,https://services.seattle.gov/portal/customize/LinkToRecord.aspx?altId=011591-25CP,False,False,True,,,rrio
1061681-VI,7,2025 Sep 10 12:00:00 AM,2025 Oct 14 12:00:00 AM,Compliance Achieved,Completed,2821 14TH AVE W,98119,https://services.seattle.gov/portal/customize/LinkToRecord.aspx?altId=1061681-VI,True,False,False,leak|leaking|water damage|uninhabitable,,
011643-25CP,7,2025 Sep 10 12:00:00 AM,,,Closed,420 VINE ST,98121,https://services.seattle.gov/portal/customize/LinkToRecord.aspx?altId=011643-25CP,True,False,False,rats,,
011654-25CP,7,2025 Sep 11 12:00:00 AM,,,Closed,101 W OLYMPIC PL,98119,https://services.seattle.gov/portal/customize/LinkToRecord.aspx?altId=011654-25CP,True,False,False,leak|mold|unsafe,,
011685-25CP,7,2025 Sep 11 12:00:00 AM,2025 Nov 26 12:00:00 AM,Completed,Completed,75 VINE ST,98121,https://services.seattle.gov/portal/customize/LinkToRecord.aspx?altId=011685-25CP,True,True,False,sewage|leak|water damage,pota,
011748-25CP,7,2025 Aug 25 12:00:00 AM,,,Closed,1212 QUEEN ANNE AVE N,98109,https://services.seattle.gov/portal/customize/LinkToRecord.aspx?altId=011748-25CP,True,False,False,infestation|cockroach|bedbug,,
011840-25CP,7,2025 Sep 16 12:00:00 AM,,,Closed,610 2ND AVE N,98109,https://services.seattle.gov/portal/customize/LinkToRecord.aspx?altId=011840-25CP,False,False,True,,,3 day notice
011843-25CP,7,2025 Sep 16 12:00:00 AM,,,Completed,610 Galer ST,,https://services.seattle.gov/portal/customize/LinkToRecord.aspx?altId=011843-25CP,True,False,False,mold,,
011914-25CP,7,2025 Sep 17 12:00:00 AM,,,Completed,800 SENECA ST,98101,https://services.seattle.gov/portal/customize/LinkToRecord.aspx?altId=011914-25CP,True,False,False,leak|leaks|infestation,,
011967-25CP,7,2025 Sep 18 12:00:00 AM,,,Closed,49 W DRAVUS ST,98119,https://services.seattle.gov/portal/customize/LinkToRecord.aspx?altId=011967-25CP,True,False,False,leak|leaking,,
012029-25CP,7,2025 Sep 19 12:00:00 AM,2025 Oct 27 12:00:00 AM,Completed,Completed,1114 2ND AVE N,98109,https://services.seattle.gov/portal/customize/LinkToRecord.aspx?altId=012029-25CP,True,False,False,no electricity|mold|asbestos,,
012045-25CP,7,2025 Sep 20 12:00:00 AM,,,Completed,215 1ST AVE N,98109,https://services.seattle.gov/portal/customize/LinkToRecord.aspx?altId=012045-25CP,True,False,False,hazard|fire hazard,,
012168-25CP,7,2025 Sep 23 12:00:00 AM,,,Completed,702 SPRING ST,98101,https://services.seattle.gov/portal/customize/LinkToRecord.aspx?altId=012168-25CP,True,False,False,hazard,,
012324-25CP,7,2025 Aug 29 12:00:00 AM,,,Closed,80 STEWART ST,98101,https://services.seattle.gov/portal/customize/LinkToRecord.aspx?altId=012324-25CP,True,False,False,infestation|bedbug,,
1061806-TR,7,2025 Sep 29 12:00:00 AM,,,Reviews In Process,2410 W MANOR PL,98199,https://services.seattle.gov/portal/customize/LinkToRecord.aspx?altId=1061806-TR,False,True,False,,tenant relocation,
012403-25CP,7,2025 Sep 30 12:00:00 AM,,,Closed,919 STEWART ST,98101,https://services.seattle.gov/portal/customize/LinkToRecord.aspx?altId=012403-25CP,True,False,False,infestation|cockroach|pest control,,
1061819-TR,7,2025 Oct 01 12:00:00 AM,,,Reviews Completed,620 5TH AVE W,98119,https://services.seattle.gov/portal/customize/LinkToRecord.aspx?altId=1061819-TR,False,True,False,,tenant relocation,
1061826-TR,7,2025 Oct 02 12:00:00 AM,,,Application Completed,372 ROY ST,98109,https://services.seattle.gov/portal/customize/LinkToRecord.aspx?altId=1061826-TR,False,True,False,,tenant relocation,
012586-25CP,7,2025 Oct 03 12:00:00 AM,,,Closed,2719 10TH AVE W,98119,https://services.seattle.gov/portal/customize/LinkToRecord.aspx?altId=012586-25CP,True,False,False,unsafe,,
012610-25CP,7,2025 Oct 03 12:00:00 AM,,,Completed,602 Terry AVE N,,https://services.seattle.gov/portal/customize/LinkToRecord.aspx?altId=012610-25CP,True,False,False,hazard,,
012792-25CP,7,2025 Oct 08 12:00:00 AM,,,Closed,94 BAY ST,98121,https://services.seattle.gov/portal/customize/LinkToRecord.aspx?altId=012792-25CP,False,False,True,,,3 day notice
012854-25CP,7,2025 Oct 09 12:00:00 AM,,,Closed,223 W KINNEAR PL,98119,https://services.seattle.gov/portal/customize/LinkToRecord.aspx?altId=012854-25CP,True,False,False,foundation issues,,
012856-25CP,7,2025 Oct 09 12:00:00 AM,,,Closed,2415 WESTERN AVE,98121,https://services.seattle.gov/portal/customize/LinkToRecord.aspx?altId=012856-25CP,True,False,False,hazard|hazardous|garbage,,
012859-25CP,7,2025 Oct 09 12:00:00 AM,,,Closed,2321 4TH AVE,98121,https://services.seattle.gov/portal/customize/LinkToRecord.aspx?altId=012859-25CP,True,False,False,water damage|mold,,
1061856-TR,7,2025 Oct 09 12:00:00 AM,,,Reviews Completed,155 VALLEY ST,98109,https://services.seattle.gov/portal/customize/LinkToRecord.aspx?altId=1061856-TR,False,True,False,,tenant relocation,
012900-25CP,7,2025 Sep 29 12:00:00 AM,,,Under Investigation,1624 BOREN AVE,98101,https://services.seattle.gov/portal/customize/LinkToRecord.aspx?altId=012900-25CP,True,False,False,mold,,
012950-25CP,7,2025 Oct 10 12:00:00 AM,2025 Nov 24 12:00:00 AM,Completed,Completed,201 GALER ST,98109,https://services.seattle.gov/portal/customize/LinkToRecord.aspx?altId=012950-25CP,True,False,False,leak|mold|unsafe|uninhabitable|hazard|hazardous|asbestos,,
012981-25CP,7,2025 Oct 13 12:00:00 AM,,,Open Duplicate,800 SENECA ST,98101,https://services.seattle.gov/portal/customize/LinkToRecord.aspx?altId=012981-25CP,True,False,False,uninhabitable,,
013068-25CP,7,2025 Oct 15 12:00:00 AM,,,Open Duplicate,800 SENECA ST,98101,https://services.seattle.gov/portal/customize/LinkToRecord.aspx?altId=013068-25CP,True,False,False,garbage,,
013195-25CP,7,2025 Oct 17 12:00:00 AM,2025 Nov 26 12:00:00 AM,Completed,Completed,580 Galer ST,,https://services.seattle.gov/portal/customize/LinkToRecord.aspx?altId=013195-25CP,True,False,False,leak|leaking|dampness|structural,,
013259-25CP,7,2025 Oct 19 12:00:00 AM,,,Under Investigation,1170 Republican ST,,https://services.seattle.gov/portal/customize/LinkToRecord.aspx?altId=013259-25CP,False,True,False,,locked out,
013290-25CP,7,2025 Oct 20 12:00:00 AM,,,Completed,1223 W NICKERSON ST,98119,https://services.seattle.gov/portal/customize/LinkToRecord.aspx?altId=013290-25CP,True,False,False,flooded,,
013408-25CP,7,2025 Oct 22 12:00:00 AM,,,Closed,80 STEWART ST,,https://services.seattle.gov/portal/customize/LinkToRecord.aspx?altId=013408-25CP,True,False,False,bed bug,,
013465-25CP,7,2025 Oct 22 12:00:00 AM,,,Under Investigation,121 STEWART ST,98101,https://services.seattle.gov/portal/customize/LinkToRecord.aspx?altId=013465-25CP,False,False,True,,,code violation
013467-25CP,7,2025 Oct 22 12:00:00 AM,,,Open Duplicate,121 Stewart ST,,https://services.seattle.gov/portal/customize/LinkToRecord.aspx?altId=013467-25CP,True,True,False,leak|leaking|uninhabitable,retaliat,
013702-25CP,7,2025 Oct 28 12:00:00 AM,,,Closed,1110 8TH AVE,98101,https://services.seattle.gov/portal/customize/LinkToRecord.aspx?altId=013702-25CP,True,True,False,hazard,locked out,
013710-25CP,7,2025 Oct 28 12:00:00 AM,,,Open Duplicate,1110 8TH AVE,98101,https://services.seattle.gov/portal/customize/LinkToRecord.aspx?altId=013710-25CP,True,False,False,hazard|hazardous,,
013717-25CP,7,2025 Oct 28 12:00:00 AM,,,Under Investigation,133 PONTIUS AVE N,98109,https://services.seattle.gov/portal/customize/LinkToRecord.aspx?altId=013717-25CP,True,False,False,mold,,
013805-25CP,7,2025 Oct 30 12:00:00 AM,,,Initiated,400 DEXTER AVE N,98109,https://services.seattle.gov/portal/customize/LinkToRecord.aspx?altId=013805-25CP,False,True,False,,threaten,
013817-25CP,7,2025 Oct 30 12:00:00 AM,2025 Dec 16 12:00:00 AM,Completed,Completed,1823 TERRY AVE,98101,https://services.seattle.gov/portal/customize/LinkToRecord.aspx?altId=013817-25CP,False,True,False,,shut off water,
013907-25CP,7,2025 Nov 02 12:00:00 AM,,,Under Investigation,500 WALL ST,98121,https://services.seattle.gov/portal/customize/LinkToRecord.aspx?altId=013907-25CP,True,False,False,hazard|hazardous|garbage|unsanitary,,
013908-25CP,7,2025 Nov 02 12:00:00 AM,,,Closed,500 WALL ST,98121,https://services.seattle.gov/portal/customize/LinkToRecord.aspx?altId=013908-25CP,True,False,False,garbage,,
013909-25CP,7,2025 Nov 02 12:00:00 AM,,,Open Duplicate,500 WALL ST,98121,https://services.seattle.gov/portal/customize/LinkToRecord.aspx?altId=013909-25CP,True,False,False,hazard,,
013912-25CP,7,2025 Nov 02 12:00:00 AM,,,Completed,500 WALL ST,98121,https://services.seattle.gov/portal/customize/LinkToRecord.aspx?altId=013912-25CP,True,False,False,unsafe|garbage|unsanitary,,
013953-25CP,7,2025 Nov 03 12:00:00 AM,,,Completed,2801 WESTERN AVE,98121,https://services.seattle.gov/portal/customize/LinkToRecord.aspx?altId=013953-25CP,True,False,False,no hot water,,
013961-25CP,7,2025 Nov 04 12:00:00 AM,,,Closed,800 Seneca ST,,https://services.seattle.gov/portal/customize/LinkToRecord.aspx?altId=013961-25CP,True,False,False,no hot water,,
013990-25CP,7,2025 Nov 04 12:00:00 AM,,,Closed,80 Stewart ST,,https://services.seattle.gov/portal/customize/LinkToRecord.aspx?altId=013990-25CP,True,False,False,infestation|bed bug,,
014054-25CP,7,2025 Oct 29 12:00:00 AM,,,Completed,1811 EASTLAKE AVE,98101,https://services.seattle.gov/portal/customize/LinkToRecord.aspx?altId=014054-25CP,True,False,False,rodent,,
014108-25CP,7,2025 Nov 05 12:00:00 AM,,,Under Investigation,111 YALE AVE N,98109,https://services.seattle.gov/portal/customize/LinkToRecord.aspx?altId=014108-25CP,True,False,True,cockroach|roaches|bed bug|pest control,,just cause
014130-25CP,7,2025 Nov 06 12:00:00 AM,,,Closed,2119 3RD AVE,98121,https://services.seattle.gov/portal/customize/LinkToRecord.aspx?altId=014130-25CP,False,False,True,,,3 day notice
014160-25CP,7,2025 Nov 06 12:00:00 AM,,,Completed,221 MINOR AVE N,98109,https://services.seattle.gov/portal/customize/LinkToRecord.aspx?altId=014160-25CP,True,False,False,leak,,
014201-25CP,7,2025 Nov 03 12:00:00 AM,,,Under Investigation,569 LEE ST,98109,https://services.seattle.gov/portal/customize/LinkToRecord.aspx?altId=014201-25CP,True,False,False,mold,,
014251-25CP,7,2025 Nov 07 12:00:00 AM,,,Under Investigation,1953 10TH AVE W,98119,https://services.seattle.gov/portal/customize/LinkToRecord.aspx?altId=014251-25CP,True,False,False,mold|moisture,,
014313-25CP,7,2025 Nov 10 12:00:00 AM,,,Under Investigation,17 VALLEY ST,98109,https://services.seattle.gov/portal/customize/LinkToRecord.aspx?altId=014313-25CP,True,False,False,odor,,
014369-25CP,7,2025 Nov 12 12:00:00 AM,,,Under Investigation,1320 Mercer ST,,https://services.seattle.gov/portal/customize/LinkToRecord.aspx?altId=014369-25CP,True,False,False,leak|leaks|flooding|mold,,
014396-25CP,7,2025 Nov 12 12:00:00 AM,,,Under Investigation,400 BOREN AVE N,98109,https://services.seattle.gov/portal/customize/LinkToRecord.aspx?altId=014396-25CP,False,True,False,,pota,
014401-25CP,7,2025 Nov 12 12:00:00 AM,,,Closed,3500 25TH AVE W,98199,https://services.seattle.gov/portal/customize/LinkToRecord.aspx?altId=014401-25CP,True,False,False,leak|mold|black mold,,
014416-25CP,7,2025 Nov 12 12:00:00 AM,,,Closed,1600 2ND AVE,98101,https://services.seattle.gov/portal/customize/LinkToRecord.aspx?altId=014416-25CP,False,False,True,,,3 day notice
014502-25CP,7,2025 Nov 14 12:00:00 AM,,,Closed,420 VINE ST,98121,https://services.seattle.gov/portal/customize/LinkToRecord.aspx?altId=014502-25CP,True,False,False,leak|leaks|infestation|cockroach|hazard|fire hazard,,
014528-25CP,7,2025 Nov 14 12:00:00 AM,,,Open Duplicate,121 Stewart ST,,https://services.seattle.gov/portal/customize/LinkToRecord.aspx?altId=014528-25CP,True,False,False,leak|uninhabitable,,
014544-25CP,7,2025 Nov 14 12:00:00 AM,,,Closed,715 SPRING ST,98104,https://services.seattle.gov/portal/customize/LinkToRecord.aspx?altId=014544-25CP,True,False,False,infestation|rats|bed bug,,
014560-25CP,7,2025 Nov 16 12:00:00 AM,,,Closed,588 BELL ST,98121,https://services.seattle.gov/portal/customize/LinkToRecord.aspx?altId=014560-25CP,True,False,False,flooding|unsafe,,
014588-25CP,7,2025 Nov 17 12:00:00 AM,,,Closed,2215 W ARMOUR ST,98199,https://services.seattle.gov/portal/customize/LinkToRecord.aspx?altId=014588-25CP,True,False,False,infestation|rodent,,
014603-25CP,7,2025 Nov 17 12:00:00 AM,,,Open Duplicate,121 STEWART ST,,https://services.seattle.gov/portal/customize/LinkToRecord.aspx?altId=014603-25CP,False,False,True,,,code violation
014622-25CP,7,2025 Nov 17 12:00:00 AM,,,Open Duplicate,121 STEWART ST,,https://services.seattle.gov/portal/customize/LinkToRecord.aspx?altId=014622-25CP,False,False,True,,,code violation
014630-25CP,7,2025 Nov 17 12:00:00 AM,,,Completed,1827 YALE AVE,98101,https://services.seattle.gov/portal/customize/LinkToRecord.aspx?altId=014630-25CP,True,False,False,unsafe,,
014638-25CP,7,2025 Nov 18 12:00:00 AM,,,Closed,710 CHERRY ST,98104,https://services.seattle.gov/portal/customize/LinkToRecord.aspx?altId=014638-25CP,False,False,True,,,3 day notice
014640-25CP,7,2025 Nov 18 12:00:00 AM,,,Closed,1624 BOREN AVE,98101,https://services.seattle.gov/portal/customize/LinkToRecord.aspx?altId=014640-25CP,False,False,True,,,3 day notice
014652-25CP,7,2025 Nov 18 12:00:00 AM,,,Under Investigation,423 W REPUBLICAN ST,98119,https://services.seattle.gov/portal/customize/LinkToRecord.aspx?altId=014652-25CP,True,False,False,no water,,
014653-25CP,7,2025 Nov 18 12:00:00 AM,2025 Dec 24 12:00:00 AM,Completed,Completed,2024 3RD AVE,98121,https://services.seattle.gov/portal/customize/LinkToRecord.aspx?altId=014653-25CP,True,False,False,leak|cockroach|roaches,,
014666-25CP,7,2025 Nov 18 12:00:00 AM,,,Open Duplicate,121 STEWART ST,,https://services.seattle.gov/portal/customize/LinkToRecord.aspx?altId=014666-25CP,True,False,False,uninhabitable,,
014669-25CP,7,2025 Nov 18 12:00:00 AM,,,Open Duplicate,121 STEWART ST,,https://services.seattle.gov/portal/customize/LinkToRecord.aspx?altId=014669-25CP,True,False,False,uninhabitable,,
1062070-VI,7,2025 Nov 18 12:00:00 AM,,,NOV Issued,1114 2ND AVE N,98109,https://services.seattle.gov/portal/customize/LinkToRecord.aspx?altId=1062070-VI,True,False,False,no electricity|mold|asbestos,,
014795-25CP,7,2025 Nov 20 12:00:00 AM,,,Closed,221 MINOR AVE N,98109,https://services.seattle.gov/portal/customize/LinkToRecord.aspx?altId=014795-25CP,True,False,False,flooded,,
014829-25CP,7,2025 Nov 21 12:00:00 AM,,,Under Investigation,2514 DEXTER AVE N,98109,https://services.seattle.gov/portal/customize/LinkToRecord.aspx?altId=014829-25CP,True,False,False,leak|leaking|mold,,
014845-25CP,7,2025 Nov 22 12:00:00 AM,2025 Dec 16 12:00:00 AM,No Access/Unable to Observe,Closed,2801 WESTERN AVE,98121,https://services.seattle.gov/portal/customize/LinkToRecord.aspx?altId=014845-25CP,True,False,False,lack of hot water,,
014921-25CP,7,2025 Nov 24 12:00:00 AM,,,Closed,500 WALL ST,98121,https://services.seattle.gov/portal/customize/LinkToRecord.aspx?altId=014921-25CP,True,False,False,unsafe,,
1062105-VI,7,2025 Nov 25 12:00:00 AM,2025 Nov 24 12:00:00 AM,Completed,NOV Issued,201 GALER ST,98109,https://services.seattle.gov/portal/customize/LinkToRecord.aspx?altId=1062105-VI,True,False,False,leak|mold|unsafe|uninhabitable|hazard|hazardous|asbestos,,
014991-25CP,7,2025 Nov 26 12:00:00 AM,,,Completed,118 BELL ST,98121,https://services.seattle.gov/portal/customize/LinkToRecord.aspx?altId=014991-25CP,True,False,False,unsafe,,
015017-25CP,7,2025 Nov 28 12:00:00 AM,,,Under Investigation,1420 WESTERN AVE,98101,https://services.seattle.gov/portal/customize/LinkToRecord.aspx?altId=015017-25CP,True,False,False,water damage,,
015029-25CP,7,2025 Nov 29 12:00:00 AM,2025 Dec 19 12:00:00 AM,Withdrawn,Closed,2024 3RD AVE,98121,https://services.seattle.gov/portal/customize/LinkToRecord.aspx?altId=015029-25CP,True,False,False,infestation|unsanitary,,
015047-25CP,7,2025 Oct 07 12:00:00 AM,,,Completed,201 GALER ST,98109,https://services.seattle.gov/portal/customize/LinkToRecord.aspx?altId=015047-25CP,True,False,False,water damage,,
015160-25CP,7,2025 Nov 24 12:00:00 AM,,,Under Investigation,600 5TH AVE W,98119,https://services.seattle.gov/portal/customize/LinkToRecord.aspx?altId=015160-25CP,True,False,False,leak,,
015207-25CP,7,2025 Dec 03 12:00:00 AM,,,Under Investigation,80 STEWART ST,98101,https://services.seattle.gov/portal/customize/LinkToRecord.aspx?altId=015207-25CP,True,False,True,mold|unsanitary,,vacate notice
015226-25CP,7,2025 Dec 04 12:00:00 AM,,,Under Investigation,2821 14TH AVE W,98119,https://services.seattle.gov/portal/customize/LinkToRecord.aspx?altId=015226-25CP,True,False,False,water damage|unsafe,,
015250-25CP,7,2025 Dec 04 12:00:00 AM,2025 Dec 09 12:00:00 AM,Completed,Completed,2612 WARREN AVE N,98109,https://services.seattle.gov/portal/customize/LinkToRecord.aspx?altId=015250-25CP,True,False,False,garbage,,
015346-25CP,7,2025 Dec 08 12:00:00 AM,,,Closed,800 SENECA ST,98101,https://services.seattle.gov/portal/customize/LinkToRecord.aspx?altId=015346-25CP,True,False,False,infestation|hazard|hazardous|garbage|unsanitary,,
015354-25CP,7,2025 Oct 23 12:00:00 AM,,,Open Duplicate,420 WALL ST,98121,https://services.seattle.gov/portal/customize/LinkToRecord.aspx?altId=015354-25CP,True,False,False,infestation,,
015364-25CP,7,2025 Dec 08 12:00:00 AM,,,Completed,800 SENECA ST,98101,https://services.seattle.gov/portal/customize/LinkToRecord.aspx?altId=015364-25CP,True,False,False,no heat,,
015370-25CP,7,2025 Oct 29 12:00:00 AM,,,Under Investigation,420 PONTIUS AVE N,98109,https://services.seattle.gov/portal/customize/LinkToRecord.aspx?altId=015370-25CP,True,False,False,odor,,
015372-25CP,7,2025 Dec 08 12:00:00 AM,,,Under Investigation,101 W OLYMPIC PL,98119,https://services.seattle.gov/portal/customize/LinkToRecord.aspx?altId=015372-25CP,True,False,False,cockroach|roaches,,
015374-25CP,7,2025 Oct 16 12:00:00 AM,,,Under Investigation,306 BOSTON ST,98109,https://services.seattle.gov/portal/customize/LinkToRecord.aspx?altId=015374-25CP,True,False,False,leak|mold,,
015394-25CP,7,2025 Dec 09 12:00:00 AM,,,Closed,94 BAY ST,98121,https://services.seattle.gov/portal/customize/LinkToRecord.aspx?altId=015394-25CP,False,False,True,,,3 day notice
015395-25CP,7,2025 Dec 09 12:00:00 AM,,,Closed,710 CHERRY ST,98104,https://services.seattle.gov/portal/customize/LinkToRecord.aspx?altId=015395-25CP,False,False,True,,,3 day notice
015396-25CP,7,2025 Dec 09 12:00:00 AM,,,Closed,1811 EASTLAKE AVE,98101,https://services.seattle.gov/portal/customize/LinkToRecord.aspx?altId=015396-25CP,False,False,True,,,3 day notice
015410-25CP,7,2025 Oct 29 12:00:00 AM,,,Completed,1102 8TH AVE,98101,https://services.seattle.gov/portal/customize/LinkToRecord.aspx?altId=015410-25CP,True,False,False,infestation|bed bug|garbage,,
015465-25CP,7,2025 Nov 06 12:00:00 AM,,,Completed,2024 3RD AVE,98121,https://services.seattle.gov/portal/customize/LinkToRecord.aspx?altId=015465-25CP,True,False,False,leak|leaking,,
1062182-TR,7,2025 Dec 10 12:00:00 AM,,,Initiated,554 WARD ST,98109,https://services.seattle.gov/portal/customize/LinkToRecord.aspx?altId=1062182-TR,False,True,False,,tenant relocation,
1062194-TR,7,2025 Dec 11 12:00:00 AM,,,Initiated,1919 2ND AVE W,98119,https://services.seattle.gov/portal/customize/LinkToRecord.aspx?altId=1062194-TR,False,True,False,,tenant relocation,
015537-25CP,7,2025 Dec 11 12:00:00 AM,,,Under Investigation,2030 8TH AVE,98121,https://services.seattle.gov/portal/customize/LinkToRecord.aspx?altId=015537-25CP,True,False,False,odor,,
015538-25CP,7,2025 Dec 11 12:00:00 AM,,,Under Investigation,1221 1ST AVE,98101,https://services.seattle.gov/portal/customize/LinkToRecord.aspx?altId=015538-25CP,True,False,False,leak,,
015658-25CP,7,2025 Dec 16 12:00:00 AM,,,Under Investigation,1300 W BOSTON ST,98119,https://services.seattle.gov/portal/customize/LinkToRecord.aspx?altId=015658-25CP,True,False,True,flooding|hazard,,rental registration
015706-25CP,7,2025 Dec 16 12:00:00 AM,,,Under Investigation,1120 8TH AVE,98101,https://services.seattle.gov/portal/customize/LinkToRecord.aspx?altId=015706-25CP,True,True,False,hazard,unpermitted work,
015757-25CP,7,2025 Nov 20 12:00:00 AM,,,Under Investigation,110 VINE ST,98121,https://services.seattle.gov/portal/customize/LinkToRecord.aspx?altId=015757-25CP,True,False,False,roaches,,
015782-25CP,7,2025 Nov 24 12:00:00 AM,,,Under Investigation,2132 2ND AVE,98121,https://services.seattle.gov/portal/customize/LinkToRecord.aspx?altId=015782-25CP,True,False,False,leak|leaking|water damage|mold,,
015783-25CP,7,2025 Dec 18 12:00:00 AM,,,Closed,2020 TERRY AVE,98121,https://services.seattle.gov/portal/customize/LinkToRecord.aspx?altId=015783-25CP,False,False,True,,,3 day notice
015824-25CP,7,2025 Nov 24 12:00:00 AM,,,Under Investigation,1938 11TH AVE W,98119,https://services.seattle.gov/portal/customize/LinkToRecord.aspx?altId=015824-25CP,True,False,False,ceiling falling,,
015848-25CP,7,2025 Dec 21 12:00:00 AM,,,Initiated,1200 WESTERN AVE,98101,https://services.seattle.gov/portal/customize/LinkToRecord.aspx?altId=015848-25CP,True,False,False,flooding|structural,,
015906-25CP,7,2025 Dec 22 12:00:00 AM,,,Initiated,1120 8TH AVE,98101,https://services.seattle.gov/portal/customize/LinkToRecord.aspx?altId=015906-25CP,True,False,False,hazard,,
015970-25CP,7,2025 Dec 23 12:00:00 AM,,,Under Investigation,3211 17TH AVE W,98119,https://services.seattle.gov/portal/customize/LinkToRecord.aspx?altId=015970-25CP,True,False,False,leak|leaks|moisture|hazard|electrical hazard,,
016007-25CP,7,2025 Dec 25 12:00:00 AM,,,Under Investigation,120 WESTLAKE,98109,https://services.seattle.gov/portal/customize/LinkToRecord.aspx?altId=016007-25CP,True,False,False,leak,,
