RecordNum,District,OpenDate,LastInspDate,LastInspResult,StatusCurrent,OriginalAddress1,OriginalZip,Link,HealthSafetyHabitability,HarassmentRetaliationDisplacement,RightsViolations,HealthSafetyTermsFound,HarassmentTermsFound,RightsTermsFound
011174-18CP,6,2018 Dec 17 12:00:00 AM,2018 Dec 24 12:00:00 AM,Completed,Completed,106 N 83RD ST,98103,https://services.seattle.gov/portal/customize/LinkToRecord.aspx?altId=011174-18CP,False,True,False,,pota|trao,
002083-15CP,6,2015 Mar 12 12:00:00 AM,2015 Mar 13 12:00:00 AM,Completed,Completed,3612 LEARY WAY NW,98107,https://services.seattle.gov/portal/customize/LinkToRecord.aspx?altId=002083-15CP,True,False,False,no water|no electricity|no power,,
006948-15CP,6,2015 Oct 29 12:00:00 AM,2015 Oct 30 12:00:00 AM,Completed,Completed,2359 N 62ND ST,98103,https://services.seattle.gov/portal/customize/LinkToRecord.aspx?altId=006948-15CP,True,False,False,sewage|raw sewage,,
007323-15CP,6,2015 Nov 20 12:00:00 AM,2015 Nov 20 12:00:00 AM,Completed,Completed,3610 PHINNEY AVE N,98103,https://services.seattle.gov/portal/customize/LinkToRecord.aspx?altId=007323-15CP,True,False,False,leak|roof leak,,
007619-15CP,6,2015 Dec 14 12:00:00 AM,2015 Dec 14 12:00:00 AM,Completed,Completed,100 N 39TH ST,98103,https://services.seattle.gov/portal/customize/LinkToRecord.aspx?altId=007619-15CP,True,False,False,leak,,
1034188-VI,6,2015 Mar 13 12:00:00 AM,,,Completed,3612 LEARY WAY NW,98107,https://services.seattle.gov/portal/customize/LinkToRecord.aspx?altId=1034188-VI,True,False,False,no water|no electricity|no power,,
1036192-VI,6,2015 Nov 20 12:00:00 AM,2015 Nov 20 12:00:00 AM,Compliance Achieved,Completed,3610 PHINNEY AVE N,98103,https://services.seattle.gov/portal/customize/LinkToRecord.aspx?altId=1036192-VI,True,False,False,leak|roof leak,,
1036273-VI,6,2015 Dec 07 12:00:00 AM,,,NOV Issued,2359 N 62ND ST,98103,https://services.seattle.gov/portal/customize/LinkToRecord.aspx?altId=1036273-VI,True,False,False,sewage|raw sewage,,
1036338-VI,6,2015 Dec 14 12:00:00 AM,2015 Dec 18 12:00:00 AM,Compliance Achieved,Completed,100 N 39TH ST,98103,https://services.seattle.gov/portal/customize/LinkToRecord.aspx?altId=1036338-VI,True,False,False,leak,,
001322-17CP,6,2017 Jan 23 12:00:00 AM,2017 Jan 23 12:00:00 AM,Completed,Completed,4311 35TH AVE W,98199,https://services.seattle.gov/portal/customize/LinkToRecord.aspx?altId=001322-17CP,True,False,False,leak,,
006923-17CP,6,2017 Sep 25 12:00:00 AM,2017 Sep 25 12:00:00 AM,Completed,Completed,4130 1ST AVE NW,98107,https://services.seattle.gov/portal/customize/LinkToRecord.aspx?altId=006923-17CP,True,False,False,no running water,,
1039300-VI,6,2017 Jan 23 12:00:00 AM,,,Completed,4311 35TH AVE W,98199,https://services.seattle.gov/portal/customize/LinkToRecord.aspx?altId=1039300-VI,True,False,False,leak,,
009633-18CP,6,2018 Oct 12 12:00:00 AM,2018 Oct 12 12:00:00 AM,Completed,Completed,6515 19th AVE NW,98117,https://services.seattle.gov/portal/customize/LinkToRecord.aspx?altId=009633-18CP,True,False,False,sewage,,
1045594-VI,6,2018 Dec 12 12:00:00 AM,2018 Dec 17 12:00:00 AM,Completed,Completed,1537 NW 56TH ST,98107,https://services.seattle.gov/portal/customize/LinkToRecord.aspx?altId=1045594-VI,True,False,False,garbage,,
000446-20CP,6,2020 Jan 15 12:00:00 AM,2020 Jan 15 12:00:00 AM,Completed,Completed,416 N 36TH ST,98103,https://services.seattle.gov/portal/customize/LinkToRecord.aspx?altId=000446-20CP,True,False,False,no heat|no hot water|no running water|leak|leaks|roof leak|mold|rats|unsafe,,
1049495-VI,6,2020 Jan 17 12:00:00 AM,2020 Jan 15 12:00:00 AM,Completed,Completed,416 N 36TH ST,98103,https://services.seattle.gov/portal/customize/LinkToRecord.aspx?altId=1049495-VI,True,False,False,no heat|no hot water|no running water|leak|leaks|roof leak|mold|rats|unsafe,,
1049856-VI,6,2020 Feb 21 12:00:00 AM,2020 Feb 24 12:00:00 AM,Compliance Achieved,Completed,400 NE 65TH ST,98115,https://services.seattle.gov/portal/customize/LinkToRecord.aspx?altId=1049856-VI,True,False,False,no heat,,
002647-20CP,6,2020 Mar 30 12:00:00 AM,,,Completed,1715 NW 58TH ST,98107,https://services.seattle.gov/portal/customize/LinkToRecord.aspx?altId=002647-20CP,True,False,False,no water,,
002759-20CP,6,2020 Apr 03 12:00:00 AM,2020 Apr 03 12:00:00 AM,Completed,Closed,4505 LINDEN AVE N,98103,https://services.seattle.gov/portal/customize/LinkToRecord.aspx?altId=002759-20CP,True,False,False,sewage|raw sewage,,
002765-20CP,6,2020 Apr 03 12:00:00 AM,,,Closed,4505 LINDEN AVE N,98103,https://services.seattle.gov/portal/customize/LinkToRecord.aspx?altId=002765-20CP,True,False,False,sewage|raw sewage,,
1050702-VI,6,2020 Aug 05 12:00:00 AM,2020 Dec 17 12:00:00 AM,Vacant,Completed,5116 9TH AVE NW,98107,https://services.seattle.gov/portal/customize/LinkToRecord.aspx?altId=1050702-VI,True,False,False,hazard|fire hazard,,
003687-21CP,6,2021 May 18 12:00:00 AM,,,Closed,7810 STROUD AVE N,98103,https://services.seattle.gov/portal/customize/LinkToRecord.aspx?altId=003687-21CP,True,False,False,hazard,,
1052563-VI,6,2021 Aug 04 12:00:00 AM,2021 Aug 06 12:00:00 AM,Completed,Completed,7810 STROUD AVE N,98103,https://services.seattle.gov/portal/customize/LinkToRecord.aspx?altId=1052563-VI,True,False,False,hazard,,
012149-22CP,6,2022 Nov 07 12:00:00 AM,2022 Nov 08 12:00:00 AM,Completed,Completed,1503 NW 59TH ST,98107,https://services.seattle.gov/portal/customize/LinkToRecord.aspx?altId=012149-22CP,True,False,False,no heat,,
1055059-VI,6,2022 Nov 09 12:00:00 AM,2022 Nov 14 12:00:00 AM,Compliance Achieved,Completed,1503 NW 59TH ST,98107,https://services.seattle.gov/portal/customize/LinkToRecord.aspx?altId=1055059-VI,True,False,False,no heat,,
1055094-VI,6,2022 Nov 16 12:00:00 AM,2022 Nov 22 12:00:00 AM,Compliance Achieved,Completed,3847 23RD AVE W,98199,https://services.seattle.gov/portal/customize/LinkToRecord.aspx?altId=1055094-VI,True,False,False,no heat,,
012502-22CP,6,2022 Nov 17 12:00:00 AM,2022 Dec 28 12:00:00 AM,Completed,Completed,3228 34TH AVE W,98199,https://services.seattle.gov/portal/customize/LinkToRecord.aspx?altId=012502-22CP,True,False,False,no heat,,
013082-22CP,6,2022 Dec 09 12:00:00 AM,,,Completed,5415 6TH AVE NW,98107,https://services.seattle.gov/portal/customize/LinkToRecord.aspx?altId=013082-22CP,True,False,True,no heat|leak|leaks,,code violation
013697-22CP,6,2022 Dec 23 12:00:00 AM,,,Completed,4135 EVANSTON AVE N,,https://services.seattle.gov/portal/customize/LinkToRecord.aspx?altId=013697-22CP,True,False,False,no heat,,
1055300-VI,6,2022 Dec 30 12:00:00 AM,2023 Feb 24 12:00:00 AM,Compliance Achieved,Completed,3228 34TH AVE W,98199,https://services.seattle.gov/portal/customize/LinkToRecord.aspx?altId=1055300-VI,True,False,False,no heat,,
1055782-VI,6,2023 Apr 04 12:00:00 AM,2023 Apr 04 12:00:00 AM,Completed,EO Repair Restore Issued,4250 33RD AVE W,98199,https://services.seattle.gov/portal/customize/LinkToRecord.aspx?altId=1055782-VI,True,False,True,leak|leaking|mold|rodent,,rrio
1055813-VI,6,2023 Apr 07 12:00:00 AM,,,EO Vacate Close Issued,4250 33RD AVE W,98199,https://services.seattle.gov/portal/customize/LinkToRecord.aspx?altId=1055813-VI,True,False,True,leak|leaking|mold|rodent,,rrio
005016-23CP,6,2023 May 15 12:00:00 AM,,,Completed,1544 A NW 58TH ST,98107,https://services.seattle.gov/portal/customize/LinkToRecord.aspx?altId=005016-23CP,True,False,False,no heat|leak,,
1055998-VI,6,2023 May 15 12:00:00 AM,,,Completed,1544 A NW 58TH ST,98107,https://services.seattle.gov/portal/customize/LinkToRecord.aspx?altId=1055998-VI,True,False,False,no heat|leak,,
1056097-VI,6,2023 May 31 12:00:00 AM,2023 Oct 11 12:00:00 AM,Compliance Achieved,Completed,4073 GILMAN AVE W,98199,https://services.seattle.gov/portal/customize/LinkToRecord.aspx?altId=1056097-VI,True,False,False,sewage,,
012251-23CP,6,2023 Oct 13 12:00:00 AM,2023 Oct 12 12:00:00 AM,Completed,Completed,6512 Phinney AVE N,98103,https://services.seattle.gov/portal/customize/LinkToRecord.aspx?altId=012251-23CP,True,False,False,no power,,
1056976-VI,6,2023 Oct 13 12:00:00 AM,2023 Oct 17 12:00:00 AM,Compliance Achieved,Completed,6512 Phinney AVE N,98103,https://services.seattle.gov/portal/customize/LinkToRecord.aspx?altId=1056976-VI,True,False,False,no power,,
012481-23CP,6,2023 Oct 19 12:00:00 AM,,,Completed,3119 W COMMODORE WAY,98199,https://services.seattle.gov/portal/customize/LinkToRecord.aspx?altId=012481-23CP,False,False,True,,,notice to vacate
014527-23CP,6,2023 Dec 15 12:00:00 AM,2023 Dec 14 12:00:00 AM,Completed,Closed,6512 Phinney AVE N,98103,https://services.seattle.gov/portal/customize/LinkToRecord.aspx?altId=014527-23CP,True,False,False,no power,,
1057373-VI,6,2023 Dec 15 12:00:00 AM,2023 Dec 14 12:00:00 AM,Completed,Completed,6512 Phinney AVE N,98103,https://services.seattle.gov/portal/customize/LinkToRecord.aspx?altId=1057373-VI,True,False,False,no power,,
000747-24CP,6,2024 Jan 19 12:00:00 AM,2024 Jan 26 12:00:00 AM,Completed,Completed,2418 NW 58TH ST,98107,https://services.seattle.gov/portal/customize/LinkToRecord.aspx?altId=000747-24CP,True,False,False,no heat,,
1057612-VI,6,2024 Jan 29 12:00:00 AM,2024 Feb 02 12:00:00 AM,Compliance Achieved,Completed,6009 6TH AVE NW,98107,https://services.seattle.gov/portal/customize/LinkToRecord.aspx?altId=1057612-VI,True,True,True,no water,pota,tenant rights
004840-24CP,6,2024 May 07 12:00:00 AM,,,Closed,6501 4TH AVE NW,98117,https://services.seattle.gov/portal/customize/LinkToRecord.aspx?altId=004840-24CP,True,False,False,no heat,,
012090-24CP,6,2024 Oct 23 12:00:00 AM,2024 Oct 24 12:00:00 AM,Completed,Completed,6211 FREMONT AVE N,98103,https://services.seattle.gov/portal/customize/LinkToRecord.aspx?altId=012090-24CP,True,False,False,sewage|leak,,
1059666-VI,6,2024 Oct 24 12:00:00 AM,2024 Oct 28 12:00:00 AM,Compliance Achieved,Completed,6211 FREMONT AVE N,98103,https://services.seattle.gov/portal/customize/LinkToRecord.aspx?altId=1059666-VI,True,False,False,sewage|leak,,
012372-24CP,6,2024 Nov 01 12:00:00 AM,2024 Nov 01 12:00:00 AM,Completed,Completed,521 N 74TH ST,98103,https://services.seattle.gov/portal/customize/LinkToRecord.aspx?altId=012372-24CP,True,False,False,no heat,,
1059713-VI,6,2024 Nov 01 12:00:00 AM,2024 Nov 05 12:00:00 AM,Compliance Achieved,Completed,521 N 74TH ST,98103,https://services.seattle.gov/portal/customize/LinkToRecord.aspx?altId=1059713-VI,True,False,False,no heat,,
013345-24CP,6,2024 Nov 29 12:00:00 AM,,,Closed,618 NW 58TH ST,98107,https://services.seattle.gov/portal/customize/LinkToRecord.aspx?altId=013345-24CP,True,False,False,no heat|no hot water|leak|water damage|rats|hazard|fire hazard,,
013688-24CP,6,2024 Dec 08 12:00:00 AM,,,Completed,618 NW 58TH ST,98107,https://services.seattle.gov/portal/customize/LinkToRecord.aspx?altId=013688-24CP,True,False,False,flooded|odor,,
001400-25CP,6,2025 Feb 03 12:00:00 AM,2025 Feb 11 12:00:00 AM,Completed,Completed,4400 Fremont AVE N,,https://services.seattle.gov/portal/customize/LinkToRecord.aspx?altId=001400-25CP,True,False,False,leak|leaking|mold|hazard|fire hazard,,
004087-25CP,6,2025 Apr 10 12:00:00 AM,2025 Apr 10 12:00:00 AM,Completed,Completed,6505 15TH AVE NW,98117,https://services.seattle.gov/portal/customize/LinkToRecord.aspx?altId=004087-25CP,True,False,False,sewage|leak,,
1060685-VI,6,2025 Apr 10 12:00:00 AM,2025 Apr 10 12:00:00 AM,Completed,Completed,6505 15TH AVE NW,98117,https://services.seattle.gov/portal/customize/LinkToRecord.aspx?altId=1060685-VI,True,False,False,sewage|leak,,
005712-25CP,6,2025 May 16 12:00:00 AM,2025 May 16 12:00:00 AM,Completed,Completed,7300 5TH AVE NE,98115,https://services.seattle.gov/portal/customize/LinkToRecord.aspx?altId=005712-25CP,True,False,False,flooding|unsafe|uninhabitable|structural,,
1060950-VI,6,2025 May 16 12:00:00 AM,2025 May 16 12:00:00 AM,Completed,EO Repair Restore Issued,7300 5TH AVE NE,98115,https://services.seattle.gov/portal/customize/LinkToRecord.aspx?altId=1060950-VI,True,False,False,flooding|unsafe|uninhabitable|structural,,
005833-25CP,6,2025 May 20 12:00:00 AM,2025 May 16 12:00:00 AM,Completed,Completed,7300 5TH AVE NE,98115,https://services.seattle.gov/portal/customize/LinkToRecord.aspx?altId=005833-25CP,True,False,False,flooding|unsafe|uninhabitable|structural,,
1060961-VI,6,2025 May 20 12:00:00 AM,2025 May 27 12:00:00 AM,Compliance Achieved,Completed,7300 5TH AVE NE,98115,https://services.seattle.gov/portal/customize/LinkToRecord.aspx?altId=1060961-VI,True,False,False,flooding|unsafe|uninhabitable|structural,,
014556-25CP,6,2025 Nov 15 12:00:00 AM,,,Completed,806 A N 48TH ST,98103,https://services.seattle.gov/portal/customize/LinkToRecord.aspx?altId=014556-25CP,False,True,False,,locked out,
015639-25CP,6,2025 Dec 15 12:00:00 AM,,,Closed,5206 BALLARD AVE NW,98107,https://services.seattle.gov/portal/customize/LinkToRecord.aspx?altId=015639-25CP,True,False,False,no heat,,
001493-20CP,6,2020 Feb 20 12:00:00 AM,2020 Feb 21 12:00:00 AM,Completed,Completed,400 NE 65TH ST,98115,https://services.seattle.gov/portal/customize/LinkToRecord.aspx?altId=001493-20CP,True,False,False,no heat,,
005640-23CP,6,2023 May 30 12:00:00 AM,2023 May 31 12:00:00 AM,Completed,Under Investigation,4073 GILMAN AVE W,98199,https://services.seattle.gov/portal/customize/LinkToRecord.aspx?altId=005640-23CP,True,False,False,sewage,,
005831-23CP,6,2023 Jun 02 12:00:00 AM,,,Completed,5512 17TH AVE NW,98107,https://services.seattle.gov/portal/customize/LinkToRecord.aspx?altId=005831-23CP,False,False,True,,,rent increase
006296-23CP,6,2023 Jun 13 12:00:00 AM,,,Completed,8311 15TH AVE NW,98117,https://services.seattle.gov/portal/customize/LinkToRecord.aspx?altId=006296-23CP,False,True,True,,locked out,pay or vacate|vacate notice
008212-23CP,6,2023 Jul 21 12:00:00 AM,,,Completed,456 NE MAPLE LEAF PL,98115,https://services.seattle.gov/portal/customize/LinkToRecord.aspx?altId=008212-23CP,False,False,True,,,eviction notice
010417-23CP,6,2023 Sep 01 12:00:00 AM,,,Completed,4312 FRANCIS AVE N,98103,https://services.seattle.gov/portal/customize/LinkToRecord.aspx?altId=010417-23CP,False,False,True,,,rent increase
010544-23CP,6,2023 Sep 06 12:00:00 AM,,,Under Investigation,6116 22ND AVE NW,98107,https://services.seattle.gov/portal/customize/LinkToRecord.aspx?altId=010544-23CP,False,False,True,,,eviction notice
010749-23CP,6,2023 Sep 11 12:00:00 AM,,,Completed,2850 NW 64TH ST,98107,https://services.seattle.gov/portal/customize/LinkToRecord.aspx?altId=010749-23CP,False,False,True,,,eviction notice
013956-23CP,6,2023 Dec 01 12:00:00 AM,,,Completed,6512 PHINNEY AVE N,98103,https://services.seattle.gov/portal/customize/LinkToRecord.aspx?altId=013956-23CP,False,True,False,,retaliat,
014735-23CP,6,2023 Dec 22 12:00:00 AM,,,Completed,5621 22ND AVE NW,98107,https://services.seattle.gov/portal/customize/LinkToRecord.aspx?altId=014735-23CP,False,False,True,,,notice to vacate
000811-24CP,6,2024 Jan 22 12:00:00 AM,,,Closed,1544 A NW 58TH ST,98107,https://services.seattle.gov/portal/customize/LinkToRecord.aspx?altId=000811-24CP,False,True,True,,retaliat,rent increase
001053-24CP,6,2024 Jan 26 12:00:00 AM,2024 Jan 26 12:00:00 AM,Completed,Completed,6009 6TH AVE NW,98107,https://services.seattle.gov/portal/customize/LinkToRecord.aspx?altId=001053-24CP,True,True,True,no water,pota,tenant rights
001357-24CP,6,2024 Feb 02 12:00:00 AM,,,Closed,3253 35TH AVE W,98199,https://services.seattle.gov/portal/customize/LinkToRecord.aspx?altId=001357-24CP,False,False,True,,,security deposit
001420-24CP,6,2024 Feb 05 12:00:00 AM,2024 Feb 12 12:00:00 AM,Completed,Under Investigation,108 NW 76th ST,,https://services.seattle.gov/portal/customize/LinkToRecord.aspx?altId=001420-24CP,True,True,True,no heat,pota,tenant rights
001783-24CP,6,2024 Feb 14 12:00:00 AM,,,Completed,550 NE RAVENNA BLVD,98115,https://services.seattle.gov/portal/customize/LinkToRecord.aspx?altId=001783-24CP,False,False,True,,,rent increase|without proper notice
002084-24CP,6,2024 Feb 23 12:00:00 AM,,,Completed,2034 NW 57TH ST,98107,https://services.seattle.gov/portal/customize/LinkToRecord.aspx?altId=002084-24CP,False,False,True,,,rent increase
002271-24CP,6,2024 Feb 29 12:00:00 AM,,,Completed,5007 2ND AVE NW,98107,https://services.seattle.gov/portal/customize/LinkToRecord.aspx?altId=002271-24CP,False,False,True,,,rent increase
002390-24CP,6,2024 Mar 04 12:00:00 AM,,,Completed,6247 2ND AVE NW,98107,https://services.seattle.gov/portal/customize/LinkToRecord.aspx?altId=002390-24CP,False,False,True,,,rent increase
002975-24CP,6,2024 Mar 18 12:00:00 AM,,,Closed,537 NE RAVENNA BLVD,98115,https://services.seattle.gov/portal/customize/LinkToRecord.aspx?altId=002975-24CP,False,False,True,,,rent increase
003141-24CP,6,2024 Mar 22 12:00:00 AM,,,Completed,1506 B NW 57TH ST,98107,https://services.seattle.gov/portal/customize/LinkToRecord.aspx?altId=003141-24CP,False,False,True,,,rent increase
003179-24CP,6,2024 Mar 25 12:00:00 AM,,,Completed,7542 JONES AVE NW,98117,https://services.seattle.gov/portal/customize/LinkToRecord.aspx?altId=003179-24CP,False,True,True,,retaliat,eviction notice
003190-24CP,6,2024 Mar 25 12:00:00 AM,,,Completed,6900 EAST GREEN LAKE WAY N,98115,https://services.seattle.gov/portal/customize/LinkToRecord.aspx?altId=003190-24CP,False,False,True,,,rent increase
003199-24CP,6,2024 Mar 25 12:00:00 AM,,,Completed,8026 15TH AVE NW,98117,https://services.seattle.gov/portal/customize/LinkToRecord.aspx?altId=003199-24CP,False,False,True,,,rent increase
003300-24CP,6,2024 Mar 27 12:00:00 AM,,,Completed,5906 28TH AVE NW,98107,https://services.seattle.gov/portal/customize/LinkToRecord.aspx?altId=003300-24CP,False,False,True,,,rent increase
003362-24CP,6,2024 Mar 28 12:00:00 AM,,,Completed,1753 NW 56TH ST,98107,https://services.seattle.gov/portal/customize/LinkToRecord.aspx?altId=003362-24CP,False,False,True,,,pay or vacate
003413-24CP,6,2024 Mar 29 12:00:00 AM,,,Closed,7208 LINDEN AVE N,98103,https://services.seattle.gov/portal/customize/LinkToRecord.aspx?altId=003413-24CP,False,True,True,,pota,tenant rights
003530-24CP,6,2024 Apr 03 12:00:00 AM,,,Completed,8541 PHINNEY AVE N,98103,https://services.seattle.gov/portal/customize/LinkToRecord.aspx?altId=003530-24CP,False,False,True,,,rent increase
003602-24CP,6,2024 Apr 04 12:00:00 AM,,,Closed,5398 RUSSELL AVE NW,98107,https://services.seattle.gov/portal/customize/LinkToRecord.aspx?altId=003602-24CP,False,False,True,,,eviction notice
003704-24CP,6,2024 Apr 08 12:00:00 AM,,,Completed,1521 NW 54TH ST,98107,https://services.seattle.gov/portal/customize/LinkToRecord.aspx?altId=003704-24CP,False,False,True,,,pay or vacate|vacate notice
003839-24CP,6,2024 Apr 11 12:00:00 AM,,,Completed,7318 LATONA AVE NE,98115,https://services.seattle.gov/portal/customize/LinkToRecord.aspx?altId=003839-24CP,False,False,True,,,rent increase
004264-24CP,6,2024 Apr 22 12:00:00 AM,,,Completed,3502 W BERTONA ST,98199,https://services.seattle.gov/portal/customize/LinkToRecord.aspx?altId=004264-24CP,False,False,True,,,notice to vacate
1058184-VI,6,2024 Apr 22 12:00:00 AM,,,Warning,3502 W BERTONA ST,98199,https://services.seattle.gov/portal/customize/LinkToRecord.aspx?altId=1058184-VI,False,False,True,,,notice to vacate
004466-24CP,6,2024 Apr 26 12:00:00 AM,,,Completed,465 N 45TH ST,98103,https://services.seattle.gov/portal/customize/LinkToRecord.aspx?altId=004466-24CP,False,False,True,,,rent increase
004582-24CP,6,2024 Apr 30 12:00:00 AM,,,Completed,6900 EAST GREEN LAKE WAY N,98115,https://services.seattle.gov/portal/customize/LinkToRecord.aspx?altId=004582-24CP,False,False,True,,,rent increase
004664-24CP,6,2024 May 02 12:00:00 AM,,,Completed,4131 PHINNEY AVE N,98103,https://services.seattle.gov/portal/customize/LinkToRecord.aspx?altId=004664-24CP,False,False,True,,,rent increase
004709-24CP,6,2024 May 03 12:00:00 AM,,,Completed,3647 35TH AVE W,98199,https://services.seattle.gov/portal/customize/LinkToRecord.aspx?altId=004709-24CP,False,True,False,,threaten,
005686-24CP,6,2024 May 30 12:00:00 AM,,,Completed,1701 NW 56TH ST,98107,https://services.seattle.gov/portal/customize/LinkToRecord.aspx?altId=005686-24CP,False,False,True,,,rent increase
005809-24CP,6,2024 Jun 03 12:00:00 AM,,,Completed,6200 6TH AVE NW,98107,https://services.seattle.gov/portal/customize/LinkToRecord.aspx?altId=005809-24CP,False,False,True,,,rent increase
005899-24CP,6,2024 Jun 05 12:00:00 AM,,,Under Investigation,7555 17TH AVE NW,98117,https://services.seattle.gov/portal/customize/LinkToRecord.aspx?altId=005899-24CP,False,False,True,,,rent increase
005910-24CP,6,2024 Jun 05 12:00:00 AM,,,Completed,419 NE 71ST ST,98115,https://services.seattle.gov/portal/customize/LinkToRecord.aspx?altId=005910-24CP,False,False,True,,,rent increase
006004-24CP,6,2024 Jun 07 12:00:00 AM,,,Closed,2635 NW 88TH ST,98117,https://services.seattle.gov/portal/customize/LinkToRecord.aspx?altId=006004-24CP,False,False,True,,,rent increase
006006-24CP,6,2024 Jun 07 12:00:00 AM,,,Completed,1545 NW MARKET ST,98107,https://services.seattle.gov/portal/customize/LinkToRecord.aspx?altId=006006-24CP,False,False,True,,,rent increase
006135-24CP,6,2024 Jun 11 12:00:00 AM,,,Completed,3601 GREENWOOD AVE N,98103,https://services.seattle.gov/portal/customize/LinkToRecord.aspx?altId=006135-24CP,False,False,True,,,rent increase
006307-24CP,6,2024 Jun 14 12:00:00 AM,,,Completed,2029 NW 61ST ST,98107,https://services.seattle.gov/portal/customize/LinkToRecord.aspx?altId=006307-24CP,False,False,True,,,rent increase
006682-24CP,6,2024 Jun 24 12:00:00 AM,,,Closed,1125 A NW 56TH ST,98107,https://services.seattle.gov/portal/customize/LinkToRecord.aspx?altId=006682-24CP,False,False,True,,,rent increase|without proper notice
006828-24CP,6,2024 Jun 26 12:00:00 AM,,,Completed,4913 EVANSTON AVE N,98103,https://services.seattle.gov/portal/customize/LinkToRecord.aspx?altId=006828-24CP,False,False,True,,,notice to vacate
007064-24CP,6,2024 Jul 01 12:00:00 AM,,,Completed,1701 NW 56TH ST,98107,https://services.seattle.gov/portal/customize/LinkToRecord.aspx?altId=007064-24CP,False,False,True,,,rent increase
007358-24CP,6,2024 Jul 09 12:00:00 AM,,,Closed,546 NE RAVENNA BLVD,98115,https://services.seattle.gov/portal/customize/LinkToRecord.aspx?altId=007358-24CP,False,False,True,,,rent increase
007361-24CP,6,2024 Jul 09 12:00:00 AM,,,Completed,2124 N 64TH ST,98103,https://services.seattle.gov/portal/customize/LinkToRecord.aspx?altId=007361-24CP,False,False,True,,,rent increase
007496-24CP,6,2024 Jul 11 12:00:00 AM,,,Closed,8551 GREENWOOD AVE N,98103,https://services.seattle.gov/portal/customize/LinkToRecord.aspx?altId=007496-24CP,False,False,True,,,rent increase
007792-24CP,6,2024 Jul 18 12:00:00 AM,,,Completed,3635 FRANCIS AVE N,98103,https://services.seattle.gov/portal/customize/LinkToRecord.aspx?altId=007792-24CP,False,False,True,,,rent increase
007803-24CP,6,2024 Jul 19 12:00:00 AM,,,Completed,6508 8TH AVE NW,98117,https://services.seattle.gov/portal/customize/LinkToRecord.aspx?altId=007803-24CP,False,False,True,,,eviction notice
008244-24CP,6,2024 Jul 29 12:00:00 AM,,,Completed,2828 NW 65TH ST,98117,https://services.seattle.gov/portal/customize/LinkToRecord.aspx?altId=008244-24CP,False,False,True,,,rent increase
008293-24CP,6,2024 Jul 31 12:00:00 AM,,,Completed,2109 N 63RD ST,98103,https://services.seattle.gov/portal/customize/LinkToRecord.aspx?altId=008293-24CP,False,False,True,,,rent increase
008458-24CP,6,2024 Aug 05 12:00:00 AM,,,Under Investigation,620 N 34TH ST,98103,https://services.seattle.gov/portal/customize/LinkToRecord.aspx?altId=008458-24CP,False,False,True,,,rent increase
008460-24CP,6,2024 Aug 05 12:00:00 AM,,,Completed,2035 NW 63RD ST,98107,https://services.seattle.gov/portal/customize/LinkToRecord.aspx?altId=008460-24CP,False,False,True,,,rent increase
008735-24CP,6,2024 Aug 09 12:00:00 AM,,,Completed,5007 2ND AVE NW,98107,https://services.seattle.gov/portal/customize/LinkToRecord.aspx?altId=008735-24CP,False,False,True,,,rent increase
008758-24CP,6,2024 Aug 09 12:00:00 AM,,,Closed,604 N 49TH ST,98103,https://services.seattle.gov/portal/customize/LinkToRecord.aspx?altId=008758-24CP,False,False,True,,,rent increase
008868-24CP,6,2024 Aug 12 12:00:00 AM,,,Completed,1701 NW 56TH ST,98107,https://services.seattle.gov/portal/customize/LinkToRecord.aspx?altId=008868-24CP,False,False,True,,,pay or vacate
009239-24CP,6,2024 Aug 20 12:00:00 AM,,,Under Investigation,6900 EAST GREEN LAKE WAY N,98115,https://services.seattle.gov/portal/customize/LinkToRecord.aspx?altId=009239-24CP,False,False,True,,,rent increase
009791-24CP,6,2024 Sep 03 12:00:00 AM,,,Completed,2424 NW 59TH ST,98107,https://services.seattle.gov/portal/customize/LinkToRecord.aspx?altId=009791-24CP,False,False,True,,,rent increase
009820-24CP,6,2024 Sep 04 12:00:00 AM,,,Completed,2035 NW 63RD ST,98107,https://services.seattle.gov/portal/customize/LinkToRecord.aspx?altId=009820-24CP,False,False,True,,,rent increase
009995-24CP,6,2024 Sep 09 12:00:00 AM,,,Completed,2710 W MANOR PL,98199,https://services.seattle.gov/portal/customize/LinkToRecord.aspx?altId=009995-24CP,False,False,True,,,rent increase
010389-24CP,6,2024 Sep 16 12:00:00 AM,,,Closed,4232 EVANSTON AVE N,98103,https://services.seattle.gov/portal/customize/LinkToRecord.aspx?altId=010389-24CP,False,False,True,,,without proper notice
010494-24CP,6,2024 Sep 18 12:00:00 AM,,,Completed,6860 EAST GREEN LAKE WAY N,98115,https://services.seattle.gov/portal/customize/LinkToRecord.aspx?altId=010494-24CP,False,False,True,,,rent increase
010701-24CP,6,2024 Sep 23 12:00:00 AM,,,Completed,100 N 39TH ST,98103,https://services.seattle.gov/portal/customize/LinkToRecord.aspx?altId=010701-24CP,False,False,True,,,rent increase
011136-24CP,6,2024 Oct 02 12:00:00 AM,,,Under Investigation,7346 21ST AVE NW,98117,https://services.seattle.gov/portal/customize/LinkToRecord.aspx?altId=011136-24CP,False,True,False,,forced out|being forced out,
012066-24CP,6,2024 Oct 23 12:00:00 AM,,,Completed,2220 W EMERSON ST,98199,https://services.seattle.gov/portal/customize/LinkToRecord.aspx?altId=012066-24CP,False,False,True,,,rent increase|without proper notice
012416-24CP,6,2024 Nov 04 12:00:00 AM,,,Under Investigation,1545 NW MARKET ST,98107,https://services.seattle.gov/portal/customize/LinkToRecord.aspx?altId=012416-24CP,False,False,True,,,rent increase
012445-24CP,6,2024 Nov 04 12:00:00 AM,,,Completed,2432 NW 56TH ST,98107,https://services.seattle.gov/portal/customize/LinkToRecord.aspx?altId=012445-24CP,False,True,False,,trao,
012484-24CP,6,2024 Nov 05 12:00:00 AM,,,Completed,3821 23RD AVE W,98199,https://services.seattle.gov/portal/customize/LinkToRecord.aspx?altId=012484-24CP,False,False,True,,,rent increase
012581-24CP,6,2024 Nov 07 12:00:00 AM,,,Completed,6410 PHINNEY AVE N,98103,https://services.seattle.gov/portal/customize/LinkToRecord.aspx?altId=012581-24CP,False,False,True,,,3 day notice
012788-24CP,6,2024 Nov 13 12:00:00 AM,,,Completed,5227 LEARY AVE NW,98107,https://services.seattle.gov/portal/customize/LinkToRecord.aspx?altId=012788-24CP,True,False,True,leak,,tenant rights
013122-24CP,6,2024 Nov 21 12:00:00 AM,,,Closed,7006 GREENWOOD AVE N,98103,https://services.seattle.gov/portal/customize/LinkToRecord.aspx?altId=013122-24CP,False,False,True,,,10 day notice
013225-24CP,6,2024 Nov 25 12:00:00 AM,,,Closed,5450 LEARY AVE NW,98107,https://services.seattle.gov/portal/customize/LinkToRecord.aspx?altId=013225-24CP,False,False,True,,,rent increase
013552-24CP,6,2024 Dec 05 12:00:00 AM,,,Completed,6341 4TH AVE NE,98115,https://services.seattle.gov/portal/customize/LinkToRecord.aspx?altId=013552-24CP,False,True,True,,threaten,notice to vacate
013751-24CP,6,2024 Dec 10 12:00:00 AM,,,Closed,149 NE 64TH ST,98115,https://services.seattle.gov/portal/customize/LinkToRecord.aspx?altId=013751-24CP,False,False,True,,,rent increase
013899-24CP,6,2024 Dec 12 12:00:00 AM,,,Closed,5227 LEARY AVE NW,98107,https://services.seattle.gov/portal/customize/LinkToRecord.aspx?altId=013899-24CP,True,True,True,leak,trao,illegal eviction
014151-24CP,6,2024 Dec 19 12:00:00 AM,,,Completed,6301 22ND AVE NW,98107,https://services.seattle.gov/portal/customize/LinkToRecord.aspx?altId=014151-24CP,False,True,False,,harass|threaten,
014400-24CP,6,2024 Dec 30 12:00:00 AM,,,Completed,2003 NW 57TH ST,98107,https://services.seattle.gov/portal/customize/LinkToRecord.aspx?altId=014400-24CP,False,False,True,,,rent increase
000122-25CP,6,2025 Jan 02 12:00:00 AM,,,Under Investigation,2034 NW 57TH ST,98107,https://services.seattle.gov/portal/customize/LinkToRecord.aspx?altId=000122-25CP,False,False,True,,,rent increase
000197-25CP,6,2025 Jan 03 12:00:00 AM,,,Completed,519 NE 73RD ST,98115,https://services.seattle.gov/portal/customize/LinkToRecord.aspx?altId=000197-25CP,False,False,True,,,rent increase
000246-25CP,6,2025 Jan 06 12:00:00 AM,,,Completed,1545 NW MARKET ST,98107,https://services.seattle.gov/portal/customize/LinkToRecord.aspx?altId=000246-25CP,False,False,True,,,rent increase
000481-25CP,6,2025 Jan 10 12:00:00 AM,,,Closed,6306 GREENWOOD AVE N,98103,https://services.seattle.gov/portal/customize/LinkToRecord.aspx?altId=000481-25CP,False,False,True,,,vacate notice
000566-25CP,6,2025 Jan 13 12:00:00 AM,,,Completed,1545 NW MARKET ST,98107,https://services.seattle.gov/portal/customize/LinkToRecord.aspx?altId=000566-25CP,False,False,True,,,rent increase
000670-25CP,6,2025 Jan 15 12:00:00 AM,,,Completed,519 NE 73RD ST,98115,https://services.seattle.gov/portal/customize/LinkToRecord.aspx?altId=000670-25CP,False,False,True,,,rent increase
001190-25CP,6,2025 Jan 28 12:00:00 AM,,,Completed,1711 N 85TH ST,98103,https://services.seattle.gov/portal/customize/LinkToRecord.aspx?altId=001190-25CP,False,False,True,,,notice to vacate
001318-25CP,6,2025 Jan 31 12:00:00 AM,,,Completed,6520 24TH AVE NW,98117,https://services.seattle.gov/portal/customize/LinkToRecord.aspx?altId=001318-25CP,False,False,True,,,rent increase
001486-25CP,6,2025 Feb 06 12:00:00 AM,,,Completed,320 N 85TH ST,98103,https://services.seattle.gov/portal/customize/LinkToRecord.aspx?altId=001486-25CP,False,False,True,,,rent increase
001710-25CP,6,2025 Feb 14 12:00:00 AM,,,Completed,448 N 35TH ST,98103,https://services.seattle.gov/portal/customize/LinkToRecord.aspx?altId=001710-25CP,False,False,True,,,rent increase
002123-25CP,6,2025 Feb 25 12:00:00 AM,,,Completed,2105 N 57TH ST,98103,https://services.seattle.gov/portal/customize/LinkToRecord.aspx?altId=002123-25CP,False,False,True,,,rent increase
002291-25CP,6,2025 Feb 28 12:00:00 AM,,,Completed,6559 15TH AVE NW,98117,https://services.seattle.gov/portal/customize/LinkToRecord.aspx?altId=002291-25CP,False,False,True,,,rent increase
002395-25CP,6,2025 Mar 04 12:00:00 AM,,,Completed,6011 4TH AVE NE,98115,https://services.seattle.gov/portal/customize/LinkToRecord.aspx?altId=002395-25CP,False,False,True,,,rent increase
002638-25CP,6,2025 Mar 10 12:00:00 AM,,,Completed,830 NW 51ST ST,98107,https://services.seattle.gov/portal/customize/LinkToRecord.aspx?altId=002638-25CP,False,False,True,,,rent increase
002987-25CP,6,2025 Mar 18 12:00:00 AM,,,Completed,3408 W LAWTON ST,98199,https://services.seattle.gov/portal/customize/LinkToRecord.aspx?altId=002987-25CP,False,False,True,,,rent increase
003227-25CP,6,2025 Mar 24 12:00:00 AM,,,Under Investigation,3401 W GOVERNMENT WAY,98199,https://services.seattle.gov/portal/customize/LinkToRecord.aspx?altId=003227-25CP,False,False,True,,,10 day notice
003236-25CP,6,2025 Mar 24 12:00:00 AM,,,Under Investigation,5228 20TH AVE NW,98107,https://services.seattle.gov/portal/customize/LinkToRecord.aspx?altId=003236-25CP,False,False,True,,,rent increase
003355-25CP,6,2025 Mar 26 12:00:00 AM,,,Under Investigation,7433 A 4TH AVE NE,98115,https://services.seattle.gov/portal/customize/LinkToRecord.aspx?altId=003355-25CP,False,False,True,,,rent increase
003468-25CP,6,2025 Mar 28 12:00:00 AM,,,Under Investigation,3657 B DAYTON AVE N,98103,https://services.seattle.gov/portal/customize/LinkToRecord.aspx?altId=003468-25CP,False,False,True,,,rent increase
003483-25CP,6,2025 Mar 28 12:00:00 AM,,,Under Investigation,7510 2ND AVE NE,98115,https://services.seattle.gov/portal/customize/LinkToRecord.aspx?altId=003483-25CP,False,True,True,,threaten,illegal eviction
003490-25CP,6,2025 Mar 28 12:00:00 AM,,,Completed,119 NE 65TH ST,98115,https://services.seattle.gov/portal/customize/LinkToRecord.aspx?altId=003490-25CP,False,False,True,,,rent increase
003498-25CP,6,2025 Mar 28 12:00:00 AM,,,Completed,5440 LEARY AVE NW,98107,https://services.seattle.gov/portal/customize/LinkToRecord.aspx?altId=003498-25CP,False,False,True,,,rent increase
003685-25CP,6,2025 Apr 02 12:00:00 AM,,,Completed,6900 EAST GREEN LAKE WAY N,98115,https://services.seattle.gov/portal/customize/LinkToRecord.aspx?altId=003685-25CP,False,False,True,,,rent increase
003710-25CP,6,2025 Mar 31 12:00:00 AM,,,Completed,7433 A 4TH AVE NE,98115,https://services.seattle.gov/portal/customize/LinkToRecord.aspx?altId=003710-25CP,False,False,True,,,rent increase
003808-25CP,6,2025 Apr 04 12:00:00 AM,,,Completed,950 N 72ND ST,98103,https://services.seattle.gov/portal/customize/LinkToRecord.aspx?altId=003808-25CP,False,False,True,,,rent increase
003838-25CP,6,2025 Apr 04 12:00:00 AM,,,Completed,5121 17TH AVE NW,98107,https://services.seattle.gov/portal/customize/LinkToRecord.aspx?altId=003838-25CP,False,False,True,,,rent increase
003890-25CP,6,2025 Apr 07 12:00:00 AM,,,Completed,743 N 35TH ST,98103,https://services.seattle.gov/portal/customize/LinkToRecord.aspx?altId=003890-25CP,False,False,True,,,rent increase
004012-25CP,6,2025 Apr 09 12:00:00 AM,,,Completed,6530 24TH AVE NW,98117,https://services.seattle.gov/portal/customize/LinkToRecord.aspx?altId=004012-25CP,False,False,True,,,vacate notice
004016-25CP,6,2025 Apr 09 12:00:00 AM,,,Completed,5343 TALLMAN AVE NW,98107,https://services.seattle.gov/portal/customize/LinkToRecord.aspx?altId=004016-25CP,False,False,True,,,pay or vacate|vacate notice
004282-25CP,6,2025 Apr 15 12:00:00 AM,,,Closed,737 N 71ST ST,98103,https://services.seattle.gov/portal/customize/LinkToRecord.aspx?altId=004282-25CP,False,False,True,,,rent increase
004488-25CP,6,2025 Apr 18 12:00:00 AM,,,Closed,8500 32ND AVE NW,98117,https://services.seattle.gov/portal/customize/LinkToRecord.aspx?altId=004488-25CP,False,False,True,,,rent increase
004499-25CP,6,2025 Apr 18 12:00:00 AM,,,Completed,512 NE 72ND ST,98115,https://services.seattle.gov/portal/customize/LinkToRecord.aspx?altId=004499-25CP,False,False,True,,,rent increase
004516-25CP,6,2025 Apr 18 12:00:00 AM,,,Completed,2035 NW 63RD ST,98107,https://services.seattle.gov/portal/customize/LinkToRecord.aspx?altId=004516-25CP,False,False,True,,,rent increase
004550-25CP,6,2025 Apr 21 12:00:00 AM,,,Completed,3831 34TH AVE W,98199,https://services.seattle.gov/portal/customize/LinkToRecord.aspx?altId=004550-25CP,False,False,True,,,without proper notice
004801-25CP,6,2025 Apr 25 12:00:00 AM,,,Completed,2216 NW 59TH ST,98107,https://services.seattle.gov/portal/customize/LinkToRecord.aspx?altId=004801-25CP,False,False,True,,,illegal entry
004852-25CP,6,2025 Apr 28 12:00:00 AM,,,Completed,4326 36TH AVE W,98199,https://services.seattle.gov/portal/customize/LinkToRecord.aspx?altId=004852-25CP,False,False,True,,,rent increase
005114-25CP,6,2025 May 02 12:00:00 AM,,,Completed,5450 LEARY AVE NW,98107,https://services.seattle.gov/portal/customize/LinkToRecord.aspx?altId=005114-25CP,False,False,True,,,rent increase|without proper notice
005406-25CP,6,2025 May 08 12:00:00 AM,,,Completed,6530 24th AVE NW,,https://services.seattle.gov/portal/customize/LinkToRecord.aspx?altId=005406-25CP,False,False,True,,,utility billing
005568-25CP,6,2025 May 13 12:00:00 AM,,,Under Investigation,8620 3RD AVE NW,98117,https://services.seattle.gov/portal/customize/LinkToRecord.aspx?altId=005568-25CP,False,False,True,,,rent increase|without proper notice
005622-25CP,6,2025 May 14 12:00:00 AM,,,Completed,907 NW 61ST ST,98107,https://services.seattle.gov/portal/customize/LinkToRecord.aspx?altId=005622-25CP,False,True,True,,threaten,vacate notice
005798-25CP,6,2025 May 19 12:00:00 AM,,,Completed,801 N 42ND ST,98103,https://services.seattle.gov/portal/customize/LinkToRecord.aspx?altId=005798-25CP,False,False,True,,,rent increase
005913-25CP,6,2025 May 20 12:00:00 AM,,,Completed,720 N 80TH ST,98103,https://services.seattle.gov/portal/customize/LinkToRecord.aspx?altId=005913-25CP,True,True,True,leak|flooding|mold,retaliat,rent increase|notice to vacate|just cause
006014-25CP,6,2025 May 22 12:00:00 AM,,,Completed,1545 NW MARKET ST,98107,https://services.seattle.gov/portal/customize/LinkToRecord.aspx?altId=006014-25CP,False,False,True,,,rent increase|20-day notice
006019-25CP,6,2025 May 22 12:00:00 AM,,,Completed,6417 26TH AVE NW,98107,https://services.seattle.gov/portal/customize/LinkToRecord.aspx?altId=006019-25CP,False,False,True,,,tenant rights
006095-25CP,6,2025 May 23 12:00:00 AM,,,Completed,3201 W COMMODORE WAY,98199,https://services.seattle.gov/portal/customize/LinkToRecord.aspx?altId=006095-25CP,False,False,True,,,rent increase
006404-25CP,6,2025 Jun 02 12:00:00 AM,,,Completed,7032 12TH AVE NW,98117,https://services.seattle.gov/portal/customize/LinkToRecord.aspx?altId=006404-25CP,False,False,True,,,rent increase
006441-25CP,6,2025 Jun 02 12:00:00 AM,,,Completed,944 NW 64TH ST,98107,https://services.seattle.gov/portal/customize/LinkToRecord.aspx?altId=006441-25CP,False,False,True,,,vacate notice
006485-25CP,6,2025 Jun 03 12:00:00 AM,,,Completed,919 N 76TH ST,98103,https://services.seattle.gov/portal/customize/LinkToRecord.aspx?altId=006485-25CP,False,False,True,,,rent increase
006548-25CP,6,2025 Jun 04 12:00:00 AM,,,Completed,6212 PHINNEY AVE N,98103,https://services.seattle.gov/portal/customize/LinkToRecord.aspx?altId=006548-25CP,False,False,True,,,rent increase
006826-25CP,6,2025 Jun 09 12:00:00 AM,,,Completed,8336 9TH AVE NW,98117,https://services.seattle.gov/portal/customize/LinkToRecord.aspx?altId=006826-25CP,False,False,True,,,rent increase
007204-25CP,6,2025 Jun 16 12:00:00 AM,,,Closed,2230 NW 59TH ST,98107,https://services.seattle.gov/portal/customize/LinkToRecord.aspx?altId=007204-25CP,False,False,True,,,rent increase
007460-25CP,6,2025 Jun 20 12:00:00 AM,,,Closed,1501 NW 56TH ST,98107,https://services.seattle.gov/portal/customize/LinkToRecord.aspx?altId=007460-25CP,False,False,True,,,rent increase
007650-25CP,6,2025 Jun 24 12:00:00 AM,,,Completed,413 NE 73RD ST,98115,https://services.seattle.gov/portal/customize/LinkToRecord.aspx?altId=007650-25CP,False,False,True,,,rent increase
007922-25CP,6,2025 Jun 27 12:00:00 AM,,,Completed,8612 PALATINE AVE N,98103,https://services.seattle.gov/portal/customize/LinkToRecord.aspx?altId=007922-25CP,False,False,True,,,10-day notice
007978-25CP,6,2025 Jun 30 12:00:00 AM,,,Completed,505 NE 70TH ST,98115,https://services.seattle.gov/portal/customize/LinkToRecord.aspx?altId=007978-25CP,False,False,True,,,rent increase
007985-25CP,6,2025 Jun 30 12:00:00 AM,,,Closed,7813 8TH AVE NW,98117,https://services.seattle.gov/portal/customize/LinkToRecord.aspx?altId=007985-25CP,False,False,True,,,rent increase
008092-25CP,6,2025 Jul 02 12:00:00 AM,,,Completed,407 N 87TH ST,98103,https://services.seattle.gov/portal/customize/LinkToRecord.aspx?altId=008092-25CP,False,False,True,,,10-day notice
008180-25CP,6,2025 Jul 03 12:00:00 AM,,,Completed,8117 8TH AVE NW,98117,https://services.seattle.gov/portal/customize/LinkToRecord.aspx?altId=008180-25CP,False,False,True,,,eviction notice
008257-25CP,6,2025 Jul 07 12:00:00 AM,,,Completed,5512 17TH AVE NW,98107,https://services.seattle.gov/portal/customize/LinkToRecord.aspx?altId=008257-25CP,False,False,True,,,3 day notice
008261-25CP,6,2025 Jul 07 12:00:00 AM,,,Completed,1501 NW 56TH ST,98107,https://services.seattle.gov/portal/customize/LinkToRecord.aspx?altId=008261-25CP,False,False,True,,,rent increase
008801-25CP,6,2025 Jul 15 12:00:00 AM,,,Completed,4318 C PHINNEY AVE N,98103,https://services.seattle.gov/portal/customize/LinkToRecord.aspx?altId=008801-25CP,False,False,True,,,notice to vacate
008827-25CP,6,2025 Jul 15 12:00:00 AM,,,Closed,916 N 72ND ST,98103,https://services.seattle.gov/portal/customize/LinkToRecord.aspx?altId=008827-25CP,False,False,True,,,rent increase
009654-25CP,6,2025 Jul 29 12:00:00 AM,,,Completed,311 N 43RD ST,98103,https://services.seattle.gov/portal/customize/LinkToRecord.aspx?altId=009654-25CP,False,False,True,,,rent increase
009813-25CP,6,2025 Jul 30 12:00:00 AM,,,Completed,6301 26TH AVE NW,98107,https://services.seattle.gov/portal/customize/LinkToRecord.aspx?altId=009813-25CP,False,False,True,,,rent increase
009857-25CP,6,2025 Aug 01 12:00:00 AM,,,Closed,8547 PHINNEY AVE N,98103,https://services.seattle.gov/portal/customize/LinkToRecord.aspx?altId=009857-25CP,False,False,True,,,rent increase
009931-25CP,6,2025 Aug 04 12:00:00 AM,,,Completed,2035 NW 63RD ST,98107,https://services.seattle.gov/portal/customize/LinkToRecord.aspx?altId=009931-25CP,False,False,True,,,rent increase
010049-25CP,6,2025 Aug 05 12:00:00 AM,,,Completed,7100 GREENWOOD AVE N,98103,https://services.seattle.gov/portal/customize/LinkToRecord.aspx?altId=010049-25CP,False,False,True,,,rent increase
010335-25CP,6,2025 Aug 11 12:00:00 AM,,,Completed,4513 FREMONT AVE N,98103,https://services.seattle.gov/portal/customize/LinkToRecord.aspx?altId=010335-25CP,False,False,True,,,rent increase
011140-25CP,6,2025 Aug 28 12:00:00 AM,,,Completed,4250 34TH AVE W,98199,https://services.seattle.gov/portal/customize/LinkToRecord.aspx?altId=011140-25CP,False,False,True,,,rent increase
011356-25CP,6,2025 Sep 04 12:00:00 AM,,,Completed,2651 NW 56TH ST,98107,https://services.seattle.gov/portal/customize/LinkToRecord.aspx?altId=011356-25CP,False,False,True,,,rent increase|without proper notice
011596-25CP,6,2025 Sep 10 12:00:00 AM,,,Completed,1130 NW 54TH ST,98107,https://services.seattle.gov/portal/customize/LinkToRecord.aspx?altId=011596-25CP,False,False,True,,,rent increase
011874-25CP,6,2025 Sep 16 12:00:00 AM,,,Completed,1446 NW 53RD ST,98107,https://services.seattle.gov/portal/customize/LinkToRecord.aspx?altId=011874-25CP,True,False,False,unsafe,,
012180-25CP,6,2025 Sep 24 12:00:00 AM,,,Completed,3200 30TH AVE W,98199,https://services.seattle.gov/portal/customize/LinkToRecord.aspx?altId=012180-25CP,False,False,True,,,rent increase
012287-25CP,6,2025 Sep 27 12:00:00 AM,,,Completed,2251 NW 59TH ST,98107,https://services.seattle.gov/portal/customize/LinkToRecord.aspx?altId=012287-25CP,False,False,True,,,rent increase|illegal rent
012576-25CP,6,2025 Oct 03 12:00:00 AM,,,Closed,2539 34TH AVE W,98199,https://services.seattle.gov/portal/customize/LinkToRecord.aspx?altId=012576-25CP,False,False,True,,,improper notice
012812-25CP,6,2025 Oct 07 12:00:00 AM,,,Completed,6450 24TH AVE NW,98107,https://services.seattle.gov/portal/customize/LinkToRecord.aspx?altId=012812-25CP,False,False,True,,,rent increase
012829-25CP,6,2025 Oct 08 12:00:00 AM,,,Completed,4259 GILMAN AVE W,98199,https://services.seattle.gov/portal/customize/LinkToRecord.aspx?altId=012829-25CP,False,False,True,,,rent increase
012891-25CP,6,2025 Oct 09 12:00:00 AM,,,Completed,5555 14TH AVE NW,98107,https://services.seattle.gov/portal/customize/LinkToRecord.aspx?altId=012891-25CP,False,True,False,,trao,
013031-25CP,6,2025 Oct 14 12:00:00 AM,,,Completed,1701 NW 56TH ST,98107,https://services.seattle.gov/portal/customize/LinkToRecord.aspx?altId=013031-25CP,False,False,True,,,vacate notice
013046-25CP,6,2025 Oct 14 12:00:00 AM,,,Under Investigation,1111 NW 56TH ST,98107,https://services.seattle.gov/portal/customize/LinkToRecord.aspx?altId=013046-25CP,False,False,True,,,rent increase
013106-25CP,6,2025 Oct 15 12:00:00 AM,,,Completed,320 N 85TH ST,98103,https://services.seattle.gov/portal/customize/LinkToRecord.aspx?altId=013106-25CP,False,False,True,,,rent increase|without proper notice
013286-25CP,6,2025 Oct 20 12:00:00 AM,,,Closed,6757 22ND AVE NW,98117,https://services.seattle.gov/portal/customize/LinkToRecord.aspx?altId=013286-25CP,False,False,True,,,security deposit
013585-25CP,6,2025 Oct 15 12:00:00 AM,,,Completed,1551 NW 51ST ST,98107,https://services.seattle.gov/portal/customize/LinkToRecord.aspx?altId=013585-25CP,False,False,True,,,rent increase
013744-25CP,6,2025 Oct 23 12:00:00 AM,,,Closed,8500 32ND AVE NW,98117,https://services.seattle.gov/portal/customize/LinkToRecord.aspx?altId=013744-25CP,False,False,True,,,rent increase
013796-25CP,6,2025 Oct 27 12:00:00 AM,,,Completed,3123 NW 87TH ST,98117,https://services.seattle.gov/portal/customize/LinkToRecord.aspx?altId=013796-25CP,False,True,False,,retaliat,
013832-25CP,6,2025 Oct 30 12:00:00 AM,,,Completed,2418 NW 58TH ST,98107,https://services.seattle.gov/portal/customize/LinkToRecord.aspx?altId=013832-25CP,False,False,True,,,rent increase
013836-25CP,6,2025 Oct 30 12:00:00 AM,,,Completed,7121 LINDEN AVE N,98103,https://services.seattle.gov/portal/customize/LinkToRecord.aspx?altId=013836-25CP,False,False,True,,,rent increase
013952-25CP,6,2025 Nov 03 12:00:00 AM,,,Completed,7032 12TH AVE NW,98117,https://services.seattle.gov/portal/customize/LinkToRecord.aspx?altId=013952-25CP,False,False,True,,,notice to vacate
013958-25CP,6,2025 Nov 03 12:00:00 AM,,,Completed,7530 F 15TH AVE NW,98117,https://services.seattle.gov/portal/customize/LinkToRecord.aspx?altId=013958-25CP,False,False,True,,,rent increase
014067-25CP,6,2025 Nov 05 12:00:00 AM,,,Completed,460 NE MAPLE LEAF PL,98115,https://services.seattle.gov/portal/customize/LinkToRecord.aspx?altId=014067-25CP,False,False,True,,,vacate notice
014074-25CP,6,2025 Nov 05 12:00:00 AM,,,Completed,3033 NW 56TH ST,98107,https://services.seattle.gov/portal/customize/LinkToRecord.aspx?altId=014074-25CP,False,False,True,,,rent increase
014380-25CP,6,2025 Nov 12 12:00:00 AM,,,Completed,6504 5TH AVE NE,98115,https://services.seattle.gov/portal/customize/LinkToRecord.aspx?altId=014380-25CP,True,True,False,mold,trao,
014388-25CP,6,2025 Nov 12 12:00:00 AM,,,Closed,4505 LINDEN AVE N,98103,https://services.seattle.gov/portal/customize/LinkToRecord.aspx?altId=014388-25CP,False,False,True,,,rent increase
014470-25CP,6,2025 Nov 13 12:00:00 AM,,,Completed,6814 28TH AVE NW,98117,https://services.seattle.gov/portal/customize/LinkToRecord.aspx?altId=014470-25CP,False,False,True,,,vacate notice
014529-25CP,6,2025 Nov 14 12:00:00 AM,,,Completed,2130 MONTVALE PL W,98199,https://services.seattle.gov/portal/customize/LinkToRecord.aspx?altId=014529-25CP,False,False,True,,,rent increase
014988-25CP,6,2025 Nov 25 12:00:00 AM,,,Under Investigation,6900 EAST GREEN LAKE WAY N,98115,https://services.seattle.gov/portal/customize/LinkToRecord.aspx?altId=014988-25CP,True,False,False,sewage|garbage,,
015119-25CP,6,2025 Dec 02 12:00:00 AM,,,Completed,5433 LEARY AVE NW,98107,https://services.seattle.gov/portal/customize/LinkToRecord.aspx?altId=015119-25CP,False,False,True,,,rent increase
015276-25CP,6,2025 Dec 05 12:00:00 AM,,,Completed,5506 6TH AVE NW,98107,https://services.seattle.gov/portal/customize/LinkToRecord.aspx?altId=015276-25CP,False,False,True,,,notice to vacate
015945-25CP,6,2025 Dec 23 12:00:00 AM,,,Completed,1710 NW 57TH ST,98107,https://services.seattle.gov/portal/customize/LinkToRecord.aspx?altId=015945-25CP,False,False,True,,,vacate notice
005377-19CP,6,2019 Jun 26 12:00:00 AM,2019 Jul 23 12:00:00 AM,Completed,Completed,7758 CORLISS AVE N,98103,https://services.seattle.gov/portal/customize/LinkToRecord.aspx?altId=005377-19CP,False,True,False,,pota,
1047462-VI,6,2019 Jul 25 12:00:00 AM,2019 Jul 23 12:00:00 AM,Completed,Warning,7758 CORLISS AVE N,98103,https://services.seattle.gov/portal/customize/LinkToRecord.aspx?altId=1047462-VI,False,True,False,,pota,
011002-23CP,6,2023 Sep 05 12:00:00 AM,2024 Jan 26 12:00:00 AM,Completed,Completed,7013 13TH AVE NW,98117,https://services.seattle.gov/portal/customize/LinkToRecord.aspx?altId=011002-23CP,False,False,True,,,rent increase
011246-23CP,6,2023 Sep 20 12:00:00 AM,2023 Oct 24 12:00:00 AM,Completed,Completed,4124 FREMONT AVE N,98103,https://services.seattle.gov/portal/customize/LinkToRecord.aspx?altId=011246-23CP,True,False,False,leak|mold,,
001939-24CP,6,2024 Feb 16 12:00:00 AM,,,Under Investigation,3457 37TH AVE W,98199,https://services.seattle.gov/portal/customize/LinkToRecord.aspx?altId=001939-24CP,False,False,True,,,rent increase
007677-24CP,6,2024 Jul 01 12:00:00 AM,,,Closed,8511 19TH AVE NW,98117,https://services.seattle.gov/portal/customize/LinkToRecord.aspx?altId=007677-24CP,True,False,False,hazard|fire hazard,,
004929-16CP,6,2016 Jul 13 12:00:00 AM,,,Completed,8005 ASHWORTH AVE N,98103,https://services.seattle.gov/portal/customize/LinkToRecord.aspx?altId=004929-16CP,False,True,True,,tenant relocation|relocation assistance,notice to terminate|just cause
007085-16CP,6,2016 Oct 14 12:00:00 AM,,,Completed,932 N 73RD ST,98103,https://services.seattle.gov/portal/customize/LinkToRecord.aspx?altId=007085-16CP,True,False,True,water damage,,rent increase
001634-17CP,6,2017 Feb 10 12:00:00 AM,,,Completed,1408 NW 57TH ST,98107,https://services.seattle.gov/portal/customize/LinkToRecord.aspx?altId=001634-17CP,False,True,False,,threaten,
001943-17CP,6,2017 Mar 01 12:00:00 AM,,,Completed,1305 N 77TH ST,98103,https://services.seattle.gov/portal/customize/LinkToRecord.aspx?altId=001943-17CP,True,False,True,water damage|flooding|mold,,rent increase
001992-17CP,6,2017 Mar 03 12:00:00 AM,,,Completed,2014 NW 57TH ST,98107,https://services.seattle.gov/portal/customize/LinkToRecord.aspx?altId=001992-17CP,False,False,True,,,10 day notice|entered without notice
002097-17CP,6,2017 Mar 10 12:00:00 AM,,,Completed,316 N 73RD ST,98103,https://services.seattle.gov/portal/customize/LinkToRecord.aspx?altId=002097-17CP,False,False,True,,,security deposit
003053-17CP,6,2017 May 01 12:00:00 AM,2017 May 01 12:00:00 AM,Completed,Completed,5705 PHINNEY AVE N,98103,https://services.seattle.gov/portal/customize/LinkToRecord.aspx?altId=003053-17CP,False,False,True,,,10 day notice|notice to terminate
003080-17CP,6,2017 May 02 12:00:00 AM,,,Completed,2144 N 63RD ST,98103,https://services.seattle.gov/portal/customize/LinkToRecord.aspx?altId=003080-17CP,False,False,True,,,notice to vacate|just cause|just cause eviction
003804-17CP,6,2017 Jun 05 12:00:00 AM,,,Completed,3609 NW 62ND ST,98107,https://services.seattle.gov/portal/customize/LinkToRecord.aspx?altId=003804-17CP,False,True,True,,harass,pay or vacate|vacate notice
004469-17CP,6,2017 Jun 28 12:00:00 AM,,,Completed,2440 NW 60TH ST,98107,https://services.seattle.gov/portal/customize/LinkToRecord.aspx?altId=004469-17CP,False,True,True,,tenant relocation|relocation assistance,notice to vacate|just cause|just cause eviction
005506-17CP,6,2017 Aug 03 12:00:00 AM,,,Completed,306 N 82ND ST,98103,https://services.seattle.gov/portal/customize/LinkToRecord.aspx?altId=005506-17CP,False,True,True,,harass|retaliat,10-day notice|just cause|just cause eviction
005704-17CP,6,2017 Aug 09 12:00:00 AM,,,Completed,6736 20TH AVE NW,98117,https://services.seattle.gov/portal/customize/LinkToRecord.aspx?altId=005704-17CP,False,False,True,,,20 day notice
006466-17CP,6,2017 Sep 06 12:00:00 AM,,,Completed,2506 36TH AVE W,98199,https://services.seattle.gov/portal/customize/LinkToRecord.aspx?altId=006466-17CP,True,True,False,leak|leaking|mold,tenant relocation,
006469-17CP,6,2017 Sep 06 12:00:00 AM,,,Completed,4332 3RD AVE NW,98107,https://services.seattle.gov/portal/customize/LinkToRecord.aspx?altId=006469-17CP,False,False,True,,,without proper notice
006668-17CP,6,2017 Sep 14 12:00:00 AM,,,Completed,920 N 75TH ST,98103,https://services.seattle.gov/portal/customize/LinkToRecord.aspx?altId=006668-17CP,False,True,True,,harass,20 day notice|notice to vacate|just cause|no just cause
006898-17CP,6,2017 Sep 22 12:00:00 AM,,,Completed,2839 NW 56TH ST,98107,https://services.seattle.gov/portal/customize/LinkToRecord.aspx?altId=006898-17CP,True,False,False,sewage|leak|leaks|mold,,
007271-17CP,6,2017 Oct 09 12:00:00 AM,,,Completed,2840 NW 93RD ST,98117,https://services.seattle.gov/portal/customize/LinkToRecord.aspx?altId=007271-17CP,False,False,True,,,eviction notice
007556-17CP,6,2017 Oct 20 12:00:00 AM,,,Completed,2014 NW 57TH ST,98107,https://services.seattle.gov/portal/customize/LinkToRecord.aspx?altId=007556-17CP,True,False,False,sewage,,
007623-17CP,6,2017 Oct 24 12:00:00 AM,,,Completed,6027 WOODLAND PL N,98103,https://services.seattle.gov/portal/customize/LinkToRecord.aspx?altId=007623-17CP,True,False,True,lead paint,,security deposit
007645-17CP,6,2017 Oct 26 12:00:00 AM,2017 Nov 01 12:00:00 AM,Completed,Completed,2632 NW 56TH ST,98107,https://services.seattle.gov/portal/customize/LinkToRecord.aspx?altId=007645-17CP,False,False,True,,,rent increase
007774-17CP,6,2017 Oct 31 12:00:00 AM,,,Completed,5814 6TH AVE NW,98107,https://services.seattle.gov/portal/customize/LinkToRecord.aspx?altId=007774-17CP,False,True,False,,threaten,
007874-17CP,6,2017 Nov 06 12:00:00 AM,,,Completed,2233 NW 58TH ST,98107,https://services.seattle.gov/portal/customize/LinkToRecord.aspx?altId=007874-17CP,False,False,True,,,vacate notice
008087-17CP,6,2017 Nov 16 12:00:00 AM,,,Completed,8057 16TH AVE NW,98117,https://services.seattle.gov/portal/customize/LinkToRecord.aspx?altId=008087-17CP,False,False,True,,,security deposit|tenant rights
008736-17CP,6,2017 Dec 27 12:00:00 AM,,,Completed,6728 16TH AVE NW,98117,https://services.seattle.gov/portal/customize/LinkToRecord.aspx?altId=008736-17CP,False,False,True,,,security deposit
008745-17CP,6,2017 Dec 28 12:00:00 AM,,,Completed,2035 NW 63RD ST,98107,https://services.seattle.gov/portal/customize/LinkToRecord.aspx?altId=008745-17CP,False,True,False,,harass,
1040078-VI,6,2017 May 01 12:00:00 AM,2017 May 03 12:00:00 AM,Compliance Achieved,Completed,5705 PHINNEY AVE N,98103,https://services.seattle.gov/portal/customize/LinkToRecord.aspx?altId=1040078-VI,False,False,True,,,10 day notice|notice to terminate
1041755-VI,6,2017 Nov 01 12:00:00 AM,2017 Dec 21 12:00:00 AM,Compliance Achieved,Completed,2632 NW 56TH ST,98107,https://services.seattle.gov/portal/customize/LinkToRecord.aspx?altId=1041755-VI,False,False,True,,,rent increase
004054-18CP,6,2018 May 03 12:00:00 AM,,,Closed,2440 NW 60TH ST,98107,https://services.seattle.gov/portal/customize/LinkToRecord.aspx?altId=004054-18CP,False,True,False,,trao,
004056-18CP,6,2018 May 04 12:00:00 AM,,,Closed,6750 Jones AVE NW,98117,https://services.seattle.gov/portal/customize/LinkToRecord.aspx?altId=004056-18CP,False,True,True,,retaliat|pota,eviction notice
004058-18CP,6,2018 May 03 12:00:00 AM,,,Closed,6522 24TH AVE NW,98117,https://services.seattle.gov/portal/customize/LinkToRecord.aspx?altId=004058-18CP,False,True,False,,trao,
004059-18CP,6,2018 May 01 12:00:00 AM,,,Closed,5902 8th AVE NW,98107,https://services.seattle.gov/portal/customize/LinkToRecord.aspx?altId=004059-18CP,False,True,False,,pota,
004080-18CP,6,2018 May 03 12:00:00 AM,,,Completed,4216 BAKER AVE NW,,https://services.seattle.gov/portal/customize/LinkToRecord.aspx?altId=004080-18CP,False,True,False,,pota,
004093-18CP,6,2018 May 09 12:00:00 AM,,,Completed,1730 NW 64TH ST,98107,https://services.seattle.gov/portal/customize/LinkToRecord.aspx?altId=004093-18CP,False,True,False,,trao,
004182-18CP,6,2018 May 10 12:00:00 AM,,,Completed,145 N 84th ST,98103,https://services.seattle.gov/portal/customize/LinkToRecord.aspx?altId=004182-18CP,False,True,False,,pota,
004291-18CP,6,2018 May 11 12:00:00 AM,,,Closed,5112 LATONA AVE NE,98105,https://services.seattle.gov/portal/customize/LinkToRecord.aspx?altId=004291-18CP,False,False,True,,,notice to vacate
004296-18CP,6,2018 May 08 12:00:00 AM,,,Closed,2447 NW 61ST ST,98107,https://services.seattle.gov/portal/customize/LinkToRecord.aspx?altId=004296-18CP,False,True,False,,pota|trao,
004299-18CP,6,2018 May 08 12:00:00 AM,,,Closed,6820 OSWEGO PL NE,98115,https://services.seattle.gov/portal/customize/LinkToRecord.aspx?altId=004299-18CP,False,True,False,,pota|trao,
004301-18CP,6,2018 May 08 12:00:00 AM,,,Closed,6824 OSWEGO PL NE,98115,https://services.seattle.gov/portal/customize/LinkToRecord.aspx?altId=004301-18CP,False,True,False,,pota|trao,
004451-18CP,6,2018 May 18 12:00:00 AM,,,Closed,7547 24TH AVE NW,98117,https://services.seattle.gov/portal/customize/LinkToRecord.aspx?altId=004451-18CP,False,False,True,,,notice to vacate
004511-18CP,6,2018 May 17 12:00:00 AM,,,Closed,7741 1ST AVE NE,98115,https://services.seattle.gov/portal/customize/LinkToRecord.aspx?altId=004511-18CP,False,True,False,,pota,
004541-18CP,6,2018 May 11 12:00:00 AM,,,Closed,5902 8TH AVE NW,98107,https://services.seattle.gov/portal/customize/LinkToRecord.aspx?altId=004541-18CP,False,True,True,,pota,rent increase
004561-18CP,6,2018 May 21 12:00:00 AM,,,Completed,5910 Latona AVE NE,98105,https://services.seattle.gov/portal/customize/LinkToRecord.aspx?altId=004561-18CP,True,True,False,leak|leaks,pota,
004570-18CP,6,2018 May 21 12:00:00 AM,,,Closed,7307 24th AVE NW,98115,https://services.seattle.gov/portal/customize/LinkToRecord.aspx?altId=004570-18CP,False,True,False,,locked out|pota,
004605-18CP,6,2018 May 22 12:00:00 AM,2018 Jun 01 12:00:00 AM,Completed,Closed,1227 NW 85TH ST,98117,https://services.seattle.gov/portal/customize/LinkToRecord.aspx?altId=004605-18CP,False,True,True,,pota,rent increase
004611-18CP,6,2018 May 22 12:00:00 AM,,,Completed,143 NW 85TH ST,98117,https://services.seattle.gov/portal/customize/LinkToRecord.aspx?altId=004611-18CP,False,False,True,,,security deposit
004628-18CP,6,2018 May 21 12:00:00 AM,,,Closed,1535 NW 63RD ST,98107,https://services.seattle.gov/portal/customize/LinkToRecord.aspx?altId=004628-18CP,False,True,False,,pota,
004701-18CP,6,2018 May 24 12:00:00 AM,,,Closed,8057 Stroud AVE N,98103,https://services.seattle.gov/portal/customize/LinkToRecord.aspx?altId=004701-18CP,False,True,False,,pota,
004754-18CP,6,2018 May 21 12:00:00 AM,,,Closed,8006 25TH AVE NW,98117,https://services.seattle.gov/portal/customize/LinkToRecord.aspx?altId=004754-18CP,False,True,True,,pota,tenant rights
004756-18CP,6,2018 May 21 12:00:00 AM,,,Closed,7307 24th AVE NW,98115,https://services.seattle.gov/portal/customize/LinkToRecord.aspx?altId=004756-18CP,False,True,False,,locked out|pota,
004809-18CP,6,2018 May 29 12:00:00 AM,,,Closed,7752 Sunnyside AVE N,98103,https://services.seattle.gov/portal/customize/LinkToRecord.aspx?altId=004809-18CP,False,True,False,,pota,
004819-18CP,6,2018 May 29 12:00:00 AM,,,Closed,2443 NW 62nd ST,,https://services.seattle.gov/portal/customize/LinkToRecord.aspx?altId=004819-18CP,False,True,False,,trao,
004854-18CP,6,2018 May 24 12:00:00 AM,,,Closed,1901 N 80TH ST,98103,https://services.seattle.gov/portal/customize/LinkToRecord.aspx?altId=004854-18CP,False,True,False,,pota,
004978-18CP,6,2018 Jun 01 12:00:00 AM,,,Closed,612 N 43rd ST,98103,https://services.seattle.gov/portal/customize/LinkToRecord.aspx?altId=004978-18CP,False,True,False,,pota,
004980-18CP,6,2018 May 25 12:00:00 AM,,,Completed,8201 AURORA AVE N,98103,https://services.seattle.gov/portal/customize/LinkToRecord.aspx?altId=004980-18CP,False,True,True,,pota,tenant rights
005024-18CP,6,2018 May 29 12:00:00 AM,,,Completed,1535 NW 63RD ST,98107,https://services.seattle.gov/portal/customize/LinkToRecord.aspx?altId=005024-18CP,False,True,False,,pota,
005044-18CP,6,2018 Jun 04 12:00:00 AM,,,Completed,2014 NW 57th ST,98107,https://services.seattle.gov/portal/customize/LinkToRecord.aspx?altId=005044-18CP,False,True,False,,pota,
1044336-VI,6,2018 Jun 04 12:00:00 AM,,,Completed,5601 32ND AVE NW,98107,https://services.seattle.gov/portal/customize/LinkToRecord.aspx?altId=1044336-VI,False,False,True,,,notice to terminate|just cause|just cause eviction
005091-18CP,6,2018 May 31 12:00:00 AM,,,Closed,5511 7TH AVE NW,98107,https://services.seattle.gov/portal/customize/LinkToRecord.aspx?altId=005091-18CP,False,True,True,,pota,tenant rights
005175-18CP,6,2018 Jun 04 12:00:00 AM,,,Closed,1427 NW 64TH ST,98107,https://services.seattle.gov/portal/customize/LinkToRecord.aspx?altId=005175-18CP,False,True,False,,pota,
005178-18CP,6,2018 Jun 04 12:00:00 AM,,,Completed,5002 20TH AVE NW,98107,https://services.seattle.gov/portal/customize/LinkToRecord.aspx?altId=005178-18CP,False,True,True,,pota,rent increase
005227-18CP,6,2018 Jun 07 12:00:00 AM,,,Completed,412 N 67th ST,98103,https://services.seattle.gov/portal/customize/LinkToRecord.aspx?altId=005227-18CP,False,True,False,,pota,
005234-18CP,6,2018 Jun 04 12:00:00 AM,,,Completed,932 NW 51st ST,98107,https://services.seattle.gov/portal/customize/LinkToRecord.aspx?altId=005234-18CP,False,True,False,,locked out|pota,
005374-18CP,6,2018 Jun 12 12:00:00 AM,,,Closed,804 N Motor PL,98103,https://services.seattle.gov/portal/customize/LinkToRecord.aspx?altId=005374-18CP,False,True,False,,pota|trao,
005377-18CP,6,2018 Jun 12 12:00:00 AM,,,Closed,7547 24th AVE NW,98117,https://services.seattle.gov/portal/customize/LinkToRecord.aspx?altId=005377-18CP,False,True,False,,pota,
005639-18CP,6,2018 Jun 19 12:00:00 AM,,,Completed,303 N 64th ST,98103,https://services.seattle.gov/portal/customize/LinkToRecord.aspx?altId=005639-18CP,False,True,False,,pota,
005681-18CP,6,2018 Jun 20 12:00:00 AM,2018 Jun 25 12:00:00 AM,Completed,Closed,414 NE Ravenna BLVD,98115,https://services.seattle.gov/portal/customize/LinkToRecord.aspx?altId=005681-18CP,False,True,False,,harass|pota,
005691-18CP,6,2018 Jun 20 12:00:00 AM,,,Completed,7752 Sunnyside AVE N,98103,https://services.seattle.gov/portal/customize/LinkToRecord.aspx?altId=005691-18CP,False,True,False,,pota,
005830-18CP,6,2018 Jun 22 12:00:00 AM,,,Completed,145 N 84TH ST,98103,https://services.seattle.gov/portal/customize/LinkToRecord.aspx?altId=005830-18CP,False,True,True,,pota,tenant rights
005832-18CP,6,2018 Jun 22 12:00:00 AM,,,Closed,812 NW 53RD ST,98107,https://services.seattle.gov/portal/customize/LinkToRecord.aspx?altId=005832-18CP,False,True,False,,pota|trao,
005833-18CP,6,2018 Jun 22 12:00:00 AM,,,Closed,7703 SUNNYSIDE AVE N,98103,https://services.seattle.gov/portal/customize/LinkToRecord.aspx?altId=005833-18CP,False,True,False,,pota,
005883-18CP,6,2018 Jun 25 12:00:00 AM,,,Closed,145 N 84TH ST,98103,https://services.seattle.gov/portal/customize/LinkToRecord.aspx?altId=005883-18CP,False,False,True,,,tenant rights
005884-18CP,6,2018 Jun 25 12:00:00 AM,,,Completed,2415 N 75TH ST,98103,https://services.seattle.gov/portal/customize/LinkToRecord.aspx?altId=005884-18CP,False,True,False,,pota|trao,
005924-18CP,6,2018 Jun 25 12:00:00 AM,,,Completed,145 N 84th ST,,https://services.seattle.gov/portal/customize/LinkToRecord.aspx?altId=005924-18CP,False,True,False,,locked out|pota,
005957-18CP,6,2018 Jun 28 12:00:00 AM,,,Completed,414 NE Ravenna BLVD,98115,https://services.seattle.gov/portal/customize/LinkToRecord.aspx?altId=005957-18CP,False,True,False,,pota,
005991-18CP,6,2018 Jun 29 12:00:00 AM,,,Completed,3407 NW 64TH ST,98107,https://services.seattle.gov/portal/customize/LinkToRecord.aspx?altId=005991-18CP,False,True,False,,trao,
006058-18CP,6,2018 Jul 02 12:00:00 AM,,,Completed,1515 NW Leary WAY,,https://services.seattle.gov/portal/customize/LinkToRecord.aspx?altId=006058-18CP,False,True,True,,pota,20 day notice
006088-18CP,6,2018 Jun 29 12:00:00 AM,,,Closed,6210 22ND AVE NW,98107,https://services.seattle.gov/portal/customize/LinkToRecord.aspx?altId=006088-18CP,False,True,False,,trao,
006091-18CP,6,2018 Jun 29 12:00:00 AM,,,Closed,816 NW 53RD ST,98107,https://services.seattle.gov/portal/customize/LinkToRecord.aspx?altId=006091-18CP,False,True,False,,trao,
006118-18CP,6,2018 Jul 03 12:00:00 AM,,,Closed,917 NW 51st ST,,https://services.seattle.gov/portal/customize/LinkToRecord.aspx?altId=006118-18CP,False,True,False,,pota|trao,
006141-18CP,6,2018 Jul 03 12:00:00 AM,,,Completed,2636 NW 57th ST,,https://services.seattle.gov/portal/customize/LinkToRecord.aspx?altId=006141-18CP,False,True,False,,pota,
006163-18CP,6,2018 Jul 05 12:00:00 AM,,,Closed,2637 NW 59th ST,,https://services.seattle.gov/portal/customize/LinkToRecord.aspx?altId=006163-18CP,False,True,False,,pota|trao,
006322-18CP,6,2018 Jul 10 12:00:00 AM,,,Completed,1703 NW 62ND ST,98107,https://services.seattle.gov/portal/customize/LinkToRecord.aspx?altId=006322-18CP,False,True,False,,trao,
006383-18CP,6,2018 Jul 06 12:00:00 AM,,,Completed,2049 NW 61ST ST,98107,https://services.seattle.gov/portal/customize/LinkToRecord.aspx?altId=006383-18CP,False,True,False,,trao,
006554-18CP,6,2018 Jul 16 12:00:00 AM,2018 Jul 19 12:00:00 AM,Completed,Closed,4468 Linden AVE N,,https://services.seattle.gov/portal/customize/LinkToRecord.aspx?altId=006554-18CP,True,True,False,no hot water,harass|threaten|pota,
006563-18CP,6,2018 Jul 16 12:00:00 AM,,,Completed,8358 14th AVE NW,98117,https://services.seattle.gov/portal/customize/LinkToRecord.aspx?altId=006563-18CP,False,True,False,,pota|trao,
006564-18CP,6,2018 Jul 11 12:00:00 AM,,,Completed,3015 NW MARKET ST,98107,https://services.seattle.gov/portal/customize/LinkToRecord.aspx?altId=006564-18CP,False,True,False,,pota|trao,
006641-18CP,6,2018 Jul 16 12:00:00 AM,,,Completed,215 NW 65th ST,,https://services.seattle.gov/portal/customize/LinkToRecord.aspx?altId=006641-18CP,False,True,False,,pota|trao,
006697-18CP,6,2018 Jul 12 12:00:00 AM,,,Completed,3015 NW Market ST,,https://services.seattle.gov/portal/customize/LinkToRecord.aspx?altId=006697-18CP,False,True,False,,pota|trao,
006757-18CP,6,2018 Jul 17 12:00:00 AM,,,Closed,1436 NW 60TH ST,98107,https://services.seattle.gov/portal/customize/LinkToRecord.aspx?altId=006757-18CP,False,True,False,,pota,
1044642-VI,6,2018 Jul 23 12:00:00 AM,,,Completed,414 NE Ravenna BLVD,98115,https://services.seattle.gov/portal/customize/LinkToRecord.aspx?altId=1044642-VI,False,True,False,,retaliat,
006816-18CP,6,2018 Jul 23 12:00:00 AM,,,Completed,5002 20th AVE NW,,https://services.seattle.gov/portal/customize/LinkToRecord.aspx?altId=006816-18CP,False,True,True,,coerced|pota|trao,rent increase
006829-18CP,6,2018 Jul 23 12:00:00 AM,,,Completed,3015 NW Market ST,,https://services.seattle.gov/portal/customize/LinkToRecord.aspx?altId=006829-18CP,False,True,False,,pota|trao,
006883-18CP,6,2018 Jul 24 12:00:00 AM,,,Completed,7435 LATONA AVE NE,98115,https://services.seattle.gov/portal/customize/LinkToRecord.aspx?altId=006883-18CP,False,True,False,,trao,
006918-18CP,6,2018 Jul 25 12:00:00 AM,,,Closed,706 NW 62ND ST,98107,https://services.seattle.gov/portal/customize/LinkToRecord.aspx?altId=006918-18CP,False,True,False,,shut off utilities,
1044661-VI,6,2018 Jul 25 12:00:00 AM,,,Completed,706 NW 62ND ST,98107,https://services.seattle.gov/portal/customize/LinkToRecord.aspx?altId=1044661-VI,False,True,False,,shut off utilities,
007028-18CP,6,2018 Jul 25 12:00:00 AM,,,Completed,215 NW 65th ST,,https://services.seattle.gov/portal/customize/LinkToRecord.aspx?altId=007028-18CP,False,True,False,,pota|trao,
007040-18CP,6,2018 Jul 26 12:00:00 AM,,,Closed,1530 NW Market ST,,https://services.seattle.gov/portal/customize/LinkToRecord.aspx?altId=007040-18CP,False,True,False,,pota,
1044683-VI,6,2018 Jul 27 12:00:00 AM,2018 Dec 14 12:00:00 AM,Completed,Completed,8724 19TH AVE NW,98117,https://services.seattle.gov/portal/customize/LinkToRecord.aspx?altId=1044683-VI,False,True,True,,retaliat,notice to vacate|just cause|just cause eviction
007180-18CP,6,2018 Jul 30 12:00:00 AM,,,Completed,2637 NW 59TH ST,98107,https://services.seattle.gov/portal/customize/LinkToRecord.aspx?altId=007180-18CP,False,True,False,,trao,
007287-18CP,6,2018 Jul 31 12:00:00 AM,,,Completed,6215 Phinney AVE N,,https://services.seattle.gov/portal/customize/LinkToRecord.aspx?altId=007287-18CP,False,True,False,,pota|trao,
007306-18CP,6,2018 Aug 01 12:00:00 AM,,,Closed,602 N 42ND ST,98103,https://services.seattle.gov/portal/customize/LinkToRecord.aspx?altId=007306-18CP,False,True,False,,trao,
007373-18CP,6,2018 Aug 02 12:00:00 AM,,,Closed,4523 W SHERIDAN ST,98199,https://services.seattle.gov/portal/customize/LinkToRecord.aspx?altId=007373-18CP,True,False,False,mold,,
007438-18CP,6,2018 Aug 03 12:00:00 AM,,,Closed,6900 East Green Lake WAY N,98115,https://services.seattle.gov/portal/customize/LinkToRecord.aspx?altId=007438-18CP,False,True,False,,pota,
007484-18CP,6,2018 Aug 06 12:00:00 AM,,,Closed,2500 WEST VIEWMONT WAY W,98199,https://services.seattle.gov/portal/customize/LinkToRecord.aspx?altId=007484-18CP,False,True,False,,trao,
007513-18CP,6,2018 Aug 07 12:00:00 AM,,,Completed,3052 NW 65TH ST,98117,https://services.seattle.gov/portal/customize/LinkToRecord.aspx?altId=007513-18CP,False,True,False,,trao,
007549-18CP,6,2018 Aug 06 12:00:00 AM,,,Completed,2500 West Viewmont WAY W,,https://services.seattle.gov/portal/customize/LinkToRecord.aspx?altId=007549-18CP,False,True,False,,pota|trao,
007593-18CP,6,2018 Aug 08 12:00:00 AM,,,Closed,1430 NW 77TH ST,98117,https://services.seattle.gov/portal/customize/LinkToRecord.aspx?altId=007593-18CP,True,False,False,flooded|mold|moisture,,
007628-18CP,6,2018 Aug 09 12:00:00 AM,,,Completed,345 N 80TH ST,98103,https://services.seattle.gov/portal/customize/LinkToRecord.aspx?altId=007628-18CP,False,True,False,,trao,
007760-18CP,6,2018 Aug 13 12:00:00 AM,,,Completed,7506 Sunnyside AVE N,,https://services.seattle.gov/portal/customize/LinkToRecord.aspx?altId=007760-18CP,False,True,False,,pota|trao,
007820-18CP,6,2018 Aug 14 12:00:00 AM,,,Completed,320 NE 56TH ST,98105,https://services.seattle.gov/portal/customize/LinkToRecord.aspx?altId=007820-18CP,False,True,False,,trao,
007848-18CP,6,2018 Aug 15 12:00:00 AM,,,Completed,147 NE 63rd ST,,https://services.seattle.gov/portal/customize/LinkToRecord.aspx?altId=007848-18CP,False,True,False,,pota|trao,
007972-18CP,6,2018 Aug 20 12:00:00 AM,,,Completed,7506 Sunnyside AVE N,,https://services.seattle.gov/portal/customize/LinkToRecord.aspx?altId=007972-18CP,False,True,False,,relocation assistance,
007979-18CP,6,2018 Aug 20 12:00:00 AM,,,Closed,3015 NW Market ST,98107,https://services.seattle.gov/portal/customize/LinkToRecord.aspx?altId=007979-18CP,False,True,False,,trao,
008064-18CP,6,2018 Aug 23 12:00:00 AM,,,Completed,6719 13th AVE NW,,https://services.seattle.gov/portal/customize/LinkToRecord.aspx?altId=008064-18CP,False,True,True,,pota,20 day notice
008103-18CP,6,2018 Aug 24 12:00:00 AM,,,Completed,6212 PHINNEY AVE N,98103,https://services.seattle.gov/portal/customize/LinkToRecord.aspx?altId=008103-18CP,False,False,True,,,security deposit
008132-18CP,6,2018 Aug 22 12:00:00 AM,,,Completed,907 N 71st ST,,https://services.seattle.gov/portal/customize/LinkToRecord.aspx?altId=008132-18CP,False,True,False,,pota,
008197-18CP,6,2018 Aug 27 12:00:00 AM,,,Closed,2442 NW 61ST ST,98107,https://services.seattle.gov/portal/customize/LinkToRecord.aspx?altId=008197-18CP,False,True,False,,trao,
008214-18CP,6,2018 Aug 27 12:00:00 AM,,,Completed,8558 19th AVE NW,,https://services.seattle.gov/portal/customize/LinkToRecord.aspx?altId=008214-18CP,False,True,False,,pota,
008246-18CP,6,2018 Aug 24 12:00:00 AM,,,Completed,414 NE Ravenna BLVD,,https://services.seattle.gov/portal/customize/LinkToRecord.aspx?altId=008246-18CP,False,True,True,,retaliat|pota,10 day notice
008279-18CP,6,2018 Aug 28 12:00:00 AM,,,Completed,215 NW 65TH ST,98117,https://services.seattle.gov/portal/customize/LinkToRecord.aspx?altId=008279-18CP,False,True,False,,trao,
008468-18CP,6,2018 Sep 05 12:00:00 AM,,,Completed,2251 NW 59TH ST,98107,https://services.seattle.gov/portal/customize/LinkToRecord.aspx?altId=008468-18CP,False,True,False,,trao,
008519-18CP,6,2018 Sep 06 12:00:00 AM,,,Completed,6517 16TH AVE NW,98117,https://services.seattle.gov/portal/customize/LinkToRecord.aspx?altId=008519-18CP,True,False,False,sewage,,
008745-18CP,6,2018 Sep 13 12:00:00 AM,,,Completed,626 N 64th ST,,https://services.seattle.gov/portal/customize/LinkToRecord.aspx?altId=008745-18CP,False,True,False,,pota|trao,
008812-18CP,6,2018 Sep 15 12:00:00 AM,,,Closed,1436 NW 62nd ST,,https://services.seattle.gov/portal/customize/LinkToRecord.aspx?altId=008812-18CP,False,True,False,,pota,
008840-18CP,6,2018 Sep 17 12:00:00 AM,,,Closed,512 N 68th ST,,https://services.seattle.gov/portal/customize/LinkToRecord.aspx?altId=008840-18CP,False,True,False,,pota,
008907-18CP,6,2018 Sep 17 12:00:00 AM,,,Completed,8724 19th AVE NW,,https://services.seattle.gov/portal/customize/LinkToRecord.aspx?altId=008907-18CP,True,True,False,rats,pota,
008908-18CP,6,2018 Sep 19 12:00:00 AM,,,Completed,1502 N 57TH ST,98103,https://services.seattle.gov/portal/customize/LinkToRecord.aspx?altId=008908-18CP,False,False,True,,,security deposit
009121-18CP,6,2018 Sep 24 12:00:00 AM,,,Completed,6117 22ND AVE NW,98107,https://services.seattle.gov/portal/customize/LinkToRecord.aspx?altId=009121-18CP,True,False,False,mold|black mold,,
009152-18CP,6,2018 Sep 26 12:00:00 AM,,,Completed,602 N 42nd ST,,https://services.seattle.gov/portal/customize/LinkToRecord.aspx?altId=009152-18CP,False,True,False,,pota|trao,
009157-18CP,6,2018 Sep 25 12:00:00 AM,2018 Sep 28 12:00:00 AM,Completed,Completed,1103 NW MARKET ST,98107,https://services.seattle.gov/portal/customize/LinkToRecord.aspx?altId=009157-18CP,True,False,False,no heat,,
009187-18CP,6,2018 Sep 27 12:00:00 AM,,,Completed,5216 8th AVE NW,98107,https://services.seattle.gov/portal/customize/LinkToRecord.aspx?altId=009187-18CP,False,True,False,,pota,
1045105-VI,6,2018 Oct 01 12:00:00 AM,,,Completed,1103 NW MARKET ST,98107,https://services.seattle.gov/portal/customize/LinkToRecord.aspx?altId=1045105-VI,True,False,False,no heat,,
009435-18CP,6,2018 Oct 05 12:00:00 AM,,,Completed,4223 3rd AVE NW,,https://services.seattle.gov/portal/customize/LinkToRecord.aspx?altId=009435-18CP,False,True,False,,pota,
009499-18CP,6,2018 Oct 08 12:00:00 AM,,,Closed,4406 FRANCIS AVE N,98103,https://services.seattle.gov/portal/customize/LinkToRecord.aspx?altId=009499-18CP,False,True,False,,trao,
009515-18CP,6,2018 Oct 08 12:00:00 AM,,,Completed,915 NW 52ND ST,98107,https://services.seattle.gov/portal/customize/LinkToRecord.aspx?altId=009515-18CP,False,True,False,,trao,
009516-18CP,6,2018 Oct 08 12:00:00 AM,,,Completed,1425 NW 61st ST,,https://services.seattle.gov/portal/customize/LinkToRecord.aspx?altId=009516-18CP,False,True,False,,pota,
009631-18CP,6,2018 Oct 12 12:00:00 AM,,,Completed,2003 NW 57th ST,,https://services.seattle.gov/portal/customize/LinkToRecord.aspx?altId=009631-18CP,False,True,False,,pota,
009711-18CP,6,2018 Oct 16 12:00:00 AM,,,Completed,352 NW 53rd ST,,https://services.seattle.gov/portal/customize/LinkToRecord.aspx?altId=009711-18CP,False,True,False,,pota,
009714-18CP,6,2018 Oct 16 12:00:00 AM,,,Closed,2831 NW 70th ST,,https://services.seattle.gov/portal/customize/LinkToRecord.aspx?altId=009714-18CP,False,True,False,,pota,
009758-18CP,6,2018 Oct 16 12:00:00 AM,,,Completed,6015 24TH AVE NW,98107,https://services.seattle.gov/portal/customize/LinkToRecord.aspx?altId=009758-18CP,False,False,True,,,eviction notice
009845-18CP,6,2018 Oct 19 12:00:00 AM,,,Closed,5015 Woodlawn AVE N,,https://services.seattle.gov/portal/customize/LinkToRecord.aspx?altId=009845-18CP,False,True,False,,pota,
1045294-VI,6,2018 Oct 23 12:00:00 AM,,,Completed,352 NW 53rd ST,,https://services.seattle.gov/portal/customize/LinkToRecord.aspx?altId=1045294-VI,False,True,False,,pota,
009976-18CP,6,2018 Oct 24 12:00:00 AM,,,Closed,1524 NW 52ND ST,98107,https://services.seattle.gov/portal/customize/LinkToRecord.aspx?altId=009976-18CP,False,False,True,,,tenant rights
010023-18CP,6,2018 Oct 26 12:00:00 AM,,,Completed,7422 EAST GREEN LAKE DR N,98115,https://services.seattle.gov/portal/customize/LinkToRecord.aspx?altId=010023-18CP,False,True,False,,trao,
010090-18CP,6,2018 Oct 29 12:00:00 AM,,,Completed,1703 NW 62nd ST,,https://services.seattle.gov/portal/customize/LinkToRecord.aspx?altId=010090-18CP,False,True,False,,pota|trao,
010120-18CP,6,2018 Oct 30 12:00:00 AM,,,Completed,909 N 74th ST,98103,https://services.seattle.gov/portal/customize/LinkToRecord.aspx?altId=010120-18CP,False,True,False,,pota,
1045364-CT,6,2018 Nov 01 12:00:00 AM,,,Completed,7500 4TH AVE NE,98115,https://services.seattle.gov/portal/customize/LinkToRecord.aspx?altId=1045364-CT,False,True,False,,pota,
010304-18CP,6,2018 Nov 06 12:00:00 AM,,,Completed,3500 W GOVERNMENT WAY,98199,https://services.seattle.gov/portal/customize/LinkToRecord.aspx?altId=010304-18CP,False,True,False,,harass,
010327-18CP,6,2018 Nov 07 12:00:00 AM,,,Completed,1526 NW 62nd ST,,https://services.seattle.gov/portal/customize/LinkToRecord.aspx?altId=010327-18CP,False,True,False,,pota|trao,
010433-18CP,6,2018 Nov 13 12:00:00 AM,,,Completed,815 NW Market ST,98107,https://services.seattle.gov/portal/customize/LinkToRecord.aspx?altId=010433-18CP,False,True,True,,pota,rent increase
010477-18CP,6,2018 Nov 14 12:00:00 AM,,,Closed,7025 ALONZO AVE NW,98117,https://services.seattle.gov/portal/customize/LinkToRecord.aspx?altId=010477-18CP,False,True,True,,pota,security deposit
010530-18CP,6,2018 Nov 14 12:00:00 AM,,,Completed,4102 LINDEN AVE N,98103,https://services.seattle.gov/portal/customize/LinkToRecord.aspx?altId=010530-18CP,False,False,True,,,10-day notice
010563-18CP,6,2018 Nov 14 12:00:00 AM,,,Completed,1422 NW 62ND ST,98107,https://services.seattle.gov/portal/customize/LinkToRecord.aspx?altId=010563-18CP,False,False,True,,,rent increase
010582-18CP,6,2018 Nov 19 12:00:00 AM,,,Completed,3721 27th PL W,,https://services.seattle.gov/portal/customize/LinkToRecord.aspx?altId=010582-18CP,False,True,False,,pota|trao,
1045462-VI,6,2018 Nov 21 12:00:00 AM,,,Completed,4102 LINDEN AVE N,98103,https://services.seattle.gov/portal/customize/LinkToRecord.aspx?altId=1045462-VI,False,False,True,,,notice to terminate|just cause|just cause eviction
010729-18CP,6,2018 Nov 27 12:00:00 AM,,,Completed,1544 NW 52ND ST,98107,https://services.seattle.gov/portal/customize/LinkToRecord.aspx?altId=010729-18CP,False,True,False,,trao,
010744-18CP,6,2018 Nov 28 12:00:00 AM,,,Completed,500 NE 71ST ST,98115,https://services.seattle.gov/portal/customize/LinkToRecord.aspx?altId=010744-18CP,False,True,False,,trao,
010810-18CP,6,2018 Nov 30 12:00:00 AM,,,Completed,6036 5th AVE NE,98115,https://services.seattle.gov/portal/customize/LinkToRecord.aspx?altId=010810-18CP,False,True,True,,pota,20 day notice|security deposit
011016-18CP,6,2018 Dec 11 12:00:00 AM,,,Completed,2045 NW 63RD ST,98107,https://services.seattle.gov/portal/customize/LinkToRecord.aspx?altId=011016-18CP,False,True,False,,tenant relocation,
011019-18CP,6,2018 Dec 11 12:00:00 AM,,,Closed,602 N 42ND ST,98103,https://services.seattle.gov/portal/customize/LinkToRecord.aspx?altId=011019-18CP,False,True,False,,trao,
011023-18CP,6,2018 Dec 10 12:00:00 AM,,,Completed,3500 W Government WAY,,https://services.seattle.gov/portal/customize/LinkToRecord.aspx?altId=011023-18CP,False,True,False,,pota|trao,
011263-18CP,6,2018 Dec 20 12:00:00 AM,,,Completed,123 N 83rd ST,,https://services.seattle.gov/portal/customize/LinkToRecord.aspx?altId=011263-18CP,False,True,False,,pota|trao,
1045646-VI,6,2018 Dec 21 12:00:00 AM,,,Completed,3918 DAYTON AVE N,98103,https://services.seattle.gov/portal/customize/LinkToRecord.aspx?altId=1045646-VI,False,False,True,,,notice to terminate|just cause|just cause eviction
011356-18CP,6,2018 Dec 26 12:00:00 AM,,,Completed,3500 W GOVERNMENT WAY,,https://services.seattle.gov/portal/customize/LinkToRecord.aspx?altId=011356-18CP,False,True,False,,pota|trao,
011415-18CP,6,2018 Dec 28 12:00:00 AM,,,Completed,1537 NW 65th ST,,https://services.seattle.gov/portal/customize/LinkToRecord.aspx?altId=011415-18CP,False,True,True,,pota,tenant rights
011420-18CP,6,2018 Dec 28 12:00:00 AM,,,Completed,1545 NW 57th ST,98107,https://services.seattle.gov/portal/customize/LinkToRecord.aspx?altId=011420-18CP,False,True,False,,pota,
001075-18CP,6,2018 Jan 04 12:00:00 AM,2018 Jan 18 12:00:00 AM,Completed,Completed,706 NW 62ND ST,98107,https://services.seattle.gov/portal/customize/LinkToRecord.aspx?altId=001075-18CP,False,False,True,,,just cause|just cause eviction
001151-18CP,6,2018 Jan 10 12:00:00 AM,,,Completed,6715 7TH AVE NW,98117,https://services.seattle.gov/portal/customize/LinkToRecord.aspx?altId=001151-18CP,False,False,True,,,just cause|just cause eviction
001196-18CP,6,2018 Jan 11 12:00:00 AM,,,Completed,2763 NW 80TH ST,98117,https://services.seattle.gov/portal/customize/LinkToRecord.aspx?altId=001196-18CP,False,True,False,,pota|trao|relocation assistance,
001223-18CP,6,2018 Jan 11 12:00:00 AM,,,Completed,2442 NW 61ST ST,98107,https://services.seattle.gov/portal/customize/LinkToRecord.aspx?altId=001223-18CP,False,True,False,,tenant relocation|relocation assistance,
001225-18CP,6,2018 Jan 12 12:00:00 AM,,,Completed,2761 NW 80TH ST,98117,https://services.seattle.gov/portal/customize/LinkToRecord.aspx?altId=001225-18CP,False,True,False,,tenant relocation,
001248-18CP,6,2018 Jan 12 12:00:00 AM,,,Completed,329 NE 51ST ST,98105,https://services.seattle.gov/portal/customize/LinkToRecord.aspx?altId=001248-18CP,True,False,False,no heat|mold,,
001305-18CP,6,2018 Jan 17 12:00:00 AM,,,Completed,1901 N 80TH ST,98103,https://services.seattle.gov/portal/customize/LinkToRecord.aspx?altId=001305-18CP,False,False,True,,,3 day notice|notice to vacate|eviction notice
001326-18CP,6,2018 Jan 18 12:00:00 AM,,,Completed,4332 3RD AVE NW,98107,https://services.seattle.gov/portal/customize/LinkToRecord.aspx?altId=001326-18CP,False,True,True,,harass|pota,without proper notice
001330-18CP,6,2018 Jan 18 12:00:00 AM,,,Completed,345 N 80TH ST,98103,https://services.seattle.gov/portal/customize/LinkToRecord.aspx?altId=001330-18CP,False,True,False,,trao,
001333-18CP,6,2018 Jan 18 12:00:00 AM,,,Completed,118 N 83RD ST,98103,https://services.seattle.gov/portal/customize/LinkToRecord.aspx?altId=001333-18CP,False,False,True,,,just cause|just cause eviction
001427-18CP,6,2018 Jan 23 12:00:00 AM,2018 Jan 31 12:00:00 AM,Completed,Completed,7353 27TH AVE NW,98117,https://services.seattle.gov/portal/customize/LinkToRecord.aspx?altId=001427-18CP,False,False,True,,,notice to terminate
001428-18CP,6,2018 Jan 23 12:00:00 AM,,,Completed,6002 3RD AVE NW,98107,https://services.seattle.gov/portal/customize/LinkToRecord.aspx?altId=001428-18CP,False,True,False,,trao,
001486-18CP,6,2018 Jan 25 12:00:00 AM,,,Completed,3910 DAYTON AVE N,98103,https://services.seattle.gov/portal/customize/LinkToRecord.aspx?altId=001486-18CP,False,False,True,,,just cause|just cause eviction
001489-18CP,6,2018 Jan 25 12:00:00 AM,,,Completed,1547 NW 63RD ST,98107,https://services.seattle.gov/portal/customize/LinkToRecord.aspx?altId=001489-18CP,False,True,False,,tenant relocation|relocation assistance,
001601-18CP,6,2018 Jan 31 12:00:00 AM,,,Completed,105 N 40TH ST,98103,https://services.seattle.gov/portal/customize/LinkToRecord.aspx?altId=001601-18CP,False,True,False,,trao,
001725-18CP,6,2018 Feb 06 12:00:00 AM,,,Completed,8724 19TH AVE NW,98117,https://services.seattle.gov/portal/customize/LinkToRecord.aspx?altId=001725-18CP,False,False,True,,,just cause|just cause eviction
001797-18CP,6,2018 Feb 08 12:00:00 AM,,,Completed,940 N 77TH ST,98103,https://services.seattle.gov/portal/customize/LinkToRecord.aspx?altId=001797-18CP,False,True,False,,trao,
001836-18CP,6,2018 Feb 09 12:00:00 AM,,,Completed,620 N 34TH ST,98103,https://services.seattle.gov/portal/customize/LinkToRecord.aspx?altId=001836-18CP,False,False,True,,,rent increase
002137-18CP,6,2018 Feb 20 12:00:00 AM,,,Completed,4406 FRANCIS AVE N,98103,https://services.seattle.gov/portal/customize/LinkToRecord.aspx?altId=002137-18CP,False,True,False,,trao,
002181-18CP,6,2018 Feb 22 12:00:00 AM,,,Completed,8308 24TH AVE NW,98117,https://services.seattle.gov/portal/customize/LinkToRecord.aspx?altId=002181-18CP,True,False,False,sewage|flooded|mold,,
002263-18CP,6,2018 Feb 27 12:00:00 AM,,,Completed,3251 W COMMODORE WAY,98199,https://services.seattle.gov/portal/customize/LinkToRecord.aspx?altId=002263-18CP,False,True,False,,trao,
002298-18CP,6,2018 Feb 28 12:00:00 AM,,,Completed,6709 24TH AVE NW,98117,https://services.seattle.gov/portal/customize/LinkToRecord.aspx?altId=002298-18CP,False,True,False,,trao,
002312-18CP,6,2018 Mar 01 12:00:00 AM,,,Completed,3959 FREMONT AVE N,98103,https://services.seattle.gov/portal/customize/LinkToRecord.aspx?altId=002312-18CP,False,True,True,,trao,tenant rights
002314-18CP,6,2018 Mar 01 12:00:00 AM,,,Completed,503 NE 72ND ST,98115,https://services.seattle.gov/portal/customize/LinkToRecord.aspx?altId=002314-18CP,False,True,True,,trao,notice to vacate|just cause|just cause eviction
002353-18CP,6,2018 Mar 01 12:00:00 AM,,,Completed,604 N 46TH ST,98103,https://services.seattle.gov/portal/customize/LinkToRecord.aspx?altId=002353-18CP,False,True,False,,trao,
002402-18CP,6,2018 Mar 02 12:00:00 AM,,,Completed,1707 NW 64TH ST,98107,https://services.seattle.gov/portal/customize/LinkToRecord.aspx?altId=002402-18CP,False,True,False,,trao,
002536-18CP,6,2018 Mar 07 12:00:00 AM,,,Closed,805 NW 51ST ST,98107,https://services.seattle.gov/portal/customize/LinkToRecord.aspx?altId=002536-18CP,False,True,False,,trao,
002590-18CP,6,2018 Mar 09 12:00:00 AM,,,Completed,5002 20TH AVE NW,98107,https://services.seattle.gov/portal/customize/LinkToRecord.aspx?altId=002590-18CP,False,True,True,,trao,just cause|just cause eviction
002598-18CP,6,2018 Mar 09 12:00:00 AM,2018 Mar 26 12:00:00 AM,Completed,Completed,8724 19TH AVE NW,98117,https://services.seattle.gov/portal/customize/LinkToRecord.aspx?altId=002598-18CP,False,True,True,,retaliat,notice to vacate|just cause|just cause eviction
002627-18CP,6,2018 Mar 09 12:00:00 AM,,,Completed,5910 LATONA AVE NE,98105,https://services.seattle.gov/portal/customize/LinkToRecord.aspx?altId=002627-18CP,True,True,False,leak,pota,
002634-18CP,6,2018 Mar 09 12:00:00 AM,,,Completed,6254 5TH AVE NW,98107,https://services.seattle.gov/portal/customize/LinkToRecord.aspx?altId=002634-18CP,True,False,False,leak,,
002643-18CP,6,2018 Mar 09 12:00:00 AM,,,Closed,2243 NW 62ND ST,98107,https://services.seattle.gov/portal/customize/LinkToRecord.aspx?altId=002643-18CP,False,True,False,,trao,
002670-18CP,6,2018 Mar 13 12:00:00 AM,,,Completed,5440 LEARY AVE NW,98107,https://services.seattle.gov/portal/customize/LinkToRecord.aspx?altId=002670-18CP,False,True,True,,pota,notice to vacate|rrio|just cause|no just cause|just cause eviction
002696-18CP,6,2018 Mar 13 12:00:00 AM,,,Completed,3304 W GOVERNMENT WAY,98199,https://services.seattle.gov/portal/customize/LinkToRecord.aspx?altId=002696-18CP,False,True,False,,trao|tenant relocation|relocation assistance,
002743-18CP,6,2018 Mar 15 12:00:00 AM,,,Completed,616 N 48TH ST,98103,https://services.seattle.gov/portal/customize/LinkToRecord.aspx?altId=002743-18CP,False,True,False,,trao,
002955-18CP,6,2018 Mar 22 12:00:00 AM,,,Completed,604 N 46TH ST,98103,https://services.seattle.gov/portal/customize/LinkToRecord.aspx?altId=002955-18CP,False,True,False,,pota|trao,
002979-18CP,6,2018 Mar 23 12:00:00 AM,,,Completed,902 N 72ND ST,98103,https://services.seattle.gov/portal/customize/LinkToRecord.aspx?altId=002979-18CP,False,True,False,,pota,
002990-18CP,6,2018 Mar 23 12:00:00 AM,,,Completed,329 NE 51ST ST,98105,https://services.seattle.gov/portal/customize/LinkToRecord.aspx?altId=002990-18CP,False,False,True,,,tenant rights
003017-18CP,6,2018 Mar 26 12:00:00 AM,,,Completed,503 NE 72ND ST,98115,https://services.seattle.gov/portal/customize/LinkToRecord.aspx?altId=003017-18CP,False,True,False,,trao,
003038-18CP,6,2018 Mar 27 12:00:00 AM,,,Completed,6732 15TH AVE NW,98117,https://services.seattle.gov/portal/customize/LinkToRecord.aspx?altId=003038-18CP,False,True,False,,pota|trao,
003056-18CP,6,2018 Mar 28 12:00:00 AM,,,Closed,515 N 50TH ST,98103,https://services.seattle.gov/portal/customize/LinkToRecord.aspx?altId=003056-18CP,True,False,False,mold,,
003114-18CP,6,2018 Mar 30 12:00:00 AM,,,Completed,6503 PHINNEY AVE N,98103,https://services.seattle.gov/portal/customize/LinkToRecord.aspx?altId=003114-18CP,False,True,False,,trao,
003158-18CP,6,2018 Apr 02 12:00:00 AM,,,Completed,4108 PALATINE AVE N,98103,https://services.seattle.gov/portal/customize/LinkToRecord.aspx?altId=003158-18CP,True,False,True,mold|moisture,,rent increase
003209-18CP,6,2018 Apr 03 12:00:00 AM,,,Completed,3637 DAYTON AVE N,98103,https://services.seattle.gov/portal/customize/LinkToRecord.aspx?altId=003209-18CP,False,True,False,,tenant relocation,
003341-18CP,6,2018 Apr 06 12:00:00 AM,,,Completed,3444 36TH AVE W,98199,https://services.seattle.gov/portal/customize/LinkToRecord.aspx?altId=003341-18CP,False,True,False,,trao,
003367-18CP,6,2018 Apr 09 12:00:00 AM,,,Completed,3850 36TH AVE W,98199,https://services.seattle.gov/portal/customize/LinkToRecord.aspx?altId=003367-18CP,False,True,False,,retaliat,
003792-18CP,6,2018 Apr 27 12:00:00 AM,,,Completed,5601 32ND AVE NW,98107,https://services.seattle.gov/portal/customize/LinkToRecord.aspx?altId=003792-18CP,False,True,True,,harass|retaliat,improper notice
1042174-VI,6,2018 Jan 12 12:00:00 AM,2018 Jan 12 12:00:00 AM,Compliance Achieved,Completed,706 NW 62ND ST,98107,https://services.seattle.gov/portal/customize/LinkToRecord.aspx?altId=1042174-VI,False,True,False,,pota,
1042182-VI,6,2018 Jan 18 12:00:00 AM,,,Completed,706 NW 62ND ST,98107,https://services.seattle.gov/portal/customize/LinkToRecord.aspx?altId=1042182-VI,False,False,True,,,just cause|just cause eviction
1042273-VI,6,2018 Jan 31 12:00:00 AM,2018 Jan 31 12:00:00 AM,Compliance Achieved,Completed,7353 27TH AVE NW,98117,https://services.seattle.gov/portal/customize/LinkToRecord.aspx?altId=1042273-VI,False,True,False,,pota,
1042400-VI,6,2018 Feb 14 12:00:00 AM,,,Initiated,105 N 40TH ST,98103,https://services.seattle.gov/portal/customize/LinkToRecord.aspx?altId=1042400-VI,False,True,False,,pota,
1042409-VI,6,2018 Feb 15 12:00:00 AM,2018 Feb 15 12:00:00 AM,Compliance Achieved,Completed,8724 19TH AVE NW,98117,https://services.seattle.gov/portal/customize/LinkToRecord.aspx?altId=1042409-VI,False,True,False,,pota,
1042743-VI,6,2018 Mar 26 12:00:00 AM,,,Completed,8724 19TH AVE NW,98117,https://services.seattle.gov/portal/customize/LinkToRecord.aspx?altId=1042743-VI,False,True,False,,pota,
000248-19CP,6,2019 Jan 07 12:00:00 AM,,,Completed,220 NW 58TH ST,98107,https://services.seattle.gov/portal/customize/LinkToRecord.aspx?altId=000248-19CP,False,True,False,,pota,
000252-19CP,6,2019 Jan 07 12:00:00 AM,,,Completed,220 NW 58TH ST,,https://services.seattle.gov/portal/customize/LinkToRecord.aspx?altId=000252-19CP,False,True,False,,pota,
000260-19CP,6,2019 Jan 07 12:00:00 AM,,,Completed,2042 NW 62nd ST,,https://services.seattle.gov/portal/customize/LinkToRecord.aspx?altId=000260-19CP,False,True,False,,pota,
000445-19CP,6,2019 Jan 10 12:00:00 AM,,,Completed,1526 NW 61ST ST,98107,https://services.seattle.gov/portal/customize/LinkToRecord.aspx?altId=000445-19CP,False,True,False,,trao,
000497-19CP,6,2019 Jan 15 12:00:00 AM,,,Completed,414 NE RAVENNA BLVD,98115,https://services.seattle.gov/portal/customize/LinkToRecord.aspx?altId=000497-19CP,False,False,True,,,tenant rights
000588-19CP,6,2019 Jan 16 12:00:00 AM,,,Completed,2049 NW 61ST ST,98107,https://services.seattle.gov/portal/customize/LinkToRecord.aspx?altId=000588-19CP,False,True,False,,trao,
000591-19CP,6,2019 Jan 18 12:00:00 AM,,,Completed,1227 NW 85TH ST,98117,https://services.seattle.gov/portal/customize/LinkToRecord.aspx?altId=000591-19CP,False,True,False,,trao,
000632-19CP,6,2019 Jan 22 12:00:00 AM,,,Completed,7541 15TH AVE NW,,https://services.seattle.gov/portal/customize/LinkToRecord.aspx?altId=000632-19CP,False,True,False,,pota|trao,
000637-19CP,6,2019 Jan 22 12:00:00 AM,,,Completed,4515 W Raye ST,,https://services.seattle.gov/portal/customize/LinkToRecord.aspx?altId=000637-19CP,False,True,False,,pota,
000839-19CP,6,2019 Jan 29 12:00:00 AM,,,Completed,8036 27TH AVE NW,,https://services.seattle.gov/portal/customize/LinkToRecord.aspx?altId=000839-19CP,False,True,True,,pota,rent increase
000953-19CP,6,2019 Feb 01 12:00:00 AM,,,Closed,3626 FREMONT LN N,98103,https://services.seattle.gov/portal/customize/LinkToRecord.aspx?altId=000953-19CP,False,True,False,,pota,
000992-19CP,6,2019 Feb 05 12:00:00 AM,,,Completed,1544 NW 52ND ST,98107,https://services.seattle.gov/portal/customize/LinkToRecord.aspx?altId=000992-19CP,False,True,False,,trao,
001001-19CP,6,2019 Feb 04 12:00:00 AM,,,Completed,2520 29TH AVE W,98199,https://services.seattle.gov/portal/customize/LinkToRecord.aspx?altId=001001-19CP,False,True,False,,trao,
001063-19CP,6,2019 Feb 08 12:00:00 AM,,,Completed,515 N 50TH ST,98103,https://services.seattle.gov/portal/customize/LinkToRecord.aspx?altId=001063-19CP,True,True,False,asbestos,pota,
001116-19CP,6,2019 Feb 13 12:00:00 AM,,,Closed,414 NE RAVENNA BLVD,98115,https://services.seattle.gov/portal/customize/LinkToRecord.aspx?altId=001116-19CP,False,False,True,,,10-day notice|20-day notice
001136-19CP,6,2019 Feb 13 12:00:00 AM,2019 Feb 21 12:00:00 AM,Completed,Completed,4400 FREMONT AVE N,98103,https://services.seattle.gov/portal/customize/LinkToRecord.aspx?altId=001136-19CP,True,False,False,leak|leaking|roof leak,,
001140-19CP,6,2019 Feb 14 12:00:00 AM,,,Completed,1526 NW 61ST ST,,https://services.seattle.gov/portal/customize/LinkToRecord.aspx?altId=001140-19CP,False,True,False,,pota,
001178-19CP,6,2019 Feb 13 12:00:00 AM,,,Closed,123 N 83RD ST,98103,https://services.seattle.gov/portal/customize/LinkToRecord.aspx?altId=001178-19CP,False,True,False,,trao,
001188-19CP,6,2019 Feb 17 12:00:00 AM,,,Completed,319 NW 85TH ST,98117,https://services.seattle.gov/portal/customize/LinkToRecord.aspx?altId=001188-19CP,True,False,False,flooding,,
001254-19CP,6,2019 Feb 20 12:00:00 AM,,,Closed,4515 W RAYE ST,98199,https://services.seattle.gov/portal/customize/LinkToRecord.aspx?altId=001254-19CP,False,True,False,,pota,
001312-19CP,6,2019 Feb 21 12:00:00 AM,,,Closed,1516 NW 51ST ST,98107,https://services.seattle.gov/portal/customize/LinkToRecord.aspx?altId=001312-19CP,False,True,True,,harass,10 day notice
001357-19CP,6,2019 Feb 21 12:00:00 AM,,,Completed,7434 KEEN WAY N,98103,https://services.seattle.gov/portal/customize/LinkToRecord.aspx?altId=001357-19CP,False,False,True,,,tenant rights
001385-19CP,6,2019 Feb 25 12:00:00 AM,,,Closed,5808 17TH AVE NW,,https://services.seattle.gov/portal/customize/LinkToRecord.aspx?altId=001385-19CP,False,True,False,,pota|trao,
001399-19CP,6,2019 Feb 25 12:00:00 AM,,,Closed,7705 6TH AVE NW,98117,https://services.seattle.gov/portal/customize/LinkToRecord.aspx?altId=001399-19CP,False,False,True,,,tenant rights
001401-19CP,6,2019 Feb 25 12:00:00 AM,,,Closed,1139 A NW 56TH ST,98107,https://services.seattle.gov/portal/customize/LinkToRecord.aspx?altId=001401-19CP,False,True,False,,trao,
001484-19CP,6,2019 Feb 28 12:00:00 AM,,,Closed,1227 NW 85TH ST,,https://services.seattle.gov/portal/customize/LinkToRecord.aspx?altId=001484-19CP,False,True,False,,pota,
001532-19CP,6,2019 Feb 28 12:00:00 AM,,,Closed,5701 SEAVIEW AVE NW,98107,https://services.seattle.gov/portal/customize/LinkToRecord.aspx?altId=001532-19CP,False,False,True,,,rent increase
001535-19CP,6,2019 Mar 01 12:00:00 AM,,,Closed,6036 5TH AVE NE,,https://services.seattle.gov/portal/customize/LinkToRecord.aspx?altId=001535-19CP,False,True,False,,pota,
001537-19CP,6,2019 Feb 28 12:00:00 AM,,,Closed,2602 MAGNOLIA LN W,98199,https://services.seattle.gov/portal/customize/LinkToRecord.aspx?altId=001537-19CP,False,True,False,,trao,
001723-19CP,6,2019 Mar 08 12:00:00 AM,,,Completed,604 N 43RD ST,98103,https://services.seattle.gov/portal/customize/LinkToRecord.aspx?altId=001723-19CP,False,True,False,,trao,
001973-19CP,6,2019 Mar 18 12:00:00 AM,,,Closed,522 N 47TH ST,,https://services.seattle.gov/portal/customize/LinkToRecord.aspx?altId=001973-19CP,False,True,False,,pota|trao,
001975-19CP,6,2019 Mar 18 12:00:00 AM,,,Closed,518 N 49th ST,,https://services.seattle.gov/portal/customize/LinkToRecord.aspx?altId=001975-19CP,False,True,False,,pota|trao,
001984-19CP,6,2019 Mar 18 12:00:00 AM,,,Completed,5415 1ST AVE NE,98105,https://services.seattle.gov/portal/customize/LinkToRecord.aspx?altId=001984-19CP,False,True,False,,pota|trao,
002080-19CP,6,2019 Mar 21 12:00:00 AM,,,Completed,7705 6TH AVE NW,98117,https://services.seattle.gov/portal/customize/LinkToRecord.aspx?altId=002080-19CP,False,False,True,,,tenant rights
002082-19CP,6,2019 Mar 21 12:00:00 AM,,,Completed,414 NE RAVENNA BLVD,98115,https://services.seattle.gov/portal/customize/LinkToRecord.aspx?altId=002082-19CP,False,False,True,,,20-day notice
1046110-VI,6,2019 Mar 21 12:00:00 AM,,,Completed,414 NE RAVENNA BLVD,98115,https://services.seattle.gov/portal/customize/LinkToRecord.aspx?altId=1046110-VI,False,False,True,,,20-day notice|notice to terminate|just cause|just cause eviction
002116-19CP,6,2019 Mar 22 12:00:00 AM,,,Closed,1710 NW 89TH ST,98117,https://services.seattle.gov/portal/customize/LinkToRecord.aspx?altId=002116-19CP,False,True,False,,trao,
002118-19CP,6,2019 Mar 22 12:00:00 AM,,,Closed,6247 3RD AVE NW,,https://services.seattle.gov/portal/customize/LinkToRecord.aspx?altId=002118-19CP,False,True,False,,pota,
002224-19CP,6,2019 Mar 26 12:00:00 AM,,,Completed,2233 NW 58TH ST,98107,https://services.seattle.gov/portal/customize/LinkToRecord.aspx?altId=002224-19CP,False,True,False,,pota,
002231-19CP,6,2019 Mar 27 12:00:00 AM,,,Closed,6036 5TH AVE NE,98115,https://services.seattle.gov/portal/customize/LinkToRecord.aspx?altId=002231-19CP,False,True,False,,lockout,
002240-19CP,6,2019 Mar 27 12:00:00 AM,,,Completed,541 N 73RD ST,98103,https://services.seattle.gov/portal/customize/LinkToRecord.aspx?altId=002240-19CP,False,True,False,,pota,
002290-19CP,6,2019 Mar 26 12:00:00 AM,,,Closed,1112 N 78TH ST,98103,https://services.seattle.gov/portal/customize/LinkToRecord.aspx?altId=002290-19CP,False,False,True,,,tenant rights
002310-19CP,6,2019 Mar 28 12:00:00 AM,,,Completed,6736 24TH AVE NW,,https://services.seattle.gov/portal/customize/LinkToRecord.aspx?altId=002310-19CP,True,True,False,flooded|mold|moisture|uninhabitable,pota,
002457-19CP,6,2019 Apr 02 12:00:00 AM,,,Completed,8360 19TH AVE NW,98117,https://services.seattle.gov/portal/customize/LinkToRecord.aspx?altId=002457-19CP,False,True,False,,trao,
002572-19CP,6,2019 Apr 05 12:00:00 AM,,,Completed,1733 NW 61ST ST,,https://services.seattle.gov/portal/customize/LinkToRecord.aspx?altId=002572-19CP,False,True,False,,pota,
002647-19CP,6,2019 Apr 09 12:00:00 AM,,,Closed,1430 NW 59TH ST,,https://services.seattle.gov/portal/customize/LinkToRecord.aspx?altId=002647-19CP,False,True,False,,pota,
002692-19CP,6,2019 Apr 10 12:00:00 AM,,,Completed,7705 6TH AVE NW,98117,https://services.seattle.gov/portal/customize/LinkToRecord.aspx?altId=002692-19CP,False,True,False,,trao,
002731-19CP,6,2019 Apr 11 12:00:00 AM,,,Closed,7703 6TH AVE NW,98117,https://services.seattle.gov/portal/customize/LinkToRecord.aspx?altId=002731-19CP,False,True,False,,tenant relocation,
002841-19CP,6,2019 Apr 16 12:00:00 AM,,,Closed,8724 19TH AVE NW,98117,https://services.seattle.gov/portal/customize/LinkToRecord.aspx?altId=002841-19CP,False,True,False,,pota,
002846-19CP,6,2019 Apr 16 12:00:00 AM,,,Closed,7526 BAGLEY AVE N,,https://services.seattle.gov/portal/customize/LinkToRecord.aspx?altId=002846-19CP,False,True,False,,pota|trao,
002862-19CP,6,2019 Apr 15 12:00:00 AM,,,Completed,7361 17TH AVE NW,98117,https://services.seattle.gov/portal/customize/LinkToRecord.aspx?altId=002862-19CP,False,False,True,,,tenant rights
002869-19CP,6,2019 Apr 16 12:00:00 AM,,,Closed,6041 4TH AVE NE,98115,https://services.seattle.gov/portal/customize/LinkToRecord.aspx?altId=002869-19CP,False,False,True,,,rent increase
002917-19CP,6,2019 Apr 17 12:00:00 AM,,,Closed,1526 NW 63RD ST,98107,https://services.seattle.gov/portal/customize/LinkToRecord.aspx?altId=002917-19CP,False,False,True,,,security deposit
002958-19CP,6,2019 Apr 19 12:00:00 AM,,,Completed,5109 PHINNEY AVE N,98103,https://services.seattle.gov/portal/customize/LinkToRecord.aspx?altId=002958-19CP,False,True,False,,pota|trao,
003128-19CP,6,2019 Apr 24 12:00:00 AM,,,Closed,4468 LINDEN AVE N,98103,https://services.seattle.gov/portal/customize/LinkToRecord.aspx?altId=003128-19CP,False,True,False,,retaliat,
003131-19CP,6,2019 Apr 25 12:00:00 AM,,,Completed,3918 DAYTON AVE N,98103,https://services.seattle.gov/portal/customize/LinkToRecord.aspx?altId=003131-19CP,False,False,True,,,rent increase
003179-19CP,6,2019 Apr 24 12:00:00 AM,,,Closed,5808 17TH AVE NW,98107,https://services.seattle.gov/portal/customize/LinkToRecord.aspx?altId=003179-19CP,False,True,False,,trao,
003255-19CP,6,2019 Apr 30 12:00:00 AM,,,Closed,3824 EVANSTON AVE N,98103,https://services.seattle.gov/portal/customize/LinkToRecord.aspx?altId=003255-19CP,False,True,False,,trao,
003311-19CP,6,2019 Apr 30 12:00:00 AM,,,Closed,4415 1ST AVE NW,98107,https://services.seattle.gov/portal/customize/LinkToRecord.aspx?altId=003311-19CP,False,True,False,,trao,
003315-19CP,6,2019 May 02 12:00:00 AM,,,Completed,508 N 48TH ST,98103,https://services.seattle.gov/portal/customize/LinkToRecord.aspx?altId=003315-19CP,False,True,False,,relocation assistance,
003338-19CP,6,2019 May 02 12:00:00 AM,,,Closed,511 N BOWDOIN PL,98103,https://services.seattle.gov/portal/customize/LinkToRecord.aspx?altId=003338-19CP,False,True,False,,trao,
003348-19CP,6,2019 May 03 12:00:00 AM,2019 May 13 12:00:00 AM,No Access/Unable to Observe,Completed,6615 WOODLAWN AVE N,98103,https://services.seattle.gov/portal/customize/LinkToRecord.aspx?altId=003348-19CP,True,False,False,sewage|asbestos,,
003376-19CP,6,2019 May 03 12:00:00 AM,,,Completed,4801 DAYTON AVE N,98103,https://services.seattle.gov/portal/customize/LinkToRecord.aspx?altId=003376-19CP,False,True,False,,trao,
003470-19CP,6,2019 May 08 12:00:00 AM,,,Completed,4220 LINDEN AVE N,98103,https://services.seattle.gov/portal/customize/LinkToRecord.aspx?altId=003470-19CP,False,True,False,,pota|trao,
003520-19CP,6,2019 May 07 12:00:00 AM,,,Completed,2213 NW 63RD ST,98107,https://services.seattle.gov/portal/customize/LinkToRecord.aspx?altId=003520-19CP,False,True,False,,trao,
003551-19CP,6,2019 May 10 12:00:00 AM,,,Completed,7900 GREEN LAKE DR N,98103,https://services.seattle.gov/portal/customize/LinkToRecord.aspx?altId=003551-19CP,False,True,False,,trao,
003553-19CP,6,2019 May 10 12:00:00 AM,,,Completed,2047 NW 63RD ST,98107,https://services.seattle.gov/portal/customize/LinkToRecord.aspx?altId=003553-19CP,False,True,False,,trao,
003556-19CP,6,2019 May 10 12:00:00 AM,,,Completed,2047 NW 63RD ST,98107,https://services.seattle.gov/portal/customize/LinkToRecord.aspx?altId=003556-19CP,False,True,False,,trao,
003623-19CP,6,2019 May 13 12:00:00 AM,2019 May 15 12:00:00 AM,Completed,Completed,1516 NW 51ST ST,98107,https://services.seattle.gov/portal/customize/LinkToRecord.aspx?altId=003623-19CP,False,True,True,,pota,10 day notice
003872-19CP,6,2019 May 21 12:00:00 AM,,,Closed,816 N 47TH ST,98103,https://services.seattle.gov/portal/customize/LinkToRecord.aspx?altId=003872-19CP,False,True,False,,pota|trao,
004179-19CP,6,2019 May 24 12:00:00 AM,,,Closed,2249 NW 62ND ST,98107,https://services.seattle.gov/portal/customize/LinkToRecord.aspx?altId=004179-19CP,False,False,True,,,tenant rights
004376-19CP,6,2019 May 30 12:00:00 AM,,,Closed,158 NW 81ST ST,98117,https://services.seattle.gov/portal/customize/LinkToRecord.aspx?altId=004376-19CP,False,True,False,,trao,
004417-19CP,6,2019 Jun 04 12:00:00 AM,,,Closed,351 NW 80TH ST,98117,https://services.seattle.gov/portal/customize/LinkToRecord.aspx?altId=004417-19CP,False,True,True,,pota,discrimination
004525-19CP,6,2019 Jun 06 12:00:00 AM,,,Completed,3628 LINDEN AVE N,98103,https://services.seattle.gov/portal/customize/LinkToRecord.aspx?altId=004525-19CP,False,True,False,,trao,
004642-19CP,6,2019 Jun 07 12:00:00 AM,,,Closed,1718 NW 85TH ST,98117,https://services.seattle.gov/portal/customize/LinkToRecord.aspx?altId=004642-19CP,False,False,True,,,tenant rights
004722-19CP,6,2019 Jun 11 12:00:00 AM,,,Closed,1537 NW 56TH ST,,https://services.seattle.gov/portal/customize/LinkToRecord.aspx?altId=004722-19CP,False,True,True,,pota,rent increase
004746-19CP,6,2019 Jun 10 12:00:00 AM,,,Completed,604 N 43RD ST,98103,https://services.seattle.gov/portal/customize/LinkToRecord.aspx?altId=004746-19CP,False,True,False,,trao,
004800-19CP,6,2019 Jun 11 12:00:00 AM,,,Completed,1826 NW 89TH ST,98117,https://services.seattle.gov/portal/customize/LinkToRecord.aspx?altId=004800-19CP,False,True,False,,trao,
004828-19CP,6,2019 Jun 12 12:00:00 AM,,,Closed,847 NW 56TH ST,98107,https://services.seattle.gov/portal/customize/LinkToRecord.aspx?altId=004828-19CP,False,True,False,,harass,
1046754-VI,6,2019 Jun 13 12:00:00 AM,,,Citation Issued,3628 LINDEN AVE N,98103,https://services.seattle.gov/portal/customize/LinkToRecord.aspx?altId=1046754-VI,False,False,True,,,rent increase
004832-19CP,6,2019 Jun 13 12:00:00 AM,,,Closed,847 NW 56TH ST,,https://services.seattle.gov/portal/customize/LinkToRecord.aspx?altId=004832-19CP,False,True,True,,pota,without proper notice
005006-19CP,6,2019 Jun 17 12:00:00 AM,,,Closed,2212 NW 59TH ST,98107,https://services.seattle.gov/portal/customize/LinkToRecord.aspx?altId=005006-19CP,False,True,False,,trao,
1046826-VI,6,2019 Jun 18 12:00:00 AM,,,Completed,1718 NW 85TH ST,98117,https://services.seattle.gov/portal/customize/LinkToRecord.aspx?altId=1046826-VI,False,False,True,,,just cause
005034-19CP,6,2019 Jun 18 12:00:00 AM,,,Closed,3049 NW MARKET ST,98107,https://services.seattle.gov/portal/customize/LinkToRecord.aspx?altId=005034-19CP,False,True,False,,trao,
005240-19CP,6,2019 Jun 24 12:00:00 AM,,,Closed,6313 22ND AVE NW,98107,https://services.seattle.gov/portal/customize/LinkToRecord.aspx?altId=005240-19CP,False,False,True,,,rent increase
005266-19CP,6,2019 Jun 24 12:00:00 AM,,,Closed,331 N 78TH ST,98103,https://services.seattle.gov/portal/customize/LinkToRecord.aspx?altId=005266-19CP,False,True,False,,pota,
005288-19CP,6,2019 Jun 25 12:00:00 AM,,,Closed,3918 DAYTON AVE N,98103,https://services.seattle.gov/portal/customize/LinkToRecord.aspx?altId=005288-19CP,False,False,True,,,rent increase|rrio
005295-19CP,6,2019 Jun 24 12:00:00 AM,,,Completed,414 NE RAVENNA BLVD,98115,https://services.seattle.gov/portal/customize/LinkToRecord.aspx?altId=005295-19CP,False,True,True,,retaliat,rent increase
005448-19CP,6,2019 Jun 26 12:00:00 AM,,,Completed,1750 NW 60TH ST,98107,https://services.seattle.gov/portal/customize/LinkToRecord.aspx?altId=005448-19CP,False,True,False,,trao,
005460-19CP,6,2019 Jun 27 12:00:00 AM,,,Completed,315 NW 85TH ST,98117,https://services.seattle.gov/portal/customize/LinkToRecord.aspx?altId=005460-19CP,False,False,True,,,rent increase|security deposit
005468-19CP,6,2019 Jun 27 12:00:00 AM,,,Completed,5508 22ND AVE NW,,https://services.seattle.gov/portal/customize/LinkToRecord.aspx?altId=005468-19CP,False,True,False,,pota,
005477-19CP,6,2019 Jun 27 12:00:00 AM,,,Closed,7907 AURORA AVE N,,https://services.seattle.gov/portal/customize/LinkToRecord.aspx?altId=005477-19CP,False,True,False,,pota,
005527-19CP,6,2019 Jun 28 12:00:00 AM,,,Closed,312 NW 73RD ST,98117,https://services.seattle.gov/portal/customize/LinkToRecord.aspx?altId=005527-19CP,False,True,False,,pota,
005584-19CP,6,2019 Jul 01 12:00:00 AM,,,Closed,6402 PHINNEY AVE N,98103,https://services.seattle.gov/portal/customize/LinkToRecord.aspx?altId=005584-19CP,False,True,True,,pota,rent increase
005586-19CP,6,2019 Jul 01 12:00:00 AM,,,Completed,5507 4TH AVE NW,98107,https://services.seattle.gov/portal/customize/LinkToRecord.aspx?altId=005586-19CP,False,True,False,,pota|trao,
005670-19CP,6,2019 Jul 01 12:00:00 AM,,,Closed,3800 LINDEN AVE N,98103,https://services.seattle.gov/portal/customize/LinkToRecord.aspx?altId=005670-19CP,False,True,False,,threaten,
005728-19CP,6,2019 Jul 03 12:00:00 AM,,,Completed,1139 NW MARKET ST,98107,https://services.seattle.gov/portal/customize/LinkToRecord.aspx?altId=005728-19CP,False,False,True,,,rent increase
005757-19CP,6,2019 Jul 02 12:00:00 AM,,,Completed,522 N 85TH ST,98103,https://services.seattle.gov/portal/customize/LinkToRecord.aspx?altId=005757-19CP,False,True,False,,pota,
005760-19CP,6,2019 Jul 03 12:00:00 AM,,,Closed,1516 NW 51ST ST,98107,https://services.seattle.gov/portal/customize/LinkToRecord.aspx?altId=005760-19CP,False,True,True,,harass,10 day notice
005796-19CP,6,2019 Jul 03 12:00:00 AM,,,Completed,2611 NW 57TH ST,,https://services.seattle.gov/portal/customize/LinkToRecord.aspx?altId=005796-19CP,False,True,True,,threaten|pota,20 day notice
005799-19CP,6,2019 Jul 03 12:00:00 AM,,,Completed,105 N 40TH ST,98103,https://services.seattle.gov/portal/customize/LinkToRecord.aspx?altId=005799-19CP,False,True,False,,pota,
005810-19CP,6,2019 Jul 03 12:00:00 AM,,,Completed,3626 FREMONT LN N,,https://services.seattle.gov/portal/customize/LinkToRecord.aspx?altId=005810-19CP,False,True,False,,pota,
005948-19CP,6,2019 Jul 08 12:00:00 AM,,,Completed,1203 NW 85TH ST,98117,https://services.seattle.gov/portal/customize/LinkToRecord.aspx?altId=005948-19CP,False,True,False,,trao,
005955-19CP,6,2019 Jul 08 12:00:00 AM,,,Closed,414 NE RAVENNA BLVD,98115,https://services.seattle.gov/portal/customize/LinkToRecord.aspx?altId=005955-19CP,True,False,True,hazard|garbage,,rent increase
1047106-VI,6,2019 Jul 10 12:00:00 AM,,,Completed,6402 PHINNEY AVE N,98103,https://services.seattle.gov/portal/customize/LinkToRecord.aspx?altId=1047106-VI,False,True,True,,pota,rent increase
1047109-VI,6,2019 Jul 10 12:00:00 AM,,,Completed,6402 PHINNEY AVE N,98103,https://services.seattle.gov/portal/customize/LinkToRecord.aspx?altId=1047109-VI,False,True,True,,pota,improper notice
006069-19CP,6,2019 Jul 10 12:00:00 AM,,,Completed,8730 25TH AVE NW,98117,https://services.seattle.gov/portal/customize/LinkToRecord.aspx?altId=006069-19CP,False,True,False,,trao,
006154-19CP,6,2019 Jul 12 12:00:00 AM,,,Closed,8502 30TH AVE NW,98117,https://services.seattle.gov/portal/customize/LinkToRecord.aspx?altId=006154-19CP,False,True,False,,trao,
006237-19CP,6,2019 Jul 15 12:00:00 AM,,,Closed,2441 28TH AVE W,,https://services.seattle.gov/portal/customize/LinkToRecord.aspx?altId=006237-19CP,False,True,False,,pota|trao,
006252-19CP,6,2019 Jul 15 12:00:00 AM,,,Completed,6501 24TH AVE NW,98117,https://services.seattle.gov/portal/customize/LinkToRecord.aspx?altId=006252-19CP,False,False,True,,,tenant rights
006564-19CP,6,2019 Jul 22 12:00:00 AM,2019 Jul 29 12:00:00 AM,Completed,Completed,414 NE RAVENNA BLVD,98115,https://services.seattle.gov/portal/customize/LinkToRecord.aspx?altId=006564-19CP,True,False,True,hazard|garbage,,rent increase
006594-19CP,6,2019 Jul 22 12:00:00 AM,,,Completed,6524 24TH AVE NW,98117,https://services.seattle.gov/portal/customize/LinkToRecord.aspx?altId=006594-19CP,False,True,False,,pota,
1047352-VI,6,2019 Jul 23 12:00:00 AM,,,Completed,6524 24TH AVE NW,98117,https://services.seattle.gov/portal/customize/LinkToRecord.aspx?altId=1047352-VI,False,True,False,,pota,
006647-19CP,6,2019 Jul 23 12:00:00 AM,,,Completed,6416 15TH AVE NW,,https://services.seattle.gov/portal/customize/LinkToRecord.aspx?altId=006647-19CP,False,True,True,,pota,security deposit
006703-19CP,6,2019 Jul 24 12:00:00 AM,,,Completed,105 N 40TH ST,98103,https://services.seattle.gov/portal/customize/LinkToRecord.aspx?altId=006703-19CP,False,True,True,,trao,notice to terminate
006879-19CP,6,2019 Jul 26 12:00:00 AM,,,Completed,2842 NW 73RD ST,98117,https://services.seattle.gov/portal/customize/LinkToRecord.aspx?altId=006879-19CP,False,True,False,,pota,
006996-19CP,6,2019 Jul 29 12:00:00 AM,,,Closed,1522 NW 61ST ST,98107,https://services.seattle.gov/portal/customize/LinkToRecord.aspx?altId=006996-19CP,False,True,False,,trao,
007050-19CP,6,2019 Aug 01 12:00:00 AM,,,Completed,6743 15TH AVE NW,,https://services.seattle.gov/portal/customize/LinkToRecord.aspx?altId=007050-19CP,True,True,False,infestation,pota,
007057-19CP,6,2019 Aug 01 12:00:00 AM,,,Closed,847 NW 56TH ST,98107,https://services.seattle.gov/portal/customize/LinkToRecord.aspx?altId=007057-19CP,False,True,True,,retaliat,rent increase
007060-19CP,6,2019 Jul 30 12:00:00 AM,,,Closed,4301 34TH AVE W,98199,https://services.seattle.gov/portal/customize/LinkToRecord.aspx?altId=007060-19CP,True,False,False,leak,,
007118-19CP,6,2019 Jul 31 12:00:00 AM,,,Completed,414 NE RAVENNA BLVD,98115,https://services.seattle.gov/portal/customize/LinkToRecord.aspx?altId=007118-19CP,False,True,False,,retaliat,
007151-19CP,6,2019 Aug 02 12:00:00 AM,,,Closed,2917 NW 85TH ST,98117,https://services.seattle.gov/portal/customize/LinkToRecord.aspx?altId=007151-19CP,False,True,False,,trao,
007308-19CP,6,2019 Aug 05 12:00:00 AM,,,Completed,7758 CORLISS AVE N,98103,https://services.seattle.gov/portal/customize/LinkToRecord.aspx?altId=007308-19CP,False,False,True,,,tenant rights
1047687-VI,6,2019 Aug 06 12:00:00 AM,,,Completed,6313 22ND AVE NW,98107,https://services.seattle.gov/portal/customize/LinkToRecord.aspx?altId=1047687-VI,False,False,True,,,rent increase
007355-19CP,6,2019 Aug 07 12:00:00 AM,,,Completed,5902 22ND AVE NW,98107,https://services.seattle.gov/portal/customize/LinkToRecord.aspx?altId=007355-19CP,False,False,True,,,eviction notice
007392-19CP,6,2019 Aug 08 12:00:00 AM,,,Completed,920 NW 54TH ST,,https://services.seattle.gov/portal/customize/LinkToRecord.aspx?altId=007392-19CP,False,True,False,,pota|trao,
007407-19CP,6,2019 Aug 08 12:00:00 AM,,,Completed,7231 3rd AVE NW,,https://services.seattle.gov/portal/customize/LinkToRecord.aspx?altId=007407-19CP,False,True,False,,pota,
007443-19CP,6,2019 Aug 09 12:00:00 AM,,,Completed,602 N 42ND ST,98103,https://services.seattle.gov/portal/customize/LinkToRecord.aspx?altId=007443-19CP,False,True,False,,pota|trao,
007538-19CP,6,2019 Aug 12 12:00:00 AM,,,Closed,2432 NW 56TH ST,98107,https://services.seattle.gov/portal/customize/LinkToRecord.aspx?altId=007538-19CP,False,True,False,,trao,
007551-19CP,6,2019 Aug 13 12:00:00 AM,,,Completed,5814 22ND AVE NW,98107,https://services.seattle.gov/portal/customize/LinkToRecord.aspx?altId=007551-19CP,True,True,False,leak|leaking,pota,
007589-19CP,6,2019 Aug 13 12:00:00 AM,,,Closed,5506 5TH AVE NW,98107,https://services.seattle.gov/portal/customize/LinkToRecord.aspx?altId=007589-19CP,False,True,False,,trao,
007595-19CP,6,2019 Aug 13 12:00:00 AM,,,Completed,6727 7TH AVE NW,98117,https://services.seattle.gov/portal/customize/LinkToRecord.aspx?altId=007595-19CP,False,False,True,,,tenant rights
007670-19CP,6,2019 Aug 15 12:00:00 AM,,,Closed,604 N 43RD ST,98103,https://services.seattle.gov/portal/customize/LinkToRecord.aspx?altId=007670-19CP,False,True,False,,pota|trao,
008005-19CP,6,2019 Aug 22 12:00:00 AM,,,Closed,8727 25TH AVE NW,98117,https://services.seattle.gov/portal/customize/LinkToRecord.aspx?altId=008005-19CP,False,False,True,,,security deposit
008618-19CP,6,2019 Sep 09 12:00:00 AM,,,Closed,4702 FREMONT AVE N,98103,https://services.seattle.gov/portal/customize/LinkToRecord.aspx?altId=008618-19CP,False,True,False,,pota|trao,
008734-19CP,6,2019 Sep 11 12:00:00 AM,,,Completed,6727 7TH AVE NW,98117,https://services.seattle.gov/portal/customize/LinkToRecord.aspx?altId=008734-19CP,False,False,True,,,pay or vacate|vacate notice
008856-19CP,6,2019 Sep 13 12:00:00 AM,,,Closed,833 NW 61ST ST,,https://services.seattle.gov/portal/customize/LinkToRecord.aspx?altId=008856-19CP,False,True,False,,pota|trao,
008941-19CP,6,2019 Sep 17 12:00:00 AM,,,Completed,3661 PHINNEY AVE N,,https://services.seattle.gov/portal/customize/LinkToRecord.aspx?altId=008941-19CP,False,True,False,,pota,
009164-19CP,6,2019 Sep 23 12:00:00 AM,,,Closed,847 NW 56TH ST,98107,https://services.seattle.gov/portal/customize/LinkToRecord.aspx?altId=009164-19CP,False,True,False,,pota,
009322-19CP,6,2019 Sep 26 12:00:00 AM,,,Completed,515 N 50TH ST,98103,https://services.seattle.gov/portal/customize/LinkToRecord.aspx?altId=009322-19CP,True,True,False,asbestos|lead paint,pota,
009338-19CP,6,2019 Sep 27 12:00:00 AM,,,Closed,2422 NW 60TH ST,,https://services.seattle.gov/portal/customize/LinkToRecord.aspx?altId=009338-19CP,False,True,False,,pota|trao,
009424-19CP,6,2019 Sep 30 12:00:00 AM,,,Completed,6750 JONES AVE NW,,https://services.seattle.gov/portal/customize/LinkToRecord.aspx?altId=009424-19CP,False,True,False,,pota|trao,
009428-19CP,6,2019 Sep 30 12:00:00 AM,,,Closed,1808 NW 89TH ST,98117,https://services.seattle.gov/portal/customize/LinkToRecord.aspx?altId=009428-19CP,False,True,False,,pota|trao,
009486-19CP,6,2019 Oct 01 12:00:00 AM,,,Completed,1426 NW 60TH ST,,https://services.seattle.gov/portal/customize/LinkToRecord.aspx?altId=009486-19CP,False,True,False,,pota|trao,
009498-19CP,6,2019 Oct 02 12:00:00 AM,,,Closed,6402 PHINNEY AVE N,98103,https://services.seattle.gov/portal/customize/LinkToRecord.aspx?altId=009498-19CP,False,True,True,,pota,improper notice
1048582-VI,6,2019 Oct 02 12:00:00 AM,,,Completed,6402 PHINNEY AVE N,98103,https://services.seattle.gov/portal/customize/LinkToRecord.aspx?altId=1048582-VI,False,False,True,,,improper notice
009543-19CP,6,2019 Oct 01 12:00:00 AM,,,Completed,1426 NW 60TH ST,98107,https://services.seattle.gov/portal/customize/LinkToRecord.aspx?altId=009543-19CP,False,False,True,,,tenant rights
009649-19CP,6,2019 Oct 07 12:00:00 AM,,,Closed,7401 FREMONT AVE N,98103,https://services.seattle.gov/portal/customize/LinkToRecord.aspx?altId=009649-19CP,False,True,False,,pota,
009776-19CP,6,2019 Oct 08 12:00:00 AM,,,Closed,6402 PHINNEY AVE N,98103,https://services.seattle.gov/portal/customize/LinkToRecord.aspx?altId=009776-19CP,False,True,False,,retaliat|pota,
009922-19CP,6,2019 Oct 14 12:00:00 AM,,,Completed,1718 NW 85TH ST,,https://services.seattle.gov/portal/customize/LinkToRecord.aspx?altId=009922-19CP,False,True,True,,pota,rent increase
010018-19CP,6,2019 Oct 17 12:00:00 AM,,,Completed,7519 GREENWOOD AVE N,98103,https://services.seattle.gov/portal/customize/LinkToRecord.aspx?altId=010018-19CP,True,False,False,mold,,
010142-19CP,6,2019 Oct 22 12:00:00 AM,,,Closed,4016 PHINNEY AVE N,98103,https://services.seattle.gov/portal/customize/LinkToRecord.aspx?altId=010142-19CP,False,True,False,,trao,
1048800-VI,6,2019 Oct 22 12:00:00 AM,,,Completed,1718 NW 85TH ST,,https://services.seattle.gov/portal/customize/LinkToRecord.aspx?altId=1048800-VI,False,False,True,,,rent increase
010229-19CP,6,2019 Oct 25 12:00:00 AM,,,Completed,5902 22ND AVE NW,98107,https://services.seattle.gov/portal/customize/LinkToRecord.aspx?altId=010229-19CP,False,False,True,,,eviction notice
010292-19CP,6,2019 Oct 28 12:00:00 AM,,,Completed,6006 3RD AVE NW,98107,https://services.seattle.gov/portal/customize/LinkToRecord.aspx?altId=010292-19CP,False,True,True,,pota,security deposit
010343-19CP,6,2019 Oct 29 12:00:00 AM,,,Completed,929 NW MARKET ST,98107,https://services.seattle.gov/portal/customize/LinkToRecord.aspx?altId=010343-19CP,False,True,False,,trao,
010416-19CP,6,2019 Oct 31 12:00:00 AM,,,Completed,1516 NW 53RD ST,98107,https://services.seattle.gov/portal/customize/LinkToRecord.aspx?altId=010416-19CP,True,True,True,broken door,harass,10-day notice
1048945-CT,6,2019 Nov 05 12:00:00 AM,,,Completed,6006 3RD AVE NW,98107,https://services.seattle.gov/portal/customize/LinkToRecord.aspx?altId=1048945-CT,False,True,False,,pota,
010612-19CP,6,2019 Nov 05 12:00:00 AM,,,Closed,7420 LATONA AVE NE,98115,https://services.seattle.gov/portal/customize/LinkToRecord.aspx?altId=010612-19CP,False,True,False,,trao,
010636-19CP,6,2019 Nov 07 12:00:00 AM,,,Completed,7420 latona AVE NE,,https://services.seattle.gov/portal/customize/LinkToRecord.aspx?altId=010636-19CP,False,True,False,,trao,
010652-19CP,6,2019 Nov 07 12:00:00 AM,,,Closed,1526 NW 62ND ST,98107,https://services.seattle.gov/portal/customize/LinkToRecord.aspx?altId=010652-19CP,False,True,False,,trao,
1049049-VI,6,2019 Nov 18 12:00:00 AM,,,Completed,5902 22ND AVE NW,98107,https://services.seattle.gov/portal/customize/LinkToRecord.aspx?altId=1049049-VI,False,False,True,,,eviction notice
011118-19CP,6,2019 Nov 25 12:00:00 AM,,,Closed,6402 PHINNEY AVE N,98103,https://services.seattle.gov/portal/customize/LinkToRecord.aspx?altId=011118-19CP,False,True,True,,pota,without proper notice
011130-19CP,6,2019 Nov 25 12:00:00 AM,,,Closed,718 N 43RD ST,,https://services.seattle.gov/portal/customize/LinkToRecord.aspx?altId=011130-19CP,False,True,False,,pota|trao,
011147-19CP,6,2019 Nov 26 12:00:00 AM,,,Closed,1816 NW 89TH ST,98117,https://services.seattle.gov/portal/customize/LinkToRecord.aspx?altId=011147-19CP,False,True,False,,trao,
011187-19CP,6,2019 Nov 27 12:00:00 AM,,,Closed,1400 NW 59TH ST,98107,https://services.seattle.gov/portal/customize/LinkToRecord.aspx?altId=011187-19CP,False,False,True,,,tenant rights
011492-19CP,6,2019 Dec 12 12:00:00 AM,,,Completed,3637 DAYTON AVE N,98103,https://services.seattle.gov/portal/customize/LinkToRecord.aspx?altId=011492-19CP,False,True,False,,trao,
011570-19CP,6,2019 Dec 10 12:00:00 AM,,,Closed,3635 DAYTON AVE N,98103,https://services.seattle.gov/portal/customize/LinkToRecord.aspx?altId=011570-19CP,False,True,False,,trao,
011573-19CP,6,2019 Dec 16 12:00:00 AM,,,Closed,6013 WOODLAND PL N,98103,https://services.seattle.gov/portal/customize/LinkToRecord.aspx?altId=011573-19CP,False,False,True,,,security deposit
011617-19CP,6,2019 Dec 12 12:00:00 AM,,,Closed,2436 NW 64TH ST,98107,https://services.seattle.gov/portal/customize/LinkToRecord.aspx?altId=011617-19CP,False,True,False,,trao,
011672-19CP,6,2019 Dec 16 12:00:00 AM,,,Closed,413 NE 70TH ST,98115,https://services.seattle.gov/portal/customize/LinkToRecord.aspx?altId=011672-19CP,False,False,True,,,security deposit
011814-19CP,6,2019 Dec 27 12:00:00 AM,,,Completed,844 NW 54TH ST,98107,https://services.seattle.gov/portal/customize/LinkToRecord.aspx?altId=011814-19CP,False,False,True,,,security deposit
011869-19CP,6,2019 Dec 30 12:00:00 AM,,,Completed,1814 NW 89TH ST,98117,https://services.seattle.gov/portal/customize/LinkToRecord.aspx?altId=011869-19CP,False,True,False,,trao,
000115-20CP,6,2020 Jan 02 12:00:00 AM,,,Completed,4336 31ST AVE W,98199,https://services.seattle.gov/portal/customize/LinkToRecord.aspx?altId=000115-20CP,False,True,False,,trao,
000217-20CP,6,2020 Jan 06 12:00:00 AM,,,Completed,518 N 79TH ST,98103,https://services.seattle.gov/portal/customize/LinkToRecord.aspx?altId=000217-20CP,False,False,True,,,unauthorized entry
000242-20CP,6,2020 Jan 07 12:00:00 AM,,,Closed,2812 36TH AVE W,98199,https://services.seattle.gov/portal/customize/LinkToRecord.aspx?altId=000242-20CP,False,False,True,,,just cause|just cause eviction
000325-20CP,6,2020 Jan 09 12:00:00 AM,,,Closed,2812 36TH AVE W,98199,https://services.seattle.gov/portal/customize/LinkToRecord.aspx?altId=000325-20CP,False,False,True,,,just cause|just cause eviction
000360-20CP,6,2020 Jan 06 12:00:00 AM,,,Closed,3800 35TH AVE W,98199,https://services.seattle.gov/portal/customize/LinkToRecord.aspx?altId=000360-20CP,False,False,True,,,security deposit
000417-20CP,6,2020 Jan 14 12:00:00 AM,,,Completed,2812 36TH AVE W,98199,https://services.seattle.gov/portal/customize/LinkToRecord.aspx?altId=000417-20CP,False,False,True,,,just cause|just cause eviction
000449-20CP,6,2020 Jan 15 12:00:00 AM,,,Completed,8039 MARY AVE NW,98117,https://services.seattle.gov/portal/customize/LinkToRecord.aspx?altId=000449-20CP,False,True,False,,trao,
000450-20CP,6,2020 Jan 15 12:00:00 AM,,,Closed,8326 13TH AVE NW,98117,https://services.seattle.gov/portal/customize/LinkToRecord.aspx?altId=000450-20CP,False,True,False,,trao,
000615-20CP,6,2020 Jan 17 12:00:00 AM,,,Closed,7341 17TH AVE NW,98117,https://services.seattle.gov/portal/customize/LinkToRecord.aspx?altId=000615-20CP,False,True,False,,trao,
000788-20CP,6,2020 Jan 28 12:00:00 AM,,,Closed,6242 4TH AVE NW,98107,https://services.seattle.gov/portal/customize/LinkToRecord.aspx?altId=000788-20CP,False,True,True,,pota,notice to terminate|just cause
000790-20CP,6,2020 Jan 28 12:00:00 AM,,,Completed,1116 N 84TH ST,98103,https://services.seattle.gov/portal/customize/LinkToRecord.aspx?altId=000790-20CP,False,False,True,,,eviction notice
000801-20CP,6,2020 Jan 27 12:00:00 AM,,,Completed,2249 NW 62ND ST,98107,https://services.seattle.gov/portal/customize/LinkToRecord.aspx?altId=000801-20CP,False,False,True,,,utility billing
000841-20CP,6,2020 Jan 29 12:00:00 AM,,,Closed,2602 MAGNOLIA LN W,98199,https://services.seattle.gov/portal/customize/LinkToRecord.aspx?altId=000841-20CP,False,True,False,,trao,
000842-20CP,6,2020 Jan 29 12:00:00 AM,,,Completed,7009 6TH AVE NW,98117,https://services.seattle.gov/portal/customize/LinkToRecord.aspx?altId=000842-20CP,False,False,True,,,security deposit
000851-20CP,6,2020 Jan 30 12:00:00 AM,,,Closed,8370 LOYAL WAY NW,98117,https://services.seattle.gov/portal/customize/LinkToRecord.aspx?altId=000851-20CP,False,True,False,,trao,
000991-20CP,6,2020 Feb 04 12:00:00 AM,,,Completed,6341 4TH AVE NE,98115,https://services.seattle.gov/portal/customize/LinkToRecord.aspx?altId=000991-20CP,False,True,False,,trao,
000999-20CP,6,2020 Feb 04 12:00:00 AM,,,Closed,4216 LINDEN AVE N,98103,https://services.seattle.gov/portal/customize/LinkToRecord.aspx?altId=000999-20CP,False,True,False,,trao,
001083-20CP,6,2020 Feb 06 12:00:00 AM,,,Completed,1480 NW 80TH ST,98117,https://services.seattle.gov/portal/customize/LinkToRecord.aspx?altId=001083-20CP,False,False,True,,,tenant rights
001088-20CP,6,2020 Feb 05 12:00:00 AM,,,Closed,501 NE RAVENNA BLVD,98115,https://services.seattle.gov/portal/customize/LinkToRecord.aspx?altId=001088-20CP,False,True,False,,trao,
001089-20CP,6,2020 Feb 06 12:00:00 AM,,,Closed,620 N 34TH ST,98103,https://services.seattle.gov/portal/customize/LinkToRecord.aspx?altId=001089-20CP,False,False,True,,,security deposit
1049712-VI,6,2020 Feb 07 12:00:00 AM,,,Initiated,901 NW 57TH ST,98107,https://services.seattle.gov/portal/customize/LinkToRecord.aspx?altId=1049712-VI,False,False,True,,,notice to terminate
001170-20CP,6,2020 Feb 07 12:00:00 AM,,,Closed,7726 19TH AVE NW,98117,https://services.seattle.gov/portal/customize/LinkToRecord.aspx?altId=001170-20CP,False,True,False,,trao,
001237-20CP,6,2020 Feb 11 12:00:00 AM,,,Closed,7902 3RD AVE NW,98117,https://services.seattle.gov/portal/customize/LinkToRecord.aspx?altId=001237-20CP,False,True,False,,trao,
001273-20CP,6,2020 Feb 11 12:00:00 AM,,,Completed,1824 NW 89TH ST,98117,https://services.seattle.gov/portal/customize/LinkToRecord.aspx?altId=001273-20CP,False,True,False,,trao,
001314-20CP,6,2020 Feb 13 12:00:00 AM,,,Completed,7744 MARY AVE NW,98117,https://services.seattle.gov/portal/customize/LinkToRecord.aspx?altId=001314-20CP,False,True,False,,trao,
001441-20CP,6,2020 Feb 18 12:00:00 AM,,,Completed,6738 4TH AVE NW,98117,https://services.seattle.gov/portal/customize/LinkToRecord.aspx?altId=001441-20CP,False,False,True,,,just cause
001639-20CP,6,2020 Feb 24 12:00:00 AM,2020 Feb 27 12:00:00 AM,Completed,Completed,3734 W LAWTON ST,98199,https://services.seattle.gov/portal/customize/LinkToRecord.aspx?altId=001639-20CP,True,False,False,mold|moisture,,
001678-20CP,6,2020 Feb 25 12:00:00 AM,,,Completed,846 NW 51ST ST,98107,https://services.seattle.gov/portal/customize/LinkToRecord.aspx?altId=001678-20CP,False,True,False,,trao,
001685-20CP,6,2020 Feb 25 12:00:00 AM,,,Closed,8348 13TH AVE NW,98117,https://services.seattle.gov/portal/customize/LinkToRecord.aspx?altId=001685-20CP,False,True,False,,trao,
001802-20CP,6,2020 Feb 27 12:00:00 AM,,,Closed,7231 3RD AVE NW,98117,https://services.seattle.gov/portal/customize/LinkToRecord.aspx?altId=001802-20CP,False,True,False,,trao,
1049936-CT,6,2020 Feb 28 12:00:00 AM,,,Initiated,1811 N 80TH ST,98103,https://services.seattle.gov/portal/customize/LinkToRecord.aspx?altId=1049936-CT,False,True,False,,pota,
001890-20CP,6,2020 Mar 02 12:00:00 AM,,,Closed,2821 NW 90TH PL,98117,https://services.seattle.gov/portal/customize/LinkToRecord.aspx?altId=001890-20CP,False,True,False,,trao,
001917-20CP,6,2020 Mar 03 12:00:00 AM,,,Completed,1441 NW 52ND ST,98107,https://services.seattle.gov/portal/customize/LinkToRecord.aspx?altId=001917-20CP,False,False,True,,,pay or vacate|vacate notice
001959-20CP,6,2020 Mar 05 12:00:00 AM,,,Completed,4001 EVANSTON AVE N,98103,https://services.seattle.gov/portal/customize/LinkToRecord.aspx?altId=001959-20CP,False,True,False,,trao,
002060-20CP,6,2020 Mar 09 12:00:00 AM,,,Completed,1763 NW 57TH ST,98107,https://services.seattle.gov/portal/customize/LinkToRecord.aspx?altId=002060-20CP,False,True,False,,trao,
002061-20CP,6,2020 Mar 09 12:00:00 AM,,,Closed,1761 NW 57TH ST,98107,https://services.seattle.gov/portal/customize/LinkToRecord.aspx?altId=002061-20CP,False,True,False,,trao,
002143-20CP,6,2020 Mar 11 12:00:00 AM,,,Completed,4207 PHINNEY AVE N,98103,https://services.seattle.gov/portal/customize/LinkToRecord.aspx?altId=002143-20CP,False,False,True,,,rent increase
002173-20CP,6,2020 Mar 10 12:00:00 AM,,,Closed,935 N 73RD ST,98103,https://services.seattle.gov/portal/customize/LinkToRecord.aspx?altId=002173-20CP,True,False,True,hazard|fire hazard,,code violation
002185-20CP,6,2020 Mar 12 12:00:00 AM,,,Closed,209 N 87TH ST,98103,https://services.seattle.gov/portal/customize/LinkToRecord.aspx?altId=002185-20CP,False,True,False,,trao,
002292-20CP,6,2020 Mar 16 12:00:00 AM,,,Closed,5557 GREENWOOD AVE N,98103,https://services.seattle.gov/portal/customize/LinkToRecord.aspx?altId=002292-20CP,False,True,False,,trao,
002300-20CP,6,2020 Mar 17 12:00:00 AM,,,Closed,346 N 77TH ST,98103,https://services.seattle.gov/portal/customize/LinkToRecord.aspx?altId=002300-20CP,False,True,False,,trao,
1050092-VI,6,2020 Mar 18 12:00:00 AM,,,Initiated,4207 PHINNEY AVE N,98103,https://services.seattle.gov/portal/customize/LinkToRecord.aspx?altId=1050092-VI,False,False,True,,,rent increase
002353-20CP,6,2020 Mar 18 12:00:00 AM,,,Closed,2904 NW 80TH ST,98117,https://services.seattle.gov/portal/customize/LinkToRecord.aspx?altId=002353-20CP,False,True,False,,trao|tenant relocation,
002477-20CP,6,2020 Mar 23 12:00:00 AM,,,Completed,518 N 79TH ST,98103,https://services.seattle.gov/portal/customize/LinkToRecord.aspx?altId=002477-20CP,False,False,True,,,illegal entry
002486-20CP,6,2020 Mar 23 12:00:00 AM,,,Closed,5557 GREENWOOD AVE N,98103,https://services.seattle.gov/portal/customize/LinkToRecord.aspx?altId=002486-20CP,False,True,False,,trao,
002534-20CP,6,2020 Mar 25 12:00:00 AM,,,Completed,414 NE RAVENNA BLVD,98115,https://services.seattle.gov/portal/customize/LinkToRecord.aspx?altId=002534-20CP,False,True,True,,lockout,late fees
002629-20CP,6,2020 Mar 27 12:00:00 AM,,,Closed,7315 34TH AVE NW,98117,https://services.seattle.gov/portal/customize/LinkToRecord.aspx?altId=002629-20CP,False,True,False,,trao,
002633-20CP,6,2020 Mar 30 12:00:00 AM,,,Closed,5816 14TH AVE NW,98107,https://services.seattle.gov/portal/customize/LinkToRecord.aspx?altId=002633-20CP,False,True,False,,trao,
002874-20CP,6,2020 Apr 08 12:00:00 AM,,,Completed,2003 NW 57TH ST,98107,https://services.seattle.gov/portal/customize/LinkToRecord.aspx?altId=002874-20CP,False,False,True,,,rent increase
002875-20CP,6,2020 Apr 08 12:00:00 AM,,,Completed,8043 MERIDIAN AVE N,98103,https://services.seattle.gov/portal/customize/LinkToRecord.aspx?altId=002875-20CP,False,True,False,,trao|tenant relocation|relocation assistance,
002898-20CP,6,2020 Apr 09 12:00:00 AM,,,Closed,2112 N 50TH ST,98103,https://services.seattle.gov/portal/customize/LinkToRecord.aspx?altId=002898-20CP,False,True,False,,trao,
002970-20CP,6,2020 Apr 13 12:00:00 AM,,,Closed,8043 MERIDIAN AVE N,98103,https://services.seattle.gov/portal/customize/LinkToRecord.aspx?altId=002970-20CP,False,True,False,,trao,
003020-20CP,6,2020 Apr 14 12:00:00 AM,,,Completed,622 N 60TH ST,98103,https://services.seattle.gov/portal/customize/LinkToRecord.aspx?altId=003020-20CP,False,False,True,,,tenant rights
003240-20CP,6,2020 Apr 22 12:00:00 AM,,,Completed,8346 25TH AVE NW,98117,https://services.seattle.gov/portal/customize/LinkToRecord.aspx?altId=003240-20CP,False,True,False,,trao,
003266-20CP,6,2020 Apr 22 12:00:00 AM,,,Completed,8316 14TH AVE NW,98117,https://services.seattle.gov/portal/customize/LinkToRecord.aspx?altId=003266-20CP,False,True,False,,trao,
003267-20CP,6,2020 Apr 22 12:00:00 AM,,,Closed,406 N 46TH ST,98103,https://services.seattle.gov/portal/customize/LinkToRecord.aspx?altId=003267-20CP,False,True,False,,trao,
003299-20CP,6,2020 Apr 23 12:00:00 AM,,,Closed,1530 NW 57TH ST,98107,https://services.seattle.gov/portal/customize/LinkToRecord.aspx?altId=003299-20CP,False,True,False,,trao,
003321-20CP,6,2020 Apr 24 12:00:00 AM,,,Completed,515 N 50TH ST,98103,https://services.seattle.gov/portal/customize/LinkToRecord.aspx?altId=003321-20CP,False,False,True,,,security deposit
003324-20CP,6,2020 Apr 24 12:00:00 AM,,,Completed,3617 FRANCIS AVE N,98103,https://services.seattle.gov/portal/customize/LinkToRecord.aspx?altId=003324-20CP,False,False,True,,,tenant rights
003418-20CP,6,2020 Apr 28 12:00:00 AM,,,Closed,7204 32ND AVE NW,98117,https://services.seattle.gov/portal/customize/LinkToRecord.aspx?altId=003418-20CP,False,True,False,,trao,
003437-20CP,6,2020 Apr 29 12:00:00 AM,,,Completed,4907 FREMONT AVE N,98103,https://services.seattle.gov/portal/customize/LinkToRecord.aspx?altId=003437-20CP,False,True,False,,threaten,
003470-20CP,6,2020 Apr 30 12:00:00 AM,,,Closed,5615 26TH AVE NW,98107,https://services.seattle.gov/portal/customize/LinkToRecord.aspx?altId=003470-20CP,False,True,False,,trao,
003571-20CP,6,2020 May 04 12:00:00 AM,,,Completed,1103 NW MARKET ST,98107,https://services.seattle.gov/portal/customize/LinkToRecord.aspx?altId=003571-20CP,True,False,False,garbage,,
003599-20CP,6,2020 Apr 28 12:00:00 AM,,,Completed,210 NW 41ST ST,98107,https://services.seattle.gov/portal/customize/LinkToRecord.aspx?altId=003599-20CP,False,True,False,,trao,
003648-20CP,6,2020 May 06 12:00:00 AM,,,Closed,1423 N 53RD ST,98103,https://services.seattle.gov/portal/customize/LinkToRecord.aspx?altId=003648-20CP,False,True,False,,trao,
003660-20CP,6,2020 May 06 12:00:00 AM,,,Closed,6115 37TH AVE NW,98107,https://services.seattle.gov/portal/customize/LinkToRecord.aspx?altId=003660-20CP,False,True,False,,trao,
003856-20CP,6,2020 May 13 12:00:00 AM,,,Closed,5503 5TH AVE NE,98105,https://services.seattle.gov/portal/customize/LinkToRecord.aspx?altId=003856-20CP,False,True,False,,trao,
003901-20CP,6,2020 May 14 12:00:00 AM,,,Closed,7732 16TH AVE NW,98117,https://services.seattle.gov/portal/customize/LinkToRecord.aspx?altId=003901-20CP,False,True,False,,trao,
003907-20CP,6,2020 May 14 12:00:00 AM,,,Closed,1763 C NW 59TH ST,98107,https://services.seattle.gov/portal/customize/LinkToRecord.aspx?altId=003907-20CP,False,True,False,,harass|retaliat,
004056-20CP,6,2020 May 15 12:00:00 AM,,,Closed,849 NW 54TH ST,98107,https://services.seattle.gov/portal/customize/LinkToRecord.aspx?altId=004056-20CP,False,True,False,,trao,
004096-20CP,6,2020 May 20 12:00:00 AM,,,Closed,1761 NW 61ST ST,98107,https://services.seattle.gov/portal/customize/LinkToRecord.aspx?altId=004096-20CP,False,True,False,,trao,
004112-20CP,6,2020 May 20 12:00:00 AM,,,Completed,7907 AURORA AVE N,98103,https://services.seattle.gov/portal/customize/LinkToRecord.aspx?altId=004112-20CP,False,True,True,,locked out,tenant rights
004117-20CP,6,2020 May 20 12:00:00 AM,,,Closed,213 NW 46TH ST,98107,https://services.seattle.gov/portal/customize/LinkToRecord.aspx?altId=004117-20CP,False,True,False,,trao,
004136-20CP,6,2020 May 20 12:00:00 AM,,,Closed,7204 32ND AVE NW,98117,https://services.seattle.gov/portal/customize/LinkToRecord.aspx?altId=004136-20CP,False,True,False,,trao,
004147-20CP,6,2020 May 21 12:00:00 AM,,,Completed,2830 46TH AVE W,98199,https://services.seattle.gov/portal/customize/LinkToRecord.aspx?altId=004147-20CP,False,True,False,,trao,
004199-20CP,6,2020 May 22 12:00:00 AM,,,Completed,3039 W COMMODORE WAY,98199,https://services.seattle.gov/portal/customize/LinkToRecord.aspx?altId=004199-20CP,False,False,True,,,tenant rights
004369-20CP,6,2020 May 28 12:00:00 AM,,,Completed,3628 LINDEN AVE N,98103,https://services.seattle.gov/portal/customize/LinkToRecord.aspx?altId=004369-20CP,False,False,True,,,tenant rights
004371-20CP,6,2020 May 28 12:00:00 AM,,,Closed,513 NE 72ND ST,98115,https://services.seattle.gov/portal/customize/LinkToRecord.aspx?altId=004371-20CP,False,True,False,,trao,
004394-20CP,6,2020 May 28 12:00:00 AM,,,Closed,7720 16TH AVE NW,98117,https://services.seattle.gov/portal/customize/LinkToRecord.aspx?altId=004394-20CP,False,True,False,,trao,
004520-20CP,6,2020 Jun 02 12:00:00 AM,,,Closed,906 N 77TH ST,98103,https://services.seattle.gov/portal/customize/LinkToRecord.aspx?altId=004520-20CP,True,False,False,garbage,,
004559-20CP,6,2020 Jun 02 12:00:00 AM,,,Completed,622 N 60TH ST,98103,https://services.seattle.gov/portal/customize/LinkToRecord.aspx?altId=004559-20CP,False,True,False,,trao,
004561-20CP,6,2020 Jun 03 12:00:00 AM,,,Closed,3633 PALATINE AVE N,98103,https://services.seattle.gov/portal/customize/LinkToRecord.aspx?altId=004561-20CP,False,False,True,,,tenant rights
004577-20CP,6,2020 Jun 03 12:00:00 AM,,,Closed,6723 PALATINE AVE N,98103,https://services.seattle.gov/portal/customize/LinkToRecord.aspx?altId=004577-20CP,False,True,False,,trao,
004670-20CP,6,2020 Jun 05 12:00:00 AM,,,Completed,2842 36th AVE W,,https://services.seattle.gov/portal/customize/LinkToRecord.aspx?altId=004670-20CP,False,True,False,,tenant relocation,
004928-20CP,6,2020 Jun 15 12:00:00 AM,,,Closed,849 NW 54TH ST,98107,https://services.seattle.gov/portal/customize/LinkToRecord.aspx?altId=004928-20CP,False,True,False,,trao,
004929-20CP,6,2020 Jun 15 12:00:00 AM,,,Closed,465 N 45TH ST,98103,https://services.seattle.gov/portal/customize/LinkToRecord.aspx?altId=004929-20CP,False,False,True,,,security deposit
004946-20CP,6,2020 Jun 08 12:00:00 AM,,,Closed,3502 W EMERSON ST,98199,https://services.seattle.gov/portal/customize/LinkToRecord.aspx?altId=004946-20CP,False,True,False,,trao,
004976-20CP,6,2020 Jun 16 12:00:00 AM,,,Completed,3633 PALATINE AVE N,98103,https://services.seattle.gov/portal/customize/LinkToRecord.aspx?altId=004976-20CP,False,True,True,,harass,notice to vacate
005017-20CP,6,2020 Jun 11 12:00:00 AM,,,Completed,1480 NW 80TH ST,98117,https://services.seattle.gov/portal/customize/LinkToRecord.aspx?altId=005017-20CP,False,True,False,,trao,
005109-20CP,6,2020 Jun 19 12:00:00 AM,,,Closed,6413 PHINNEY AVE N,98103,https://services.seattle.gov/portal/customize/LinkToRecord.aspx?altId=005109-20CP,False,False,True,,,tenant rights
005154-20CP,6,2020 Jun 22 12:00:00 AM,,,Closed,7006 GREENWOOD AVE N,98103,https://services.seattle.gov/portal/customize/LinkToRecord.aspx?altId=005154-20CP,False,True,False,,trao,
005155-20CP,6,2020 Jun 17 12:00:00 AM,,,Closed,7903 GREENWOOD AVE N,98103,https://services.seattle.gov/portal/customize/LinkToRecord.aspx?altId=005155-20CP,False,True,False,,trao,
005201-20CP,6,2020 Jun 23 12:00:00 AM,,,Closed,550 NE RAVENNA BLVD,98115,https://services.seattle.gov/portal/customize/LinkToRecord.aspx?altId=005201-20CP,True,False,True,mold,,tenant rights
005216-20CP,6,2020 Jun 23 12:00:00 AM,,,Completed,929 NW MARKET ST,98107,https://services.seattle.gov/portal/customize/LinkToRecord.aspx?altId=005216-20CP,False,True,False,,trao,
005434-20CP,6,2020 Jun 30 12:00:00 AM,,,Completed,331 N 78TH ST,98103,https://services.seattle.gov/portal/customize/LinkToRecord.aspx?altId=005434-20CP,False,False,True,,,tenant rights
005501-20CP,6,2020 Jul 01 12:00:00 AM,,,Completed,1123 NW 57TH ST,98107,https://services.seattle.gov/portal/customize/LinkToRecord.aspx?altId=005501-20CP,False,True,False,,trao,
005669-20CP,6,2020 Jul 08 12:00:00 AM,,,Completed,8519 18TH AVE NW,98117,https://services.seattle.gov/portal/customize/LinkToRecord.aspx?altId=005669-20CP,False,True,False,,trao,
005831-20CP,6,2020 Jul 13 12:00:00 AM,,,Closed,3623 LINDEN AVE N,98103,https://services.seattle.gov/portal/customize/LinkToRecord.aspx?altId=005831-20CP,False,True,False,,trao,
005832-20CP,6,2020 Jul 13 12:00:00 AM,,,Completed,7354 ALONZO AVE NW,98117,https://services.seattle.gov/portal/customize/LinkToRecord.aspx?altId=005832-20CP,False,True,False,,trao,
006155-20CP,6,2020 Jul 21 12:00:00 AM,,,Closed,1506 A NW 62ND ST,98107,https://services.seattle.gov/portal/customize/LinkToRecord.aspx?altId=006155-20CP,False,False,True,,,security deposit
006187-20CP,6,2020 Jul 22 12:00:00 AM,,,Closed,2627 A NW 56TH ST,98107,https://services.seattle.gov/portal/customize/LinkToRecord.aspx?altId=006187-20CP,False,False,True,,,tenant rights
006227-20CP,6,2020 Jul 23 12:00:00 AM,,,Completed,3244 NW 54TH ST,98107,https://services.seattle.gov/portal/customize/LinkToRecord.aspx?altId=006227-20CP,False,False,True,,,security deposit
006296-20CP,6,2020 Jul 22 12:00:00 AM,,,Completed,1140 NW 57TH ST,98107,https://services.seattle.gov/portal/customize/LinkToRecord.aspx?altId=006296-20CP,False,True,False,,trao,
006335-20CP,6,2020 Jul 27 12:00:00 AM,,,Completed,2424 NW 59TH ST,98107,https://services.seattle.gov/portal/customize/LinkToRecord.aspx?altId=006335-20CP,False,False,True,,,10-day notice
006344-20CP,6,2020 Jul 28 12:00:00 AM,,,Closed,5302 GREEN LAKE WAY N,98103,https://services.seattle.gov/portal/customize/LinkToRecord.aspx?altId=006344-20CP,False,False,True,,,tenant rights
006439-20CP,6,2020 Jul 29 12:00:00 AM,,,Completed,335 NW 46TH ST,98107,https://services.seattle.gov/portal/customize/LinkToRecord.aspx?altId=006439-20CP,False,False,True,,,security deposit
006579-20CP,6,2020 Jul 20 12:00:00 AM,,,Closed,6001 PHINNEY AVE N,98103,https://services.seattle.gov/portal/customize/LinkToRecord.aspx?altId=006579-20CP,False,False,True,,,tenant rights
006622-20CP,6,2020 Jul 30 12:00:00 AM,,,Closed,8746 24TH AVE NW,98117,https://services.seattle.gov/portal/customize/LinkToRecord.aspx?altId=006622-20CP,False,True,False,,trao,
006638-20CP,6,2020 Aug 03 12:00:00 AM,,,Completed,7720 16TH AVE NW,98117,https://services.seattle.gov/portal/customize/LinkToRecord.aspx?altId=006638-20CP,False,True,False,,trao,
006651-20CP,6,2020 Aug 04 12:00:00 AM,,,Completed,3633 PALATINE AVE N,98103,https://services.seattle.gov/portal/customize/LinkToRecord.aspx?altId=006651-20CP,False,True,True,,harass|threaten,eviction notice|tenant rights
006705-20CP,6,2020 Aug 05 12:00:00 AM,,,Completed,1126 NW 62ND ST,98107,https://services.seattle.gov/portal/customize/LinkToRecord.aspx?altId=006705-20CP,False,False,True,,,tenant rights
006774-20CP,6,2020 Aug 07 12:00:00 AM,,,Completed,3721 27TH PL W,98199,https://services.seattle.gov/portal/customize/LinkToRecord.aspx?altId=006774-20CP,False,False,True,,,tenant rights
006831-20CP,6,2020 Aug 10 12:00:00 AM,,,Completed,6306 EAST GREEN LAKE WAY N,98103,https://services.seattle.gov/portal/customize/LinkToRecord.aspx?altId=006831-20CP,False,False,True,,,notice to vacate
006999-20CP,6,2020 Aug 10 12:00:00 AM,,,Closed,2217 NW 62ND ST,98107,https://services.seattle.gov/portal/customize/LinkToRecord.aspx?altId=006999-20CP,False,True,False,,trao,
007084-20CP,6,2020 Aug 17 12:00:00 AM,,,Completed,5227 LEARY AVE NW,98107,https://services.seattle.gov/portal/customize/LinkToRecord.aspx?altId=007084-20CP,False,True,True,,harass,tenant rights
007147-20CP,6,2020 Aug 13 12:00:00 AM,,,Closed,5116 9TH AVE NW,98107,https://services.seattle.gov/portal/customize/LinkToRecord.aspx?altId=007147-20CP,False,True,False,,trao,
007155-20CP,6,2020 Aug 18 12:00:00 AM,,,Closed,8201 AURORA AVE N,98103,https://services.seattle.gov/portal/customize/LinkToRecord.aspx?altId=007155-20CP,False,True,False,,shut off water,
007175-20CP,6,2020 Aug 18 12:00:00 AM,,,Closed,8201 AURORA AVE N,98103,https://services.seattle.gov/portal/customize/LinkToRecord.aspx?altId=007175-20CP,False,False,True,,,eviction notice
007259-20CP,6,2020 Aug 17 12:00:00 AM,,,Closed,5415 MERIDIAN AVE N,98103,https://services.seattle.gov/portal/customize/LinkToRecord.aspx?altId=007259-20CP,False,True,False,,trao,
007289-20CP,6,2020 Aug 20 12:00:00 AM,,,Closed,520 N 47TH ST,,https://services.seattle.gov/portal/customize/LinkToRecord.aspx?altId=007289-20CP,False,True,False,,trao,
007300-20CP,6,2020 Aug 17 12:00:00 AM,,,Completed,1155 NW 58TH ST,98107,https://services.seattle.gov/portal/customize/LinkToRecord.aspx?altId=007300-20CP,False,False,True,,,security deposit
007512-20CP,6,2020 Aug 26 12:00:00 AM,,,Closed,943 NW 56TH ST,98107,https://services.seattle.gov/portal/customize/LinkToRecord.aspx?altId=007512-20CP,False,True,False,,trao,
007513-20CP,6,2020 Aug 26 12:00:00 AM,,,Closed,1140 NW 59TH ST,98107,https://services.seattle.gov/portal/customize/LinkToRecord.aspx?altId=007513-20CP,False,True,False,,trao,
007516-20CP,6,2020 Aug 26 12:00:00 AM,,,Completed,4717 AURORA AVE N,98103,https://services.seattle.gov/portal/customize/LinkToRecord.aspx?altId=007516-20CP,False,True,False,,trao,
007695-20CP,6,2020 Sep 01 12:00:00 AM,,,Completed,6746 16TH AVE NW,98117,https://services.seattle.gov/portal/customize/LinkToRecord.aspx?altId=007695-20CP,False,True,True,,retaliat,notice to vacate
007805-20CP,6,2020 Sep 03 12:00:00 AM,,,Completed,1116 N 84th ST,,https://services.seattle.gov/portal/customize/LinkToRecord.aspx?altId=007805-20CP,False,False,True,,,3 day notice
007945-20CP,6,2020 Aug 18 12:00:00 AM,,,Closed,8201 AURORA AVE N,98103,https://services.seattle.gov/portal/customize/LinkToRecord.aspx?altId=007945-20CP,False,True,False,,locked out,
007946-20CP,6,2020 Sep 09 12:00:00 AM,,,Closed,8201 AURORA AVE N,98103,https://services.seattle.gov/portal/customize/LinkToRecord.aspx?altId=007946-20CP,True,False,False,no hot water,,
007947-20CP,6,2020 Aug 18 12:00:00 AM,,,Closed,8201 AURORA AVE N,98103,https://services.seattle.gov/portal/customize/LinkToRecord.aspx?altId=007947-20CP,False,True,False,,locked out,
007948-20CP,6,2020 Aug 18 12:00:00 AM,,,Closed,8201 AURORA AVE N,98103,https://services.seattle.gov/portal/customize/LinkToRecord.aspx?altId=007948-20CP,False,True,False,,intimidation,
007949-20CP,6,2020 Aug 18 12:00:00 AM,,,Closed,8201 AURORA AVE N,98103,https://services.seattle.gov/portal/customize/LinkToRecord.aspx?altId=007949-20CP,True,True,False,no hot water,told to leave,
008055-20CP,6,2020 Sep 09 12:00:00 AM,,,Completed,5015 15TH AVE NW,98107,https://services.seattle.gov/portal/customize/LinkToRecord.aspx?altId=008055-20CP,False,True,False,,trao,
008128-20CP,6,2020 Sep 15 12:00:00 AM,,,Completed,5816 14TH AVE NW,98107,https://services.seattle.gov/portal/customize/LinkToRecord.aspx?altId=008128-20CP,False,True,False,,trao,
008207-20CP,6,2020 Sep 15 12:00:00 AM,,,Completed,701 N 38TH ST,98103,https://services.seattle.gov/portal/customize/LinkToRecord.aspx?altId=008207-20CP,False,False,True,,,security deposit
008244-20CP,6,2020 Sep 16 12:00:00 AM,,,Completed,420 NE 72ND ST,98115,https://services.seattle.gov/portal/customize/LinkToRecord.aspx?altId=008244-20CP,False,True,False,,trao,
008257-20CP,6,2020 Sep 17 12:00:00 AM,,,Completed,7746 31ST AVE NW,98117,https://services.seattle.gov/portal/customize/LinkToRecord.aspx?altId=008257-20CP,False,True,False,,trao,
008349-20CP,6,2020 Sep 21 12:00:00 AM,,,Closed,7717 DIBBLE AVE NW,98117,https://services.seattle.gov/portal/customize/LinkToRecord.aspx?altId=008349-20CP,False,True,False,,trao,
008452-20CP,6,2020 Sep 24 12:00:00 AM,,,Completed,3443 33RD AVE W,98199,https://services.seattle.gov/portal/customize/LinkToRecord.aspx?altId=008452-20CP,False,False,True,,,just cause|just cause eviction
008521-20CP,6,2020 Sep 28 12:00:00 AM,,,Completed,7717 DIBBLE AVE NW,98117,https://services.seattle.gov/portal/customize/LinkToRecord.aspx?altId=008521-20CP,False,True,False,,trao,
008622-20CP,6,2020 Sep 30 12:00:00 AM,,,Closed,302 NE 50TH ST,98105,https://services.seattle.gov/portal/customize/LinkToRecord.aspx?altId=008622-20CP,False,True,False,,trao,
008698-20CP,6,2020 Oct 02 12:00:00 AM,,,Closed,3649 34TH AVE W,98199,https://services.seattle.gov/portal/customize/LinkToRecord.aspx?altId=008698-20CP,True,False,False,infestation,,
008825-20CP,6,2020 Oct 07 12:00:00 AM,,,Closed,949 NW MARKET ST,98107,https://services.seattle.gov/portal/customize/LinkToRecord.aspx?altId=008825-20CP,False,True,False,,trao,
008840-20CP,6,2020 Oct 05 12:00:00 AM,,,Completed,5504 2ND AVE NW,98107,https://services.seattle.gov/portal/customize/LinkToRecord.aspx?altId=008840-20CP,False,True,False,,trao,
008887-20CP,6,2020 Oct 09 12:00:00 AM,,,Completed,847 NW 57TH ST,98107,https://services.seattle.gov/portal/customize/LinkToRecord.aspx?altId=008887-20CP,False,True,False,,trao,
008941-20CP,6,2020 Oct 12 12:00:00 AM,,,Completed,847 NW 57TH ST,98107,https://services.seattle.gov/portal/customize/LinkToRecord.aspx?altId=008941-20CP,False,True,False,,tenant relocation,
009029-20CP,6,2020 Oct 12 12:00:00 AM,,,Completed,8308 25TH AVE NW,98117,https://services.seattle.gov/portal/customize/LinkToRecord.aspx?altId=009029-20CP,False,True,False,,trao,
009308-20CP,6,2020 Oct 22 12:00:00 AM,,,Closed,7735 22ND AVE NW,98117,https://services.seattle.gov/portal/customize/LinkToRecord.aspx?altId=009308-20CP,False,True,False,,trao,
009309-20CP,6,2020 Oct 26 12:00:00 AM,,,Completed,6702 28TH AVE NW,98117,https://services.seattle.gov/portal/customize/LinkToRecord.aspx?altId=009309-20CP,False,True,False,,trao,
009311-20CP,6,2020 Oct 23 12:00:00 AM,,,Closed,720 N 76TH ST,98103,https://services.seattle.gov/portal/customize/LinkToRecord.aspx?altId=009311-20CP,False,False,True,,,security deposit
009326-20CP,6,2020 Oct 27 12:00:00 AM,,,Closed,7731 28TH AVE NW,98117,https://services.seattle.gov/portal/customize/LinkToRecord.aspx?altId=009326-20CP,True,True,False,sewage|raw sewage,trao,
009367-20CP,6,2020 Oct 28 12:00:00 AM,,,Completed,2130 N 62ND ST,98103,https://services.seattle.gov/portal/customize/LinkToRecord.aspx?altId=009367-20CP,False,True,False,,tenant relocation|relocation assistance,
009377-20CP,6,2020 Oct 28 12:00:00 AM,,,Completed,5302 Green Lake WAY N,,https://services.seattle.gov/portal/customize/LinkToRecord.aspx?altId=009377-20CP,True,False,False,hazard,,
009389-20CP,6,2020 Oct 29 12:00:00 AM,,,Closed,3217 NW MARKET ST,98107,https://services.seattle.gov/portal/customize/LinkToRecord.aspx?altId=009389-20CP,True,False,False,mold,,
009414-20CP,6,2020 Oct 30 12:00:00 AM,,,Completed,7731 28TH AVE NW,98117,https://services.seattle.gov/portal/customize/LinkToRecord.aspx?altId=009414-20CP,True,False,False,sewage,,
009512-20CP,6,2020 Oct 30 12:00:00 AM,,,Closed,1515 NW 52ND ST,98107,https://services.seattle.gov/portal/customize/LinkToRecord.aspx?altId=009512-20CP,False,False,True,,,security deposit
009527-20CP,6,2020 Nov 04 12:00:00 AM,,,Closed,7731 28TH AVE NW,98117,https://services.seattle.gov/portal/customize/LinkToRecord.aspx?altId=009527-20CP,False,True,False,,pota,
009636-20CP,6,2020 Nov 09 12:00:00 AM,,,Closed,7047 16TH AVE NW,98117,https://services.seattle.gov/portal/customize/LinkToRecord.aspx?altId=009636-20CP,False,True,False,,trao,
009642-20CP,6,2020 Nov 09 12:00:00 AM,,,Closed,513 N 85TH ST,98103,https://services.seattle.gov/portal/customize/LinkToRecord.aspx?altId=009642-20CP,True,False,True,mold,,tenant rights
009692-20CP,6,2020 Nov 11 12:00:00 AM,,,Completed,8312 11TH AVE NW,98117,https://services.seattle.gov/portal/customize/LinkToRecord.aspx?altId=009692-20CP,False,True,False,,trao,
009722-20CP,6,2020 Nov 12 12:00:00 AM,,,Completed,3241 34TH AVE W,98199,https://services.seattle.gov/portal/customize/LinkToRecord.aspx?altId=009722-20CP,False,True,False,,trao,
009767-20CP,6,2020 Nov 16 12:00:00 AM,,,Open Duplicate,3241 34TH AVE W,98199,https://services.seattle.gov/portal/customize/LinkToRecord.aspx?altId=009767-20CP,False,True,False,,trao,
009902-20CP,6,2020 Nov 20 12:00:00 AM,,,Closed,2827 NW 75TH ST,98117,https://services.seattle.gov/portal/customize/LinkToRecord.aspx?altId=009902-20CP,False,True,False,,trao,
009951-20CP,6,2020 Nov 23 12:00:00 AM,,,Completed,3207 MAGNOLIA BLVD W,98199,https://services.seattle.gov/portal/customize/LinkToRecord.aspx?altId=009951-20CP,False,True,False,,trao,
009998-20CP,6,2020 Nov 25 12:00:00 AM,,,Completed,2626 NW 58TH ST,98107,https://services.seattle.gov/portal/customize/LinkToRecord.aspx?altId=009998-20CP,False,True,False,,trao,
010052-20CP,6,2020 Nov 30 12:00:00 AM,,,Closed,4437 GREENWOOD AVE N,98103,https://services.seattle.gov/portal/customize/LinkToRecord.aspx?altId=010052-20CP,False,True,False,,trao,
010175-20CP,6,2020 Dec 03 12:00:00 AM,,,Completed,4303 DAYTON AVE N,98103,https://services.seattle.gov/portal/customize/LinkToRecord.aspx?altId=010175-20CP,False,True,False,,trao,
010179-20CP,6,2020 Dec 03 12:00:00 AM,,,Completed,4309 FRANCIS AVE N,98103,https://services.seattle.gov/portal/customize/LinkToRecord.aspx?altId=010179-20CP,False,True,False,,trao,
010205-20CP,6,2020 Dec 04 12:00:00 AM,,,Completed,2817 NW 74TH ST,98117,https://services.seattle.gov/portal/customize/LinkToRecord.aspx?altId=010205-20CP,False,True,False,,trao,
010305-20CP,6,2020 Dec 07 12:00:00 AM,,,Completed,844 NW 56TH ST,98107,https://services.seattle.gov/portal/customize/LinkToRecord.aspx?altId=010305-20CP,False,True,False,,trao,
010314-20CP,6,2020 Dec 09 12:00:00 AM,,,Completed,3606 NW 64TH ST,98107,https://services.seattle.gov/portal/customize/LinkToRecord.aspx?altId=010314-20CP,False,True,False,,trao,
010459-20CP,6,2020 Dec 18 12:00:00 AM,,,Completed,2115 MONTVALE CT W,98199,https://services.seattle.gov/portal/customize/LinkToRecord.aspx?altId=010459-20CP,False,True,False,,trao,
010506-20CP,6,2020 Dec 21 12:00:00 AM,,,Closed,520 N 86TH ST,98103,https://services.seattle.gov/portal/customize/LinkToRecord.aspx?altId=010506-20CP,False,True,False,,trao,
000272-21CP,6,2021 Jan 08 12:00:00 AM,,,Completed,5608 34TH AVE NW,98107,https://services.seattle.gov/portal/customize/LinkToRecord.aspx?altId=000272-21CP,True,False,True,flooding,,tenant rights
000280-21CP,6,2021 Jan 05 12:00:00 AM,,,Completed,8036 27TH AVE NW,98117,https://services.seattle.gov/portal/customize/LinkToRecord.aspx?altId=000280-21CP,False,False,True,,,rent increase
000283-21CP,6,2021 Jan 05 12:00:00 AM,,,Completed,8549 EVANSTON AVE N,98103,https://services.seattle.gov/portal/customize/LinkToRecord.aspx?altId=000283-21CP,False,True,False,,trao,
000591-21CP,6,2021 Jan 21 12:00:00 AM,,,Completed,4110 1ST AVE NW,98107,https://services.seattle.gov/portal/customize/LinkToRecord.aspx?altId=000591-21CP,False,True,False,,trao,
000631-21CP,6,2021 Jan 19 12:00:00 AM,,,Completed,4110 1ST AVE NW,98107,https://services.seattle.gov/portal/customize/LinkToRecord.aspx?altId=000631-21CP,False,True,False,,trao,
000665-21CP,6,2021 Jan 20 12:00:00 AM,,,Closed,3817 FREMONT AVE N,98103,https://services.seattle.gov/portal/customize/LinkToRecord.aspx?altId=000665-21CP,False,True,False,,trao,
000666-21CP,6,2021 Jan 20 12:00:00 AM,,,Closed,903 NW 56TH ST,98107,https://services.seattle.gov/portal/customize/LinkToRecord.aspx?altId=000666-21CP,False,True,False,,trao,
000667-21CP,6,2021 Jan 20 12:00:00 AM,,,Closed,6544 LATONA AVE NE,98115,https://services.seattle.gov/portal/customize/LinkToRecord.aspx?altId=000667-21CP,False,True,False,,trao,
000668-21CP,6,2021 Jan 20 12:00:00 AM,,,Completed,6538 LATONA AVE NE,98115,https://services.seattle.gov/portal/customize/LinkToRecord.aspx?altId=000668-21CP,False,True,False,,trao,
000669-21CP,6,2021 Jan 20 12:00:00 AM,,,Closed,2049 NW 60th ST,,https://services.seattle.gov/portal/customize/LinkToRecord.aspx?altId=000669-21CP,False,True,False,,trao,
000673-21CP,6,2021 Jan 21 12:00:00 AM,,,Closed,5203 MERIDIAN AVE N,98103,https://services.seattle.gov/portal/customize/LinkToRecord.aspx?altId=000673-21CP,False,True,False,,trao,
000682-21CP,6,2021 Jan 25 12:00:00 AM,,,Completed,8018 DENSMORE AVE N,98103,https://services.seattle.gov/portal/customize/LinkToRecord.aspx?altId=000682-21CP,False,True,False,,lockout,
000688-21CP,6,2021 Jan 25 12:00:00 AM,,,Closed,3950 GREENWOOD AVE N,98103,https://services.seattle.gov/portal/customize/LinkToRecord.aspx?altId=000688-21CP,False,True,False,,trao,
000694-21CP,6,2021 Jan 25 12:00:00 AM,,,Completed,3636 FRANCIS AVE N,98103,https://services.seattle.gov/portal/customize/LinkToRecord.aspx?altId=000694-21CP,False,True,False,,trao,
000705-21CP,6,2021 Jan 22 12:00:00 AM,,,Completed,4802 DAYTON AVE N,98103,https://services.seattle.gov/portal/customize/LinkToRecord.aspx?altId=000705-21CP,False,True,False,,trao,
000774-21CP,6,2021 Jan 27 12:00:00 AM,,,Closed,3817 EVANSTON AVE N,98103,https://services.seattle.gov/portal/customize/LinkToRecord.aspx?altId=000774-21CP,True,False,False,bedbug,,
000793-21CP,6,2021 Jan 27 12:00:00 AM,,,Closed,4216 32ND AVE W,98199,https://services.seattle.gov/portal/customize/LinkToRecord.aspx?altId=000793-21CP,False,True,False,,trao,
000896-21CP,6,2021 Feb 01 12:00:00 AM,,,Closed,8035 31ST AVE NW,98117,https://services.seattle.gov/portal/customize/LinkToRecord.aspx?altId=000896-21CP,False,False,True,,,notice to vacate
000961-21CP,6,2021 Feb 03 12:00:00 AM,,,Completed,8315 14TH AVE NW,98117,https://services.seattle.gov/portal/customize/LinkToRecord.aspx?altId=000961-21CP,False,True,False,,trao,
000964-21CP,6,2021 Feb 03 12:00:00 AM,,,Completed,4709 1ST AVE NW,98107,https://services.seattle.gov/portal/customize/LinkToRecord.aspx?altId=000964-21CP,False,True,False,,trao,
000984-21CP,6,2021 Feb 04 12:00:00 AM,,,Closed,1721 NW 64TH ST,98107,https://services.seattle.gov/portal/customize/LinkToRecord.aspx?altId=000984-21CP,False,True,False,,trao,
000993-21CP,6,2021 Feb 04 12:00:00 AM,,,Closed,7911 GREENWOOD AVE N,98103,https://services.seattle.gov/portal/customize/LinkToRecord.aspx?altId=000993-21CP,False,True,False,,trao,
001092-21CP,6,2021 Feb 08 12:00:00 AM,,,Closed,3418 NW 64TH ST,98107,https://services.seattle.gov/portal/customize/LinkToRecord.aspx?altId=001092-21CP,False,True,False,,trao,
001096-21CP,6,2021 Feb 08 12:00:00 AM,,,Completed,2802 NW 66TH ST,98117,https://services.seattle.gov/portal/customize/LinkToRecord.aspx?altId=001096-21CP,False,True,False,,trao,
001098-21CP,6,2021 Feb 08 12:00:00 AM,2021 Feb 25 12:00:00 AM,Completed,Completed,720 N ALLEN PL,98103,https://services.seattle.gov/portal/customize/LinkToRecord.aspx?altId=001098-21CP,True,False,False,water damage|mold|structural,,
001127-21CP,6,2021 Feb 09 12:00:00 AM,,,Closed,6209 PHINNEY AVE N,98103,https://services.seattle.gov/portal/customize/LinkToRecord.aspx?altId=001127-21CP,False,False,True,,,notice to vacate
001268-21CP,6,2021 Feb 17 12:00:00 AM,,,Completed,8035 31st AVE NW,,https://services.seattle.gov/portal/customize/LinkToRecord.aspx?altId=001268-21CP,True,True,True,unsafe,retaliat,just cause
001340-21CP,6,2021 Feb 18 12:00:00 AM,,,Closed,2417 NW 63RD ST,98107,https://services.seattle.gov/portal/customize/LinkToRecord.aspx?altId=001340-21CP,False,True,False,,trao,
001474-21CP,6,2021 Feb 25 12:00:00 AM,,,Closed,8026 13TH AVE NW,98117,https://services.seattle.gov/portal/customize/LinkToRecord.aspx?altId=001474-21CP,False,True,False,,trao,
001569-21CP,6,2021 Mar 01 12:00:00 AM,,,Closed,7006 GREENWOOD AVE N,98103,https://services.seattle.gov/portal/customize/LinkToRecord.aspx?altId=001569-21CP,False,True,False,,trao,
001664-21CP,6,2021 Mar 03 12:00:00 AM,,,Completed,101 N 46TH ST,98103,https://services.seattle.gov/portal/customize/LinkToRecord.aspx?altId=001664-21CP,False,True,False,,trao,
001699-21CP,6,2021 Mar 03 12:00:00 AM,,,Completed,750 N 68TH ST,98103,https://services.seattle.gov/portal/customize/LinkToRecord.aspx?altId=001699-21CP,False,True,False,,trao,
001724-21CP,6,2021 Mar 04 12:00:00 AM,,,Closed,2043 NW 60TH ST,98107,https://services.seattle.gov/portal/customize/LinkToRecord.aspx?altId=001724-21CP,False,True,False,,trao,
001725-21CP,6,2021 Mar 04 12:00:00 AM,,,Closed,2049 NW 60TH ST,98107,https://services.seattle.gov/portal/customize/LinkToRecord.aspx?altId=001725-21CP,False,True,False,,trao,
001753-21CP,6,2021 Mar 08 12:00:00 AM,,,Completed,5001 3RD AVE NW,98107,https://services.seattle.gov/portal/customize/LinkToRecord.aspx?altId=001753-21CP,True,False,False,no water,,
001766-21CP,6,2021 Mar 08 12:00:00 AM,,,Closed,804 N 43RD ST,98103,https://services.seattle.gov/portal/customize/LinkToRecord.aspx?altId=001766-21CP,False,True,False,,trao,
001892-21CP,6,2021 Mar 11 12:00:00 AM,,,Closed,1439 NW 60TH ST,98107,https://services.seattle.gov/portal/customize/LinkToRecord.aspx?altId=001892-21CP,False,True,False,,trao,
001978-21CP,6,2021 Mar 15 12:00:00 AM,,,Completed,928 NW 56TH ST,98107,https://services.seattle.gov/portal/customize/LinkToRecord.aspx?altId=001978-21CP,False,True,False,,trao,
002008-21CP,6,2021 Mar 16 12:00:00 AM,,,Closed,6547 CHAPIN PL N,98103,https://services.seattle.gov/portal/customize/LinkToRecord.aspx?altId=002008-21CP,False,True,False,,trao,
002017-21CP,6,2021 Mar 17 12:00:00 AM,,,Completed,5705 PHINNEY AVE N,98103,https://services.seattle.gov/portal/customize/LinkToRecord.aspx?altId=002017-21CP,False,True,False,,trao,
1051869-VI,6,2021 Mar 17 12:00:00 AM,,,Completed,5001 3RD AVE NW,98107,https://services.seattle.gov/portal/customize/LinkToRecord.aspx?altId=1051869-VI,True,False,False,no water,,
002028-21CP,6,2021 Mar 17 12:00:00 AM,,,Completed,5545 kenwood PL N,,https://services.seattle.gov/portal/customize/LinkToRecord.aspx?altId=002028-21CP,False,True,False,,trao,
002060-21CP,6,2021 Mar 18 12:00:00 AM,,,Closed,804 N 43RD ST,98103,https://services.seattle.gov/portal/customize/LinkToRecord.aspx?altId=002060-21CP,False,True,False,,trao,
002077-21CP,6,2021 Mar 18 12:00:00 AM,,,Completed,3614 38TH AVE W,98199,https://services.seattle.gov/portal/customize/LinkToRecord.aspx?altId=002077-21CP,False,True,False,,trao,
002135-21CP,6,2021 Mar 22 12:00:00 AM,,,Closed,422 NE 70TH ST,98115,https://services.seattle.gov/portal/customize/LinkToRecord.aspx?altId=002135-21CP,False,True,False,,trao,
002213-21CP,6,2021 Mar 24 12:00:00 AM,,,Closed,929 NW 57TH ST,98107,https://services.seattle.gov/portal/customize/LinkToRecord.aspx?altId=002213-21CP,False,True,False,,trao,
002214-21CP,6,2021 Mar 24 12:00:00 AM,,,Closed,849 NW MARKET ST,98107,https://services.seattle.gov/portal/customize/LinkToRecord.aspx?altId=002214-21CP,False,True,False,,trao,
002232-21CP,6,2021 Mar 25 12:00:00 AM,,,Closed,511 N 85TH ST,98103,https://services.seattle.gov/portal/customize/LinkToRecord.aspx?altId=002232-21CP,False,False,True,,,3 day notice
002328-21CP,6,2021 Mar 25 12:00:00 AM,,,Completed,4223 26TH AVE W,98199,https://services.seattle.gov/portal/customize/LinkToRecord.aspx?altId=002328-21CP,False,True,False,,trao,
002416-21CP,6,2021 Mar 31 12:00:00 AM,,,Closed,3116 W RAYE ST,98199,https://services.seattle.gov/portal/customize/LinkToRecord.aspx?altId=002416-21CP,False,True,False,,trao,
002417-21CP,6,2021 Mar 31 12:00:00 AM,,,Completed,3614 38TH AVE W,98199,https://services.seattle.gov/portal/customize/LinkToRecord.aspx?altId=002417-21CP,False,True,False,,trao,
002446-21CP,6,2021 Apr 02 12:00:00 AM,2021 Apr 08 12:00:00 AM,Completed,Completed,2710 W MANOR PL,98199,https://services.seattle.gov/portal/customize/LinkToRecord.aspx?altId=002446-21CP,True,False,False,mold|black mold|asbestos|lead paint,,
002462-21CP,6,2021 Apr 02 12:00:00 AM,,,Completed,6210 20TH AVE NW,98107,https://services.seattle.gov/portal/customize/LinkToRecord.aspx?altId=002462-21CP,False,True,False,,trao,
002463-21CP,6,2021 Apr 02 12:00:00 AM,,,Closed,6212 20TH AVE NW,98107,https://services.seattle.gov/portal/customize/LinkToRecord.aspx?altId=002463-21CP,False,True,False,,trao,
002548-21CP,6,2021 Apr 06 12:00:00 AM,,,Completed,2710 W MANOR PL,98199,https://services.seattle.gov/portal/customize/LinkToRecord.aspx?altId=002548-21CP,False,False,True,,,eviction notice
002626-21CP,6,2021 Mar 15 12:00:00 AM,,,Closed,901 NW 57TH ST,98107,https://services.seattle.gov/portal/customize/LinkToRecord.aspx?altId=002626-21CP,False,True,False,,trao,
002834-21CP,6,2021 Apr 19 12:00:00 AM,,,Completed,6743 27TH AVE NW,98117,https://services.seattle.gov/portal/customize/LinkToRecord.aspx?altId=002834-21CP,False,True,False,,trao,
002857-21CP,6,2021 Apr 20 12:00:00 AM,,,Closed,8318 13TH AVE NW,98117,https://services.seattle.gov/portal/customize/LinkToRecord.aspx?altId=002857-21CP,False,True,False,,trao,
002885-21CP,6,2021 Apr 19 12:00:00 AM,,,Completed,2627 NW 59TH ST,98107,https://services.seattle.gov/portal/customize/LinkToRecord.aspx?altId=002885-21CP,False,True,False,,trao,
002976-21CP,6,2021 Apr 23 12:00:00 AM,,,Closed,2206 NW 64TH ST,98107,https://services.seattle.gov/portal/customize/LinkToRecord.aspx?altId=002976-21CP,False,True,False,,trao,
002977-21CP,6,2021 Apr 23 12:00:00 AM,,,Completed,2846 NW 65TH ST,98117,https://services.seattle.gov/portal/customize/LinkToRecord.aspx?altId=002977-21CP,False,True,False,,trao,
003007-21CP,6,2021 Apr 23 12:00:00 AM,,,Completed,4602 PHINNEY AVE N,98103,https://services.seattle.gov/portal/customize/LinkToRecord.aspx?altId=003007-21CP,False,False,True,,,tenant rights
003016-21CP,6,2021 Apr 26 12:00:00 AM,,,Closed,7735 15TH AVE NW,98117,https://services.seattle.gov/portal/customize/LinkToRecord.aspx?altId=003016-21CP,False,False,True,,,eviction notice|tenant rights
003055-21CP,6,2021 Apr 27 12:00:00 AM,,,Completed,7538 DIBBLE AVE NW,98117,https://services.seattle.gov/portal/customize/LinkToRecord.aspx?altId=003055-21CP,True,False,False,hazard|structural,,
1052073-VI,6,2021 Apr 27 12:00:00 AM,,,Initiated,7735 15TH AVE NW,98117,https://services.seattle.gov/portal/customize/LinkToRecord.aspx?altId=1052073-VI,False,True,True,,retaliat,just cause
003057-21CP,6,2021 Apr 27 12:00:00 AM,,,Completed,3452 35TH AVE W,98199,https://services.seattle.gov/portal/customize/LinkToRecord.aspx?altId=003057-21CP,False,False,True,,,tenant rights
003144-21CP,6,2021 Apr 29 12:00:00 AM,,,Completed,2412 NW 64th ST,,https://services.seattle.gov/portal/customize/LinkToRecord.aspx?altId=003144-21CP,False,True,False,,trao,
003145-21CP,6,2021 Apr 29 12:00:00 AM,,,Completed,3610 LINDEN AVE N,98103,https://services.seattle.gov/portal/customize/LinkToRecord.aspx?altId=003145-21CP,False,True,False,,trao,
003148-21CP,6,2021 Apr 29 12:00:00 AM,,,Closed,1732 NW 62ND ST,98107,https://services.seattle.gov/portal/customize/LinkToRecord.aspx?altId=003148-21CP,False,True,False,,trao,
003178-21CP,6,2021 Apr 30 12:00:00 AM,,,Completed,4014 EVANSTON AVE N,98103,https://services.seattle.gov/portal/customize/LinkToRecord.aspx?altId=003178-21CP,False,False,True,,,security deposit
003235-21CP,6,2021 Apr 30 12:00:00 AM,,,Completed,3251 44TH AVE W,98199,https://services.seattle.gov/portal/customize/LinkToRecord.aspx?altId=003235-21CP,False,False,True,,,security deposit
003255-21CP,6,2021 May 04 12:00:00 AM,,,Closed,4611 FREMONT AVE N,98103,https://services.seattle.gov/portal/customize/LinkToRecord.aspx?altId=003255-21CP,False,True,False,,trao,
003366-21CP,6,2021 May 07 12:00:00 AM,,,Completed,6830 34TH AVE NW,98117,https://services.seattle.gov/portal/customize/LinkToRecord.aspx?altId=003366-21CP,False,True,False,,trao,
003450-21CP,6,2021 May 07 12:00:00 AM,,,Completed,3418 NW 62ND ST,98107,https://services.seattle.gov/portal/customize/LinkToRecord.aspx?altId=003450-21CP,False,True,False,,trao,
003704-21CP,6,2021 May 19 12:00:00 AM,,,Completed,7418 MERIDIAN AVE N,98103,https://services.seattle.gov/portal/customize/LinkToRecord.aspx?altId=003704-21CP,False,True,False,,trao,
003748-21CP,6,2021 May 17 12:00:00 AM,,,Completed,8302 13TH AVE NW,98117,https://services.seattle.gov/portal/customize/LinkToRecord.aspx?altId=003748-21CP,False,True,False,,trao,
003749-21CP,6,2021 May 17 12:00:00 AM,,,Completed,8303 12TH AVE NW,98117,https://services.seattle.gov/portal/customize/LinkToRecord.aspx?altId=003749-21CP,False,True,False,,trao,
003863-21CP,6,2021 May 24 12:00:00 AM,,,Completed,832 NW 54TH ST,98107,https://services.seattle.gov/portal/customize/LinkToRecord.aspx?altId=003863-21CP,False,True,False,,trao,
003908-21CP,6,2021 May 25 12:00:00 AM,,,Completed,4051 34TH AVE W,98199,https://services.seattle.gov/portal/customize/LinkToRecord.aspx?altId=003908-21CP,False,False,True,,,notice to vacate
003924-21CP,6,2021 May 26 12:00:00 AM,,,Completed,912 NW 56TH ST,98107,https://services.seattle.gov/portal/customize/LinkToRecord.aspx?altId=003924-21CP,False,True,False,,trao,
003925-21CP,6,2021 May 26 12:00:00 AM,,,Completed,916 NW 56TH ST,98107,https://services.seattle.gov/portal/customize/LinkToRecord.aspx?altId=003925-21CP,False,True,False,,trao,
003926-21CP,6,2021 May 26 12:00:00 AM,,,Completed,922 NW 56TH ST,98107,https://services.seattle.gov/portal/customize/LinkToRecord.aspx?altId=003926-21CP,False,True,False,,trao,
003930-21CP,6,2021 May 26 12:00:00 AM,,,Completed,2049 NW 60th ST,,https://services.seattle.gov/portal/customize/LinkToRecord.aspx?altId=003930-21CP,False,True,False,,relocation assistance,
003965-21CP,6,2021 May 28 12:00:00 AM,,,Completed,6002 2ND AVE NW,98107,https://services.seattle.gov/portal/customize/LinkToRecord.aspx?altId=003965-21CP,False,True,False,,trao,
003991-21CP,6,2021 May 26 12:00:00 AM,,,Closed,6711 4TH AVE NW,98117,https://services.seattle.gov/portal/customize/LinkToRecord.aspx?altId=003991-21CP,False,True,False,,trao,
003998-21CP,6,2021 May 28 12:00:00 AM,,,Closed,209 NW 41ST ST,98107,https://services.seattle.gov/portal/customize/LinkToRecord.aspx?altId=003998-21CP,False,True,True,,pota,eviction notice
004000-21CP,6,2021 May 28 12:00:00 AM,,,Closed,3633 LINDEN AVE N,98103,https://services.seattle.gov/portal/customize/LinkToRecord.aspx?altId=004000-21CP,True,False,False,bedbug,,
004052-21CP,6,2021 May 24 12:00:00 AM,,,Closed,8036 27th AVE NW,98117,https://services.seattle.gov/portal/customize/LinkToRecord.aspx?altId=004052-21CP,False,False,True,,,tenant rights
004275-21CP,6,2021 Jun 04 12:00:00 AM,,,Closed,1710 NW 57TH ST,98107,https://services.seattle.gov/portal/customize/LinkToRecord.aspx?altId=004275-21CP,True,False,False,no heat|no hot water,,
004374-21CP,6,2021 Jun 09 12:00:00 AM,,,Completed,8366 LOYAL WAY NW,98117,https://services.seattle.gov/portal/customize/LinkToRecord.aspx?altId=004374-21CP,False,False,True,,,eviction notice
004389-21CP,6,2021 Jun 10 12:00:00 AM,,,Completed,6057 3RD AVE NW,98107,https://services.seattle.gov/portal/customize/LinkToRecord.aspx?altId=004389-21CP,False,False,True,,,eviction notice
004434-21CP,6,2021 Jun 11 12:00:00 AM,,,Completed,1537 NW 56TH ST,98107,https://services.seattle.gov/portal/customize/LinkToRecord.aspx?altId=004434-21CP,False,True,False,,locked out,
004600-21CP,6,2021 Jun 17 12:00:00 AM,,,Closed,3847 23RD AVE W,98199,https://services.seattle.gov/portal/customize/LinkToRecord.aspx?altId=004600-21CP,False,True,False,,trao,
004718-21CP,6,2021 Jun 21 12:00:00 AM,,,Closed,6207 PHINNEY AVE N,98103,https://services.seattle.gov/portal/customize/LinkToRecord.aspx?altId=004718-21CP,False,False,True,,,security deposit
004816-21CP,6,2021 Jun 23 12:00:00 AM,,,Completed,6525 CHAPIN PL N,98103,https://services.seattle.gov/portal/customize/LinkToRecord.aspx?altId=004816-21CP,False,True,False,,trao,
005198-21CP,6,2021 Jul 04 12:00:00 AM,,,Completed,414 NE Ravenna BLVD,,https://services.seattle.gov/portal/customize/LinkToRecord.aspx?altId=005198-21CP,True,True,False,garbage,harass,
005306-21CP,6,2021 Jul 07 12:00:00 AM,,,Completed,912 NW MARKET ST,98107,https://services.seattle.gov/portal/customize/LinkToRecord.aspx?altId=005306-21CP,False,True,False,,trao,
005349-21CP,6,2021 Jul 08 12:00:00 AM,,,Completed,6750 19TH AVE NW,98117,https://services.seattle.gov/portal/customize/LinkToRecord.aspx?altId=005349-21CP,False,True,False,,trao,
005531-21CP,6,2021 Jul 14 12:00:00 AM,,,Completed,8366 LOYAL WAY NW,98117,https://services.seattle.gov/portal/customize/LinkToRecord.aspx?altId=005531-21CP,False,True,False,,trao,
005605-21CP,6,2021 Jul 15 12:00:00 AM,2021 Aug 04 12:00:00 AM,Completed,Closed,7810 STROUD AVE N,98103,https://services.seattle.gov/portal/customize/LinkToRecord.aspx?altId=005605-21CP,True,True,False,hazard|hazardous|structural,trao,
005717-21CP,6,2021 Jul 14 12:00:00 AM,,,Completed,3612 PHINNEY AVE N,98103,https://services.seattle.gov/portal/customize/LinkToRecord.aspx?altId=005717-21CP,False,True,False,,trao,
005876-21CP,6,2021 Jul 26 12:00:00 AM,,,Completed,7011 MARY AVE NW,98117,https://services.seattle.gov/portal/customize/LinkToRecord.aspx?altId=005876-21CP,False,False,True,,,10 day notice
005969-21CP,6,2021 Jul 27 12:00:00 AM,,,Completed,901 NW 58TH ST,98107,https://services.seattle.gov/portal/customize/LinkToRecord.aspx?altId=005969-21CP,False,True,False,,trao,
006011-21CP,6,2021 Jul 22 12:00:00 AM,,,Completed,7900 EAST GREEN LAKE DR N,98103,https://services.seattle.gov/portal/customize/LinkToRecord.aspx?altId=006011-21CP,False,True,False,,trao,
006012-21CP,6,2021 Jul 22 12:00:00 AM,,,Completed,331 N 78TH ST,98103,https://services.seattle.gov/portal/customize/LinkToRecord.aspx?altId=006012-21CP,False,True,False,,harass,
006017-21CP,6,2021 Jul 23 12:00:00 AM,,,Completed,6713 AURORA AVE N,98103,https://services.seattle.gov/portal/customize/LinkToRecord.aspx?altId=006017-21CP,False,True,False,,trao,
006032-21CP,6,2021 Jul 22 12:00:00 AM,,,Completed,6000 26TH AVE NW,98107,https://services.seattle.gov/portal/customize/LinkToRecord.aspx?altId=006032-21CP,False,True,False,,trao,
006033-21CP,6,2021 Jul 22 12:00:00 AM,,,Closed,720 N ALLEN PL,98103,https://services.seattle.gov/portal/customize/LinkToRecord.aspx?altId=006033-21CP,False,True,False,,trao,
006036-21CP,6,2021 Jul 22 12:00:00 AM,,,Completed,506 N 48TH ST,98103,https://services.seattle.gov/portal/customize/LinkToRecord.aspx?altId=006036-21CP,False,True,False,,trao,
006037-21CP,6,2021 Jul 22 12:00:00 AM,,,Completed,508 N 48TH ST,98103,https://services.seattle.gov/portal/customize/LinkToRecord.aspx?altId=006037-21CP,False,True,False,,trao,
006039-21CP,6,2021 Jul 22 12:00:00 AM,,,Completed,3612 FRANCIS AVE N,98103,https://services.seattle.gov/portal/customize/LinkToRecord.aspx?altId=006039-21CP,False,True,False,,trao,
006068-21CP,6,2021 Jul 26 12:00:00 AM,,,Completed,7201 LINDEN AVE N,98103,https://services.seattle.gov/portal/customize/LinkToRecord.aspx?altId=006068-21CP,True,False,True,leak|roof leak,,rent increase
006070-21CP,6,2021 Jul 26 12:00:00 AM,,,Closed,6710 GREENWOOD AVE N,98103,https://services.seattle.gov/portal/customize/LinkToRecord.aspx?altId=006070-21CP,False,False,True,,,security deposit
006276-21CP,6,2021 Aug 04 12:00:00 AM,,,Closed,7810 STROUD AVE N,98103,https://services.seattle.gov/portal/customize/LinkToRecord.aspx?altId=006276-21CP,False,False,True,,,notice to vacate
1052562-VI,6,2021 Aug 04 12:00:00 AM,2021 Aug 04 12:00:00 AM,Completed,Completed,7810 STROUD AVE N,98103,https://services.seattle.gov/portal/customize/LinkToRecord.aspx?altId=1052562-VI,True,True,False,hazard|hazardous|structural,trao,
006292-21CP,6,2021 Aug 02 12:00:00 AM,,,Completed,1506 NW 61ST ST,98107,https://services.seattle.gov/portal/customize/LinkToRecord.aspx?altId=006292-21CP,False,True,False,,trao,
006332-21CP,6,2021 Aug 05 12:00:00 AM,2021 Aug 06 12:00:00 AM,Completed,Completed,4505 LINDEN AVE N,98103,https://services.seattle.gov/portal/customize/LinkToRecord.aspx?altId=006332-21CP,True,False,False,sewage|raw sewage|leak,,
006362-21CP,6,2021 Aug 06 12:00:00 AM,,,Closed,7516 JONES AVE NW,98117,https://services.seattle.gov/portal/customize/LinkToRecord.aspx?altId=006362-21CP,False,True,False,,trao,
006523-21CP,6,2021 Aug 11 12:00:00 AM,,,Completed,3435 33RD AVE W,98199,https://services.seattle.gov/portal/customize/LinkToRecord.aspx?altId=006523-21CP,False,True,False,,trao,
006611-21CP,6,2021 Aug 13 12:00:00 AM,,,Completed,1544 NW 52ND ST,98107,https://services.seattle.gov/portal/customize/LinkToRecord.aspx?altId=006611-21CP,False,True,False,,trao,
006867-21CP,6,2021 Aug 20 12:00:00 AM,,,Completed,349 NE 51ST ST,98105,https://services.seattle.gov/portal/customize/LinkToRecord.aspx?altId=006867-21CP,False,True,False,,trao,
006876-21CP,6,2021 Aug 20 12:00:00 AM,,,Completed,701 NW 62ND ST,98107,https://services.seattle.gov/portal/customize/LinkToRecord.aspx?altId=006876-21CP,False,True,False,,trao,
006877-21CP,6,2021 Aug 20 12:00:00 AM,,,Completed,6053 7TH AVE NW,98107,https://services.seattle.gov/portal/customize/LinkToRecord.aspx?altId=006877-21CP,False,True,False,,trao,
1052703-VI,6,2021 Aug 20 12:00:00 AM,2021 Aug 06 12:00:00 AM,Completed,Completed,7810 STROUD AVE N,98103,https://services.seattle.gov/portal/customize/LinkToRecord.aspx?altId=1052703-VI,False,True,False,,relocation assistance,
006932-21CP,6,2021 Aug 23 12:00:00 AM,,,Closed,716 N MOTOR PL,98103,https://services.seattle.gov/portal/customize/LinkToRecord.aspx?altId=006932-21CP,False,False,True,,,security deposit
007031-21CP,6,2021 Aug 20 12:00:00 AM,,,Closed,6019 MCKINLEY PL N,98103,https://services.seattle.gov/portal/customize/LinkToRecord.aspx?altId=007031-21CP,False,True,False,,trao,
007092-21CP,6,2021 Aug 25 12:00:00 AM,,,Completed,927 NW 57TH ST,98107,https://services.seattle.gov/portal/customize/LinkToRecord.aspx?altId=007092-21CP,False,True,False,,trao,
007111-21CP,6,2021 Aug 26 12:00:00 AM,,,Completed,8520 16TH AVE NW,98117,https://services.seattle.gov/portal/customize/LinkToRecord.aspx?altId=007111-21CP,False,True,False,,trao,
007304-21CP,6,2021 Sep 01 12:00:00 AM,,,Completed,1701 NW 56TH ST,98107,https://services.seattle.gov/portal/customize/LinkToRecord.aspx?altId=007304-21CP,False,False,True,,,notice to vacate
007320-21CP,6,2021 Sep 02 12:00:00 AM,,,Closed,1127 N 85TH ST,98103,https://services.seattle.gov/portal/customize/LinkToRecord.aspx?altId=007320-21CP,False,False,True,,,security deposit
007347-21CP,6,2021 Sep 03 12:00:00 AM,,,Closed,4800 FREMONT AVE N,98103,https://services.seattle.gov/portal/customize/LinkToRecord.aspx?altId=007347-21CP,False,True,False,,trao,
007407-21CP,6,2021 Sep 07 12:00:00 AM,,,Completed,904 NW MARKET ST,98107,https://services.seattle.gov/portal/customize/LinkToRecord.aspx?altId=007407-21CP,False,True,False,,trao,
007409-21CP,6,2021 Sep 07 12:00:00 AM,,,Completed,908 NW MARKET ST,98107,https://services.seattle.gov/portal/customize/LinkToRecord.aspx?altId=007409-21CP,False,True,False,,trao,
007410-21CP,6,2021 Sep 07 12:00:00 AM,,,Completed,918 NW MARKET ST,98107,https://services.seattle.gov/portal/customize/LinkToRecord.aspx?altId=007410-21CP,False,True,False,,trao,
007412-21CP,6,2021 Sep 07 12:00:00 AM,,,Completed,922 NW MARKET ST,98107,https://services.seattle.gov/portal/customize/LinkToRecord.aspx?altId=007412-21CP,False,True,False,,trao,
007413-21CP,6,2021 Sep 07 12:00:00 AM,,,Completed,926 NW MARKET ST,98107,https://services.seattle.gov/portal/customize/LinkToRecord.aspx?altId=007413-21CP,False,True,False,,trao,
007414-21CP,6,2021 Sep 07 12:00:00 AM,,,Completed,5507 9TH AVE NW,98107,https://services.seattle.gov/portal/customize/LinkToRecord.aspx?altId=007414-21CP,False,True,False,,trao,
1052804-VI,6,2021 Sep 07 12:00:00 AM,,,Initiated,1103 NW MARKET ST,98107,https://services.seattle.gov/portal/customize/LinkToRecord.aspx?altId=1052804-VI,False,True,False,,relocation assistance,
007502-21CP,6,2021 Sep 09 12:00:00 AM,,,Completed,7312 WOODLAWN AVE NE,98115,https://services.seattle.gov/portal/customize/LinkToRecord.aspx?altId=007502-21CP,False,False,True,,,tenant rights
007669-21CP,6,2021 Sep 15 12:00:00 AM,,,Completed,349 NW 50TH ST,98107,https://services.seattle.gov/portal/customize/LinkToRecord.aspx?altId=007669-21CP,False,True,False,,trao,
007703-21CP,6,2021 Sep 13 12:00:00 AM,,,Completed,7735 15TH AVE NW,98117,https://services.seattle.gov/portal/customize/LinkToRecord.aspx?altId=007703-21CP,False,True,False,,retaliat,
007778-21CP,6,2021 Sep 17 12:00:00 AM,,,Completed,1145 NW 56TH ST,98107,https://services.seattle.gov/portal/customize/LinkToRecord.aspx?altId=007778-21CP,False,True,False,,trao,
007839-21CP,6,2021 Sep 20 12:00:00 AM,,,Closed,932 NW MARKET ST,98107,https://services.seattle.gov/portal/customize/LinkToRecord.aspx?altId=007839-21CP,False,False,True,,,tenant rights
007901-21CP,6,2021 Sep 21 12:00:00 AM,,,Completed,1127 N 85TH ST,98103,https://services.seattle.gov/portal/customize/LinkToRecord.aspx?altId=007901-21CP,False,False,True,,,tenant rights
007915-21CP,6,2021 Sep 22 12:00:00 AM,,,Completed,1717 N 85TH ST,98103,https://services.seattle.gov/portal/customize/LinkToRecord.aspx?altId=007915-21CP,False,False,True,,,illegal eviction|tenant rights
007950-21CP,6,2021 Sep 23 12:00:00 AM,,,Completed,129 NW 84TH ST,98117,https://services.seattle.gov/portal/customize/LinkToRecord.aspx?altId=007950-21CP,False,True,False,,trao,
007996-21CP,6,2021 Sep 24 12:00:00 AM,,,Closed,7814 GREENWOOD AVE N,98103,https://services.seattle.gov/portal/customize/LinkToRecord.aspx?altId=007996-21CP,False,False,True,,,notice to vacate|tenant rights
008055-21CP,6,2021 Sep 27 12:00:00 AM,,,Completed,8333 12TH AVE NW,98117,https://services.seattle.gov/portal/customize/LinkToRecord.aspx?altId=008055-21CP,False,True,False,,trao,
008057-21CP,6,2021 Sep 27 12:00:00 AM,,,Completed,8323 12th AVE NW,,https://services.seattle.gov/portal/customize/LinkToRecord.aspx?altId=008057-21CP,False,True,False,,trao,
008150-21CP,6,2021 Sep 29 12:00:00 AM,,,Closed,2432 NW 56TH ST,98107,https://services.seattle.gov/portal/customize/LinkToRecord.aspx?altId=008150-21CP,True,True,False,unsafe,tenant relocation,
008161-21CP,6,2021 Sep 28 12:00:00 AM,,,Completed,549 N 83RD ST,98103,https://services.seattle.gov/portal/customize/LinkToRecord.aspx?altId=008161-21CP,False,True,False,,trao,
008170-21CP,6,2021 Sep 29 12:00:00 AM,,,Closed,3037 NW 56TH ST,98107,https://services.seattle.gov/portal/customize/LinkToRecord.aspx?altId=008170-21CP,False,True,False,,trao,
008174-21CP,6,2021 Sep 29 12:00:00 AM,,,Closed,2807 35TH AVE W,98199,https://services.seattle.gov/portal/customize/LinkToRecord.aspx?altId=008174-21CP,False,True,False,,trao,
008261-21CP,6,2021 Sep 28 12:00:00 AM,,,Closed,2049 NW 61ST ST,98107,https://services.seattle.gov/portal/customize/LinkToRecord.aspx?altId=008261-21CP,False,True,False,,trao,
008262-21CP,6,2021 Sep 29 12:00:00 AM,,,Completed,1127 NW 60TH ST,98107,https://services.seattle.gov/portal/customize/LinkToRecord.aspx?altId=008262-21CP,False,True,False,,trao,
008514-21CP,6,2021 Oct 11 12:00:00 AM,,,Completed,6750 19TH AVE NW,98117,https://services.seattle.gov/portal/customize/LinkToRecord.aspx?altId=008514-21CP,False,True,False,,trao,
008525-21CP,6,2021 Oct 11 12:00:00 AM,,,Completed,3406 W GOVERNMENT WAY,98199,https://services.seattle.gov/portal/customize/LinkToRecord.aspx?altId=008525-21CP,False,True,False,,trao,
008545-21CP,6,2021 Oct 12 12:00:00 AM,2021 Oct 12 12:00:00 AM,Completed,Completed,3201 W COMMODORE WAY,98199,https://services.seattle.gov/portal/customize/LinkToRecord.aspx?altId=008545-21CP,True,False,False,sewage|leak|uninhabitable,,
008583-21CP,6,2021 Oct 13 12:00:00 AM,,,Completed,4251 AURORA AVE N,98103,https://services.seattle.gov/portal/customize/LinkToRecord.aspx?altId=008583-21CP,False,True,False,,lockout,
008588-21CP,6,2021 Oct 11 12:00:00 AM,,,Completed,3844 FREMONT AVE N,98103,https://services.seattle.gov/portal/customize/LinkToRecord.aspx?altId=008588-21CP,False,False,True,,,notice to terminate
008612-21CP,6,2021 Oct 11 12:00:00 AM,,,Completed,901 NW MARKET ST,98107,https://services.seattle.gov/portal/customize/LinkToRecord.aspx?altId=008612-21CP,False,True,False,,trao,
008632-21CP,6,2021 Oct 12 12:00:00 AM,,,Completed,5817 9TH AVE NW,98107,https://services.seattle.gov/portal/customize/LinkToRecord.aspx?altId=008632-21CP,False,True,False,,trao,
008671-21CP,6,2021 Sep 30 12:00:00 AM,,,Closed,8719 17TH AVE NW,98117,https://services.seattle.gov/portal/customize/LinkToRecord.aspx?altId=008671-21CP,False,True,False,,trao,
008725-21CP,6,2021 Oct 18 12:00:00 AM,,,Closed,6501 2ND AVE NW,98117,https://services.seattle.gov/portal/customize/LinkToRecord.aspx?altId=008725-21CP,False,True,False,,trao,
008787-21CP,6,2021 Oct 15 12:00:00 AM,,,Completed,4223 LINDEN AVE N,98103,https://services.seattle.gov/portal/customize/LinkToRecord.aspx?altId=008787-21CP,False,True,False,,trao,
008883-21CP,6,2021 Oct 22 12:00:00 AM,,,Closed,7814 GREENWOOD AVE N,98103,https://services.seattle.gov/portal/customize/LinkToRecord.aspx?altId=008883-21CP,False,False,True,,,tenant rights
008966-21CP,6,2021 Oct 25 12:00:00 AM,,,Completed,6513 4TH AVE NE,98115,https://services.seattle.gov/portal/customize/LinkToRecord.aspx?altId=008966-21CP,False,True,False,,tenant relocation|relocation assistance,
009076-21CP,6,2021 Oct 21 12:00:00 AM,,,Completed,1109 NW 52ND ST,98107,https://services.seattle.gov/portal/customize/LinkToRecord.aspx?altId=009076-21CP,False,True,False,,trao,
009106-21CP,6,2021 Oct 27 12:00:00 AM,,,Closed,1545 NW 57TH ST,98107,https://services.seattle.gov/portal/customize/LinkToRecord.aspx?altId=009106-21CP,False,True,False,,retaliat|in retaliation for,
009110-21CP,6,2021 Oct 28 12:00:00 AM,,,Closed,4251 AURORA AVE N,98103,https://services.seattle.gov/portal/customize/LinkToRecord.aspx?altId=009110-21CP,False,False,True,,,10-day notice|notice to vacate
009111-21CP,6,2021 Oct 28 12:00:00 AM,,,Closed,465 N 43RD ST,98103,https://services.seattle.gov/portal/customize/LinkToRecord.aspx?altId=009111-21CP,False,False,True,,,rent increase|tenant rights
009191-21CP,6,2021 Nov 01 12:00:00 AM,,,Completed,209 NW 41ST ST,98107,https://services.seattle.gov/portal/customize/LinkToRecord.aspx?altId=009191-21CP,False,False,True,,,notice to vacate
009193-21CP,6,2021 Oct 28 12:00:00 AM,,,Closed,5711 24TH AVE NW,98107,https://services.seattle.gov/portal/customize/LinkToRecord.aspx?altId=009193-21CP,False,False,True,,,rent increase
009224-21CP,6,2021 Oct 25 12:00:00 AM,,,Completed,8549 EVANSTON AVE N,98103,https://services.seattle.gov/portal/customize/LinkToRecord.aspx?altId=009224-21CP,False,True,False,,trao,
009225-21CP,6,2021 Oct 25 12:00:00 AM,,,Closed,8551 EVANSTON AVE N,98103,https://services.seattle.gov/portal/customize/LinkToRecord.aspx?altId=009225-21CP,False,True,False,,trao,
009251-21CP,6,2021 Nov 03 12:00:00 AM,,,Completed,437 NE 72ND ST,98115,https://services.seattle.gov/portal/customize/LinkToRecord.aspx?altId=009251-21CP,False,False,True,,,rent increase
1053230-VI,6,2021 Nov 03 12:00:00 AM,,,NOV Issued,6513 4TH AVE NE,98115,https://services.seattle.gov/portal/customize/LinkToRecord.aspx?altId=1053230-VI,False,True,False,,tenant relocation|relocation assistance,
009393-21CP,6,2021 Nov 08 12:00:00 AM,,,Closed,2432 NW 56TH ST,98107,https://services.seattle.gov/portal/customize/LinkToRecord.aspx?altId=009393-21CP,False,True,False,,trao,
009457-21CP,6,2021 Nov 09 12:00:00 AM,,,Completed,2227 NW 63RD ST,98107,https://services.seattle.gov/portal/customize/LinkToRecord.aspx?altId=009457-21CP,False,True,False,,trao,
009475-21CP,6,2021 Nov 10 12:00:00 AM,,,Completed,1753 NW 56TH ST,98107,https://services.seattle.gov/portal/customize/LinkToRecord.aspx?altId=009475-21CP,False,False,True,,,3 day notice|notice to vacate|tenant rights
009512-21CP,6,2021 Nov 12 12:00:00 AM,,,Closed,1715 NW 58TH ST,98107,https://services.seattle.gov/portal/customize/LinkToRecord.aspx?altId=009512-21CP,False,False,True,,,3 day notice
009620-21CP,6,2021 Nov 17 12:00:00 AM,,,Completed,938 NW 52ND ST,98107,https://services.seattle.gov/portal/customize/LinkToRecord.aspx?altId=009620-21CP,False,True,False,,trao,
009756-21CP,6,2021 Nov 22 12:00:00 AM,,,Closed,3612 GREENWOOD AVE N,98103,https://services.seattle.gov/portal/customize/LinkToRecord.aspx?altId=009756-21CP,False,True,False,,harass,
009790-21CP,6,2021 Nov 23 12:00:00 AM,,,Completed,5401 BAKER AVE NW,98107,https://services.seattle.gov/portal/customize/LinkToRecord.aspx?altId=009790-21CP,False,False,True,,,rent increase
009796-21CP,6,2021 Nov 23 12:00:00 AM,,,Closed,3116 W RAYE ST,98199,https://services.seattle.gov/portal/customize/LinkToRecord.aspx?altId=009796-21CP,False,True,False,,trao,
009820-21CP,6,2021 Nov 24 12:00:00 AM,,,Closed,6900 EAST GREEN LAKE WAY N,98115,https://services.seattle.gov/portal/customize/LinkToRecord.aspx?altId=009820-21CP,False,False,True,,,rent increase
009868-21CP,6,2021 Nov 22 12:00:00 AM,,,Completed,1761 NW 61ST ST,98107,https://services.seattle.gov/portal/customize/LinkToRecord.aspx?altId=009868-21CP,False,True,False,,trao,
009983-21CP,6,2021 Dec 02 12:00:00 AM,,,Completed,505 NE 70TH ST,98115,https://services.seattle.gov/portal/customize/LinkToRecord.aspx?altId=009983-21CP,False,False,True,,,tenant rights
009985-21CP,6,2021 Dec 02 12:00:00 AM,,,Completed,7546 30TH AVE NW,98117,https://services.seattle.gov/portal/customize/LinkToRecord.aspx?altId=009985-21CP,False,True,False,,trao,
010005-21CP,6,2021 Dec 02 12:00:00 AM,,,Closed,512 NE 72ND ST,98115,https://services.seattle.gov/portal/customize/LinkToRecord.aspx?altId=010005-21CP,False,True,False,,trao,
010006-21CP,6,2021 Dec 02 12:00:00 AM,,,Completed,2636 NW 56TH ST,98107,https://services.seattle.gov/portal/customize/LinkToRecord.aspx?altId=010006-21CP,False,True,False,,trao,
010072-21CP,6,2021 Dec 06 12:00:00 AM,,,Completed,7733 15TH AVE NW,98117,https://services.seattle.gov/portal/customize/LinkToRecord.aspx?altId=010072-21CP,False,True,False,,pota,
010075-21CP,6,2021 Nov 30 12:00:00 AM,,,Completed,304 NW 74TH ST,98117,https://services.seattle.gov/portal/customize/LinkToRecord.aspx?altId=010075-21CP,False,True,False,,harass,
010094-21CP,6,2021 Dec 07 12:00:00 AM,,,Closed,3056 NW 65TH ST,98117,https://services.seattle.gov/portal/customize/LinkToRecord.aspx?altId=010094-21CP,False,False,True,,,security deposit|rrio
010206-21CP,6,2021 Dec 09 12:00:00 AM,,,Completed,6222 4TH AVE NW,98107,https://services.seattle.gov/portal/customize/LinkToRecord.aspx?altId=010206-21CP,True,True,True,mold,pota,tenant rights
010328-21CP,6,2021 Dec 14 12:00:00 AM,,,Completed,116 NE 59TH ST,98105,https://services.seattle.gov/portal/customize/LinkToRecord.aspx?altId=010328-21CP,False,True,False,,trao,
010364-21CP,6,2021 Dec 15 12:00:00 AM,,,Completed,2636 NW 56TH ST,98107,https://services.seattle.gov/portal/customize/LinkToRecord.aspx?altId=010364-21CP,False,True,False,,trao,
010382-21CP,6,2021 Dec 15 12:00:00 AM,,,Completed,8044 16TH AVE NW,98117,https://services.seattle.gov/portal/customize/LinkToRecord.aspx?altId=010382-21CP,False,True,False,,trao,
010528-21CP,6,2021 Dec 21 12:00:00 AM,,,Completed,3011 NW 93RD ST,98117,https://services.seattle.gov/portal/customize/LinkToRecord.aspx?altId=010528-21CP,False,True,False,,trao,
010652-21CP,6,2021 Dec 28 12:00:00 AM,2022 Mar 02 12:00:00 AM,Completed,Completed,4257 GREENWOOD AVE N,98103,https://services.seattle.gov/portal/customize/LinkToRecord.aspx?altId=010652-21CP,True,False,False,mold,,
000110-22CP,6,2021 Dec 30 12:00:00 AM,,,Completed,5612 GREENWOOD AVE N,98103,https://services.seattle.gov/portal/customize/LinkToRecord.aspx?altId=000110-22CP,False,True,False,,trao,
000124-22CP,6,2022 Jan 03 12:00:00 AM,,,Completed,8124 STONE AVE N,98103,https://services.seattle.gov/portal/customize/LinkToRecord.aspx?altId=000124-22CP,False,True,False,,trao,
000169-22CP,6,2021 Dec 29 12:00:00 AM,,,Closed,250 NE 50TH ST,98105,https://services.seattle.gov/portal/customize/LinkToRecord.aspx?altId=000169-22CP,False,True,False,,trao,
000221-22CP,6,2022 Jan 06 12:00:00 AM,,,Completed,1436 NW 62ND ST,98107,https://services.seattle.gov/portal/customize/LinkToRecord.aspx?altId=000221-22CP,True,False,False,mold,,
000252-22CP,6,2022 Jan 07 12:00:00 AM,,,Completed,6112 8TH AVE NW,98107,https://services.seattle.gov/portal/customize/LinkToRecord.aspx?altId=000252-22CP,False,False,True,,,rent increase
000318-22CP,6,2022 Jan 10 12:00:00 AM,,,Closed,1510 NW 52ND ST,98107,https://services.seattle.gov/portal/customize/LinkToRecord.aspx?altId=000318-22CP,False,False,True,,,security deposit
000392-22CP,6,2022 Jan 12 12:00:00 AM,,,Completed,3015 NW 63RD ST,98107,https://services.seattle.gov/portal/customize/LinkToRecord.aspx?altId=000392-22CP,False,False,True,,,rent increase
000405-22CP,6,2022 Jan 13 12:00:00 AM,,,Closed,136 NE 55TH ST,98105,https://services.seattle.gov/portal/customize/LinkToRecord.aspx?altId=000405-22CP,False,True,False,,trao,
000459-22CP,6,2022 Jan 11 12:00:00 AM,,,Completed,8035 16TH AVE NW,98117,https://services.seattle.gov/portal/customize/LinkToRecord.aspx?altId=000459-22CP,False,True,False,,trao,
000578-22CP,6,2022 Jan 18 12:00:00 AM,,,Completed,819 NW 54TH ST,98107,https://services.seattle.gov/portal/customize/LinkToRecord.aspx?altId=000578-22CP,False,True,False,,trao,
000663-22CP,6,2022 Jan 19 12:00:00 AM,,,Completed,121 NE 57TH ST,98105,https://services.seattle.gov/portal/customize/LinkToRecord.aspx?altId=000663-22CP,False,True,False,,trao,
000767-22CP,6,2022 Jan 20 12:00:00 AM,,,Completed,3612 FRANCIS AVE N,98103,https://services.seattle.gov/portal/customize/LinkToRecord.aspx?altId=000767-22CP,False,True,False,,trao,
000783-22CP,6,2022 Jan 20 12:00:00 AM,,,Completed,3827 29TH AVE W,98199,https://services.seattle.gov/portal/customize/LinkToRecord.aspx?altId=000783-22CP,False,True,False,,trao,
000793-22CP,6,2022 Jan 25 12:00:00 AM,,,Completed,430 NE MAPLE LEAF PL,98115,https://services.seattle.gov/portal/customize/LinkToRecord.aspx?altId=000793-22CP,False,False,True,,,10-day notice
000878-22CP,6,2022 Jan 27 12:00:00 AM,,,Completed,512 NE 72ND ST,98115,https://services.seattle.gov/portal/customize/LinkToRecord.aspx?altId=000878-22CP,False,True,False,,trao,
000934-22CP,6,2022 Jan 25 12:00:00 AM,,,Completed,1149 NW 56TH ST,98107,https://services.seattle.gov/portal/customize/LinkToRecord.aspx?altId=000934-22CP,False,True,False,,trao,
001001-22CP,6,2022 Jan 26 12:00:00 AM,,,Completed,6002 26TH AVE NW,98107,https://services.seattle.gov/portal/customize/LinkToRecord.aspx?altId=001001-22CP,False,True,False,,trao,
001005-22CP,6,2022 Jan 27 12:00:00 AM,,,Completed,9243 VIEW AVE NW,98117,https://services.seattle.gov/portal/customize/LinkToRecord.aspx?altId=001005-22CP,False,True,False,,trao,
001007-22CP,6,2022 Jan 27 12:00:00 AM,,,Completed,1545 NW 57TH ST,98107,https://services.seattle.gov/portal/customize/LinkToRecord.aspx?altId=001007-22CP,False,False,True,,,rent increase
001064-22CP,6,2022 Feb 01 12:00:00 AM,,,Completed,1506 NW 61ST ST,98107,https://services.seattle.gov/portal/customize/LinkToRecord.aspx?altId=001064-22CP,False,False,True,,,rent increase
1053714-VI,6,2022 Feb 03 12:00:00 AM,,,NOV Issued,413 NE 73RD ST,98115,https://services.seattle.gov/portal/customize/LinkToRecord.aspx?altId=1053714-VI,False,False,True,,,rent increase
001121-22CP,6,2022 Feb 03 12:00:00 AM,,,Completed,802 NW 49TH ST,98107,https://services.seattle.gov/portal/customize/LinkToRecord.aspx?altId=001121-22CP,True,True,True,rats,pota,tenant rights
001191-22CP,6,2022 Feb 07 12:00:00 AM,,,Completed,1506 NW 61ST ST,98107,https://services.seattle.gov/portal/customize/LinkToRecord.aspx?altId=001191-22CP,False,True,True,,trao,rent increase
001209-22CP,6,2022 Feb 07 12:00:00 AM,,,Under Investigation,6109 PHINNEY AVE N,98103,https://services.seattle.gov/portal/customize/LinkToRecord.aspx?altId=001209-22CP,False,True,False,,trao,
001210-22CP,6,2022 Feb 07 12:00:00 AM,,,Closed,8306 13TH AVE NW,98117,https://services.seattle.gov/portal/customize/LinkToRecord.aspx?altId=001210-22CP,False,True,False,,trao,
001244-22CP,6,2022 Feb 03 12:00:00 AM,,,Closed,805 NW 51ST ST,98107,https://services.seattle.gov/portal/customize/LinkToRecord.aspx?altId=001244-22CP,False,True,False,,pota,
001263-22CP,6,2022 Feb 08 12:00:00 AM,,,Completed,3712 29TH AVE W,98199,https://services.seattle.gov/portal/customize/LinkToRecord.aspx?altId=001263-22CP,False,True,False,,trao,
001278-22CP,6,2022 Feb 04 12:00:00 AM,,,Completed,2218 NW 62ND ST,98107,https://services.seattle.gov/portal/customize/LinkToRecord.aspx?altId=001278-22CP,False,True,False,,trao,
001309-22CP,6,2022 Feb 10 12:00:00 AM,,,Completed,4415 28TH PL W,98199,https://services.seattle.gov/portal/customize/LinkToRecord.aspx?altId=001309-22CP,False,True,False,,trao,
001386-22CP,6,2022 Feb 14 12:00:00 AM,,,Completed,7314 15TH AVE NW,98117,https://services.seattle.gov/portal/customize/LinkToRecord.aspx?altId=001386-22CP,False,True,False,,constructive eviction,
001468-22CP,6,2022 Feb 16 12:00:00 AM,,,Closed,6700 24TH AVE NW,98117,https://services.seattle.gov/portal/customize/LinkToRecord.aspx?altId=001468-22CP,False,False,True,,,tenant rights
001509-22CP,6,2022 Feb 16 12:00:00 AM,,,Completed,6817 GREENWOOD AVE N,98103,https://services.seattle.gov/portal/customize/LinkToRecord.aspx?altId=001509-22CP,False,True,False,,trao,
001637-22CP,6,2022 Feb 23 12:00:00 AM,,,Completed,1539 A NW 53RD ST,98107,https://services.seattle.gov/portal/customize/LinkToRecord.aspx?altId=001637-22CP,True,False,False,leak,,
001678-22CP,6,2022 Feb 24 12:00:00 AM,,,Completed,2443 NW 58TH ST,98107,https://services.seattle.gov/portal/customize/LinkToRecord.aspx?altId=001678-22CP,False,False,True,,,rent increase
001693-22CP,6,2022 Feb 24 12:00:00 AM,,,Completed,9021 28TH AVE NW,98117,https://services.seattle.gov/portal/customize/LinkToRecord.aspx?altId=001693-22CP,False,False,True,,,tenant rights
001844-22CP,6,2022 Mar 01 12:00:00 AM,,,Completed,844 NW MARKET ST,98107,https://services.seattle.gov/portal/customize/LinkToRecord.aspx?altId=001844-22CP,False,True,False,,trao,
001915-22CP,6,2022 Mar 03 12:00:00 AM,,,Completed,7733 15TH AVE NW,98117,https://services.seattle.gov/portal/customize/LinkToRecord.aspx?altId=001915-22CP,True,True,True,garbage,retaliat,rent increase
001945-22CP,6,2022 Mar 04 12:00:00 AM,,,Completed,6746 18TH AVE NW,98117,https://services.seattle.gov/portal/customize/LinkToRecord.aspx?altId=001945-22CP,False,False,True,,,tenant rights
001951-22CP,6,2022 Mar 04 12:00:00 AM,,,Closed,407 NE 73rd ST,,https://services.seattle.gov/portal/customize/LinkToRecord.aspx?altId=001951-22CP,False,True,True,,pota,3 day notice
001962-22CP,6,2022 Mar 03 12:00:00 AM,,,Completed,3912 LINDEN AVE N,98103,https://services.seattle.gov/portal/customize/LinkToRecord.aspx?altId=001962-22CP,False,False,True,,,rent increase
002002-22CP,6,2022 Mar 04 12:00:00 AM,,,Completed,8612 PALATINE AVE N,98103,https://services.seattle.gov/portal/customize/LinkToRecord.aspx?altId=002002-22CP,False,False,True,,,tenant rights
002020-22CP,6,2022 Mar 02 12:00:00 AM,,,Completed,1535 NW 63RD ST,98107,https://services.seattle.gov/portal/customize/LinkToRecord.aspx?altId=002020-22CP,False,False,True,,,rent increase
002028-22CP,6,2022 Mar 03 12:00:00 AM,,,Closed,3610 LINDEN AVE N,98103,https://services.seattle.gov/portal/customize/LinkToRecord.aspx?altId=002028-22CP,False,True,False,,trao,
002033-22CP,6,2022 Mar 01 12:00:00 AM,,,Completed,4308 2ND AVE NW,98107,https://services.seattle.gov/portal/customize/LinkToRecord.aspx?altId=002033-22CP,False,True,False,,trao,
002101-22CP,6,2022 Mar 08 12:00:00 AM,,,Completed,6731 32ND AVE NW,98117,https://services.seattle.gov/portal/customize/LinkToRecord.aspx?altId=002101-22CP,False,True,False,,trao,
002114-22CP,6,2022 Mar 09 12:00:00 AM,,,Closed,2226 NW 58TH ST,98107,https://services.seattle.gov/portal/customize/LinkToRecord.aspx?altId=002114-22CP,False,False,True,,,rent increase
002117-22CP,6,2022 Mar 09 12:00:00 AM,,,Completed,7911 ASHWORTH AVE N,98103,https://services.seattle.gov/portal/customize/LinkToRecord.aspx?altId=002117-22CP,False,True,False,,trao,
002121-22CP,6,2022 Mar 09 12:00:00 AM,,,Completed,1006 NW 83RD ST,98117,https://services.seattle.gov/portal/customize/LinkToRecord.aspx?altId=002121-22CP,False,False,True,,,notice to vacate
002210-22CP,6,2022 Mar 03 12:00:00 AM,,,Completed,7016 15TH AVE NW,98117,https://services.seattle.gov/portal/customize/LinkToRecord.aspx?altId=002210-22CP,False,False,True,,,security deposit
002214-22CP,6,2022 Mar 02 12:00:00 AM,,,Completed,6502 JONES AVE NW,98117,https://services.seattle.gov/portal/customize/LinkToRecord.aspx?altId=002214-22CP,False,True,False,,trao,
002339-22CP,6,2022 Mar 16 12:00:00 AM,,,Completed,4207 PHINNEY AVE N,98103,https://services.seattle.gov/portal/customize/LinkToRecord.aspx?altId=002339-22CP,False,False,True,,,eviction notice
002341-22CP,6,2022 Mar 15 12:00:00 AM,,,Completed,2855 NW GOLDEN DR,98117,https://services.seattle.gov/portal/customize/LinkToRecord.aspx?altId=002341-22CP,False,True,False,,trao,
002384-22CP,6,2022 Mar 17 12:00:00 AM,,,Closed,802 N 43RD ST,98103,https://services.seattle.gov/portal/customize/LinkToRecord.aspx?altId=002384-22CP,False,False,True,,,rent increase
002478-22CP,6,2022 Mar 21 12:00:00 AM,,,Completed,3015 NW 63RD ST,98107,https://services.seattle.gov/portal/customize/LinkToRecord.aspx?altId=002478-22CP,False,False,True,,,notice to terminate
002489-22CP,6,2022 Mar 21 12:00:00 AM,,,Completed,6104 14TH AVE NW,98107,https://services.seattle.gov/portal/customize/LinkToRecord.aspx?altId=002489-22CP,False,False,True,,,tenant rights
002519-22CP,6,2022 Mar 22 12:00:00 AM,,,Completed,4209 WILLIAMS AVE W,98199,https://services.seattle.gov/portal/customize/LinkToRecord.aspx?altId=002519-22CP,False,True,False,,trao,
002559-22CP,6,2022 Mar 21 12:00:00 AM,,,Completed,412 N 67TH ST,98103,https://services.seattle.gov/portal/customize/LinkToRecord.aspx?altId=002559-22CP,False,True,False,,harass,
002613-22CP,6,2022 Mar 22 12:00:00 AM,,,Closed,824 NW 52ND ST,98107,https://services.seattle.gov/portal/customize/LinkToRecord.aspx?altId=002613-22CP,False,True,False,,trao,
002615-22CP,6,2022 Mar 24 12:00:00 AM,,,Closed,6106 KIRKWOOD PL N,98103,https://services.seattle.gov/portal/customize/LinkToRecord.aspx?altId=002615-22CP,False,True,False,,trao,
002695-22CP,6,2022 Mar 28 12:00:00 AM,,,Completed,1401 NW 63RD ST,98107,https://services.seattle.gov/portal/customize/LinkToRecord.aspx?altId=002695-22CP,False,False,True,,,notice to vacate
002753-22CP,6,2022 Mar 30 12:00:00 AM,,,Closed,419 NE 71ST ST,98115,https://services.seattle.gov/portal/customize/LinkToRecord.aspx?altId=002753-22CP,False,False,True,,,rent increase
002794-22CP,6,2022 Mar 31 12:00:00 AM,,,Under Investigation,3635 FRANCIS AVE N,98103,https://services.seattle.gov/portal/customize/LinkToRecord.aspx?altId=002794-22CP,True,False,False,uninhabitable,,
002809-22CP,6,2022 Mar 28 12:00:00 AM,,,Closed,4412 31ST AVE W,98199,https://services.seattle.gov/portal/customize/LinkToRecord.aspx?altId=002809-22CP,False,False,True,,,security deposit
002824-22CP,6,2022 Apr 01 12:00:00 AM,,,Closed,3721 27TH PL W,98199,https://services.seattle.gov/portal/customize/LinkToRecord.aspx?altId=002824-22CP,False,False,True,,,rent increase
002829-22CP,6,2022 Apr 01 12:00:00 AM,,,Closed,4253 GREENWOOD AVE N,98103,https://services.seattle.gov/portal/customize/LinkToRecord.aspx?altId=002829-22CP,False,False,True,,,tenant rights
002834-22CP,6,2022 Apr 01 12:00:00 AM,,,Closed,1116 NW 60TH ST,98107,https://services.seattle.gov/portal/customize/LinkToRecord.aspx?altId=002834-22CP,False,False,True,,,notice to vacate
002963-22CP,6,2022 Apr 04 12:00:00 AM,,,Completed,848 NW MARKET ST,98107,https://services.seattle.gov/portal/customize/LinkToRecord.aspx?altId=002963-22CP,False,True,False,,trao,
002971-22CP,6,2022 Apr 06 12:00:00 AM,,,Completed,6341 4th AVE NE,,https://services.seattle.gov/portal/customize/LinkToRecord.aspx?altId=002971-22CP,True,False,False,hazard,,
003015-22CP,6,2022 Apr 07 12:00:00 AM,,,Closed,3901 1ST AVE NW,98107,https://services.seattle.gov/portal/customize/LinkToRecord.aspx?altId=003015-22CP,False,False,True,,,notice to vacate
003030-22CP,6,2022 Apr 08 12:00:00 AM,,,Under Investigation,736 N 72ND ST,98103,https://services.seattle.gov/portal/customize/LinkToRecord.aspx?altId=003030-22CP,False,False,True,,,tenant rights
003075-22CP,6,2022 Apr 08 12:00:00 AM,,,Completed,3632 1ST AVE NW,98107,https://services.seattle.gov/portal/customize/LinkToRecord.aspx?altId=003075-22CP,False,True,False,,trao,
003077-22CP,6,2022 Apr 08 12:00:00 AM,,,Completed,620 N 34TH ST,98103,https://services.seattle.gov/portal/customize/LinkToRecord.aspx?altId=003077-22CP,False,False,True,,,pay or vacate
003099-22CP,6,2022 Apr 11 12:00:00 AM,,,Completed,4322 EVANSTON AVE N,98103,https://services.seattle.gov/portal/customize/LinkToRecord.aspx?altId=003099-22CP,False,True,False,,asked to vacate,
003150-22CP,6,2022 Apr 11 12:00:00 AM,,,Completed,3616 GREENWOOD AVE N,98103,https://services.seattle.gov/portal/customize/LinkToRecord.aspx?altId=003150-22CP,False,False,True,,,rent increase
003210-22CP,6,2022 Apr 15 12:00:00 AM,,,Under Investigation,5440 LEARY AVE NW,98107,https://services.seattle.gov/portal/customize/LinkToRecord.aspx?altId=003210-22CP,False,False,True,,,rent increase
003275-22CP,6,2022 Apr 18 12:00:00 AM,,,Completed,4333 EVANSTON AVE N,98103,https://services.seattle.gov/portal/customize/LinkToRecord.aspx?altId=003275-22CP,False,True,False,,trao,
003285-22CP,6,2022 Apr 18 12:00:00 AM,,,Closed,2417 NW 60TH ST,98107,https://services.seattle.gov/portal/customize/LinkToRecord.aspx?altId=003285-22CP,False,True,False,,trao,
003337-22CP,6,2022 Apr 20 12:00:00 AM,,,Completed,3605 FRANCIS AVE N,98103,https://services.seattle.gov/portal/customize/LinkToRecord.aspx?altId=003337-22CP,True,False,False,no heat|mold|rats|cockroach|roaches,,
003372-22CP,6,2022 Apr 20 12:00:00 AM,,,Closed,5440 LEARY AVE NW,98107,https://services.seattle.gov/portal/customize/LinkToRecord.aspx?altId=003372-22CP,False,False,True,,,rent increase
1054106-VI,6,2022 Apr 22 12:00:00 AM,,,Completed,7733 15TH AVE NW,98117,https://services.seattle.gov/portal/customize/LinkToRecord.aspx?altId=1054106-VI,True,True,True,garbage,retaliat,rent increase
003413-22CP,6,2022 Apr 19 12:00:00 AM,,,Closed,2636 NW 63RD ST,98107,https://services.seattle.gov/portal/customize/LinkToRecord.aspx?altId=003413-22CP,False,True,False,,trao,
003481-22CP,6,2022 Apr 25 12:00:00 AM,,,Closed,4318 B 6TH AVE NW,98107,https://services.seattle.gov/portal/customize/LinkToRecord.aspx?altId=003481-22CP,False,False,True,,,rent increase
003504-22CP,6,2022 Apr 25 12:00:00 AM,,,Completed,8520 16TH AVE NW,98117,https://services.seattle.gov/portal/customize/LinkToRecord.aspx?altId=003504-22CP,False,False,True,,,notice to vacate
003548-22CP,6,2022 Mar 10 12:00:00 AM,,,Completed,8011 13TH AVE NW,98117,https://services.seattle.gov/portal/customize/LinkToRecord.aspx?altId=003548-22CP,False,True,False,,trao,
003549-22CP,6,2022 Mar 10 12:00:00 AM,,,Under Investigation,2015 NW 63RD ST,98107,https://services.seattle.gov/portal/customize/LinkToRecord.aspx?altId=003549-22CP,False,False,True,,,rent increase
003550-22CP,6,2022 Mar 10 12:00:00 AM,,,Closed,8011 13TH AVE NW,98117,https://services.seattle.gov/portal/customize/LinkToRecord.aspx?altId=003550-22CP,False,True,False,,trao,
003554-22CP,6,2022 Apr 27 12:00:00 AM,,,Completed,7733 15TH AVE NW,98117,https://services.seattle.gov/portal/customize/LinkToRecord.aspx?altId=003554-22CP,False,False,True,,,rent increase|unlawful rent|notice to terminate
003566-22CP,6,2022 Apr 27 12:00:00 AM,,,Under Investigation,355 N 80TH ST,98103,https://services.seattle.gov/portal/customize/LinkToRecord.aspx?altId=003566-22CP,False,False,True,,,security deposit
003580-22CP,6,2022 Apr 27 12:00:00 AM,,,Under Investigation,3601 GREENWOOD AVE N,98103,https://services.seattle.gov/portal/customize/LinkToRecord.aspx?altId=003580-22CP,False,False,True,,,security deposit
003689-22CP,6,2022 Apr 25 12:00:00 AM,,,Completed,813 NW 63RD ST,98107,https://services.seattle.gov/portal/customize/LinkToRecord.aspx?altId=003689-22CP,False,True,False,,trao,
003690-22CP,6,2022 Apr 25 12:00:00 AM,,,Completed,1153 NW 58TH ST,98107,https://services.seattle.gov/portal/customize/LinkToRecord.aspx?altId=003690-22CP,False,True,False,,trao,
003734-22CP,6,2022 May 03 12:00:00 AM,,,Completed,8314 13TH AVE NW,98117,https://services.seattle.gov/portal/customize/LinkToRecord.aspx?altId=003734-22CP,False,True,False,,trao,
003781-22CP,6,2022 Apr 26 12:00:00 AM,,,Completed,536 N 84TH ST,98103,https://services.seattle.gov/portal/customize/LinkToRecord.aspx?altId=003781-22CP,False,True,False,,trao,
003783-22CP,6,2022 Apr 26 12:00:00 AM,,,Completed,346 NE 55TH ST,98105,https://services.seattle.gov/portal/customize/LinkToRecord.aspx?altId=003783-22CP,False,True,False,,trao,
003793-22CP,6,2022 Apr 26 12:00:00 AM,,,Under Investigation,4309 34TH AVE W,98199,https://services.seattle.gov/portal/customize/LinkToRecord.aspx?altId=003793-22CP,False,False,True,,,rent increase
003798-22CP,6,2022 Apr 26 12:00:00 AM,,,Completed,826 NW 52ND ST,98107,https://services.seattle.gov/portal/customize/LinkToRecord.aspx?altId=003798-22CP,False,True,False,,trao,
003868-22CP,6,2022 May 04 12:00:00 AM,,,Completed,1526 NW 62ND ST,98107,https://services.seattle.gov/portal/customize/LinkToRecord.aspx?altId=003868-22CP,False,True,False,,trao,
003885-22CP,6,2022 May 02 12:00:00 AM,,,Closed,315 NW 45TH ST,98107,https://services.seattle.gov/portal/customize/LinkToRecord.aspx?altId=003885-22CP,False,False,True,,,rent increase
003978-22CP,6,2022 May 09 12:00:00 AM,,,Completed,3015 NW 63RD ST,98107,https://services.seattle.gov/portal/customize/LinkToRecord.aspx?altId=003978-22CP,False,False,True,,,notice to vacate
003986-22CP,6,2022 May 09 12:00:00 AM,,,Closed,2405 NW 65TH ST,98117,https://services.seattle.gov/portal/customize/LinkToRecord.aspx?altId=003986-22CP,False,False,True,,,rent increase
003996-22CP,6,2022 May 06 12:00:00 AM,,,Closed,4803 1ST AVE NW,98107,https://services.seattle.gov/portal/customize/LinkToRecord.aspx?altId=003996-22CP,False,False,True,,,rent increase
004069-22CP,6,2022 May 10 12:00:00 AM,,,Closed,121 NW 85TH ST,98117,https://services.seattle.gov/portal/customize/LinkToRecord.aspx?altId=004069-22CP,False,False,True,,,rent increase
004212-22CP,6,2022 May 13 12:00:00 AM,,,Completed,7415 5TH AVE NE,98115,https://services.seattle.gov/portal/customize/LinkToRecord.aspx?altId=004212-22CP,False,False,True,,,notice to vacate
004214-22CP,6,2022 May 13 12:00:00 AM,,,Completed,928 B NW 51ST ST,98107,https://services.seattle.gov/portal/customize/LinkToRecord.aspx?altId=004214-22CP,False,False,True,,,notice to vacate
004242-22CP,6,2022 May 16 12:00:00 AM,,,Completed,4251 AURORA AVE N,98103,https://services.seattle.gov/portal/customize/LinkToRecord.aspx?altId=004242-22CP,False,False,True,,,3 day notice
004475-22CP,6,2022 May 19 12:00:00 AM,,,Completed,8612 PALATINE AVE N,98103,https://services.seattle.gov/portal/customize/LinkToRecord.aspx?altId=004475-22CP,False,False,True,,,rent increase
004531-22CP,6,2022 May 19 12:00:00 AM,,,Under Investigation,5515 8TH AVE NW,98107,https://services.seattle.gov/portal/customize/LinkToRecord.aspx?altId=004531-22CP,False,False,True,,,security deposit
004580-22CP,6,2022 May 24 12:00:00 AM,,,Completed,5812 20TH AVE NW,98107,https://services.seattle.gov/portal/customize/LinkToRecord.aspx?altId=004580-22CP,False,False,True,,,notice to vacate
004597-22CP,6,2022 May 24 12:00:00 AM,,,Completed,7731 MARY AVE NW,98117,https://services.seattle.gov/portal/customize/LinkToRecord.aspx?altId=004597-22CP,False,True,False,,trao,
004676-22CP,6,2022 May 26 12:00:00 AM,,,Completed,8544 PHINNEY AVE N,98103,https://services.seattle.gov/portal/customize/LinkToRecord.aspx?altId=004676-22CP,False,False,True,,,10 day notice
004683-22CP,6,2022 May 26 12:00:00 AM,,,Under Investigation,519 N 72ND ST,98103,https://services.seattle.gov/portal/customize/LinkToRecord.aspx?altId=004683-22CP,False,True,False,,trao,
004725-22CP,6,2022 May 25 12:00:00 AM,,,Completed,3912 LINDEN AVE N,98103,https://services.seattle.gov/portal/customize/LinkToRecord.aspx?altId=004725-22CP,False,True,False,,trao,
004735-22CP,6,2022 May 27 12:00:00 AM,,,Closed,3959 FREMONT AVE N,98103,https://services.seattle.gov/portal/customize/LinkToRecord.aspx?altId=004735-22CP,False,True,False,,trao,
004790-22CP,6,2022 May 31 12:00:00 AM,,,Closed,3721 27TH PL W,98199,https://services.seattle.gov/portal/customize/LinkToRecord.aspx?altId=004790-22CP,False,False,True,,,rent increase|tenant rights
004849-22CP,6,2022 May 31 12:00:00 AM,,,Closed,5812 20TH AVE NW,98107,https://services.seattle.gov/portal/customize/LinkToRecord.aspx?altId=004849-22CP,False,False,True,,,notice to vacate
004942-22CP,6,2022 May 31 12:00:00 AM,,,Completed,1510 NW 52ND ST,98107,https://services.seattle.gov/portal/customize/LinkToRecord.aspx?altId=004942-22CP,False,True,False,,asked to vacate,
004945-22CP,6,2022 Jun 02 12:00:00 AM,,,Closed,6516 9TH AVE NW,98117,https://services.seattle.gov/portal/customize/LinkToRecord.aspx?altId=004945-22CP,False,False,True,,,rent increase
005141-22CP,6,2022 Jun 07 12:00:00 AM,,,Closed,6559 15TH AVE NW,98117,https://services.seattle.gov/portal/customize/LinkToRecord.aspx?altId=005141-22CP,False,False,True,,,tenant rights
005159-22CP,6,2022 Jun 07 12:00:00 AM,,,Completed,3912 LINDEN AVE N,98103,https://services.seattle.gov/portal/customize/LinkToRecord.aspx?altId=005159-22CP,False,False,True,,,rent increase
005324-22CP,6,2022 Jun 09 12:00:00 AM,,,Completed,414 NE RAVENNA BLVD,98115,https://services.seattle.gov/portal/customize/LinkToRecord.aspx?altId=005324-22CP,False,True,False,,harass,
005481-22CP,6,2022 Jun 09 12:00:00 AM,,,Completed,2617 31ST AVE W,98199,https://services.seattle.gov/portal/customize/LinkToRecord.aspx?altId=005481-22CP,False,True,False,,trao,
005782-22CP,6,2022 Jun 16 12:00:00 AM,,,Closed,1541 NW 51ST ST,98107,https://services.seattle.gov/portal/customize/LinkToRecord.aspx?altId=005782-22CP,False,False,True,,,rent increase
005806-22CP,6,2022 Jun 16 12:00:00 AM,,,Closed,3519 FREMONT PL N,98103,https://services.seattle.gov/portal/customize/LinkToRecord.aspx?altId=005806-22CP,False,True,True,,trao,notice to vacate
005808-22CP,6,2022 Jun 17 12:00:00 AM,,,Closed,5800 22ND AVE NW,98107,https://services.seattle.gov/portal/customize/LinkToRecord.aspx?altId=005808-22CP,False,False,True,,,notice to vacate
005872-22CP,6,2022 Jun 22 12:00:00 AM,,,Under Investigation,8612 PALATINE AVE N,98103,https://services.seattle.gov/portal/customize/LinkToRecord.aspx?altId=005872-22CP,False,True,False,,harass|retaliat,
005913-22CP,6,2022 Jun 21 12:00:00 AM,,,Closed,4345 32ND AVE W,98199,https://services.seattle.gov/portal/customize/LinkToRecord.aspx?altId=005913-22CP,False,False,True,,,rent increase
006001-22CP,6,2022 Jun 24 12:00:00 AM,,,Under Investigation,7532 26TH AVE NW,98117,https://services.seattle.gov/portal/customize/LinkToRecord.aspx?altId=006001-22CP,False,False,True,,,tenant rights
006016-22CP,6,2022 Jun 24 12:00:00 AM,,,Closed,2445 NW 57TH ST,98107,https://services.seattle.gov/portal/customize/LinkToRecord.aspx?altId=006016-22CP,True,True,False,mold,harass|threaten,
006067-22CP,6,2022 Jun 27 12:00:00 AM,,,Completed,807 NW 63RD ST,98107,https://services.seattle.gov/portal/customize/LinkToRecord.aspx?altId=006067-22CP,False,True,False,,trao,
006200-22CP,6,2022 Jun 30 12:00:00 AM,,,Closed,610 NE 68TH ST,98115,https://services.seattle.gov/portal/customize/LinkToRecord.aspx?altId=006200-22CP,True,False,False,sewage,,
006367-22CP,6,2022 Jul 06 12:00:00 AM,,,Under Investigation,5571 KENWOOD PL N,98103,https://services.seattle.gov/portal/customize/LinkToRecord.aspx?altId=006367-22CP,False,False,True,,,tenant rights
006413-22CP,6,2022 Jul 06 12:00:00 AM,,,Completed,1753 NW 57TH ST,98107,https://services.seattle.gov/portal/customize/LinkToRecord.aspx?altId=006413-22CP,False,False,True,,,vacate notice
006422-22CP,6,2022 Jun 28 12:00:00 AM,,,Completed,7215 LINDEN AVE N,98103,https://services.seattle.gov/portal/customize/LinkToRecord.aspx?altId=006422-22CP,False,True,False,,trao,
006492-22CP,6,2022 Jul 06 12:00:00 AM,,,Completed,846 NW 63RD ST,98107,https://services.seattle.gov/portal/customize/LinkToRecord.aspx?altId=006492-22CP,False,False,True,,,rent increase
006545-22CP,6,2022 Jul 08 12:00:00 AM,,,Completed,1154 NW 59TH ST,98107,https://services.seattle.gov/portal/customize/LinkToRecord.aspx?altId=006545-22CP,False,False,True,,,tenant rights
1054471-CT,6,2022 Jul 08 12:00:00 AM,,,Citation Issued,7733 SUNNYSIDE AVE N,98103,https://services.seattle.gov/portal/customize/LinkToRecord.aspx?altId=1054471-CT,False,True,False,,pota,
006685-22CP,6,2022 Jul 11 12:00:00 AM,,,Completed,6730 ALONZO AVE NW,98117,https://services.seattle.gov/portal/customize/LinkToRecord.aspx?altId=006685-22CP,False,True,False,,trao,
006823-22CP,6,2022 Jul 11 12:00:00 AM,,,Closed,4189 GILMAN AVE W,98199,https://services.seattle.gov/portal/customize/LinkToRecord.aspx?altId=006823-22CP,False,False,True,,,rent increase
006824-22CP,6,2022 Jul 11 12:00:00 AM,2023 Jan 26 12:00:00 AM,Completed,Completed,7519 GREENWOOD AVE N,98103,https://services.seattle.gov/portal/customize/LinkToRecord.aspx?altId=006824-22CP,True,False,False,mold|black mold,,
006825-22CP,6,2022 Jul 11 12:00:00 AM,,,Closed,5219 KENSINGTON PL N,98103,https://services.seattle.gov/portal/customize/LinkToRecord.aspx?altId=006825-22CP,False,False,True,,,rent increase
006833-22CP,6,2022 Jul 12 12:00:00 AM,,,Closed,7201 LINDEN AVE N,98103,https://services.seattle.gov/portal/customize/LinkToRecord.aspx?altId=006833-22CP,False,False,True,,,rent increase
006930-22CP,6,2022 Jul 14 12:00:00 AM,,,Closed,4401 AURORA AVE N,98103,https://services.seattle.gov/portal/customize/LinkToRecord.aspx?altId=006930-22CP,False,True,False,,relocation assistance,
006934-22CP,6,2022 Jul 14 12:00:00 AM,,,Closed,6515 4TH AVE NE,98115,https://services.seattle.gov/portal/customize/LinkToRecord.aspx?altId=006934-22CP,False,False,True,,,eviction notice
007010-22CP,6,2022 Jul 13 12:00:00 AM,,,Closed,7120 WOODLAWN AVE NE,98115,https://services.seattle.gov/portal/customize/LinkToRecord.aspx?altId=007010-22CP,False,False,True,,,rent increase
007147-22CP,6,2022 Jul 18 12:00:00 AM,,,Closed,8214 3RD AVE NW,98117,https://services.seattle.gov/portal/customize/LinkToRecord.aspx?altId=007147-22CP,True,False,False,leak|asbestos,,
007199-22CP,6,2022 Jul 18 12:00:00 AM,,,Completed,5901 PHINNEY AVE N,98103,https://services.seattle.gov/portal/customize/LinkToRecord.aspx?altId=007199-22CP,False,False,True,,,rrio
007587-22CP,6,2022 Jul 21 12:00:00 AM,,,Completed,6100 KIRKWOOD PL N,98103,https://services.seattle.gov/portal/customize/LinkToRecord.aspx?altId=007587-22CP,False,True,False,,trao,
007611-22CP,6,2022 Jul 26 12:00:00 AM,,,Closed,8547 PHINNEY AVE N,98103,https://services.seattle.gov/portal/customize/LinkToRecord.aspx?altId=007611-22CP,True,False,False,water damage|mold|black mold,,
007639-22CP,6,2022 Jul 26 12:00:00 AM,,,Closed,8503 28TH AVE NW,98117,https://services.seattle.gov/portal/customize/LinkToRecord.aspx?altId=007639-22CP,True,False,True,mold,,rent increase
007765-22CP,6,2022 Jul 28 12:00:00 AM,,,Completed,7363 15TH AVE NW,98117,https://services.seattle.gov/portal/customize/LinkToRecord.aspx?altId=007765-22CP,False,False,True,,,rent increase
007774-22CP,6,2022 Jul 28 12:00:00 AM,,,Completed,9408 31ST AVE NW,98117,https://services.seattle.gov/portal/customize/LinkToRecord.aspx?altId=007774-22CP,False,False,True,,,notice to vacate
007834-22CP,6,2022 Jul 29 12:00:00 AM,,,Completed,413 NE 73RD ST,98115,https://services.seattle.gov/portal/customize/LinkToRecord.aspx?altId=007834-22CP,False,False,True,,,rent increase
007837-22CP,6,2022 Jul 29 12:00:00 AM,,,Completed,414 NE RAVENNA BLVD,98115,https://services.seattle.gov/portal/customize/LinkToRecord.aspx?altId=007837-22CP,False,False,True,,,vacate notice
008109-22CP,6,2022 Aug 04 12:00:00 AM,,,Completed,1753 NW 57TH ST,98107,https://services.seattle.gov/portal/customize/LinkToRecord.aspx?altId=008109-22CP,False,True,True,,harass,10-day notice
008298-22CP,6,2022 Aug 09 12:00:00 AM,,,Completed,8518 PHINNEY AVE N,98103,https://services.seattle.gov/portal/customize/LinkToRecord.aspx?altId=008298-22CP,False,True,False,,trao,
008344-22CP,6,2022 Aug 10 12:00:00 AM,,,Under Investigation,6820 OSWEGO PL NE,98115,https://services.seattle.gov/portal/customize/LinkToRecord.aspx?altId=008344-22CP,True,False,False,water damage,,
008398-22CP,6,2022 Aug 03 12:00:00 AM,,,Closed,6900 EAST GREEN LAKE WAY N,98115,https://services.seattle.gov/portal/customize/LinkToRecord.aspx?altId=008398-22CP,False,False,True,,,security deposit
008406-22CP,6,2022 Aug 04 12:00:00 AM,,,Completed,3912 LINDEN AVE N,98103,https://services.seattle.gov/portal/customize/LinkToRecord.aspx?altId=008406-22CP,False,True,False,,trao,
008512-22CP,6,2022 Aug 11 12:00:00 AM,,,Completed,523 N 73RD ST,98103,https://services.seattle.gov/portal/customize/LinkToRecord.aspx?altId=008512-22CP,False,True,False,,trao,
008667-22CP,6,2022 Aug 12 12:00:00 AM,,,Completed,5011 5TH AVE NE,98105,https://services.seattle.gov/portal/customize/LinkToRecord.aspx?altId=008667-22CP,False,False,True,,,rent increase
008747-22CP,6,2022 Aug 16 12:00:00 AM,,,Closed,4733 SHILSHOLE AVE NW,98107,https://services.seattle.gov/portal/customize/LinkToRecord.aspx?altId=008747-22CP,False,False,True,,,10 day notice
008964-22CP,6,2022 Aug 19 12:00:00 AM,2022 Nov 15 12:00:00 AM,Completed,Completed,4345 32ND AVE W,98199,https://services.seattle.gov/portal/customize/LinkToRecord.aspx?altId=008964-22CP,True,True,False,leak|leaking|roof leak|hazard,pota,
009077-22CP,6,2022 Aug 24 12:00:00 AM,,,Completed,1753 NW 56TH ST,98107,https://services.seattle.gov/portal/customize/LinkToRecord.aspx?altId=009077-22CP,False,False,True,,,10 day notice
009109-22CP,6,2022 Aug 24 12:00:00 AM,,,Closed,8311 15TH AVE NW,98117,https://services.seattle.gov/portal/customize/LinkToRecord.aspx?altId=009109-22CP,False,True,False,,threaten,
009273-22CP,6,2022 Aug 18 12:00:00 AM,,,Closed,1715 NW 58TH ST,98107,https://services.seattle.gov/portal/customize/LinkToRecord.aspx?altId=009273-22CP,False,True,False,,trao,
009336-22CP,6,2022 Aug 26 12:00:00 AM,,,Closed,7402 2ND AVE NE,98115,https://services.seattle.gov/portal/customize/LinkToRecord.aspx?altId=009336-22CP,False,False,True,,,rent increase
009403-22CP,6,2022 Sep 01 12:00:00 AM,,,Closed,8214 3RD AVE NW,98117,https://services.seattle.gov/portal/customize/LinkToRecord.aspx?altId=009403-22CP,False,False,True,,,pay or vacate
1054717-VI,6,2022 Sep 02 12:00:00 AM,,,Initiated,413 NE 73RD ST,98115,https://services.seattle.gov/portal/customize/LinkToRecord.aspx?altId=1054717-VI,False,False,True,,,rent increase
1054718-VI,6,2022 Sep 02 12:00:00 AM,,,Initiated,413 NE 73RD ST,98115,https://services.seattle.gov/portal/customize/LinkToRecord.aspx?altId=1054718-VI,False,False,True,,,notice to terminate
1054719-VI,6,2022 Sep 02 12:00:00 AM,,,Initiated,413 NE 73RD ST,98115,https://services.seattle.gov/portal/customize/LinkToRecord.aspx?altId=1054719-VI,False,False,True,,,notice to terminate
009829-22CP,6,2022 Sep 09 12:00:00 AM,,,Closed,403 NW MARKET ST,98107,https://services.seattle.gov/portal/customize/LinkToRecord.aspx?altId=009829-22CP,True,False,False,leak|mold,,
010076-22CP,6,2022 Sep 15 12:00:00 AM,,,Closed,501 N 45TH ST,98103,https://services.seattle.gov/portal/customize/LinkToRecord.aspx?altId=010076-22CP,False,False,True,,,eviction notice
010135-22CP,6,2022 Sep 16 12:00:00 AM,,,Under Investigation,1616 NW 85TH ST,98117,https://services.seattle.gov/portal/customize/LinkToRecord.aspx?altId=010135-22CP,True,True,False,no electricity|leak,harass,
010143-22CP,6,2022 Sep 15 12:00:00 AM,,,Completed,6530 21ST AVE NW,98117,https://services.seattle.gov/portal/customize/LinkToRecord.aspx?altId=010143-22CP,False,True,False,,trao,
010144-22CP,6,2022 Sep 15 12:00:00 AM,,,Under Investigation,2219 NW 59TH ST,98107,https://services.seattle.gov/portal/customize/LinkToRecord.aspx?altId=010144-22CP,False,True,False,,pota,
010185-22CP,6,2022 Sep 19 12:00:00 AM,,,Completed,6100 KIRKWOOD PL N,98103,https://services.seattle.gov/portal/customize/LinkToRecord.aspx?altId=010185-22CP,False,True,False,,trao,
010598-22CP,6,2022 Sep 26 12:00:00 AM,,,Under Investigation,907 NW 61ST ST,98107,https://services.seattle.gov/portal/customize/LinkToRecord.aspx?altId=010598-22CP,False,False,True,,,security deposit
010910-22CP,6,2022 Sep 30 12:00:00 AM,,,Completed,826 NW 58TH ST,98107,https://services.seattle.gov/portal/customize/LinkToRecord.aspx?altId=010910-22CP,False,True,False,,trao,
010924-22CP,6,2022 Oct 01 12:00:00 AM,,,Completed,2651 NW 56TH ST,98107,https://services.seattle.gov/portal/customize/LinkToRecord.aspx?altId=010924-22CP,False,False,True,,,security deposit
010925-22CP,6,2022 Oct 01 12:00:00 AM,,,Completed,2651 NW 56TH ST,98107,https://services.seattle.gov/portal/customize/LinkToRecord.aspx?altId=010925-22CP,False,False,True,,,security deposit
011124-22CP,6,2022 Oct 07 12:00:00 AM,,,Completed,9408 31ST AVE NW,98117,https://services.seattle.gov/portal/customize/LinkToRecord.aspx?altId=011124-22CP,False,False,True,,,security deposit
011128-22CP,6,2022 Oct 06 12:00:00 AM,,,Completed,8314 9TH AVE NW,98117,https://services.seattle.gov/portal/customize/LinkToRecord.aspx?altId=011128-22CP,False,True,False,,trao,
011154-22CP,6,2022 Oct 08 12:00:00 AM,,,Completed,8311 15th AVE NW,,https://services.seattle.gov/portal/customize/LinkToRecord.aspx?altId=011154-22CP,False,True,True,,harass,eviction notice
011195-22CP,6,2022 Oct 11 12:00:00 AM,,,Completed,6728 ALONZO AVE NW,98117,https://services.seattle.gov/portal/customize/LinkToRecord.aspx?altId=011195-22CP,False,True,False,,trao,
011203-22CP,6,2022 Oct 11 12:00:00 AM,,,Completed,4250 33RD AVE W,98199,https://services.seattle.gov/portal/customize/LinkToRecord.aspx?altId=011203-22CP,False,False,True,,,notice to vacate
011502-22CP,6,2022 Oct 20 12:00:00 AM,,,Completed,159 NW 56TH ST,98107,https://services.seattle.gov/portal/customize/LinkToRecord.aspx?altId=011502-22CP,False,True,False,,trao,
011526-22CP,6,2022 Oct 20 12:00:00 AM,,,Completed,2600 NW 58TH ST,98107,https://services.seattle.gov/portal/customize/LinkToRecord.aspx?altId=011526-22CP,False,True,False,,trao,
011563-22CP,6,2022 Oct 21 12:00:00 AM,,,Under Investigation,1761 NW 57TH ST,98107,https://services.seattle.gov/portal/customize/LinkToRecord.aspx?altId=011563-22CP,False,True,False,,trao,
011667-22CP,6,2022 Oct 25 12:00:00 AM,,,Completed,123 NE 77TH ST,98115,https://services.seattle.gov/portal/customize/LinkToRecord.aspx?altId=011667-22CP,False,True,False,,trao,
011686-22CP,6,2022 Oct 25 12:00:00 AM,,,Under Investigation,615 NW 85TH ST,98117,https://services.seattle.gov/portal/customize/LinkToRecord.aspx?altId=011686-22CP,False,False,True,,,security deposit
011740-22CP,6,2022 Oct 26 12:00:00 AM,,,Completed,618 NW 58TH ST,98107,https://services.seattle.gov/portal/customize/LinkToRecord.aspx?altId=011740-22CP,False,False,True,,,illegal eviction
011763-22CP,6,2022 Oct 27 12:00:00 AM,,,Under Investigation,4512 FREMONT AVE N,98103,https://services.seattle.gov/portal/customize/LinkToRecord.aspx?altId=011763-22CP,True,True,False,flooding,harass,
011782-22CP,6,2022 Oct 28 12:00:00 AM,,,Under Investigation,821 N 40TH ST,98103,https://services.seattle.gov/portal/customize/LinkToRecord.aspx?altId=011782-22CP,False,True,False,,threaten,
011788-22CP,6,2022 Oct 28 12:00:00 AM,,,Completed,8518 PHINNEY AVE N,98103,https://services.seattle.gov/portal/customize/LinkToRecord.aspx?altId=011788-22CP,False,False,True,,,notice to vacate
011789-22CP,6,2022 Oct 28 12:00:00 AM,,,Completed,5121 17TH AVE NW,98107,https://services.seattle.gov/portal/customize/LinkToRecord.aspx?altId=011789-22CP,False,False,True,,,rent increase
011837-22CP,6,2022 Oct 30 12:00:00 AM,,,Under Investigation,618 NW 58TH ST,98107,https://services.seattle.gov/portal/customize/LinkToRecord.aspx?altId=011837-22CP,False,True,False,,changed locks,
011923-22CP,6,2022 Nov 01 12:00:00 AM,,,Under Investigation,8337 14TH AVE NW,98117,https://services.seattle.gov/portal/customize/LinkToRecord.aspx?altId=011923-22CP,False,True,False,,trao,
011992-22CP,6,2022 Nov 03 12:00:00 AM,,,Completed,1510 NW 80TH ST,98117,https://services.seattle.gov/portal/customize/LinkToRecord.aspx?altId=011992-22CP,False,False,True,,,just cause
012028-22CP,6,2022 Nov 03 12:00:00 AM,2022 Nov 04 12:00:00 AM,Completed,Completed,6501 4TH AVE NW,98117,https://services.seattle.gov/portal/customize/LinkToRecord.aspx?altId=012028-22CP,True,False,False,no heat,,
012113-22CP,6,2022 Nov 05 12:00:00 AM,,,Under Investigation,6206 14TH AVE NW,98107,https://services.seattle.gov/portal/customize/LinkToRecord.aspx?altId=012113-22CP,False,False,True,,,security deposit
012171-22CP,6,2022 Nov 07 12:00:00 AM,,,Under Investigation,4250 FREMONT AVE N,98103,https://services.seattle.gov/portal/customize/LinkToRecord.aspx?altId=012171-22CP,False,False,True,,,security deposit
012287-22CP,6,2022 Nov 09 12:00:00 AM,,,Under Investigation,618 NW 58TH ST,98107,https://services.seattle.gov/portal/customize/LinkToRecord.aspx?altId=012287-22CP,False,True,False,,threaten,
012412-22CP,6,2022 Nov 08 12:00:00 AM,,,Completed,3819 35TH AVE W,98199,https://services.seattle.gov/portal/customize/LinkToRecord.aspx?altId=012412-22CP,False,True,False,,trao,
012430-22CP,6,2022 Nov 14 12:00:00 AM,,,Under Investigation,3635 PHINNEY AVE N,98103,https://services.seattle.gov/portal/customize/LinkToRecord.aspx?altId=012430-22CP,True,False,False,no hot water,,
012594-22CP,6,2022 Nov 21 12:00:00 AM,,,Closed,7920 ASHWORTH AVE N,98103,https://services.seattle.gov/portal/customize/LinkToRecord.aspx?altId=012594-22CP,False,False,True,,,rent increase
012648-22CP,6,2022 Nov 22 12:00:00 AM,,,Closed,413 NE 73RD ST,98115,https://services.seattle.gov/portal/customize/LinkToRecord.aspx?altId=012648-22CP,False,False,True,,,notice to vacate
012746-22CP,6,2022 Nov 23 12:00:00 AM,,,Completed,319 NW 85TH ST,98117,https://services.seattle.gov/portal/customize/LinkToRecord.aspx?altId=012746-22CP,False,False,True,,,notice to vacate
012939-22CP,6,2022 Dec 05 12:00:00 AM,,,Closed,5401 BAKER AVE NW,98107,https://services.seattle.gov/portal/customize/LinkToRecord.aspx?altId=012939-22CP,False,False,True,,,notice to vacate
012959-22CP,6,2022 Dec 06 12:00:00 AM,,,Under Investigation,7748 CORLISS AVE N,98103,https://services.seattle.gov/portal/customize/LinkToRecord.aspx?altId=012959-22CP,True,False,False,infestation,,
013172-22CP,6,2022 Dec 13 12:00:00 AM,,,Closed,5415 6TH AVE NW,98107,https://services.seattle.gov/portal/customize/LinkToRecord.aspx?altId=013172-22CP,False,True,True,,retaliat,eviction notice
013491-22CP,6,2022 Dec 20 12:00:00 AM,,,Closed,1544 A NW 58TH ST,98107,https://services.seattle.gov/portal/customize/LinkToRecord.aspx?altId=013491-22CP,False,False,True,,,rent increase
013665-22CP,6,2022 Dec 22 12:00:00 AM,,,Under Investigation,7215 LINDEN AVE N,98103,https://services.seattle.gov/portal/customize/LinkToRecord.aspx?altId=013665-22CP,False,True,False,,relocation assistance,
000105-23CP,6,2023 Jan 01 12:00:00 AM,,,Under Investigation,5512 17TH AVE NW,98107,https://services.seattle.gov/portal/customize/LinkToRecord.aspx?altId=000105-23CP,False,False,True,,,security deposit
000131-23CP,6,2022 Dec 12 12:00:00 AM,,,Closed,620 N 34TH ST,98103,https://services.seattle.gov/portal/customize/LinkToRecord.aspx?altId=000131-23CP,False,False,True,,,rent increase
000226-23CP,6,2023 Jan 05 12:00:00 AM,,,Completed,5702 8TH AVE NW,98107,https://services.seattle.gov/portal/customize/LinkToRecord.aspx?altId=000226-23CP,True,False,False,flooded|mold,,
000297-23CP,6,2023 Jan 03 12:00:00 AM,,,Completed,1503 NW 59TH ST,98107,https://services.seattle.gov/portal/customize/LinkToRecord.aspx?altId=000297-23CP,False,False,True,,,security deposit
000298-23CP,6,2023 Jan 06 12:00:00 AM,,,Closed,6702 LINDEN AVE N,98103,https://services.seattle.gov/portal/customize/LinkToRecord.aspx?altId=000298-23CP,True,False,False,leak,,
000384-23CP,6,2023 Jan 09 12:00:00 AM,2023 Mar 02 12:00:00 AM,Completed,Under Investigation,1532 NW 51ST ST,98107,https://services.seattle.gov/portal/customize/LinkToRecord.aspx?altId=000384-23CP,True,False,False,mold|moisture,,
000388-23CP,6,2023 Jan 10 12:00:00 AM,2023 May 16 12:00:00 AM,Completed,Completed,528 N 76TH ST,98103,https://services.seattle.gov/portal/customize/LinkToRecord.aspx?altId=000388-23CP,True,False,False,leak|uninhabitable,,
000443-23CP,6,2023 Jan 12 12:00:00 AM,,,Completed,6038 5TH AVE NW,98107,https://services.seattle.gov/portal/customize/LinkToRecord.aspx?altId=000443-23CP,False,True,False,,trao,
000463-23CP,6,2023 Jan 09 12:00:00 AM,,,Completed,6117 22ND AVE NW,98107,https://services.seattle.gov/portal/customize/LinkToRecord.aspx?altId=000463-23CP,False,False,True,,,security deposit
000464-23CP,6,2023 Jan 09 12:00:00 AM,,,Completed,2101 35TH AVE W,98199,https://services.seattle.gov/portal/customize/LinkToRecord.aspx?altId=000464-23CP,False,True,False,,trao,
000496-23CP,6,2023 Jan 12 12:00:00 AM,2023 Jan 17 12:00:00 AM,Completed,Under Investigation,1753 NW 57TH ST,98107,https://services.seattle.gov/portal/customize/LinkToRecord.aspx?altId=000496-23CP,True,False,False,sewage|raw sewage|mold,,
000508-23CP,6,2023 Jan 13 12:00:00 AM,,,Completed,2101 35TH AVE W,98199,https://services.seattle.gov/portal/customize/LinkToRecord.aspx?altId=000508-23CP,False,True,False,,trao,
000531-23CP,6,2023 Jan 14 12:00:00 AM,,,Under Investigation,3901 FREMONT AVE N,98103,https://services.seattle.gov/portal/customize/LinkToRecord.aspx?altId=000531-23CP,False,False,True,,,security deposit
000624-23CP,6,2023 Jan 12 12:00:00 AM,,,Under Investigation,6506 LATONA AVE NE,98115,https://services.seattle.gov/portal/customize/LinkToRecord.aspx?altId=000624-23CP,False,False,True,,,late fees
000772-23CP,6,2023 Jan 22 12:00:00 AM,,,Completed,1514 NW 52ND ST,98107,https://services.seattle.gov/portal/customize/LinkToRecord.aspx?altId=000772-23CP,True,False,False,odor,,
000948-23CP,6,2023 Jan 27 12:00:00 AM,,,Under Investigation,5925 SEAVIEW AVE NW,98107,https://services.seattle.gov/portal/customize/LinkToRecord.aspx?altId=000948-23CP,True,False,False,leak|mold|black mold,,
001004-23CP,6,2023 Jan 26 12:00:00 AM,,,Completed,6303 22ND AVE NW,98107,https://services.seattle.gov/portal/customize/LinkToRecord.aspx?altId=001004-23CP,False,False,True,,,security deposit
001061-23CP,6,2023 Jan 31 12:00:00 AM,,,Completed,3228 34TH AVE W,98199,https://services.seattle.gov/portal/customize/LinkToRecord.aspx?altId=001061-23CP,False,False,True,,,tenant rights
001089-23CP,6,2023 Jan 30 12:00:00 AM,,,Under Investigation,2651 NW 56TH ST,98107,https://services.seattle.gov/portal/customize/LinkToRecord.aspx?altId=001089-23CP,False,True,False,,lockout,
001103-23CP,6,2023 Jan 31 12:00:00 AM,,,Completed,8516 32ND AVE NW,98117,https://services.seattle.gov/portal/customize/LinkToRecord.aspx?altId=001103-23CP,False,True,False,,trao,
001143-23CP,6,2023 Feb 01 12:00:00 AM,,,Closed,3119 W COMMODORE WAY,98199,https://services.seattle.gov/portal/customize/LinkToRecord.aspx?altId=001143-23CP,False,False,True,,,security deposit
001162-23CP,6,2023 Jan 27 12:00:00 AM,,,Closed,502 NW BRIGHT ST,98107,https://services.seattle.gov/portal/customize/LinkToRecord.aspx?altId=001162-23CP,False,False,True,,,rent increase
001163-23CP,6,2023 Feb 01 12:00:00 AM,,,Completed,502 NW BRIGHT ST,98107,https://services.seattle.gov/portal/customize/LinkToRecord.aspx?altId=001163-23CP,False,False,True,,,rent increase
001264-23CP,6,2023 Feb 04 12:00:00 AM,,,Closed,8541 PHINNEY AVE N,98103,https://services.seattle.gov/portal/customize/LinkToRecord.aspx?altId=001264-23CP,True,False,False,leak|leaking|mold|black mold,,
001318-23CP,6,2023 Feb 07 12:00:00 AM,,,Under Investigation,6410 PHINNEY AVE N,98103,https://services.seattle.gov/portal/customize/LinkToRecord.aspx?altId=001318-23CP,False,False,True,,,rent increase
001327-23CP,6,2023 Feb 13 12:00:00 AM,,,Completed,3228 34TH AVE W,98199,https://services.seattle.gov/portal/customize/LinkToRecord.aspx?altId=001327-23CP,False,True,False,,pota,
001427-23CP,6,2023 Feb 08 12:00:00 AM,,,Completed,711 N 35TH ST,98103,https://services.seattle.gov/portal/customize/LinkToRecord.aspx?altId=001427-23CP,False,True,False,,trao,
001456-23CP,6,2023 Feb 09 12:00:00 AM,,,Closed,313 NW 45TH ST,98107,https://services.seattle.gov/portal/customize/LinkToRecord.aspx?altId=001456-23CP,False,False,True,,,rent increase
001458-23CP,6,2023 Feb 09 12:00:00 AM,,,Completed,5007 2ND AVE NW,98107,https://services.seattle.gov/portal/customize/LinkToRecord.aspx?altId=001458-23CP,False,False,True,,,rent increase
001459-23CP,6,2023 Feb 09 12:00:00 AM,,,Closed,5119 PHINNEY AVE N,98103,https://services.seattle.gov/portal/customize/LinkToRecord.aspx?altId=001459-23CP,False,False,True,,,rent increase
001584-23CP,6,2023 Feb 13 12:00:00 AM,,,Completed,2401 NW MARKET ST,98107,https://services.seattle.gov/portal/customize/LinkToRecord.aspx?altId=001584-23CP,False,True,False,,trao,
1055475-VI,6,2023 Feb 14 12:00:00 AM,,,Compliance Achieved,5007 2ND AVE NW,98107,https://services.seattle.gov/portal/customize/LinkToRecord.aspx?altId=1055475-VI,False,False,True,,,rent increase
001645-23CP,6,2023 Feb 15 12:00:00 AM,,,Closed,1476 NW 70TH ST,98117,https://services.seattle.gov/portal/customize/LinkToRecord.aspx?altId=001645-23CP,False,False,True,,,pay or vacate
001662-23CP,6,2023 Feb 15 12:00:00 AM,,,Under Investigation,1747 NW 58TH ST,,https://services.seattle.gov/portal/customize/LinkToRecord.aspx?altId=001662-23CP,False,False,True,,,rent increase
001865-23CP,6,2023 Feb 22 12:00:00 AM,,,Completed,5102 GREEN LAKE WAY N,98103,https://services.seattle.gov/portal/customize/LinkToRecord.aspx?altId=001865-23CP,False,True,False,,trao,
001994-23CP,6,2023 Feb 25 12:00:00 AM,,,Completed,5450 LEARY AVE NW,98107,https://services.seattle.gov/portal/customize/LinkToRecord.aspx?altId=001994-23CP,False,False,True,,,security deposit
002068-23CP,6,2023 Feb 28 12:00:00 AM,,,Completed,4337 30TH AVE W,98199,https://services.seattle.gov/portal/customize/LinkToRecord.aspx?altId=002068-23CP,False,True,False,,trao,
002269-23CP,6,2023 Mar 02 12:00:00 AM,,,Completed,2600 NW 58TH ST,98107,https://services.seattle.gov/portal/customize/LinkToRecord.aspx?altId=002269-23CP,False,True,False,,trao,
002289-23CP,6,2023 Mar 02 12:00:00 AM,,,Closed,2101 N 55TH ST,98103,https://services.seattle.gov/portal/customize/LinkToRecord.aspx?altId=002289-23CP,False,False,True,,,rent increase
002481-23CP,6,2023 Mar 07 12:00:00 AM,,,Completed,3044 NW MARKET ST,98107,https://services.seattle.gov/portal/customize/LinkToRecord.aspx?altId=002481-23CP,False,True,False,,harass,
002719-23CP,6,2023 Mar 16 12:00:00 AM,,,Under Investigation,2840 NW 61ST ST,98107,https://services.seattle.gov/portal/customize/LinkToRecord.aspx?altId=002719-23CP,True,False,False,unsafe,,
002813-23CP,6,2023 Mar 15 12:00:00 AM,,,Completed,2035 NW 63RD ST,98107,https://services.seattle.gov/portal/customize/LinkToRecord.aspx?altId=002813-23CP,False,False,True,,,rent increase
002838-23CP,6,2023 Mar 20 12:00:00 AM,,,Closed,2233 NW 58TH ST,98107,https://services.seattle.gov/portal/customize/LinkToRecord.aspx?altId=002838-23CP,False,False,True,,,rent increase
002856-23CP,6,2023 Mar 17 12:00:00 AM,,,Closed,3819 34TH AVE W,98199,https://services.seattle.gov/portal/customize/LinkToRecord.aspx?altId=002856-23CP,False,False,True,,,rent increase
002931-23CP,6,2023 Mar 22 12:00:00 AM,,,Completed,4440 GREENWOOD AVE N,98103,https://services.seattle.gov/portal/customize/LinkToRecord.aspx?altId=002931-23CP,False,False,True,,,security deposit
002978-23CP,6,2023 Mar 23 12:00:00 AM,,,Completed,3819 35TH AVE W,98199,https://services.seattle.gov/portal/customize/LinkToRecord.aspx?altId=002978-23CP,False,True,False,,trao,
003266-23CP,6,2023 Mar 30 12:00:00 AM,2023 Jun 09 12:00:00 AM,Completed,Completed,5227 Leary AVE NW,,https://services.seattle.gov/portal/customize/LinkToRecord.aspx?altId=003266-23CP,True,False,True,leak|ceiling leak|mold|hazard,,code violation
003270-23CP,6,2023 Mar 31 12:00:00 AM,,,Completed,1701 NW 56TH ST,98107,https://services.seattle.gov/portal/customize/LinkToRecord.aspx?altId=003270-23CP,False,False,True,,,rent increase
003436-23CP,6,2023 Apr 04 12:00:00 AM,,,Closed,6306 26TH AVE NW,98107,https://services.seattle.gov/portal/customize/LinkToRecord.aspx?altId=003436-23CP,False,False,True,,,rent increase
003462-23CP,6,2023 Apr 03 12:00:00 AM,,,Closed,207 N 41ST ST,98103,https://services.seattle.gov/portal/customize/LinkToRecord.aspx?altId=003462-23CP,False,False,True,,,rent increase
003518-23CP,6,2023 Mar 30 12:00:00 AM,,,Under Investigation,3635 PHINNEY AVE N,98103,https://services.seattle.gov/portal/customize/LinkToRecord.aspx?altId=003518-23CP,False,True,False,,harass,
003535-23CP,6,2023 Apr 05 12:00:00 AM,2023 Jun 06 12:00:00 AM,Completed,Under Investigation,7415 5TH AVE NE,98115,https://services.seattle.gov/portal/customize/LinkToRecord.aspx?altId=003535-23CP,True,False,False,garbage,,
003625-23CP,6,2023 Apr 03 12:00:00 AM,,,Completed,4401 AURORA AVE N,98103,https://services.seattle.gov/portal/customize/LinkToRecord.aspx?altId=003625-23CP,False,True,False,,trao,
003711-23CP,6,2023 Apr 06 12:00:00 AM,,,Completed,7619 LINDEN AVE N,98103,https://services.seattle.gov/portal/customize/LinkToRecord.aspx?altId=003711-23CP,False,False,True,,,security deposit
003719-23CP,6,2023 Apr 06 12:00:00 AM,,,Under Investigation,4212 5TH AVE NW,98107,https://services.seattle.gov/portal/customize/LinkToRecord.aspx?altId=003719-23CP,True,False,False,leak,,
004095-23CP,6,2023 Apr 19 12:00:00 AM,,,Closed,2850 NW 64TH ST,98107,https://services.seattle.gov/portal/customize/LinkToRecord.aspx?altId=004095-23CP,True,False,False,fumes|toxic fumes,,
004142-23CP,6,2023 Apr 21 12:00:00 AM,,,Under Investigation,412 NW 73RD ST,98117,https://services.seattle.gov/portal/customize/LinkToRecord.aspx?altId=004142-23CP,False,False,True,,,rrio
004183-23CP,6,2023 Apr 24 12:00:00 AM,,,Closed,4416 28TH PL W,98199,https://services.seattle.gov/portal/customize/LinkToRecord.aspx?altId=004183-23CP,False,False,True,,,rent increase|without proper notice
004261-23CP,6,2023 Apr 25 12:00:00 AM,,,Completed,333 NW 47TH ST,98107,https://services.seattle.gov/portal/customize/LinkToRecord.aspx?altId=004261-23CP,False,True,False,,trao,
004301-23CP,6,2023 Apr 21 12:00:00 AM,,,Completed,836 NW MARKET ST,98107,https://services.seattle.gov/portal/customize/LinkToRecord.aspx?altId=004301-23CP,False,True,False,,trao,
004302-23CP,6,2023 Apr 27 12:00:00 AM,,,Completed,840 NW MARKET ST,98107,https://services.seattle.gov/portal/customize/LinkToRecord.aspx?altId=004302-23CP,False,True,False,,trao,
004337-23CP,6,2023 Apr 27 12:00:00 AM,,,Under Investigation,2026 NW 58TH ST,98107,https://services.seattle.gov/portal/customize/LinkToRecord.aspx?altId=004337-23CP,True,True,False,mold|black mold,harass,
004350-23CP,6,2023 Apr 27 12:00:00 AM,,,Closed,3721 27TH PL W,98199,https://services.seattle.gov/portal/customize/LinkToRecord.aspx?altId=004350-23CP,False,False,True,,,rent increase
004397-23CP,6,2023 Apr 28 12:00:00 AM,,,Completed,3017 NW 75TH ST,98117,https://services.seattle.gov/portal/customize/LinkToRecord.aspx?altId=004397-23CP,False,False,True,,,security deposit
004480-23CP,6,2023 May 01 12:00:00 AM,,,Completed,7215 LINDEN AVE N,98103,https://services.seattle.gov/portal/customize/LinkToRecord.aspx?altId=004480-23CP,False,False,True,,,notice to vacate|tenant rights
004542-23CP,6,2023 May 01 12:00:00 AM,,,Closed,5398 RUSSELL AVE NW,98107,https://services.seattle.gov/portal/customize/LinkToRecord.aspx?altId=004542-23CP,True,False,False,mice|roaches,,
004596-23CP,6,2023 May 03 12:00:00 AM,,,Closed,2850 NW 64TH ST,98107,https://services.seattle.gov/portal/customize/LinkToRecord.aspx?altId=004596-23CP,False,False,True,,,notice to vacate
004601-23CP,6,2023 May 03 12:00:00 AM,,,Completed,5415 6TH AVE NW,98107,https://services.seattle.gov/portal/customize/LinkToRecord.aspx?altId=004601-23CP,False,False,True,,,eviction notice
004646-23CP,6,2023 May 02 12:00:00 AM,,,Completed,8526 31ST AVE NW,98117,https://services.seattle.gov/portal/customize/LinkToRecord.aspx?altId=004646-23CP,False,False,True,,,tenant rights
004718-23CP,6,2023 May 05 12:00:00 AM,,,Completed,5119 9TH AVE NW,98107,https://services.seattle.gov/portal/customize/LinkToRecord.aspx?altId=004718-23CP,False,True,True,,threaten|retaliat,late fees
004898-23CP,6,2023 May 11 12:00:00 AM,,,Under Investigation,832 NW 63RD ST,98107,https://services.seattle.gov/portal/customize/LinkToRecord.aspx?altId=004898-23CP,False,False,True,,,rent increase
004921-23CP,6,2023 May 10 12:00:00 AM,,,Completed,1136 NW 57TH ST,98107,https://services.seattle.gov/portal/customize/LinkToRecord.aspx?altId=004921-23CP,False,True,False,,trao,
004931-23CP,6,2023 May 10 12:00:00 AM,,,Under Investigation,3635 PHINNEY AVE N,98103,https://services.seattle.gov/portal/customize/LinkToRecord.aspx?altId=004931-23CP,False,True,False,,harass,
004941-23CP,6,2023 May 11 12:00:00 AM,,,Completed,456 NE MAPLE LEAF PL,98115,https://services.seattle.gov/portal/customize/LinkToRecord.aspx?altId=004941-23CP,True,True,False,flooded,relocation assistance,
005024-23CP,6,2023 May 15 12:00:00 AM,,,Closed,8201 3RD AVE NW,98117,https://services.seattle.gov/portal/customize/LinkToRecord.aspx?altId=005024-23CP,False,False,True,,,rent increase
005273-23CP,6,2023 May 16 12:00:00 AM,,,Completed,333 NW 47TH ST,98107,https://services.seattle.gov/portal/customize/LinkToRecord.aspx?altId=005273-23CP,False,True,False,,trao,
005341-23CP,6,2023 May 22 12:00:00 AM,,,Completed,8526 31ST AVE NW,98117,https://services.seattle.gov/portal/customize/LinkToRecord.aspx?altId=005341-23CP,False,True,False,,harass,
005660-23CP,6,2023 May 31 12:00:00 AM,,,Completed,8354 D 14TH AVE NW,98117,https://services.seattle.gov/portal/customize/LinkToRecord.aspx?altId=005660-23CP,False,False,True,,,rental registration
005731-23CP,6,2023 May 31 12:00:00 AM,,,Closed,8311 15th AVE NW,,https://services.seattle.gov/portal/customize/LinkToRecord.aspx?altId=005731-23CP,False,False,True,,,utility billing
005847-23CP,6,2023 Jun 02 12:00:00 AM,,,Completed,1503 NW 59TH ST,98107,https://services.seattle.gov/portal/customize/LinkToRecord.aspx?altId=005847-23CP,False,False,True,,,rent increase
006040-23CP,6,2023 Jun 07 12:00:00 AM,,,Completed,3011 NW 56TH ST,98107,https://services.seattle.gov/portal/customize/LinkToRecord.aspx?altId=006040-23CP,False,False,True,,,rent increase
006280-23CP,6,2023 Jun 13 12:00:00 AM,,,Completed,1532 NW 51ST ST,98107,https://services.seattle.gov/portal/customize/LinkToRecord.aspx?altId=006280-23CP,True,False,False,mold|uninhabitable,,
006315-23CP,6,2023 Jun 14 12:00:00 AM,,,Under Investigation,7922 DENSMORE AVE N,98103,https://services.seattle.gov/portal/customize/LinkToRecord.aspx?altId=006315-23CP,True,False,False,flooded,,
006672-23CP,6,2023 Jun 20 12:00:00 AM,,,Completed,2432 NW 57TH ST,98107,https://services.seattle.gov/portal/customize/LinkToRecord.aspx?altId=006672-23CP,False,False,True,,,rent increase
006817-23CP,6,2023 Jun 23 12:00:00 AM,,,Under Investigation,801 NW 54TH ST,98107,https://services.seattle.gov/portal/customize/LinkToRecord.aspx?altId=006817-23CP,True,False,False,mold,,
006918-23CP,6,2023 Jun 27 12:00:00 AM,,,Completed,3224 W GOVERNMENT WAY,98199,https://services.seattle.gov/portal/customize/LinkToRecord.aspx?altId=006918-23CP,False,False,True,,,just cause
007195-23CP,6,2023 Jul 02 12:00:00 AM,,,Completed,6522 PHINNEY AVE N,98103,https://services.seattle.gov/portal/customize/LinkToRecord.aspx?altId=007195-23CP,False,False,True,,,security deposit
007229-23CP,6,2023 Jul 03 12:00:00 AM,,,Closed,6833 OSWEGO PL NE,98115,https://services.seattle.gov/portal/customize/LinkToRecord.aspx?altId=007229-23CP,False,False,True,,,rent increase
007265-23CP,6,2023 Jul 03 12:00:00 AM,,,Completed,924 NW 54TH ST,98107,https://services.seattle.gov/portal/customize/LinkToRecord.aspx?altId=007265-23CP,False,True,False,,trao,
007337-23CP,6,2023 Jul 05 12:00:00 AM,,,Completed,1111 NW 56TH ST,98107,https://services.seattle.gov/portal/customize/LinkToRecord.aspx?altId=007337-23CP,False,True,False,,trao,
007375-23CP,6,2023 Jun 30 12:00:00 AM,,,Under Investigation,4313 35TH AVE W,98199,https://services.seattle.gov/portal/customize/LinkToRecord.aspx?altId=007375-23CP,True,False,False,water damage|rats,,
007381-23CP,6,2023 Jul 06 12:00:00 AM,,,Completed,4411 DAYTON AVE N,98103,https://services.seattle.gov/portal/customize/LinkToRecord.aspx?altId=007381-23CP,False,False,True,,,illegal eviction
007386-23CP,6,2023 Jul 06 12:00:00 AM,,,Completed,1631 N 55TH ST,98103,https://services.seattle.gov/portal/customize/LinkToRecord.aspx?altId=007386-23CP,False,True,False,,trao,
007670-23CP,6,2023 Jul 12 12:00:00 AM,,,Completed,437 NE 72ND ST,98115,https://services.seattle.gov/portal/customize/LinkToRecord.aspx?altId=007670-23CP,False,True,True,,trao,rent increase
007681-23CP,6,2023 Jul 12 12:00:00 AM,,,Completed,3054 NW 73RD ST,98117,https://services.seattle.gov/portal/customize/LinkToRecord.aspx?altId=007681-23CP,False,True,False,,tenant relocation,
007711-23CP,6,2023 Jul 13 12:00:00 AM,,,Completed,464 N 42ND ST,98103,https://services.seattle.gov/portal/customize/LinkToRecord.aspx?altId=007711-23CP,False,False,True,,,security deposit
007722-23CP,6,2023 Jul 13 12:00:00 AM,,,Under Investigation,8551 GREENWOOD AVE N,98103,https://services.seattle.gov/portal/customize/LinkToRecord.aspx?altId=007722-23CP,False,True,False,,retaliat,
007803-23CP,6,2023 Jul 14 12:00:00 AM,,,Closed,1111 NW 56TH ST,98107,https://services.seattle.gov/portal/customize/LinkToRecord.aspx?altId=007803-23CP,False,False,True,,,notice to vacate
008001-23CP,6,2023 Jul 18 12:00:00 AM,2023 Aug 17 12:00:00 AM,Completed,Completed,4259 GILMAN AVE W,98199,https://services.seattle.gov/portal/customize/LinkToRecord.aspx?altId=008001-23CP,True,False,False,sewage|mold|black mold|moisture,,
008131-23CP,6,2023 Jul 20 12:00:00 AM,,,Completed,8311 15TH AVE NW,98117,https://services.seattle.gov/portal/customize/LinkToRecord.aspx?altId=008131-23CP,False,False,True,,,rent increase
008215-23CP,6,2023 Jul 21 12:00:00 AM,,,Closed,1431 NW 65TH ST,98117,https://services.seattle.gov/portal/customize/LinkToRecord.aspx?altId=008215-23CP,False,True,False,,trao,
008270-23CP,6,2023 Jul 21 12:00:00 AM,2023 Aug 14 12:00:00 AM,Completed,Under Investigation,1711 N 85TH ST,98103,https://services.seattle.gov/portal/customize/LinkToRecord.aspx?altId=008270-23CP,False,True,False,,harass,
008302-23CP,6,2023 Jul 24 12:00:00 AM,,,Closed,1111 NW 56TH ST,98107,https://services.seattle.gov/portal/customize/LinkToRecord.aspx?altId=008302-23CP,False,False,True,,,notice to vacate|tenant rights
008684-23CP,6,2023 Jul 30 12:00:00 AM,,,Under Investigation,3721 27TH PL W,98199,https://services.seattle.gov/portal/customize/LinkToRecord.aspx?altId=008684-23CP,True,False,False,leak|leaking,,
008703-23CP,6,2023 Jul 31 12:00:00 AM,,,Completed,519 N 72ND ST,98103,https://services.seattle.gov/portal/customize/LinkToRecord.aspx?altId=008703-23CP,False,True,False,,trao,
008871-23CP,6,2023 Jul 26 12:00:00 AM,,,Closed,1733 NW 62ND ST,98107,https://services.seattle.gov/portal/customize/LinkToRecord.aspx?altId=008871-23CP,False,False,True,,,rent increase
008875-23CP,6,2023 Aug 02 12:00:00 AM,,,Closed,6547 4TH AVE NE,98115,https://services.seattle.gov/portal/customize/LinkToRecord.aspx?altId=008875-23CP,False,False,True,,,3 day notice
008942-23CP,6,2023 Aug 03 12:00:00 AM,,,Closed,1715 NW 58TH ST,98107,https://services.seattle.gov/portal/customize/LinkToRecord.aspx?altId=008942-23CP,False,False,True,,,3 day notice
008943-23CP,6,2023 Aug 02 12:00:00 AM,,,Closed,1701 NW 56TH ST,98107,https://services.seattle.gov/portal/customize/LinkToRecord.aspx?altId=008943-23CP,False,False,True,,,rent increase
009037-23CP,6,2023 Aug 04 12:00:00 AM,,,Closed,800 N 36TH ST,98103,https://services.seattle.gov/portal/customize/LinkToRecord.aspx?altId=009037-23CP,False,False,True,,,rent increase
009233-23CP,6,2023 Aug 07 12:00:00 AM,,,Closed,8361 18TH AVE NW,98117,https://services.seattle.gov/portal/customize/LinkToRecord.aspx?altId=009233-23CP,True,False,False,bed bug,,
009335-23CP,6,2023 Aug 08 12:00:00 AM,,,Completed,456 NE MAPLE LEAF PL,98115,https://services.seattle.gov/portal/customize/LinkToRecord.aspx?altId=009335-23CP,True,False,False,mold,,
009356-23CP,6,2023 Aug 09 12:00:00 AM,,,Under Investigation,811 N 49TH ST,98103,https://services.seattle.gov/portal/customize/LinkToRecord.aspx?altId=009356-23CP,True,False,False,cockroach,,
009361-23CP,6,2022 Sep 20 12:00:00 AM,,,Closed,7016 15TH AVE NW,98117,https://services.seattle.gov/portal/customize/LinkToRecord.aspx?altId=009361-23CP,False,False,True,,,3 day notice
009363-23CP,6,2022 Aug 19 12:00:00 AM,,,Closed,7016 15TH AVE NW,98117,https://services.seattle.gov/portal/customize/LinkToRecord.aspx?altId=009363-23CP,False,True,True,,pota,3 day notice|notice to terminate
009384-23CP,6,2022 May 27 12:00:00 AM,,,Closed,4901 PHINNEY AVE N,98103,https://services.seattle.gov/portal/customize/LinkToRecord.aspx?altId=009384-23CP,False,False,True,,,3 day notice
009392-23CP,6,2022 May 20 12:00:00 AM,,,Closed,4251 AURORA AVE N,98103,https://services.seattle.gov/portal/customize/LinkToRecord.aspx?altId=009392-23CP,False,True,True,,pota,3 day notice|notice to terminate
009393-23CP,6,2022 May 05 12:00:00 AM,,,Closed,3639 LINDEN AVE N,98103,https://services.seattle.gov/portal/customize/LinkToRecord.aspx?altId=009393-23CP,False,True,True,,pota,3 day notice|notice to terminate
009471-23CP,6,2023 Aug 10 12:00:00 AM,,,Completed,4124 FREMONT AVE N,98103,https://services.seattle.gov/portal/customize/LinkToRecord.aspx?altId=009471-23CP,False,False,True,,,20 day notice
009508-23CP,6,2023 Aug 10 12:00:00 AM,,,Completed,2418 NW 58TH ST,98107,https://services.seattle.gov/portal/customize/LinkToRecord.aspx?altId=009508-23CP,False,True,False,,threaten,
009723-23CP,6,2022 Mar 03 12:00:00 AM,,,Closed,407 NE 73RD ST,98115,https://services.seattle.gov/portal/customize/LinkToRecord.aspx?altId=009723-23CP,False,False,True,,,3 day notice
009892-23CP,6,2023 Aug 21 12:00:00 AM,,,Completed,4312 FRANCIS AVE N,98103,https://services.seattle.gov/portal/customize/LinkToRecord.aspx?altId=009892-23CP,False,False,True,,,rent increase
009932-23CP,6,2020 Aug 31 12:00:00 AM,,,Closed,8217 AURORA AVE N,98103,https://services.seattle.gov/portal/customize/LinkToRecord.aspx?altId=009932-23CP,False,False,True,,,3 day notice
009933-23CP,6,2020 Sep 01 12:00:00 AM,,,Closed,8217 AURORA AVE N,98103,https://services.seattle.gov/portal/customize/LinkToRecord.aspx?altId=009933-23CP,False,False,True,,,3 day notice
009935-23CP,6,2020 Aug 31 12:00:00 AM,,,Closed,8217 AURORA AVE N,98103,https://services.seattle.gov/portal/customize/LinkToRecord.aspx?altId=009935-23CP,False,False,True,,,3 day notice
010151-23CP,6,2023 Aug 18 12:00:00 AM,,,Under Investigation,8322 16TH AVE NW,98117,https://services.seattle.gov/portal/customize/LinkToRecord.aspx?altId=010151-23CP,False,True,False,,trao,
010154-23CP,6,2023 Aug 21 12:00:00 AM,,,Under Investigation,743 N 35TH ST,98103,https://services.seattle.gov/portal/customize/LinkToRecord.aspx?altId=010154-23CP,False,False,True,,,security deposit
010211-23CP,6,2023 Aug 28 12:00:00 AM,,,Completed,8322 16TH AVE NW,98117,https://services.seattle.gov/portal/customize/LinkToRecord.aspx?altId=010211-23CP,False,True,False,,trao,
010421-23CP,6,2023 Sep 01 12:00:00 AM,,,Closed,2410 29TH AVE W,98199,https://services.seattle.gov/portal/customize/LinkToRecord.aspx?altId=010421-23CP,False,False,True,,,rent increase
010659-23CP,6,2023 Aug 28 12:00:00 AM,,,Under Investigation,4806 1ST AVE NW,98107,https://services.seattle.gov/portal/customize/LinkToRecord.aspx?altId=010659-23CP,False,False,True,,,security deposit
010673-23CP,6,2023 Sep 08 12:00:00 AM,2023 Sep 18 12:00:00 AM,Completed,Under Investigation,6108 8TH AVE NW,98107,https://services.seattle.gov/portal/customize/LinkToRecord.aspx?altId=010673-23CP,True,True,False,no hot water,pota|relocation assistance,
010774-23CP,6,2023 Sep 11 12:00:00 AM,2023 Sep 18 12:00:00 AM,Completed,Under Investigation,6110 8TH AVE NW,98107,https://services.seattle.gov/portal/customize/LinkToRecord.aspx?altId=010774-23CP,True,False,False,leak|leaking,,
010803-23CP,6,2023 Sep 12 12:00:00 AM,,,Completed,5433 LEARY AVE NW,98107,https://services.seattle.gov/portal/customize/LinkToRecord.aspx?altId=010803-23CP,False,False,True,,,rent increase
010852-23CP,6,2023 Sep 12 12:00:00 AM,,,Completed,2630 NW 63RD ST,98107,https://services.seattle.gov/portal/customize/LinkToRecord.aspx?altId=010852-23CP,False,True,False,,trao,
010874-23CP,6,2023 Sep 13 12:00:00 AM,,,Under Investigation,1429 N 52ND ST,98103,https://services.seattle.gov/portal/customize/LinkToRecord.aspx?altId=010874-23CP,False,False,True,,,tenant rights
011013-23CP,6,2023 Sep 15 12:00:00 AM,2023 Oct 16 12:00:00 AM,Completed,Under Investigation,4318 EVANSTON AVE N,98103,https://services.seattle.gov/portal/customize/LinkToRecord.aspx?altId=011013-23CP,True,False,False,leak,,
011172-23CP,6,2023 Sep 19 12:00:00 AM,,,Completed,7418 2ND AVE NE,98115,https://services.seattle.gov/portal/customize/LinkToRecord.aspx?altId=011172-23CP,False,True,False,,trao,
011457-23CP,6,2023 Sep 19 12:00:00 AM,,,Completed,1138 NW 61ST ST,98107,https://services.seattle.gov/portal/customize/LinkToRecord.aspx?altId=011457-23CP,False,True,False,,trao,
011482-23CP,6,2023 Sep 22 12:00:00 AM,,,Under Investigation,3634 34TH AVE W,98199,https://services.seattle.gov/portal/customize/LinkToRecord.aspx?altId=011482-23CP,False,False,True,,,tenant rights
1056871-VI,6,2023 Sep 28 12:00:00 AM,2023 Sep 18 12:00:00 AM,Completed,Initiated,6108 8TH AVE NW,98107,https://services.seattle.gov/portal/customize/LinkToRecord.aspx?altId=1056871-VI,True,True,False,no hot water,pota|relocation assistance|relocation payment,
011686-23CP,6,2023 Sep 29 12:00:00 AM,,,Under Investigation,2417 NW 57th ST,,https://services.seattle.gov/portal/customize/LinkToRecord.aspx?altId=011686-23CP,False,True,False,,trao,
011877-23CP,6,2023 Oct 04 12:00:00 AM,2023 Oct 25 12:00:00 AM,Completed,Completed,1763 NW 60TH ST,98107,https://services.seattle.gov/portal/customize/LinkToRecord.aspx?altId=011877-23CP,True,False,False,leak,,
011890-23CP,6,2023 Oct 04 12:00:00 AM,,,Under Investigation,3233 NW 62ND ST,98107,https://services.seattle.gov/portal/customize/LinkToRecord.aspx?altId=011890-23CP,False,False,True,,,tenant rights|rrio
012152-23CP,6,2023 Sep 28 12:00:00 AM,,,Under Investigation,4733 SHILSHOLE AVE NW,98107,https://services.seattle.gov/portal/customize/LinkToRecord.aspx?altId=012152-23CP,False,True,False,,retaliat,
012231-23CP,6,2023 Oct 13 12:00:00 AM,,,Under Investigation,3607 35TH AVE W,98199,https://services.seattle.gov/portal/customize/LinkToRecord.aspx?altId=012231-23CP,False,False,True,,,tenant rights
012235-23CP,6,2023 Oct 12 12:00:00 AM,,,Under Investigation,2640 NW 64TH ST,98107,https://services.seattle.gov/portal/customize/LinkToRecord.aspx?altId=012235-23CP,False,False,True,,,security deposit
012276-23CP,6,2023 Oct 13 12:00:00 AM,,,Under Investigation,6716 ALONZO AVE NW,98117,https://services.seattle.gov/portal/customize/LinkToRecord.aspx?altId=012276-23CP,True,False,False,garbage,,
012312-23CP,6,2023 Oct 13 12:00:00 AM,,,Completed,3628 LINDEN AVE N,98103,https://services.seattle.gov/portal/customize/LinkToRecord.aspx?altId=012312-23CP,False,False,True,,,tenant rights
012423-23CP,6,2023 Oct 17 12:00:00 AM,,,Completed,8324 MARY AVE NW,98117,https://services.seattle.gov/portal/customize/LinkToRecord.aspx?altId=012423-23CP,False,True,False,,trao,
012573-23CP,6,2023 Oct 20 12:00:00 AM,,,Completed,6900 EAST GREEN LAKE WAY N,98115,https://services.seattle.gov/portal/customize/LinkToRecord.aspx?altId=012573-23CP,True,False,True,sewage,,tenant rights
012627-23CP,6,2023 Oct 23 12:00:00 AM,,,Closed,6341 5TH AVE NE,98115,https://services.seattle.gov/portal/customize/LinkToRecord.aspx?altId=012627-23CP,True,True,False,mold,pota,
012790-23CP,6,2023 Oct 23 12:00:00 AM,2023 Dec 19 12:00:00 AM,Completed,Under Investigation,1115 NW MARKET ST,98107,https://services.seattle.gov/portal/customize/LinkToRecord.aspx?altId=012790-23CP,True,False,False,leak|leaking,,
012817-23CP,6,2023 Oct 26 12:00:00 AM,,,Completed,2003 NW 57TH ST,98107,https://services.seattle.gov/portal/customize/LinkToRecord.aspx?altId=012817-23CP,False,False,True,,,rent increase
012828-23CP,6,2023 Oct 26 12:00:00 AM,,,Under Investigation,2215 N 59TH ST,98103,https://services.seattle.gov/portal/customize/LinkToRecord.aspx?altId=012828-23CP,False,False,True,,,tenant rights
012830-23CP,6,2023 Oct 26 12:00:00 AM,,,Under Investigation,1439 NW 52ND ST,98107,https://services.seattle.gov/portal/customize/LinkToRecord.aspx?altId=012830-23CP,False,False,True,,,tenant rights
013040-23CP,6,2023 Nov 02 12:00:00 AM,,,Open Duplicate,1115 NW MARKET ST,98107,https://services.seattle.gov/portal/customize/LinkToRecord.aspx?altId=013040-23CP,True,False,True,leak|water damage|mold,,code violation
013050-23CP,6,2023 Nov 02 12:00:00 AM,,,Completed,4468 LINDEN AVE N,98103,https://services.seattle.gov/portal/customize/LinkToRecord.aspx?altId=013050-23CP,False,False,True,,,rent increase
013121-23CP,6,2023 Nov 06 12:00:00 AM,,,Under Investigation,620 N 34TH ST,98103,https://services.seattle.gov/portal/customize/LinkToRecord.aspx?altId=013121-23CP,False,False,True,,,rent increase
013131-23CP,6,2023 Nov 06 12:00:00 AM,,,Completed,1701 NW 56TH ST,98107,https://services.seattle.gov/portal/customize/LinkToRecord.aspx?altId=013131-23CP,False,False,True,,,rent increase
013150-23CP,6,2023 Nov 03 12:00:00 AM,,,Under Investigation,907 NW 61ST ST,98107,https://services.seattle.gov/portal/customize/LinkToRecord.aspx?altId=013150-23CP,False,False,True,,,tenant rights
013477-23CP,6,2023 Nov 16 12:00:00 AM,,,Completed,6900 EAST GREEN LAKE WAY N,98115,https://services.seattle.gov/portal/customize/LinkToRecord.aspx?altId=013477-23CP,True,False,False,rats|mice,,
013564-23CP,6,2023 Nov 17 12:00:00 AM,2023 Nov 17 12:00:00 AM,Completed,Completed,5814 22ND AVE NW,98107,https://services.seattle.gov/portal/customize/LinkToRecord.aspx?altId=013564-23CP,True,True,True,no heat,pota,tenant rights
013641-23CP,6,2023 Nov 20 12:00:00 AM,,,Under Investigation,3644 FRANCIS AVE N,98103,https://services.seattle.gov/portal/customize/LinkToRecord.aspx?altId=013641-23CP,False,False,True,,,rent increase
013775-23CP,6,2023 Nov 26 12:00:00 AM,,,Closed,300 NW 80TH ST,,https://services.seattle.gov/portal/customize/LinkToRecord.aspx?altId=013775-23CP,False,True,False,,threaten|retaliat,
013780-23CP,6,2023 Nov 22 12:00:00 AM,,,Under Investigation,3835 34TH AVE W,98199,https://services.seattle.gov/portal/customize/LinkToRecord.aspx?altId=013780-23CP,False,False,True,,,security deposit
013861-23CP,6,2023 Nov 28 12:00:00 AM,2023 Dec 27 12:00:00 AM,Completed,Completed,2850 NW 56th ST,98107,https://services.seattle.gov/portal/customize/LinkToRecord.aspx?altId=013861-23CP,False,False,True,,,rent increase|rrio
013870-23CP,6,2023 Nov 28 12:00:00 AM,,,Closed,502 NW BRIGHT ST,98107,https://services.seattle.gov/portal/customize/LinkToRecord.aspx?altId=013870-23CP,False,False,True,,,rent increase
013879-23CP,6,2023 Nov 27 12:00:00 AM,,,Closed,5119 9TH AVE NW,98107,https://services.seattle.gov/portal/customize/LinkToRecord.aspx?altId=013879-23CP,False,False,True,,,tenant rights
013931-23CP,6,2023 Nov 30 12:00:00 AM,2023 Dec 04 12:00:00 AM,Completed,Under Investigation,801 NW 54TH ST,98107,https://services.seattle.gov/portal/customize/LinkToRecord.aspx?altId=013931-23CP,True,True,True,no heat|leak|roof leak|mold,pota,tenant rights
014066-23CP,6,2023 Dec 05 12:00:00 AM,2024 Mar 21 12:00:00 AM,Completed,Closed,3048 NW 60TH ST,98107,https://services.seattle.gov/portal/customize/LinkToRecord.aspx?altId=014066-23CP,True,False,False,leak|leaking|leaks|mold,,
014120-23CP,6,2023 Dec 05 12:00:00 AM,,,Under Investigation,5555 14TH AVE NW,98107,https://services.seattle.gov/portal/customize/LinkToRecord.aspx?altId=014120-23CP,False,False,True,,,tenant rights
014153-23CP,6,2023 Dec 06 12:00:00 AM,,,Closed,828 NW MARKET ST,98107,https://services.seattle.gov/portal/customize/LinkToRecord.aspx?altId=014153-23CP,True,False,False,leak|flooding|mold|mildew|odor,,
014179-23CP,6,2023 Dec 04 12:00:00 AM,,,Completed,500 NW BRIGHT ST,98107,https://services.seattle.gov/portal/customize/LinkToRecord.aspx?altId=014179-23CP,False,False,True,,,rent increase
014321-23CP,6,2023 Dec 08 12:00:00 AM,,,Under Investigation,533 N 74TH ST,98103,https://services.seattle.gov/portal/customize/LinkToRecord.aspx?altId=014321-23CP,True,False,False,flooded|mold|hazard|hazardous,,
014328-23CP,6,2023 Dec 09 12:00:00 AM,,,Completed,1702 NW 56TH ST,98107,https://services.seattle.gov/portal/customize/LinkToRecord.aspx?altId=014328-23CP,False,False,True,,,deposit not returned
014345-23CP,6,2023 Dec 08 12:00:00 AM,,,Completed,6536 2ND AVE NE,98115,https://services.seattle.gov/portal/customize/LinkToRecord.aspx?altId=014345-23CP,False,False,True,,,rent increase
014416-23CP,6,2023 Dec 12 12:00:00 AM,,,Completed,2233 NW 58TH ST,98107,https://services.seattle.gov/portal/customize/LinkToRecord.aspx?altId=014416-23CP,False,False,True,,,rent increase
014467-23CP,6,2023 Dec 12 12:00:00 AM,,,Completed,735 N 85TH ST,98103,https://services.seattle.gov/portal/customize/LinkToRecord.aspx?altId=014467-23CP,False,False,True,,,rent increase
014513-23CP,6,2023 Dec 14 12:00:00 AM,,,Under Investigation,3038 NW 72ND ST,98117,https://services.seattle.gov/portal/customize/LinkToRecord.aspx?altId=014513-23CP,False,True,True,,trao,tenant rights
014633-23CP,6,2023 Dec 19 12:00:00 AM,,,Under Investigation,935 N 85TH ST,98103,https://services.seattle.gov/portal/customize/LinkToRecord.aspx?altId=014633-23CP,False,False,True,,,tenant rights
014653-23CP,6,2023 Dec 19 12:00:00 AM,2024 Jan 04 12:00:00 AM,Completed,Under Investigation,1409 NW 51ST ST,98107,https://services.seattle.gov/portal/customize/LinkToRecord.aspx?altId=014653-23CP,True,False,False,leak|leaks|mold|infestation,,
014726-23CP,6,2023 Dec 21 12:00:00 AM,,,Under Investigation,359 NW 76TH ST,98117,https://services.seattle.gov/portal/customize/LinkToRecord.aspx?altId=014726-23CP,False,True,False,,trao,
014860-23CP,6,2023 Dec 28 12:00:00 AM,,,Completed,1439 NW 52ND ST,98107,https://services.seattle.gov/portal/customize/LinkToRecord.aspx?altId=014860-23CP,False,False,True,,,tenant rights|code violation
000186-24CP,6,2024 Jan 03 12:00:00 AM,,,Closed,5007 2ND AVE NW,98107,https://services.seattle.gov/portal/customize/LinkToRecord.aspx?altId=000186-24CP,False,False,True,,,rent increase|without proper notice
000271-24CP,6,2024 Jan 05 12:00:00 AM,,,Closed,6553 earl AVE NW,,https://services.seattle.gov/portal/customize/LinkToRecord.aspx?altId=000271-24CP,False,False,True,,,rrio
000281-24CP,6,2024 Jan 05 12:00:00 AM,,,Closed,6301 15TH AVE NW,98107,https://services.seattle.gov/portal/customize/LinkToRecord.aspx?altId=000281-24CP,False,False,True,,,rent increase
000393-24CP,6,2024 Jan 08 12:00:00 AM,,,Under Investigation,4245 27TH AVE W,98199,https://services.seattle.gov/portal/customize/LinkToRecord.aspx?altId=000393-24CP,False,False,True,,,tenant rights
000447-24CP,6,2024 Jan 11 12:00:00 AM,2024 Mar 13 12:00:00 AM,Completed,Completed,1818 N 50TH ST,98103,https://services.seattle.gov/portal/customize/LinkToRecord.aspx?altId=000447-24CP,False,False,True,,,security deposit
000453-24CP,6,2024 Jan 10 12:00:00 AM,,,Completed,1740 NW 62ND ST,98107,https://services.seattle.gov/portal/customize/LinkToRecord.aspx?altId=000453-24CP,False,True,False,,trao,
000455-24CP,6,2024 Jan 10 12:00:00 AM,,,Completed,1742 NW 62ND ST,98107,https://services.seattle.gov/portal/customize/LinkToRecord.aspx?altId=000455-24CP,False,True,False,,trao,
000475-24CP,6,2024 Jan 11 12:00:00 AM,,,Under Investigation,7739 15TH AVE NW,98117,https://services.seattle.gov/portal/customize/LinkToRecord.aspx?altId=000475-24CP,False,True,True,,pota,tenant rights
000852-24CP,6,2024 Jan 23 12:00:00 AM,,,Under Investigation,300 NW 56TH ST,98107,https://services.seattle.gov/portal/customize/LinkToRecord.aspx?altId=000852-24CP,False,True,False,,retaliat,
000853-24CP,6,2024 Jan 19 12:00:00 AM,,,Under Investigation,7039 24TH AVE NW,98117,https://services.seattle.gov/portal/customize/LinkToRecord.aspx?altId=000853-24CP,False,False,True,,,rent increase
000859-24CP,6,2024 Jan 23 12:00:00 AM,,,Completed,343 NE 56TH ST,98105,https://services.seattle.gov/portal/customize/LinkToRecord.aspx?altId=000859-24CP,False,False,True,,,rent increase
000860-24CP,6,2024 Jan 23 12:00:00 AM,,,Under Investigation,1433 NW 64TH ST,98107,https://services.seattle.gov/portal/customize/LinkToRecord.aspx?altId=000860-24CP,False,False,True,,,rent increase
000987-24CP,6,2024 Jan 25 12:00:00 AM,,,Completed,2632 NW 63RD ST,98107,https://services.seattle.gov/portal/customize/LinkToRecord.aspx?altId=000987-24CP,False,False,True,,,eviction notice
001112-24CP,6,2024 Jan 28 12:00:00 AM,2024 Feb 21 12:00:00 AM,Completed,Under Investigation,5700 8TH AVE NW,98107,https://services.seattle.gov/portal/customize/LinkToRecord.aspx?altId=001112-24CP,True,False,False,flooded,,
001126-24CP,6,2024 Jan 26 12:00:00 AM,,,Completed,505 NE 70TH ST,98115,https://services.seattle.gov/portal/customize/LinkToRecord.aspx?altId=001126-24CP,False,True,True,,pota,tenant rights
001151-24CP,6,2024 Jan 29 12:00:00 AM,,,Completed,3600 PALATINE AVE N,98103,https://services.seattle.gov/portal/customize/LinkToRecord.aspx?altId=001151-24CP,False,False,True,,,tenant rights
001181-24CP,6,2024 Jan 29 12:00:00 AM,,,Closed,307 N 73RD ST,98103,https://services.seattle.gov/portal/customize/LinkToRecord.aspx?altId=001181-24CP,False,False,True,,,rent increase
001183-24CP,6,2024 Jan 30 12:00:00 AM,2024 Apr 17 12:00:00 AM,Completed,Completed,7737 2ND AVE NE,98115,https://services.seattle.gov/portal/customize/LinkToRecord.aspx?altId=001183-24CP,True,True,False,uninhabitable,retaliat,
001325-24CP,6,2024 Jan 31 12:00:00 AM,,,Under Investigation,4464 FREMONT AVE N,98103,https://services.seattle.gov/portal/customize/LinkToRecord.aspx?altId=001325-24CP,False,False,True,,,tenant rights
001379-24CP,6,2024 Feb 02 12:00:00 AM,,,Completed,413 NE 70TH ST,98115,https://services.seattle.gov/portal/customize/LinkToRecord.aspx?altId=001379-24CP,False,True,True,,threaten,security deposit
001433-24CP,6,2024 Feb 05 12:00:00 AM,,,Closed,518 NE 73RD ST,98115,https://services.seattle.gov/portal/customize/LinkToRecord.aspx?altId=001433-24CP,True,False,False,collapse,,
001480-24CP,6,2024 Feb 06 12:00:00 AM,,,Under Investigation,6553 A 5TH AVE NE,98115,https://services.seattle.gov/portal/customize/LinkToRecord.aspx?altId=001480-24CP,False,False,True,,,rent increase
001537-24CP,6,2024 Feb 07 12:00:00 AM,,,Under Investigation,317 NW 41ST ST,98107,https://services.seattle.gov/portal/customize/LinkToRecord.aspx?altId=001537-24CP,False,False,True,,,rent increase
001552-24CP,6,2024 Feb 07 12:00:00 AM,,,Under Investigation,1715 NW 58TH ST,98107,https://services.seattle.gov/portal/customize/LinkToRecord.aspx?altId=001552-24CP,True,False,False,no hot water,,
001781-24CP,6,2024 Feb 14 12:00:00 AM,,,Completed,518 NE 73rd ST,,https://services.seattle.gov/portal/customize/LinkToRecord.aspx?altId=001781-24CP,False,True,False,,relocation assistance,
001823-24CP,6,2024 Feb 14 12:00:00 AM,,,Under Investigation,6900 EAST GREEN LAKE WAY N,98115,https://services.seattle.gov/portal/customize/LinkToRecord.aspx?altId=001823-24CP,False,True,True,,pota,tenant rights
001988-24CP,6,2024 Feb 21 12:00:00 AM,,,Completed,1551 NW 59TH ST,98107,https://services.seattle.gov/portal/customize/LinkToRecord.aspx?altId=001988-24CP,False,False,True,,,rent increase
002034-24CP,6,2024 Feb 22 12:00:00 AM,,,Completed,2251 NW 59TH ST,98107,https://services.seattle.gov/portal/customize/LinkToRecord.aspx?altId=002034-24CP,False,False,True,,,rent increase
002117-24CP,6,2024 Feb 22 12:00:00 AM,,,Under Investigation,9313 26TH PL NW,98117,https://services.seattle.gov/portal/customize/LinkToRecord.aspx?altId=002117-24CP,False,True,False,,threaten,
002217-24CP,6,2024 Feb 26 12:00:00 AM,,,Under Investigation,7415 5TH AVE NE,98115,https://services.seattle.gov/portal/customize/LinkToRecord.aspx?altId=002217-24CP,False,True,True,,pota,tenant rights
002220-24CP,6,2024 Feb 27 12:00:00 AM,,,Completed,3800 LINDEN AVE N,98103,https://services.seattle.gov/portal/customize/LinkToRecord.aspx?altId=002220-24CP,True,False,True,mold|moisture|no smoke alarm,,late fees
002257-24CP,6,2024 Feb 28 12:00:00 AM,,,Closed,537 NE RAVENNA BLVD,98115,https://services.seattle.gov/portal/customize/LinkToRecord.aspx?altId=002257-24CP,False,False,True,,,rent increase
002351-24CP,6,2024 Mar 01 12:00:00 AM,,,Closed,2200 NW 58TH ST,98107,https://services.seattle.gov/portal/customize/LinkToRecord.aspx?altId=002351-24CP,False,True,False,,threaten,
002391-24CP,6,2024 Mar 04 12:00:00 AM,,,Completed,8541 PHINNEY AVE N,98103,https://services.seattle.gov/portal/customize/LinkToRecord.aspx?altId=002391-24CP,False,False,True,,,rent increase
002419-24CP,6,2024 Mar 04 12:00:00 AM,,,Under Investigation,5814 22ND AVE NW,98107,https://services.seattle.gov/portal/customize/LinkToRecord.aspx?altId=002419-24CP,True,False,False,no hot water,,
002455-24CP,6,2024 Mar 05 12:00:00 AM,,,Completed,2424 NW 59TH ST,98107,https://services.seattle.gov/portal/customize/LinkToRecord.aspx?altId=002455-24CP,False,False,True,,,rent increase
002497-24CP,6,2024 Mar 05 12:00:00 AM,,,Under Investigation,8508 18TH AVE NW,98117,https://services.seattle.gov/portal/customize/LinkToRecord.aspx?altId=002497-24CP,False,False,True,,,tenant rights
002701-24CP,6,2024 Mar 11 12:00:00 AM,,,Completed,4314 32ND AVE W,98199,https://services.seattle.gov/portal/customize/LinkToRecord.aspx?altId=002701-24CP,False,False,True,,,just cause
002717-24CP,6,2024 Mar 11 12:00:00 AM,2024 Mar 20 12:00:00 AM,Completed,Under Investigation,6860 EAST GREEN LAKE WAY N,98115,https://services.seattle.gov/portal/customize/LinkToRecord.aspx?altId=002717-24CP,False,True,True,,pota,tenant rights
002741-24CP,6,2024 Mar 12 12:00:00 AM,,,Completed,1423 N 52ND ST,98103,https://services.seattle.gov/portal/customize/LinkToRecord.aspx?altId=002741-24CP,False,True,False,,trao,
002778-24CP,6,2024 Mar 13 12:00:00 AM,,,Completed,2003 NW 57TH ST,98107,https://services.seattle.gov/portal/customize/LinkToRecord.aspx?altId=002778-24CP,True,False,False,leak,,
002949-24CP,6,2024 Mar 18 12:00:00 AM,2024 Apr 03 12:00:00 AM,Completed,Under Investigation,8105 GREENWOOD AVE N,98103,https://services.seattle.gov/portal/customize/LinkToRecord.aspx?altId=002949-24CP,True,False,False,leak|mold|black mold,,
003038-24CP,6,2024 Mar 19 12:00:00 AM,,,Closed,6303 22ND AVE NW,98107,https://services.seattle.gov/portal/customize/LinkToRecord.aspx?altId=003038-24CP,False,True,True,,pota,tenant rights
003264-24CP,6,2024 Mar 25 12:00:00 AM,,,Under Investigation,3400 36TH AVE W,98199,https://services.seattle.gov/portal/customize/LinkToRecord.aspx?altId=003264-24CP,False,False,True,,,tenant rights
003405-24CP,6,2024 Mar 29 12:00:00 AM,,,Completed,2003 NW 57TH ST,98107,https://services.seattle.gov/portal/customize/LinkToRecord.aspx?altId=003405-24CP,True,False,True,garbage,,rent increase
003458-24CP,6,2024 Apr 01 12:00:00 AM,,,Under Investigation,3636 FREMONT LN N,98103,https://services.seattle.gov/portal/customize/LinkToRecord.aspx?altId=003458-24CP,False,True,False,,retaliat,
003869-24CP,6,2024 Apr 10 12:00:00 AM,,,Closed,3017 NW 75TH ST,98117,https://services.seattle.gov/portal/customize/LinkToRecord.aspx?altId=003869-24CP,True,False,False,unsafe,,
004100-24CP,6,2024 Apr 16 12:00:00 AM,2024 May 15 12:00:00 AM,Completed,Under Investigation,3647 35TH AVE W,98199,https://services.seattle.gov/portal/customize/LinkToRecord.aspx?altId=004100-24CP,True,True,True,no water|leak|mold,pota,tenant rights
004140-24CP,6,2024 Apr 18 12:00:00 AM,,,Under Investigation,5570 CANFIELD PL N,98103,https://services.seattle.gov/portal/customize/LinkToRecord.aspx?altId=004140-24CP,True,False,False,sewage|leak,,
004246-24CP,6,2024 Apr 20 12:00:00 AM,,,Under Investigation,7739 15th AVE NW,,https://services.seattle.gov/portal/customize/LinkToRecord.aspx?altId=004246-24CP,True,False,True,sewer backup|flooding|garbage,,rrio
004457-24CP,6,2024 Apr 24 12:00:00 AM,,,Under Investigation,1742 NW 62ND ST,98107,https://services.seattle.gov/portal/customize/LinkToRecord.aspx?altId=004457-24CP,False,True,False,,trao,
004543-24CP,6,2024 Apr 26 12:00:00 AM,,,Closed,7521 2ND AVE NE,98115,https://services.seattle.gov/portal/customize/LinkToRecord.aspx?altId=004543-24CP,True,False,False,broken window,,
004617-24CP,6,2024 May 01 12:00:00 AM,,,Completed,7352 21ST AVE NW,98117,https://services.seattle.gov/portal/customize/LinkToRecord.aspx?altId=004617-24CP,False,False,True,,,without proper notice
004676-24CP,6,2024 May 02 12:00:00 AM,,,Under Investigation,320 N 85TH ST,98103,https://services.seattle.gov/portal/customize/LinkToRecord.aspx?altId=004676-24CP,True,False,False,leak|leaks,,
004761-24CP,6,2024 May 06 12:00:00 AM,,,Completed,6723 3RD AVE NW,98117,https://services.seattle.gov/portal/customize/LinkToRecord.aspx?altId=004761-24CP,True,False,False,mold|black mold,,
004900-24CP,6,2024 May 09 12:00:00 AM,,,Under Investigation,4500 6TH AVE NW,98107,https://services.seattle.gov/portal/customize/LinkToRecord.aspx?altId=004900-24CP,True,False,False,mold,,
004906-24CP,6,2024 May 09 12:00:00 AM,,,Under Investigation,5227 LEARY AVE NW,98107,https://services.seattle.gov/portal/customize/LinkToRecord.aspx?altId=004906-24CP,False,True,False,,retaliat,
005152-24CP,6,2024 May 09 12:00:00 AM,,,Closed,3202 34TH AVE W,98199,https://services.seattle.gov/portal/customize/LinkToRecord.aspx?altId=005152-24CP,False,False,True,,,security deposit
005154-24CP,6,2024 May 15 12:00:00 AM,,,Completed,2651 NW 56TH ST,98107,https://services.seattle.gov/portal/customize/LinkToRecord.aspx?altId=005154-24CP,False,True,False,,locked out,
005259-24CP,6,2024 May 19 12:00:00 AM,,,Under Investigation,2616 A NW 57TH ST,98107,https://services.seattle.gov/portal/customize/LinkToRecord.aspx?altId=005259-24CP,True,False,False,unsafe,,
005298-24CP,6,2024 May 20 12:00:00 AM,,,Completed,6111 PHINNEY AVE N,98103,https://services.seattle.gov/portal/customize/LinkToRecord.aspx?altId=005298-24CP,False,True,False,,trao,
005494-24CP,6,2024 May 24 12:00:00 AM,,,Under Investigation,7439 CORLISS AVE N,98103,https://services.seattle.gov/portal/customize/LinkToRecord.aspx?altId=005494-24CP,True,False,False,leak,,
005815-24CP,6,2024 Jun 03 12:00:00 AM,,,Under Investigation,5433 LEARY AVE NW,98107,https://services.seattle.gov/portal/customize/LinkToRecord.aspx?altId=005815-24CP,False,False,True,,,eviction notice
005897-24CP,6,2024 Jun 05 12:00:00 AM,,,Under Investigation,6900 EAST GREEN LAKE WAY N,98115,https://services.seattle.gov/portal/customize/LinkToRecord.aspx?altId=005897-24CP,False,False,True,,,tenant rights
005919-24CP,6,2024 Jun 04 12:00:00 AM,,,Closed,4504 DAYTON AVE N,98103,https://services.seattle.gov/portal/customize/LinkToRecord.aspx?altId=005919-24CP,False,False,True,,,tenant rights
005933-24CP,6,2024 Jun 05 12:00:00 AM,,,Closed,1701 NW 56TH ST,98107,https://services.seattle.gov/portal/customize/LinkToRecord.aspx?altId=005933-24CP,False,False,True,,,rent increase|raised my rent
006247-24CP,6,2024 Jun 12 12:00:00 AM,,,Under Investigation,6900 EAST GREEN LAKE WAY N,98115,https://services.seattle.gov/portal/customize/LinkToRecord.aspx?altId=006247-24CP,True,True,True,no hot water,pota,tenant rights
006492-24CP,6,2024 Jun 18 12:00:00 AM,,,Completed,331 N 78TH ST,98103,https://services.seattle.gov/portal/customize/LinkToRecord.aspx?altId=006492-24CP,False,True,False,,harass,
007014-24CP,6,2024 Jun 28 12:00:00 AM,,,Under Investigation,320 N 85TH ST,98103,https://services.seattle.gov/portal/customize/LinkToRecord.aspx?altId=007014-24CP,False,False,True,,,tenant rights
007131-24CP,6,2024 Jul 02 12:00:00 AM,,,Completed,4201 35TH AVE W,98199,https://services.seattle.gov/portal/customize/LinkToRecord.aspx?altId=007131-24CP,True,True,False,asbestos,forced to move,
007475-24CP,6,2024 Jul 11 12:00:00 AM,,,Closed,1407 NW 54TH ST,98107,https://services.seattle.gov/portal/customize/LinkToRecord.aspx?altId=007475-24CP,True,False,False,infestation|rodent,,
007551-24CP,6,2024 Jul 15 12:00:00 AM,,,Completed,8551 GREENWOOD AVE N,98103,https://services.seattle.gov/portal/customize/LinkToRecord.aspx?altId=007551-24CP,False,False,True,,,rent increase
007749-24CP,6,2024 Jul 18 12:00:00 AM,,,Closed,331 N 78TH ST,98103,https://services.seattle.gov/portal/customize/LinkToRecord.aspx?altId=007749-24CP,False,False,True,,,rrio
007936-24CP,6,2024 Jul 18 12:00:00 AM,,,Completed,546 NE RAVENNA BLVD,98115,https://services.seattle.gov/portal/customize/LinkToRecord.aspx?altId=007936-24CP,False,False,True,,,rent increase
008399-24CP,6,2024 Aug 02 12:00:00 AM,2024 Oct 02 12:00:00 AM,Completed,Completed,2035 NW 63RD ST,98107,https://services.seattle.gov/portal/customize/LinkToRecord.aspx?altId=008399-24CP,True,False,False,rats,,
008547-24CP,6,2024 Aug 07 12:00:00 AM,,,Completed,3806 35TH AVE W,98199,https://services.seattle.gov/portal/customize/LinkToRecord.aspx?altId=008547-24CP,False,False,True,,,rent increase
008548-24CP,6,2024 Aug 07 12:00:00 AM,,,Completed,1433 NW 64TH ST,98107,https://services.seattle.gov/portal/customize/LinkToRecord.aspx?altId=008548-24CP,False,False,True,,,rent increase
008603-24CP,6,2024 Aug 07 12:00:00 AM,,,Under Investigation,505 NE 70TH ST,98115,https://services.seattle.gov/portal/customize/LinkToRecord.aspx?altId=008603-24CP,False,True,False,,locked out,
008638-24CP,6,2024 Aug 07 12:00:00 AM,,,Closed,6900 EAST GREEN LAKE WAY N,98115,https://services.seattle.gov/portal/customize/LinkToRecord.aspx?altId=008638-24CP,False,False,True,,,tenant rights
009377-24CP,6,2024 Aug 23 12:00:00 AM,,,Closed,8327 JONES AVE NW,98117,https://services.seattle.gov/portal/customize/LinkToRecord.aspx?altId=009377-24CP,True,False,False,rats|asbestos,,
009412-24CP,6,2024 Aug 23 12:00:00 AM,,,Under Investigation,7522 24TH AVE NW,98117,https://services.seattle.gov/portal/customize/LinkToRecord.aspx?altId=009412-24CP,False,False,True,,,security deposit
009894-24CP,6,2024 Sep 05 12:00:00 AM,,,Completed,1545 NW MARKET ST,98107,https://services.seattle.gov/portal/customize/LinkToRecord.aspx?altId=009894-24CP,False,False,True,,,rent increase
010068-24CP,6,2024 Sep 10 12:00:00 AM,,,Under Investigation,1702 NW 56TH ST,98107,https://services.seattle.gov/portal/customize/LinkToRecord.aspx?altId=010068-24CP,False,False,True,,,tenant rights
010088-24CP,6,2024 Sep 10 12:00:00 AM,,,Completed,4312 LINDEN AVE N,98103,https://services.seattle.gov/portal/customize/LinkToRecord.aspx?altId=010088-24CP,False,False,True,,,tenant rights
010435-24CP,6,2024 Sep 16 12:00:00 AM,,,Completed,4313 35TH AVE W,98199,https://services.seattle.gov/portal/customize/LinkToRecord.aspx?altId=010435-24CP,False,True,False,,tenant relocation,
010577-24CP,6,2024 Sep 20 12:00:00 AM,,,Closed,7750 15TH AVE NW,98117,https://services.seattle.gov/portal/customize/LinkToRecord.aspx?altId=010577-24CP,True,False,False,leak|uninhabitable,,
010977-24CP,6,2024 Sep 27 12:00:00 AM,,,Under Investigation,5621 22ND AVE NW,98107,https://services.seattle.gov/portal/customize/LinkToRecord.aspx?altId=010977-24CP,False,False,True,,,tenant rights
010997-24CP,6,2024 Sep 30 12:00:00 AM,,,Completed,2626 NW 59TH ST,98107,https://services.seattle.gov/portal/customize/LinkToRecord.aspx?altId=010997-24CP,False,False,True,,,rent increase
011246-24CP,6,2024 Oct 03 12:00:00 AM,,,Under Investigation,3711 27TH PL W,98199,https://services.seattle.gov/portal/customize/LinkToRecord.aspx?altId=011246-24CP,False,False,True,,,security deposit
012162-24CP,6,2024 Oct 25 12:00:00 AM,,,Closed,4313 35TH AVE W,98199,https://services.seattle.gov/portal/customize/LinkToRecord.aspx?altId=012162-24CP,False,True,False,,trao,
012496-24CP,6,2024 Nov 05 12:00:00 AM,,,Closed,2003 NW 57TH ST,98107,https://services.seattle.gov/portal/customize/LinkToRecord.aspx?altId=012496-24CP,False,False,True,,,rent increase
012875-24CP,6,2024 Nov 14 12:00:00 AM,,,Closed,1701 NW 56TH ST,98107,https://services.seattle.gov/portal/customize/LinkToRecord.aspx?altId=012875-24CP,False,False,True,,,tenant rights
012931-24CP,6,2024 Nov 15 12:00:00 AM,,,Completed,8721 18TH AVE NW,98117,https://services.seattle.gov/portal/customize/LinkToRecord.aspx?altId=012931-24CP,False,True,False,,relocation assistance,
013658-24CP,6,2024 Dec 06 12:00:00 AM,,,Under Investigation,6023 4TH AVE NE,98115,https://services.seattle.gov/portal/customize/LinkToRecord.aspx?altId=013658-24CP,True,False,False,leak,,
013705-24CP,6,2024 Dec 09 12:00:00 AM,,,Under Investigation,2021 NW 58TH ST,98107,https://services.seattle.gov/portal/customize/LinkToRecord.aspx?altId=013705-24CP,False,False,True,,,without proper notice
013743-24CP,6,2024 Dec 10 12:00:00 AM,,,Completed,6721 24TH AVE NW,98117,https://services.seattle.gov/portal/customize/LinkToRecord.aspx?altId=013743-24CP,True,False,False,mold,,
014061-24CP,6,2024 Dec 18 12:00:00 AM,,,Completed,2630 D NW 58TH ST,98107,https://services.seattle.gov/portal/customize/LinkToRecord.aspx?altId=014061-24CP,False,False,True,,,tenant rights
014333-24CP,6,2024 Dec 27 12:00:00 AM,,,Completed,801 NW 54TH ST,98107,https://services.seattle.gov/portal/customize/LinkToRecord.aspx?altId=014333-24CP,False,True,False,,locked out,
000355-25CP,6,2025 Jan 08 12:00:00 AM,,,Under Investigation,1545 NW MARKET ST,98107,https://services.seattle.gov/portal/customize/LinkToRecord.aspx?altId=000355-25CP,False,False,True,,,tenant rights
000418-25CP,6,2025 Jan 09 12:00:00 AM,,,Completed,546 NE RAVENNA BLVD,98115,https://services.seattle.gov/portal/customize/LinkToRecord.aspx?altId=000418-25CP,False,False,True,,,entered without notice
000631-25CP,6,2025 Jan 14 12:00:00 AM,,,Completed,7711 15TH AVE NW,98117,https://services.seattle.gov/portal/customize/LinkToRecord.aspx?altId=000631-25CP,False,True,False,,pota,
001033-25CP,6,2025 Jan 24 12:00:00 AM,,,Completed,6341 4TH AVE NE,98115,https://services.seattle.gov/portal/customize/LinkToRecord.aspx?altId=001033-25CP,True,False,False,unsafe|unsanitary,,
001040-25CP,6,2025 Jan 24 12:00:00 AM,,,Completed,6341 4TH AVE NE,98115,https://services.seattle.gov/portal/customize/LinkToRecord.aspx?altId=001040-25CP,True,False,False,hazard|fire hazard,,
001387-25CP,6,2025 Feb 03 12:00:00 AM,,,Completed,6039 5TH AVE NW,98107,https://services.seattle.gov/portal/customize/LinkToRecord.aspx?altId=001387-25CP,False,False,True,,,tenant rights
002229-25CP,6,2025 Feb 27 12:00:00 AM,,,Completed,460 NE MAPLE LEAF PL,98115,https://services.seattle.gov/portal/customize/LinkToRecord.aspx?altId=002229-25CP,False,True,False,,trao,
002374-25CP,6,2025 Mar 04 12:00:00 AM,,,Completed,5906 28TH AVE NW,98107,https://services.seattle.gov/portal/customize/LinkToRecord.aspx?altId=002374-25CP,False,False,True,,,rent increase
002406-25CP,6,2025 Mar 04 12:00:00 AM,,,Completed,412 N 67TH ST,98103,https://services.seattle.gov/portal/customize/LinkToRecord.aspx?altId=002406-25CP,False,False,True,,,security deposit
002770-25CP,6,2025 Mar 12 12:00:00 AM,,,Under Investigation,2418 NW 58TH ST,98107,https://services.seattle.gov/portal/customize/LinkToRecord.aspx?altId=002770-25CP,False,False,True,,,tenant rights
003083-25CP,6,2025 Mar 20 12:00:00 AM,,,Completed,4051 GILMAN AVE W,98199,https://services.seattle.gov/portal/customize/LinkToRecord.aspx?altId=003083-25CP,True,False,False,asbestos,,
1060544-VI,6,2025 Mar 21 12:00:00 AM,,,Initiated,5906 28TH AVE NW,98107,https://services.seattle.gov/portal/customize/LinkToRecord.aspx?altId=1060544-VI,False,False,True,,,rent increase
003222-25CP,6,2025 Mar 24 12:00:00 AM,,,Completed,949 N 80TH ST,98103,https://services.seattle.gov/portal/customize/LinkToRecord.aspx?altId=003222-25CP,False,False,True,,,entered without notice
003725-25CP,6,2025 Apr 03 12:00:00 AM,,,Completed,7319 WOODLAWN AVE NE,98115,https://services.seattle.gov/portal/customize/LinkToRecord.aspx?altId=003725-25CP,True,False,True,uninhabitable,,tenant rights
004149-25CP,6,2025 Apr 11 12:00:00 AM,,,Completed,2652 NW 56TH ST,98107,https://services.seattle.gov/portal/customize/LinkToRecord.aspx?altId=004149-25CP,False,True,False,,threaten|retaliat,
004374-25CP,6,2025 Apr 15 12:00:00 AM,,,Completed,1501 NW 56TH ST,98107,https://services.seattle.gov/portal/customize/LinkToRecord.aspx?altId=004374-25CP,False,False,True,,,tenant rights
004496-25CP,6,2025 Apr 18 12:00:00 AM,,,Completed,708 N 35TH ST,98103,https://services.seattle.gov/portal/customize/LinkToRecord.aspx?altId=004496-25CP,True,False,False,structural,,
004638-25CP,6,2025 Apr 22 12:00:00 AM,,,Completed,828 NW 59TH ST,98107,https://services.seattle.gov/portal/customize/LinkToRecord.aspx?altId=004638-25CP,False,True,False,,forced to move,
004788-25CP,6,2025 Apr 25 12:00:00 AM,,,Under Investigation,1545 NW MARKET ST,98107,https://services.seattle.gov/portal/customize/LinkToRecord.aspx?altId=004788-25CP,False,False,True,,,tenant rights
004889-25CP,6,2025 Apr 28 12:00:00 AM,,,Completed,4052 BURTON PL W,98199,https://services.seattle.gov/portal/customize/LinkToRecord.aspx?altId=004889-25CP,False,True,False,,trao,
005287-25CP,6,2025 May 06 12:00:00 AM,,,Under Investigation,2626 NW 59TH ST,98107,https://services.seattle.gov/portal/customize/LinkToRecord.aspx?altId=005287-25CP,False,False,True,,,security deposit|deposit not returned
005397-25CP,6,2025 May 08 12:00:00 AM,,,Completed,6530 24TH AVE NW,98117,https://services.seattle.gov/portal/customize/LinkToRecord.aspx?altId=005397-25CP,False,False,True,,,utility billing
005526-25CP,6,2025 May 12 12:00:00 AM,,,Completed,8011 AURORA AVE N,98103,https://services.seattle.gov/portal/customize/LinkToRecord.aspx?altId=005526-25CP,False,False,True,,,rental registration|rrio
005719-25CP,6,2025 May 16 12:00:00 AM,,,Under Investigation,7300 5TH AVE NE,98115,https://services.seattle.gov/portal/customize/LinkToRecord.aspx?altId=005719-25CP,True,False,False,sewage|flooded,,
006448-25CP,6,2025 Jun 02 12:00:00 AM,,,Completed,7619 AURORA AVE N,98103,https://services.seattle.gov/portal/customize/LinkToRecord.aspx?altId=006448-25CP,False,True,True,,harass|threaten,tenant rights
006748-25CP,6,2025 Jun 02 12:00:00 AM,,,Completed,1545 NW MARKET ST,98107,https://services.seattle.gov/portal/customize/LinkToRecord.aspx?altId=006748-25CP,False,True,True,,pota,rent increase
006823-25CP,6,2025 Jun 09 12:00:00 AM,,,Completed,7013 GREENWOOD AVE N,98103,https://services.seattle.gov/portal/customize/LinkToRecord.aspx?altId=006823-25CP,False,True,True,,retaliat,without proper notice
006932-25CP,6,2025 Jun 10 12:00:00 AM,,,Open Duplicate,7619 AURORA AVE N,98103,https://services.seattle.gov/portal/customize/LinkToRecord.aspx?altId=006932-25CP,False,True,False,,threaten,
007755-25CP,6,2025 Jun 25 12:00:00 AM,,,Closed,4309 34TH AVE W,98199,https://services.seattle.gov/portal/customize/LinkToRecord.aspx?altId=007755-25CP,False,True,False,,threaten,
007789-25CP,6,2025 Jun 25 12:00:00 AM,,,Under Investigation,3402 37TH AVE W,98199,https://services.seattle.gov/portal/customize/LinkToRecord.aspx?altId=007789-25CP,False,False,True,,,tenant rights
008370-25CP,6,2025 Jul 08 12:00:00 AM,,,Under Investigation,8011 AURORA AVE N,98103,https://services.seattle.gov/portal/customize/LinkToRecord.aspx?altId=008370-25CP,False,False,True,,,rental registration|rrio
010016-25CP,6,2025 Jul 28 12:00:00 AM,,,Under Investigation,5711 24TH AVE NW,98107,https://services.seattle.gov/portal/customize/LinkToRecord.aspx?altId=010016-25CP,False,True,False,,harass,
010609-25CP,6,2025 Aug 14 12:00:00 AM,,,Closed,720 N 80TH ST,98103,https://services.seattle.gov/portal/customize/LinkToRecord.aspx?altId=010609-25CP,False,False,True,,,just cause
010939-25CP,6,2025 Aug 22 12:00:00 AM,,,Under Investigation,326 NE 50TH ST,98105,https://services.seattle.gov/portal/customize/LinkToRecord.aspx?altId=010939-25CP,False,False,True,,,rent increase
011263-25CP,6,2025 Sep 02 12:00:00 AM,,,Under Investigation,6313 22ND AVE NW,98107,https://services.seattle.gov/portal/customize/LinkToRecord.aspx?altId=011263-25CP,False,False,True,,,vacate notice
011603-25CP,6,2025 Sep 10 12:00:00 AM,,,Completed,2652 NW 56TH ST,98107,https://services.seattle.gov/portal/customize/LinkToRecord.aspx?altId=011603-25CP,False,False,True,,,tenant rights
011717-25CP,6,2025 Sep 11 12:00:00 AM,,,Under Investigation,8500 32ND AVE NW,98117,https://services.seattle.gov/portal/customize/LinkToRecord.aspx?altId=011717-25CP,True,False,True,leak|hazard,,security deposit
011870-25CP,6,2025 Sep 16 12:00:00 AM,,,Under Investigation,4315 31ST AVE W,98199,https://services.seattle.gov/portal/customize/LinkToRecord.aspx?altId=011870-25CP,False,False,True,,,rent increase
011883-25CP,6,2025 Sep 15 12:00:00 AM,,,Closed,1524 NW 52ND ST,98107,https://services.seattle.gov/portal/customize/LinkToRecord.aspx?altId=011883-25CP,False,False,True,,,tenant rights
012637-25CP,6,2025 Oct 06 12:00:00 AM,,,Under Investigation,6255 PALATINE AVE N,98103,https://services.seattle.gov/portal/customize/LinkToRecord.aspx?altId=012637-25CP,False,False,True,,,eviction notice
013498-25CP,6,2025 Oct 23 12:00:00 AM,,,Completed,2233 NW 58TH ST,98107,https://services.seattle.gov/portal/customize/LinkToRecord.aspx?altId=013498-25CP,True,False,False,flooding,,
013730-25CP,6,2025 Oct 28 12:00:00 AM,,,Under Investigation,3123 NW 87TH ST,98117,https://services.seattle.gov/portal/customize/LinkToRecord.aspx?altId=013730-25CP,False,False,True,,,security deposit
013745-25CP,6,2025 Oct 24 12:00:00 AM,,,Under Investigation,6311 22ND AVE NW,98107,https://services.seattle.gov/portal/customize/LinkToRecord.aspx?altId=013745-25CP,False,False,True,,,notice to vacate|just cause
014082-25CP,6,2025 Nov 05 12:00:00 AM,,,Under Investigation,8310 31ST AVE NW,98117,https://services.seattle.gov/portal/customize/LinkToRecord.aspx?altId=014082-25CP,True,False,False,leak|water damage,,
014289-25CP,6,2025 Nov 10 12:00:00 AM,,,Completed,5555 14TH AVE NW,98107,https://services.seattle.gov/portal/customize/LinkToRecord.aspx?altId=014289-25CP,False,True,False,,trao,
014465-25CP,6,2025 Nov 13 12:00:00 AM,,,Under Investigation,5615 24TH AVE NW,98107,https://services.seattle.gov/portal/customize/LinkToRecord.aspx?altId=014465-25CP,False,False,True,,,just cause|just cause eviction
014789-25CP,6,2025 Nov 20 12:00:00 AM,,,Under Investigation,5206 BALLARD AVE NW,98107,https://services.seattle.gov/portal/customize/LinkToRecord.aspx?altId=014789-25CP,True,False,False,no heat,,
014919-25CP,6,2025 Nov 24 12:00:00 AM,,,Under Investigation,643 B NW 85TH ST,98117,https://services.seattle.gov/portal/customize/LinkToRecord.aspx?altId=014919-25CP,False,False,True,,,security deposit
015203-25CP,6,2025 Dec 03 12:00:00 AM,,,Under Investigation,2427 NW 59TH ST,98107,https://services.seattle.gov/portal/customize/LinkToRecord.aspx?altId=015203-25CP,True,False,True,no heat,,tenant rights
015286-25CP,6,2025 Oct 27 12:00:00 AM,,,Open Duplicate,3123 NW 87TH ST,98117,https://services.seattle.gov/portal/customize/LinkToRecord.aspx?altId=015286-25CP,False,True,False,,retaliat,
015288-25CP,6,2025 Oct 29 12:00:00 AM,,,Under Investigation,4515 GREENWOOD AVE N,98103,https://services.seattle.gov/portal/customize/LinkToRecord.aspx?altId=015288-25CP,False,False,True,,,rent increase
015411-25CP,6,2025 Oct 29 12:00:00 AM,,,Under Investigation,2026 NW 58TH ST,98107,https://services.seattle.gov/portal/customize/LinkToRecord.aspx?altId=015411-25CP,True,False,False,leak|leaks,,
015702-25CP,6,2025 Dec 16 12:00:00 AM,,,Under Investigation,8034 DENSMORE AVE N,98103,https://services.seattle.gov/portal/customize/LinkToRecord.aspx?altId=015702-25CP,False,False,True,,,tenant rights
015735-25CP,6,2025 Oct 01 12:00:00 AM,,,Under Investigation,2600 NW 63RD ST,98107,https://services.seattle.gov/portal/customize/LinkToRecord.aspx?altId=015735-25CP,False,False,True,,,rent increase
015892-25CP,6,2025 Dec 22 12:00:00 AM,,,Under Investigation,5351 24TH AVE NW,98107,https://services.seattle.gov/portal/customize/LinkToRecord.aspx?altId=015892-25CP,False,False,True,,,tenant rights
003904-20CP,6,2020 May 14 12:00:00 AM,,,Closed,2437 NW 60TH ST,98107,https://services.seattle.gov/portal/customize/LinkToRecord.aspx?altId=003904-20CP,False,True,False,,trao,
001310-15CP,6,2015 Jan 23 12:00:00 AM,2015 Feb 11 12:00:00 AM,Completed,Completed,739 N 73RD ST,98103,https://services.seattle.gov/portal/customize/LinkToRecord.aspx?altId=001310-15CP,True,False,False,no heat|no hot water|leak|leaks,,
001348-15CP,6,2015 Jan 26 12:00:00 AM,2015 Jan 29 12:00:00 AM,Completed,Completed,5511 4TH AVE NW,98107,https://services.seattle.gov/portal/customize/LinkToRecord.aspx?altId=001348-15CP,True,False,False,mold,,
001814-15CP,6,2015 Feb 24 12:00:00 AM,,,Completed,7616 LATONA AVE NE,98115,https://services.seattle.gov/portal/customize/LinkToRecord.aspx?altId=001814-15CP,True,False,True,no heat,,illegal rent
001940-15CP,6,2015 Mar 04 12:00:00 AM,2015 Mar 18 12:00:00 AM,Completed,Completed,7806 8TH AVE NW,98117,https://services.seattle.gov/portal/customize/LinkToRecord.aspx?altId=001940-15CP,True,False,False,mold,,
002155-15CP,6,2015 Mar 18 12:00:00 AM,2015 Apr 06 12:00:00 AM,Completed,Completed,4468 LINDEN AVE N,98103,https://services.seattle.gov/portal/customize/LinkToRecord.aspx?altId=002155-15CP,True,False,False,infestation,,
002172-15CP,6,2015 Mar 19 12:00:00 AM,2015 Mar 25 12:00:00 AM,Completed,Completed,4311 35TH AVE W,98199,https://services.seattle.gov/portal/customize/LinkToRecord.aspx?altId=002172-15CP,True,False,False,leak|leaking|water damage,,
002554-15CP,6,2015 Apr 10 12:00:00 AM,2015 Apr 17 12:00:00 AM,Completed,Completed,1609 NW 85TH ST,98117,https://services.seattle.gov/portal/customize/LinkToRecord.aspx?altId=002554-15CP,True,False,False,leak|mold,,
002593-15CP,6,2015 Apr 13 12:00:00 AM,2015 Apr 16 12:00:00 AM,Completed,Completed,2124 N 64TH ST,98103,https://services.seattle.gov/portal/customize/LinkToRecord.aspx?altId=002593-15CP,True,False,False,mold|no smoke detector,,
002636-15CP,6,2015 Apr 14 12:00:00 AM,2015 Apr 21 12:00:00 AM,Completed,Completed,7415 5TH AVE NE,98115,https://services.seattle.gov/portal/customize/LinkToRecord.aspx?altId=002636-15CP,True,False,False,mold,,
002646-15CP,6,2015 Apr 14 12:00:00 AM,2015 Apr 15 12:00:00 AM,Completed,Completed,4468 LINDEN AVE N,98103,https://services.seattle.gov/portal/customize/LinkToRecord.aspx?altId=002646-15CP,True,False,False,infestation,,
002836-15CP,6,2015 Apr 28 12:00:00 AM,2015 Apr 28 12:00:00 AM,Completed,Completed,739 N 73RD ST,98103,https://services.seattle.gov/portal/customize/LinkToRecord.aspx?altId=002836-15CP,True,False,False,no heat|no hot water|no stove,,
002837-15CP,6,2015 Apr 28 12:00:00 AM,2015 May 06 12:00:00 AM,Completed,Completed,8001 ASHWORTH AVE N,98103,https://services.seattle.gov/portal/customize/LinkToRecord.aspx?altId=002837-15CP,True,False,False,mold|hazard|fire hazard|no carbon monoxide,,
002972-15CP,6,2015 May 05 12:00:00 AM,,,Completed,709 N 62ND ST,98103,https://services.seattle.gov/portal/customize/LinkToRecord.aspx?altId=002972-15CP,True,False,False,unsafe,,
003059-15CP,6,2015 May 07 12:00:00 AM,2015 May 22 12:00:00 AM,Completed,Completed,6210 22ND AVE NW,98107,https://services.seattle.gov/portal/customize/LinkToRecord.aspx?altId=003059-15CP,True,False,False,mold,,
003204-15CP,6,2015 May 14 12:00:00 AM,2015 May 18 12:00:00 AM,Completed,Completed,4313 35TH AVE W,98199,https://services.seattle.gov/portal/customize/LinkToRecord.aspx?altId=003204-15CP,True,False,False,leak|leaks,,
003289-15CP,6,2015 May 19 12:00:00 AM,2015 May 27 12:00:00 AM,Completed,Completed,4419 DAYTON AVE N,98103,https://services.seattle.gov/portal/customize/LinkToRecord.aspx?altId=003289-15CP,True,False,False,leak|leaks,,
003383-15CP,6,2015 May 21 12:00:00 AM,2015 Jun 24 12:00:00 AM,Completed,Completed,1415 NW 65TH ST,98117,https://services.seattle.gov/portal/customize/LinkToRecord.aspx?altId=003383-15CP,True,False,False,infestation|rodent,,
003596-15CP,6,2015 Jun 01 12:00:00 AM,2015 Jun 08 12:00:00 AM,Completed,Completed,1128 N 77TH ST,98103,https://services.seattle.gov/portal/customize/LinkToRecord.aspx?altId=003596-15CP,True,False,False,water damage|mold|black mold,,
003638-15CP,6,2015 Jun 02 12:00:00 AM,2015 Jul 07 12:00:00 AM,Completed,Completed,1905 NW 80TH ST,98117,https://services.seattle.gov/portal/customize/LinkToRecord.aspx?altId=003638-15CP,True,False,False,mold|black mold,,
003685-15CP,6,2015 Jun 04 12:00:00 AM,2015 Jun 12 12:00:00 AM,Completed,Completed,6736 24TH AVE NW,98117,https://services.seattle.gov/portal/customize/LinkToRecord.aspx?altId=003685-15CP,True,False,False,water damage,,
003736-15CP,6,2015 Jun 05 12:00:00 AM,,,Closed,4419 DAYTON AVE N,98103,https://services.seattle.gov/portal/customize/LinkToRecord.aspx?altId=003736-15CP,True,False,False,mold,,
003803-15CP,6,2015 Jun 09 12:00:00 AM,2015 Jun 17 12:00:00 AM,Completed,Completed,1413 N 54TH ST,98103,https://services.seattle.gov/portal/customize/LinkToRecord.aspx?altId=003803-15CP,True,False,False,leak|leaking|leaks|mold,,
004056-15CP,6,2015 Jun 19 12:00:00 AM,2015 Jul 28 12:00:00 AM,Completed,Completed,2230 NW 59TH ST,98107,https://services.seattle.gov/portal/customize/LinkToRecord.aspx?altId=004056-15CP,True,False,False,flooding|mold|moisture,,
004263-15CP,6,2015 Jun 29 12:00:00 AM,2015 Aug 14 12:00:00 AM,Completed,Completed,7505 8TH AVE NW,98117,https://services.seattle.gov/portal/customize/LinkToRecord.aspx?altId=004263-15CP,True,False,False,rats,,
004375-15CP,6,2015 Jul 02 12:00:00 AM,2015 Jul 17 12:00:00 AM,Completed,Completed,6053 3RD AVE NW,98107,https://services.seattle.gov/portal/customize/LinkToRecord.aspx?altId=004375-15CP,True,False,False,structural|no smoke detector,,
004376-15CP,6,2015 Jul 02 12:00:00 AM,2015 Jul 07 12:00:00 AM,Completed,Completed,7415 ORIN CT N,98103,https://services.seattle.gov/portal/customize/LinkToRecord.aspx?altId=004376-15CP,True,False,False,sewage,,
004450-15CP,6,2015 Jul 06 12:00:00 AM,2015 Aug 14 12:00:00 AM,Completed,Completed,4419 DAYTON AVE N,98103,https://services.seattle.gov/portal/customize/LinkToRecord.aspx?altId=004450-15CP,True,False,False,mold|garbage,,
004460-15CP,6,2015 Jul 06 12:00:00 AM,2015 Sep 23 12:00:00 AM,Completed,Completed,1915 NW 65TH ST,98117,https://services.seattle.gov/portal/customize/LinkToRecord.aspx?altId=004460-15CP,True,False,False,unsafe,,
004469-15CP,6,2015 Jul 07 12:00:00 AM,2015 Jul 14 12:00:00 AM,Completed,Completed,4255 GILMAN AVE W,98199,https://services.seattle.gov/portal/customize/LinkToRecord.aspx?altId=004469-15CP,True,False,False,hazard|fire hazard,,
004482-15CP,6,2015 Jul 07 12:00:00 AM,2015 Aug 07 12:00:00 AM,Completed,Completed,1753 NW 56TH ST,98107,https://services.seattle.gov/portal/customize/LinkToRecord.aspx?altId=004482-15CP,True,False,False,no hot water,,
004695-15CP,6,2015 Jul 16 12:00:00 AM,2015 Aug 07 12:00:00 AM,Completed,Completed,1753 NW 56TH ST,98107,https://services.seattle.gov/portal/customize/LinkToRecord.aspx?altId=004695-15CP,True,False,False,no hot water,,
005079-15CP,6,2015 Jul 31 12:00:00 AM,2015 Aug 07 12:00:00 AM,Completed,Completed,3613 2ND AVE NW,98107,https://services.seattle.gov/portal/customize/LinkToRecord.aspx?altId=005079-15CP,False,False,True,,,code violation
005597-15CP,6,2015 Aug 21 12:00:00 AM,2015 Aug 21 12:00:00 AM,Completed,Completed,1542 LOGAN AVE W,98199,https://services.seattle.gov/portal/customize/LinkToRecord.aspx?altId=005597-15CP,True,False,False,no water|sewage,,
006328-15CP,6,2015 Sep 28 12:00:00 AM,2015 Oct 14 12:00:00 AM,Completed,Completed,5238 LEARY AVE NW,98107,https://services.seattle.gov/portal/customize/LinkToRecord.aspx?altId=006328-15CP,True,False,False,no water|leak|leaks|water damage|mold|rats,,
006999-15CP,6,2015 Oct 30 12:00:00 AM,2015 Dec 22 12:00:00 AM,Completed,Completed,7037 15TH AVE NW,98117,https://services.seattle.gov/portal/customize/LinkToRecord.aspx?altId=006999-15CP,True,False,False,mold,,
007252-15CP,6,2015 Nov 17 12:00:00 AM,2015 Dec 22 12:00:00 AM,Completed,Completed,2417 NW 60TH ST,98107,https://services.seattle.gov/portal/customize/LinkToRecord.aspx?altId=007252-15CP,True,False,False,no power|water damage,,
007636-15CP,6,2015 Dec 14 12:00:00 AM,2016 Jan 15 12:00:00 AM,Completed,Completed,1826 NW 89TH ST,98117,https://services.seattle.gov/portal/customize/LinkToRecord.aspx?altId=007636-15CP,True,False,False,leak|leaking,,
007808-15CP,6,2015 Dec 28 12:00:00 AM,2016 Feb 25 12:00:00 AM,Completed,Completed,5209 RUSSELL AVE NW,98107,https://services.seattle.gov/portal/customize/LinkToRecord.aspx?altId=007808-15CP,True,False,False,leak|leaking,,
007828-15CP,6,2015 Dec 29 12:00:00 AM,2015 Dec 31 12:00:00 AM,Completed,Completed,6201 24TH AVE NW,98107,https://services.seattle.gov/portal/customize/LinkToRecord.aspx?altId=007828-15CP,True,False,False,water damage,,
1033733-TR,6,2015 Jan 12 12:00:00 AM,,,Completed,3639 DAYTON AVE N,98103,https://services.seattle.gov/portal/customize/LinkToRecord.aspx?altId=1033733-TR,False,True,False,,tenant relocation,
1033784-TR,6,2015 Jan 16 12:00:00 AM,2015 May 07 12:00:00 AM,Vacant,Completed,3822 23RD AVE W,98199,https://services.seattle.gov/portal/customize/LinkToRecord.aspx?altId=1033784-TR,False,True,False,,tenant relocation,
1033785-TR,6,2015 Jan 16 12:00:00 AM,,,Completed,2227 NW 60TH ST,98107,https://services.seattle.gov/portal/customize/LinkToRecord.aspx?altId=1033785-TR,False,True,False,,tenant relocation,
1033792-TR,6,2015 Jan 20 12:00:00 AM,,,Completed,1723 NW 56TH ST,98107,https://services.seattle.gov/portal/customize/LinkToRecord.aspx?altId=1033792-TR,False,True,False,,tenant relocation,
1033870-VI,6,2015 Jan 29 12:00:00 AM,2015 Mar 23 12:00:00 AM,Compliance Achieved,Completed,5511 4TH AVE NW,98107,https://services.seattle.gov/portal/customize/LinkToRecord.aspx?altId=1033870-VI,True,False,False,mold,,
1033884-TR,6,2015 Feb 02 12:00:00 AM,,,Completed,7748 31ST AVE NW,98117,https://services.seattle.gov/portal/customize/LinkToRecord.aspx?altId=1033884-TR,False,True,False,,tenant relocation,
1034008-TR,6,2015 Feb 13 12:00:00 AM,,,Completed,839 NW 52ND ST,98107,https://services.seattle.gov/portal/customize/LinkToRecord.aspx?altId=1034008-TR,False,True,False,,tenant relocation,
1034037-TR,6,2015 Feb 19 12:00:00 AM,,,Completed,7055 ALONZO AVE NW,98117,https://services.seattle.gov/portal/customize/LinkToRecord.aspx?altId=1034037-TR,False,True,False,,tenant relocation,
1034115-TR,6,2015 Mar 03 12:00:00 AM,2015 Jun 02 12:00:00 AM,Vacant,Completed,901 MONTANA CIR,98199,https://services.seattle.gov/portal/customize/LinkToRecord.aspx?altId=1034115-TR,False,True,False,,tenant relocation,
1034116-TR,6,2015 Mar 03 12:00:00 AM,,,Completed,670 WASHINGTON AVE,98199,https://services.seattle.gov/portal/customize/LinkToRecord.aspx?altId=1034116-TR,False,True,False,,tenant relocation,
1034117-TR,6,2015 Mar 03 12:00:00 AM,,,Completed,640 WASHINGTON AVE,98199,https://services.seattle.gov/portal/customize/LinkToRecord.aspx?altId=1034117-TR,False,True,False,,tenant relocation,
1034135-TR,6,2015 Mar 06 12:00:00 AM,,,Completed,6408 PHINNEY AVE N,98103,https://services.seattle.gov/portal/customize/LinkToRecord.aspx?altId=1034135-TR,False,True,False,,tenant relocation,
1034245-VI,6,2015 Mar 19 12:00:00 AM,2015 Apr 13 12:00:00 AM,Compliance Achieved,Completed,7806 8TH AVE NW,98117,https://services.seattle.gov/portal/customize/LinkToRecord.aspx?altId=1034245-VI,True,False,False,mold,,
1034423-VI,6,2015 Apr 15 12:00:00 AM,,,Completed,4468 LINDEN AVE N,98103,https://services.seattle.gov/portal/customize/LinkToRecord.aspx?altId=1034423-VI,True,False,False,infestation,,
1034448-VI,6,2015 Apr 16 12:00:00 AM,2015 Jun 08 12:00:00 AM,Compliance Achieved,Completed,2124 N 64TH ST,98103,https://services.seattle.gov/portal/customize/LinkToRecord.aspx?altId=1034448-VI,True,False,False,mold|no smoke detector,,
1034480-VI,6,2015 Apr 22 12:00:00 AM,2016 Jul 15 12:00:00 AM,Compliance Achieved,Completed,4311 35TH AVE W,98199,https://services.seattle.gov/portal/customize/LinkToRecord.aspx?altId=1034480-VI,True,False,False,leak|leaking|water damage,,
1034516-VI,6,2015 Apr 28 12:00:00 AM,2015 May 11 12:00:00 AM,Compliance Achieved,Completed,739 N 73RD ST,98103,https://services.seattle.gov/portal/customize/LinkToRecord.aspx?altId=1034516-VI,True,False,False,no heat|no hot water|no stove,,
1034551-TR,6,2015 May 01 12:00:00 AM,2015 Jun 02 12:00:00 AM,Vacant,Completed,7703 17TH AVE NW,98117,https://services.seattle.gov/portal/customize/LinkToRecord.aspx?altId=1034551-TR,False,True,False,,tenant relocation,
1034553-VI,6,2015 May 01 12:00:00 AM,2015 May 21 12:00:00 AM,Compliance Achieved,Completed,7415 5TH AVE NE,98115,https://services.seattle.gov/portal/customize/LinkToRecord.aspx?altId=1034553-VI,True,False,False,mold,,
1034567-VI,6,2015 May 04 12:00:00 AM,2015 May 11 12:00:00 AM,Compliance Achieved,Completed,739 N 73RD ST,98103,https://services.seattle.gov/portal/customize/LinkToRecord.aspx?altId=1034567-VI,True,False,False,no heat|no hot water|no stove,,
1034599-VI,6,2015 May 06 12:00:00 AM,2015 Jun 29 12:00:00 AM,Compliance Achieved,Completed,8001 ASHWORTH AVE N,98103,https://services.seattle.gov/portal/customize/LinkToRecord.aspx?altId=1034599-VI,True,False,False,mold|hazard|fire hazard|no carbon monoxide,,
1034623-TR,6,2015 May 08 12:00:00 AM,,,Completed,3632 1ST AVE NW,98107,https://services.seattle.gov/portal/customize/LinkToRecord.aspx?altId=1034623-TR,False,True,False,,tenant relocation,
1034640-VI,6,2015 May 12 12:00:00 AM,2015 Aug 31 12:00:00 AM,Compliance Achieved,Completed,739 N 73RD ST,98103,https://services.seattle.gov/portal/customize/LinkToRecord.aspx?altId=1034640-VI,True,False,False,no heat|no hot water|no stove,,
1034701-TR,6,2015 May 19 12:00:00 AM,2015 Oct 07 12:00:00 AM,Vacant,Completed,812 NW 49TH ST,98107,https://services.seattle.gov/portal/customize/LinkToRecord.aspx?altId=1034701-TR,False,True,False,,tenant relocation,
1034741-VI,6,2015 May 27 12:00:00 AM,2015 Jul 02 12:00:00 AM,Compliance Achieved,Completed,4419 DAYTON AVE N,98103,https://services.seattle.gov/portal/customize/LinkToRecord.aspx?altId=1034741-VI,True,False,False,leak|leaks,,
1034786-TR,6,2015 Jun 04 12:00:00 AM,,,Completed,3519 FREMONT PL N,98103,https://services.seattle.gov/portal/customize/LinkToRecord.aspx?altId=1034786-TR,False,True,False,,tenant relocation,
1034801-VI,6,2015 Jun 08 12:00:00 AM,2015 Dec 30 12:00:00 AM,Compliance Achieved,Completed,1128 N 77TH ST,98103,https://services.seattle.gov/portal/customize/LinkToRecord.aspx?altId=1034801-VI,True,False,False,water damage|mold|black mold,,
1034803-TR,6,2015 Jun 08 12:00:00 AM,,,Completed,104 N 84TH ST,98103,https://services.seattle.gov/portal/customize/LinkToRecord.aspx?altId=1034803-TR,False,True,False,,tenant relocation,
1034804-TR,6,2015 Jun 08 12:00:00 AM,2015 Nov 02 12:00:00 AM,Vacant,Completed,6706 14TH AVE NW,98117,https://services.seattle.gov/portal/customize/LinkToRecord.aspx?altId=1034804-TR,False,True,False,,tenant relocation,
1034822-TR,6,2015 Jun 11 12:00:00 AM,,,Completed,822 NW 53RD ST,98107,https://services.seattle.gov/portal/customize/LinkToRecord.aspx?altId=1034822-TR,False,True,False,,tenant relocation,
1034831-VI,6,2015 Jun 12 12:00:00 AM,2015 Aug 13 12:00:00 AM,Compliance Achieved,Completed,6736 24TH AVE NW,98117,https://services.seattle.gov/portal/customize/LinkToRecord.aspx?altId=1034831-VI,True,False,False,water damage,,
1034835-TR,6,2015 Jun 12 12:00:00 AM,2015 Sep 02 12:00:00 AM,Vacant,Completed,1701 NW 65TH ST,98117,https://services.seattle.gov/portal/customize/LinkToRecord.aspx?altId=1034835-TR,False,True,False,,tenant relocation,
1034851-TR,6,2015 Jun 16 12:00:00 AM,,,Completed,1526 NW 59TH ST,98107,https://services.seattle.gov/portal/customize/LinkToRecord.aspx?altId=1034851-TR,False,True,False,,tenant relocation,
1034860-VI,6,2015 Jun 17 12:00:00 AM,2015 Sep 22 12:00:00 AM,Compliance Achieved,Completed,1413 N 54TH ST,98103,https://services.seattle.gov/portal/customize/LinkToRecord.aspx?altId=1034860-VI,True,False,False,leak|leaking|leaks|mold,,
1034912-TR,6,2015 Jun 23 12:00:00 AM,2015 Sep 14 12:00:00 AM,Vacant,Completed,4023 FREMONT AVE N,98103,https://services.seattle.gov/portal/customize/LinkToRecord.aspx?altId=1034912-TR,False,True,False,,tenant relocation,
1034913-TR,6,2015 Jun 23 12:00:00 AM,2015 Aug 24 12:00:00 AM,Vacant,Completed,4027 FREMONT AVE N,98103,https://services.seattle.gov/portal/customize/LinkToRecord.aspx?altId=1034913-TR,False,True,False,,tenant relocation,
1034921-VI,6,2015 Jun 24 12:00:00 AM,2015 Nov 12 12:00:00 AM,Compliance Achieved,Completed,1415 NW 65TH ST,98117,https://services.seattle.gov/portal/customize/LinkToRecord.aspx?altId=1034921-VI,True,False,False,infestation|rodent,,
1034958-TR,6,2015 Jun 29 12:00:00 AM,2015 Sep 01 12:00:00 AM,Vacant,Completed,2210 W EMERSON ST,98199,https://services.seattle.gov/portal/customize/LinkToRecord.aspx?altId=1034958-TR,False,True,False,,tenant relocation,
1035043-TR,6,2015 Jul 08 12:00:00 AM,,,Completed,3233 NW MARKET ST,98107,https://services.seattle.gov/portal/customize/LinkToRecord.aspx?altId=1035043-TR,False,True,False,,tenant relocation,
1035106-TR,6,2015 Jul 15 12:00:00 AM,,,Completed,7530 15TH AVE NW,98117,https://services.seattle.gov/portal/customize/LinkToRecord.aspx?altId=1035106-TR,False,True,False,,tenant relocation,
1035107-TR,6,2015 Jul 15 12:00:00 AM,2015 Dec 02 12:00:00 AM,Vacant,Completed,7425 4TH AVE NE,98115,https://services.seattle.gov/portal/customize/LinkToRecord.aspx?altId=1035107-TR,False,True,False,,tenant relocation,
1035128-VI,6,2015 Jul 17 12:00:00 AM,2016 Mar 02 12:00:00 AM,Compliance Achieved,Completed,6053 3RD AVE NW,98107,https://services.seattle.gov/portal/customize/LinkToRecord.aspx?altId=1035128-VI,True,False,False,structural|no smoke detector,,
1035229-VI,6,2015 Jul 29 12:00:00 AM,2015 Sep 17 12:00:00 AM,Compliance Achieved,Completed,4255 GILMAN AVE W,98199,https://services.seattle.gov/portal/customize/LinkToRecord.aspx?altId=1035229-VI,True,False,False,hazard|fire hazard,,
1035256-TR,6,2015 Jul 31 12:00:00 AM,,,Completed,6731 ALONZO AVE NW,98117,https://services.seattle.gov/portal/customize/LinkToRecord.aspx?altId=1035256-TR,False,True,False,,tenant relocation,
1035307-TR,6,2015 Aug 07 12:00:00 AM,2015 Oct 08 12:00:00 AM,Vacant,Completed,3635 PHINNEY AVE N,98103,https://services.seattle.gov/portal/customize/LinkToRecord.aspx?altId=1035307-TR,False,True,False,,tenant relocation,
1035583-TR,6,2015 Sep 10 12:00:00 AM,,,Completed,403 N 49TH ST,98103,https://services.seattle.gov/portal/customize/LinkToRecord.aspx?altId=1035583-TR,False,True,False,,tenant relocation,
1035707-TR,6,2015 Sep 24 12:00:00 AM,,,Completed,304 NE LONGWOOD PL,98115,https://services.seattle.gov/portal/customize/LinkToRecord.aspx?altId=1035707-TR,False,True,False,,tenant relocation,
1035878-VI,6,2015 Oct 14 12:00:00 AM,2015 Oct 20 12:00:00 AM,Compliance Achieved,Completed,5238 LEARY AVE NW,98107,https://services.seattle.gov/portal/customize/LinkToRecord.aspx?altId=1035878-VI,True,False,False,no water|leak|leaks|water damage|mold|rats,,
1035879-VI,6,2015 Oct 14 12:00:00 AM,2016 Jul 11 12:00:00 AM,Compliance Achieved,Completed,5238 LEARY AVE NW,98107,https://services.seattle.gov/portal/customize/LinkToRecord.aspx?altId=1035879-VI,True,False,False,no water|leak|leaks|water damage|mold|rats,,
1035898-TR,6,2015 Oct 16 12:00:00 AM,,,Completed,2821 W JAMESON ST,98199,https://services.seattle.gov/portal/customize/LinkToRecord.aspx?altId=1035898-TR,False,True,False,,tenant relocation,
1035901-TR,6,2015 Oct 16 12:00:00 AM,,,Completed,2407 NW 59TH ST,98107,https://services.seattle.gov/portal/customize/LinkToRecord.aspx?altId=1035901-TR,False,True,False,,tenant relocation,
1035932-TR,6,2015 Oct 21 12:00:00 AM,2015 Dec 07 12:00:00 AM,Vacant,Completed,4229 EVANSTON AVE N,98103,https://services.seattle.gov/portal/customize/LinkToRecord.aspx?altId=1035932-TR,False,True,False,,tenant relocation,
1035936-TR,6,2015 Oct 21 12:00:00 AM,,,Completed,1427 NW 65TH ST,98117,https://services.seattle.gov/portal/customize/LinkToRecord.aspx?altId=1035936-TR,False,True,False,,tenant relocation,
1035940-TR,6,2015 Oct 22 12:00:00 AM,,,Completed,1552 NW 58TH ST,98107,https://services.seattle.gov/portal/customize/LinkToRecord.aspx?altId=1035940-TR,False,True,False,,tenant relocation,
1036009-TR,6,2015 Nov 02 12:00:00 AM,,,Completed,6702 14TH AVE NW,98117,https://services.seattle.gov/portal/customize/LinkToRecord.aspx?altId=1036009-TR,False,True,False,,tenant relocation,
1036047-TR,6,2015 Nov 04 12:00:00 AM,,,Completed,2226 NW 58TH ST,98107,https://services.seattle.gov/portal/customize/LinkToRecord.aspx?altId=1036047-TR,False,True,False,,tenant relocation,
1036158-TR,6,2015 Nov 18 12:00:00 AM,2016 Jan 06 12:00:00 AM,Vacant,Completed,2450 NW 58TH ST,98107,https://services.seattle.gov/portal/customize/LinkToRecord.aspx?altId=1036158-TR,False,True,False,,tenant relocation,
1036179-TR,6,2015 Nov 19 12:00:00 AM,,,Completed,1703 NW 64TH ST,98107,https://services.seattle.gov/portal/customize/LinkToRecord.aspx?altId=1036179-TR,False,True,False,,tenant relocation,
1036265-TR,6,2015 Dec 04 12:00:00 AM,2016 Mar 04 12:00:00 AM,Vacant,Completed,2216 NW 64TH ST,98107,https://services.seattle.gov/portal/customize/LinkToRecord.aspx?altId=1036265-TR,False,True,False,,tenant relocation,
1036296-TR,6,2015 Dec 09 12:00:00 AM,,,Completed,404 N 48TH ST,98103,https://services.seattle.gov/portal/customize/LinkToRecord.aspx?altId=1036296-TR,False,True,False,,tenant relocation,
1036326-TR,6,2015 Dec 11 12:00:00 AM,2016 Jan 22 12:00:00 AM,Vacant,Completed,1721 NW 60TH ST,98107,https://services.seattle.gov/portal/customize/LinkToRecord.aspx?altId=1036326-TR,False,True,False,,tenant relocation,
1036365-TR,6,2015 Dec 18 12:00:00 AM,,,Completed,7359 24TH AVE NW,98117,https://services.seattle.gov/portal/customize/LinkToRecord.aspx?altId=1036365-TR,False,True,False,,tenant relocation,
1036445-TR,6,2015 Dec 29 12:00:00 AM,2016 Aug 05 12:00:00 AM,Vacant,Completed,5611 17TH AVE NW,98107,https://services.seattle.gov/portal/customize/LinkToRecord.aspx?altId=1036445-TR,False,True,False,,tenant relocation,
1036467-TR,6,2015 Dec 31 12:00:00 AM,,,Completed,3615 2ND AVE NW,98107,https://services.seattle.gov/portal/customize/LinkToRecord.aspx?altId=1036467-TR,False,True,False,,tenant relocation,
1036471-VI,6,2015 Dec 31 12:00:00 AM,2016 Apr 07 12:00:00 AM,Compliance Achieved,Completed,6201 24TH AVE NW,98107,https://services.seattle.gov/portal/customize/LinkToRecord.aspx?altId=1036471-VI,True,False,False,water damage,,
001022-16CP,6,2016 Jan 05 12:00:00 AM,2016 Feb 23 12:00:00 AM,Completed,Completed,5214 GREEN LAKE WAY N,98103,https://services.seattle.gov/portal/customize/LinkToRecord.aspx?altId=001022-16CP,True,False,False,mold,,
001068-16CP,6,2016 Jan 07 12:00:00 AM,2016 Jan 11 12:00:00 AM,Completed,Completed,2310 N 50TH ST,98103,https://services.seattle.gov/portal/customize/LinkToRecord.aspx?altId=001068-16CP,True,False,False,leak,,
001282-16CP,6,2016 Jan 21 12:00:00 AM,2016 Mar 07 12:00:00 AM,Completed,Completed,922 NW 63RD ST,98107,https://services.seattle.gov/portal/customize/LinkToRecord.aspx?altId=001282-16CP,True,False,False,leak|leaking,,
001641-16CP,6,2016 Feb 11 12:00:00 AM,2016 Mar 07 12:00:00 AM,Completed,Completed,920 NW 63RD ST,98107,https://services.seattle.gov/portal/customize/LinkToRecord.aspx?altId=001641-16CP,True,False,False,water damage,,
001688-16CP,6,2016 Feb 16 12:00:00 AM,2016 Mar 02 12:00:00 AM,Completed,Completed,2310 N 50TH ST,98103,https://services.seattle.gov/portal/customize/LinkToRecord.aspx?altId=001688-16CP,True,False,False,leak|leaking,,
001878-16CP,6,2016 Feb 24 12:00:00 AM,2016 Feb 29 12:00:00 AM,Completed,Completed,807 N 40TH ST,98103,https://services.seattle.gov/portal/customize/LinkToRecord.aspx?altId=001878-16CP,True,False,False,leak,,
001980-16CP,6,2016 Mar 01 12:00:00 AM,2016 Mar 15 12:00:00 AM,Completed,Completed,8010 25TH AVE NW,98117,https://services.seattle.gov/portal/customize/LinkToRecord.aspx?altId=001980-16CP,True,False,False,infestation|rodent|hazard|fire hazard,,
002322-16CP,6,2016 Mar 17 12:00:00 AM,2016 Mar 31 12:00:00 AM,Completed,Completed,7332 20TH AVE NW,98117,https://services.seattle.gov/portal/customize/LinkToRecord.aspx?altId=002322-16CP,True,False,False,hazard|fire hazard,,
002385-16CP,6,2016 Mar 21 12:00:00 AM,2016 Mar 28 12:00:00 AM,Completed,Completed,4318 EVANSTON AVE N,98103,https://services.seattle.gov/portal/customize/LinkToRecord.aspx?altId=002385-16CP,True,False,False,leak|leaking,,
002429-16CP,6,2016 Mar 23 12:00:00 AM,2016 Apr 13 12:00:00 AM,Completed,Completed,6743 15TH AVE NW,98117,https://services.seattle.gov/portal/customize/LinkToRecord.aspx?altId=002429-16CP,True,False,False,leak|leaks|mold|infestation,,
002839-16CP,6,2016 Apr 12 12:00:00 AM,2016 Apr 12 12:00:00 AM,Completed,Completed,2359 N 62ND ST,98103,https://services.seattle.gov/portal/customize/LinkToRecord.aspx?altId=002839-16CP,True,False,False,sewage|raw sewage|leak|leaking|odor,,
002996-16CP,6,2016 Apr 19 12:00:00 AM,2016 May 10 12:00:00 AM,Completed,Completed,5209 RUSSELL AVE NW,98107,https://services.seattle.gov/portal/customize/LinkToRecord.aspx?altId=002996-16CP,True,False,False,infestation,,
003124-16CP,6,2016 Apr 26 12:00:00 AM,2016 May 12 12:00:00 AM,Completed,Completed,5343 TALLMAN AVE NW,98107,https://services.seattle.gov/portal/customize/LinkToRecord.aspx?altId=003124-16CP,True,False,False,no ventilation,,
003914-16CP,6,2016 May 31 12:00:00 AM,2016 Jun 29 12:00:00 AM,Completed,Completed,4232 EVANSTON AVE N,98103,https://services.seattle.gov/portal/customize/LinkToRecord.aspx?altId=003914-16CP,True,False,False,mold|black mold,,
005222-16CP,6,2016 Jul 26 12:00:00 AM,2016 Aug 10 12:00:00 AM,Completed,Completed,8005 ASHWORTH AVE N,98103,https://services.seattle.gov/portal/customize/LinkToRecord.aspx?altId=005222-16CP,False,True,True,,tenant relocation|relocation assistance,notice to terminate|just cause
005288-16CP,6,2016 Jul 28 12:00:00 AM,2016 Aug 03 12:00:00 AM,Completed,Completed,1121 N 78TH ST,98103,https://services.seattle.gov/portal/customize/LinkToRecord.aspx?altId=005288-16CP,True,False,False,flooding|mold|structural,,
005593-16CP,6,2016 Aug 10 12:00:00 AM,2016 Aug 18 12:00:00 AM,Completed,Completed,6811 WOODLAWN AVE NE,98115,https://services.seattle.gov/portal/customize/LinkToRecord.aspx?altId=005593-16CP,True,False,False,mold|mildew|moisture,,
005788-16CP,6,2016 Aug 18 12:00:00 AM,2016 Sep 20 12:00:00 AM,Completed,Completed,3222 W GOVERNMENT WAY,98199,https://services.seattle.gov/portal/customize/LinkToRecord.aspx?altId=005788-16CP,True,False,False,leak|leaking|no smoke detector,,
005885-16CP,6,2016 Aug 22 12:00:00 AM,2016 Aug 30 12:00:00 AM,Completed,Completed,430 NE RAVENNA BLVD,98115,https://services.seattle.gov/portal/customize/LinkToRecord.aspx?altId=005885-16CP,True,False,False,rodent,,
006255-16CP,6,2016 Sep 07 12:00:00 AM,2016 Sep 16 12:00:00 AM,Completed,Completed,935 N 73RD ST,98103,https://services.seattle.gov/portal/customize/LinkToRecord.aspx?altId=006255-16CP,True,False,False,lead paint,,
006399-16CP,6,2016 Sep 12 12:00:00 AM,2016 Sep 19 12:00:00 AM,Completed,Completed,5408 MERIDIAN AVE N,98103,https://services.seattle.gov/portal/customize/LinkToRecord.aspx?altId=006399-16CP,True,False,False,leak,,
006540-16CP,6,2016 Sep 20 12:00:00 AM,2016 Nov 04 12:00:00 AM,Completed,Completed,5408 MERIDIAN AVE N,98103,https://services.seattle.gov/portal/customize/LinkToRecord.aspx?altId=006540-16CP,True,False,False,mold|black mold|hazard|hazardous,,
007083-16CP,6,2016 Oct 14 12:00:00 AM,2016 Dec 07 12:00:00 AM,Completed,Completed,932 N 73RD ST,98103,https://services.seattle.gov/portal/customize/LinkToRecord.aspx?altId=007083-16CP,True,False,True,water damage,,rent increase
007176-16CP,6,2016 Oct 20 12:00:00 AM,2016 Oct 31 12:00:00 AM,Completed,Completed,744 N 83RD ST,98103,https://services.seattle.gov/portal/customize/LinkToRecord.aspx?altId=007176-16CP,True,False,False,infestation|rodent|pest control|odor,,
007231-16CP,6,2016 Oct 24 12:00:00 AM,2016 Oct 27 12:00:00 AM,Completed,Completed,4207 PHINNEY AVE N,98103,https://services.seattle.gov/portal/customize/LinkToRecord.aspx?altId=007231-16CP,True,False,False,leak|leaking,,
007334-16CP,6,2016 Oct 31 12:00:00 AM,2016 Nov 16 12:00:00 AM,Completed,Completed,606 N 35TH ST,98103,https://services.seattle.gov/portal/customize/LinkToRecord.aspx?altId=007334-16CP,True,False,False,leak|leaks|roof leak|mold,,
007381-16CP,6,2016 Nov 01 12:00:00 AM,2016 Dec 23 12:00:00 AM,Completed,Completed,5209 RUSSELL AVE NW,98107,https://services.seattle.gov/portal/customize/LinkToRecord.aspx?altId=007381-16CP,True,False,False,mold|moisture,,
007626-16CP,6,2016 Nov 16 12:00:00 AM,2016 Dec 09 12:00:00 AM,Completed,Completed,4601 PHINNEY AVE N,98103,https://services.seattle.gov/portal/customize/LinkToRecord.aspx?altId=007626-16CP,True,False,False,mold|black mold,,
007741-16CP,6,2016 Nov 28 12:00:00 AM,2016 Dec 07 12:00:00 AM,Completed,Completed,4249 PALATINE AVE N,98103,https://services.seattle.gov/portal/customize/LinkToRecord.aspx?altId=007741-16CP,True,False,False,no heat|mold,,
008079-16CP,6,2016 Dec 20 12:00:00 AM,2017 Jan 10 12:00:00 AM,Completed,Completed,5607 5TH AVE NE,98105,https://services.seattle.gov/portal/customize/LinkToRecord.aspx?altId=008079-16CP,True,False,False,infestation|rodent,,
008183-16CP,6,2016 Dec 29 12:00:00 AM,2017 Jan 17 12:00:00 AM,Completed,Completed,4511 GREENWOOD AVE N,98103,https://services.seattle.gov/portal/customize/LinkToRecord.aspx?altId=008183-16CP,True,False,False,leak|leaks|water damage|structural,,
1036489-TR,6,2016 Jan 05 12:00:00 AM,2016 Jun 03 12:00:00 AM,Vacant,Completed,1746 NW 64TH ST,98107,https://services.seattle.gov/portal/customize/LinkToRecord.aspx?altId=1036489-TR,False,True,False,,tenant relocation,
1036550-VI,6,2016 Jan 15 12:00:00 AM,2016 Feb 26 12:00:00 AM,Compliance Achieved,Completed,1826 NW 89TH ST,98117,https://services.seattle.gov/portal/customize/LinkToRecord.aspx?altId=1036550-VI,True,False,False,leak|leaking,,
1036564-TR,6,2016 Jan 21 12:00:00 AM,2016 Jun 13 12:00:00 AM,Vacant,Completed,810 NW 63RD ST,98107,https://services.seattle.gov/portal/customize/LinkToRecord.aspx?altId=1036564-TR,False,True,False,,tenant relocation,
1036574-TR,6,2016 Jan 22 12:00:00 AM,,,Completed,4051 GILMAN AVE W,98199,https://services.seattle.gov/portal/customize/LinkToRecord.aspx?altId=1036574-TR,False,True,False,,tenant relocation,
1036587-TR,6,2016 Jan 25 12:00:00 AM,2016 Jul 22 12:00:00 AM,Vacant,Completed,1415 NW 65TH ST,98117,https://services.seattle.gov/portal/customize/LinkToRecord.aspx?altId=1036587-TR,False,True,False,,tenant relocation,
1036615-TR,6,2016 Jan 27 12:00:00 AM,,,Completed,511 N 43RD ST,98103,https://services.seattle.gov/portal/customize/LinkToRecord.aspx?altId=1036615-TR,False,True,False,,tenant relocation,
1036682-TR,6,2016 Feb 04 12:00:00 AM,,,Completed,922 NW 63RD ST,98107,https://services.seattle.gov/portal/customize/LinkToRecord.aspx?altId=1036682-TR,False,True,False,,tenant relocation,
1036692-TR,6,2016 Feb 05 12:00:00 AM,,,Completed,2603 NW 63RD ST,98107,https://services.seattle.gov/portal/customize/LinkToRecord.aspx?altId=1036692-TR,False,True,False,,tenant relocation,
1036694-TR,6,2016 Feb 05 12:00:00 AM,,,Completed,1726 NW 64TH ST,98107,https://services.seattle.gov/portal/customize/LinkToRecord.aspx?altId=1036694-TR,False,True,False,,tenant relocation,
1036798-TR,6,2016 Feb 18 12:00:00 AM,,,Completed,2216 NW 60TH ST,98107,https://services.seattle.gov/portal/customize/LinkToRecord.aspx?altId=1036798-TR,False,True,False,,tenant relocation,
1036816-TR,6,2016 Feb 19 12:00:00 AM,2016 Jul 14 12:00:00 AM,Vacant,Completed,2508 N 50TH ST,98103,https://services.seattle.gov/portal/customize/LinkToRecord.aspx?altId=1036816-TR,False,True,False,,tenant relocation,
1036846-VI,6,2016 Feb 25 12:00:00 AM,2016 Mar 31 12:00:00 AM,Compliance Achieved,Completed,5209 RUSSELL AVE NW,98107,https://services.seattle.gov/portal/customize/LinkToRecord.aspx?altId=1036846-VI,True,False,False,leak|leaking,,
1036879-VI,6,2016 Feb 29 12:00:00 AM,2016 Apr 01 12:00:00 AM,Compliance Achieved,Completed,807 N 40TH ST,98103,https://services.seattle.gov/portal/customize/LinkToRecord.aspx?altId=1036879-VI,True,False,False,leak,,
1036900-TR,6,2016 Mar 02 12:00:00 AM,,,Initiated,4051 GILMAN AVE W,98199,https://services.seattle.gov/portal/customize/LinkToRecord.aspx?altId=1036900-TR,False,True,False,,tenant relocation|relocation assistance,
1036911-TR,6,2016 Mar 03 12:00:00 AM,,,Completed,2201 NW 61ST ST,98107,https://services.seattle.gov/portal/customize/LinkToRecord.aspx?altId=1036911-TR,False,True,False,,tenant relocation,
1036932-VI,6,2016 Mar 07 12:00:00 AM,2016 May 24 12:00:00 AM,Compliance Achieved,Completed,920 NW 63RD ST,98107,https://services.seattle.gov/portal/customize/LinkToRecord.aspx?altId=1036932-VI,True,False,False,water damage,,
1036958-TR,6,2016 Mar 09 12:00:00 AM,,,Completed,5112 LEARY AVE NW,98107,https://services.seattle.gov/portal/customize/LinkToRecord.aspx?altId=1036958-TR,False,True,False,,tenant relocation,
1036982-TR,6,2016 Mar 10 12:00:00 AM,,,Completed,2237 NW 59TH ST,98107,https://services.seattle.gov/portal/customize/LinkToRecord.aspx?altId=1036982-TR,False,True,False,,tenant relocation,
1037025-VI,6,2016 Mar 15 12:00:00 AM,2016 Apr 14 12:00:00 AM,Compliance Achieved,Completed,8010 25TH AVE NW,98117,https://services.seattle.gov/portal/customize/LinkToRecord.aspx?altId=1037025-VI,True,False,False,infestation|rodent|hazard|fire hazard,,
1037133-VI,6,2016 Mar 31 12:00:00 AM,2016 Apr 28 12:00:00 AM,Compliance Achieved,Completed,5209 RUSSELL AVE NW,98107,https://services.seattle.gov/portal/customize/LinkToRecord.aspx?altId=1037133-VI,True,False,False,leak|leaking,,
1037150-TR,6,2016 Apr 01 12:00:00 AM,,,Initiated,7510 15TH AVE NW,98117,https://services.seattle.gov/portal/customize/LinkToRecord.aspx?altId=1037150-TR,False,True,False,,tenant relocation|relocation assistance,
1037207-VI,6,2016 Apr 13 12:00:00 AM,2017 Mar 09 12:00:00 AM,Compliance Achieved,Completed,6743 15TH AVE NW,98117,https://services.seattle.gov/portal/customize/LinkToRecord.aspx?altId=1037207-VI,True,False,False,leak|leaks|mold|infestation,,
1037233-TR,6,2016 Apr 15 12:00:00 AM,2016 Jul 07 12:00:00 AM,Vacant,Completed,612 N 45TH ST,98103,https://services.seattle.gov/portal/customize/LinkToRecord.aspx?altId=1037233-TR,False,True,False,,tenant relocation,
1037385-TR,6,2016 May 04 12:00:00 AM,,,Completed,3257 NW MARKET ST,98107,https://services.seattle.gov/portal/customize/LinkToRecord.aspx?altId=1037385-TR,False,True,False,,tenant relocation,
1037398-VI,6,2016 May 05 12:00:00 AM,,,NOV Issued,2359 N 62ND ST,98103,https://services.seattle.gov/portal/customize/LinkToRecord.aspx?altId=1037398-VI,True,False,False,sewage|raw sewage|leak|leaking|odor,,
1037406-TR,6,2016 May 06 12:00:00 AM,2016 Nov 14 12:00:00 AM,Vacant,Completed,4414 FRANCIS AVE N,98103,https://services.seattle.gov/portal/customize/LinkToRecord.aspx?altId=1037406-TR,False,True,False,,tenant relocation,
1037440-TR,6,2016 May 11 12:00:00 AM,,,Completed,8015 15TH AVE NW,98117,https://services.seattle.gov/portal/customize/LinkToRecord.aspx?altId=1037440-TR,False,True,False,,tenant relocation,
1037475-TR,6,2016 May 18 12:00:00 AM,2016 Dec 06 12:00:00 AM,Vacant,Completed,2426 NW 62ND ST,98107,https://services.seattle.gov/portal/customize/LinkToRecord.aspx?altId=1037475-TR,False,True,False,,tenant relocation,
1037500-TR,6,2016 May 20 12:00:00 AM,2016 Oct 21 12:00:00 AM,Vacant,Completed,3861 GILMAN AVE W,98199,https://services.seattle.gov/portal/customize/LinkToRecord.aspx?altId=1037500-TR,False,True,False,,tenant relocation,
1037607-TR,6,2016 Jun 06 12:00:00 AM,,,Completed,518 NW BRIGHT ST,98107,https://services.seattle.gov/portal/customize/LinkToRecord.aspx?altId=1037607-TR,False,True,False,,tenant relocation,
1037784-VI,6,2016 Jun 29 12:00:00 AM,2019 Jun 03 12:00:00 AM,Compliance Achieved,Completed,4232 EVANSTON AVE N,98103,https://services.seattle.gov/portal/customize/LinkToRecord.aspx?altId=1037784-VI,True,False,False,mold|black mold,,
1037807-TR,6,2016 Jul 01 12:00:00 AM,,,Completed,4300 DAYTON AVE N,98103,https://services.seattle.gov/portal/customize/LinkToRecord.aspx?altId=1037807-TR,False,True,False,,tenant relocation,
1037835-TR,6,2016 Jul 05 12:00:00 AM,2016 Nov 14 12:00:00 AM,Vacant,Completed,928 NW 51ST ST,98107,https://services.seattle.gov/portal/customize/LinkToRecord.aspx?altId=1037835-TR,False,True,False,,tenant relocation,
1037874-TR,6,2016 Jul 11 12:00:00 AM,2016 Nov 28 12:00:00 AM,Vacant,Completed,3320 W GOVERNMENT WAY,98199,https://services.seattle.gov/portal/customize/LinkToRecord.aspx?altId=1037874-TR,False,True,False,,tenant relocation,
1038069-TR,6,2016 Aug 03 12:00:00 AM,2016 Dec 13 12:00:00 AM,Vacant,Completed,7031 14TH AVE NW,98117,https://services.seattle.gov/portal/customize/LinkToRecord.aspx?altId=1038069-TR,False,True,False,,tenant relocation,
1038075-VI,6,2016 Aug 03 12:00:00 AM,2016 Dec 13 12:00:00 AM,Compliance Achieved,Completed,1121 N 78TH ST,98103,https://services.seattle.gov/portal/customize/LinkToRecord.aspx?altId=1038075-VI,True,False,False,flooding|mold|structural,,
1038098-TR,6,2016 Aug 09 12:00:00 AM,,,Completed,8036 BAGLEY AVE N,98103,https://services.seattle.gov/portal/customize/LinkToRecord.aspx?altId=1038098-TR,False,True,False,,tenant relocation,
1038110-VI,6,2016 Aug 10 12:00:00 AM,2017 Mar 24 12:00:00 AM,Compliance Achieved,Completed,8005 ASHWORTH AVE N,98103,https://services.seattle.gov/portal/customize/LinkToRecord.aspx?altId=1038110-VI,False,True,True,,tenant relocation|relocation assistance,notice to terminate|just cause
1038252-TR,6,2016 Aug 25 12:00:00 AM,2016 Aug 25 12:00:00 AM,Vacant,Completed,1118 NW 50TH ST,98107,https://services.seattle.gov/portal/customize/LinkToRecord.aspx?altId=1038252-TR,False,True,False,,tenant relocation,
1038285-VI,6,2016 Aug 30 12:00:00 AM,2016 Dec 02 12:00:00 AM,Compliance Achieved,Completed,430 NE RAVENNA BLVD,98115,https://services.seattle.gov/portal/customize/LinkToRecord.aspx?altId=1038285-VI,True,False,False,rodent,,
1038317-TR,6,2016 Sep 01 12:00:00 AM,,,Completed,3837 23RD AVE W,98199,https://services.seattle.gov/portal/customize/LinkToRecord.aspx?altId=1038317-TR,False,True,False,,tenant relocation,
1038322-TR,6,2016 Sep 02 12:00:00 AM,,,Completed,442 NE MAPLE LEAF PL,98115,https://services.seattle.gov/portal/customize/LinkToRecord.aspx?altId=1038322-TR,False,True,False,,tenant relocation,
1038450-TR,6,2016 Sep 19 12:00:00 AM,,,Completed,6316 26TH AVE NW,98107,https://services.seattle.gov/portal/customize/LinkToRecord.aspx?altId=1038450-TR,False,True,False,,tenant relocation,
1038455-VI,6,2016 Sep 20 12:00:00 AM,2016 Nov 09 12:00:00 AM,Compliance Achieved,Completed,3222 W GOVERNMENT WAY,98199,https://services.seattle.gov/portal/customize/LinkToRecord.aspx?altId=1038455-VI,True,False,False,leak|leaking|no smoke detector,,
1038463-VI,6,2016 Sep 21 12:00:00 AM,2016 Oct 26 12:00:00 AM,Compliance Achieved,Completed,935 N 73RD ST,98103,https://services.seattle.gov/portal/customize/LinkToRecord.aspx?altId=1038463-VI,True,False,False,lead paint,,
1038512-VI,6,2016 Sep 27 12:00:00 AM,2018 Dec 19 12:00:00 AM,Compliance Achieved,Completed,935 N 73RD ST,98103,https://services.seattle.gov/portal/customize/LinkToRecord.aspx?altId=1038512-VI,True,False,False,lead paint,,
1038544-TR,6,2016 Oct 04 12:00:00 AM,2016 Oct 03 12:00:00 AM,Vacant,Completed,1408 NW 57TH ST,98107,https://services.seattle.gov/portal/customize/LinkToRecord.aspx?altId=1038544-TR,False,True,False,,tenant relocation,
1038745-VI,6,2016 Oct 27 12:00:00 AM,2016 Nov 21 12:00:00 AM,Compliance Achieved,Completed,4207 PHINNEY AVE N,98103,https://services.seattle.gov/portal/customize/LinkToRecord.aspx?altId=1038745-VI,True,False,False,leak|leaking,,
1038752-TR,6,2016 Oct 27 12:00:00 AM,,,Completed,6833 WEEDIN PL NE,98115,https://services.seattle.gov/portal/customize/LinkToRecord.aspx?altId=1038752-TR,False,True,False,,tenant relocation,
1038849-TR,6,2016 Nov 07 12:00:00 AM,,,Completed,2203 NW 63RD ST,98107,https://services.seattle.gov/portal/customize/LinkToRecord.aspx?altId=1038849-TR,False,True,False,,tenant relocation,
1038919-VI,6,2016 Nov 16 12:00:00 AM,2017 Mar 08 12:00:00 AM,Compliance Achieved,Completed,606 N 35TH ST,98103,https://services.seattle.gov/portal/customize/LinkToRecord.aspx?altId=1038919-VI,True,False,False,leak|leaks|roof leak|mold,,
1038947-TR,6,2016 Nov 21 12:00:00 AM,,,Completed,917 NW 57TH ST,98107,https://services.seattle.gov/portal/customize/LinkToRecord.aspx?altId=1038947-TR,False,True,False,,tenant relocation,
1039013-TR,6,2016 Dec 02 12:00:00 AM,2017 Aug 03 12:00:00 AM,Vacant,Completed,2019 NW 60TH ST,98107,https://services.seattle.gov/portal/customize/LinkToRecord.aspx?altId=1039013-TR,False,True,False,,tenant relocation,
1039016-TR,6,2016 Dec 02 12:00:00 AM,2017 May 30 12:00:00 AM,Vacant,Completed,6317 26TH AVE NW,98107,https://services.seattle.gov/portal/customize/LinkToRecord.aspx?altId=1039016-TR,False,True,False,,tenant relocation,
1039135-TR,6,2016 Dec 22 12:00:00 AM,,,Completed,6201 24TH AVE NW,98107,https://services.seattle.gov/portal/customize/LinkToRecord.aspx?altId=1039135-TR,False,True,False,,tenant relocation,
001238-17CP,6,2017 Jan 18 12:00:00 AM,2017 Feb 10 12:00:00 AM,Completed,Completed,3232 NW 54TH ST,98107,https://services.seattle.gov/portal/customize/LinkToRecord.aspx?altId=001238-17CP,True,False,False,moisture,,
001310-17CP,6,2017 Jan 20 12:00:00 AM,2017 Jan 31 12:00:00 AM,Completed,Completed,4038 LINDEN AVE N,98103,https://services.seattle.gov/portal/customize/LinkToRecord.aspx?altId=001310-17CP,True,False,False,mold,,
001315-17CP,6,2017 Jan 23 12:00:00 AM,2017 Feb 02 12:00:00 AM,Completed,Completed,351 NW 80TH ST,98117,https://services.seattle.gov/portal/customize/LinkToRecord.aspx?altId=001315-17CP,True,False,False,fumes,,
001582-17CP,6,2017 Feb 07 12:00:00 AM,2017 Feb 16 12:00:00 AM,Completed,Completed,2401 NW 60TH ST,98107,https://services.seattle.gov/portal/customize/LinkToRecord.aspx?altId=001582-17CP,True,False,False,sewage,,
001942-17CP,6,2017 Mar 01 12:00:00 AM,2017 Mar 03 12:00:00 AM,Completed,Completed,1305 N 77TH ST,98103,https://services.seattle.gov/portal/customize/LinkToRecord.aspx?altId=001942-17CP,True,False,True,water damage|flooding|mold,,rent increase
002198-17CP,6,2017 Mar 16 12:00:00 AM,2017 Mar 21 12:00:00 AM,Completed,Completed,1522 NW 61ST ST,98107,https://services.seattle.gov/portal/customize/LinkToRecord.aspx?altId=002198-17CP,True,False,False,infestation|bedbug,,
002278-17CP,6,2017 Mar 20 12:00:00 AM,2017 May 15 12:00:00 AM,Completed,Completed,528 N 76TH ST,98103,https://services.seattle.gov/portal/customize/LinkToRecord.aspx?altId=002278-17CP,True,False,False,lack of heat,,
002611-17CP,6,2017 Apr 07 12:00:00 AM,2017 Apr 11 12:00:00 AM,Completed,Completed,1430 NW 64TH ST,98107,https://services.seattle.gov/portal/customize/LinkToRecord.aspx?altId=002611-17CP,True,False,False,mold,,
002955-17CP,6,2017 Apr 26 12:00:00 AM,2017 May 02 12:00:00 AM,Completed,Completed,5128 KEYSTONE PL N,98103,https://services.seattle.gov/portal/customize/LinkToRecord.aspx?altId=002955-17CP,True,False,False,infestation,,
003333-17CP,6,2017 May 16 12:00:00 AM,2017 May 22 12:00:00 AM,Completed,Completed,5814 6TH AVE NW,98107,https://services.seattle.gov/portal/customize/LinkToRecord.aspx?altId=003333-17CP,True,False,False,no power,,
003515-17CP,6,2017 May 23 12:00:00 AM,2017 Jun 01 12:00:00 AM,Completed,Completed,7300 5TH AVE NE,98115,https://services.seattle.gov/portal/customize/LinkToRecord.aspx?altId=003515-17CP,True,False,False,mold,,
003635-17CP,6,2017 May 26 12:00:00 AM,2017 Jun 01 12:00:00 AM,Completed,Completed,920 NW 63RD ST,98107,https://services.seattle.gov/portal/customize/LinkToRecord.aspx?altId=003635-17CP,True,False,False,infestation,,
003744-17CP,6,2017 Jun 02 12:00:00 AM,2017 Jul 11 12:00:00 AM,Completed,Completed,2809 W ELMORE PL,98199,https://services.seattle.gov/portal/customize/LinkToRecord.aspx?altId=003744-17CP,True,False,False,water damage|mold,,
003864-17CP,6,2017 Jun 07 12:00:00 AM,2017 Jun 12 12:00:00 AM,Completed,Completed,6736 20TH AVE NW,98117,https://services.seattle.gov/portal/customize/LinkToRecord.aspx?altId=003864-17CP,True,False,False,infestation|rats|rodent,,
004295-17CP,6,2017 Jun 21 12:00:00 AM,2017 Jul 03 12:00:00 AM,Completed,Completed,6755 25TH AVE NW,98117,https://services.seattle.gov/portal/customize/LinkToRecord.aspx?altId=004295-17CP,True,False,False,infestation,,
004363-17CP,6,2017 Jun 23 12:00:00 AM,2017 Aug 03 12:00:00 AM,Completed,Completed,8310 31ST AVE NW,98117,https://services.seattle.gov/portal/customize/LinkToRecord.aspx?altId=004363-17CP,True,False,False,sewage|leak|leaking,,
004385-17CP,6,2017 Jun 23 12:00:00 AM,2017 Jun 26 12:00:00 AM,Completed,Completed,505 NE 70TH ST,98115,https://services.seattle.gov/portal/customize/LinkToRecord.aspx?altId=004385-17CP,True,False,False,sewage,,
004479-17CP,6,2017 Jun 28 12:00:00 AM,2017 Jul 06 12:00:00 AM,Completed,Completed,1700 N 80TH ST,98103,https://services.seattle.gov/portal/customize/LinkToRecord.aspx?altId=004479-17CP,True,False,False,leak|leaking|mold,,
004492-17CP,6,2017 Jun 29 12:00:00 AM,2017 Jul 18 12:00:00 AM,Completed,Completed,2006 N 78TH ST,98103,https://services.seattle.gov/portal/customize/LinkToRecord.aspx?altId=004492-17CP,True,False,False,odor,,
004525-17CP,6,2017 Jun 30 12:00:00 AM,2017 Jul 11 12:00:00 AM,Completed,Completed,4307 EVANSTON AVE N,98103,https://services.seattle.gov/portal/customize/LinkToRecord.aspx?altId=004525-17CP,True,False,False,infestation|pest control,,
005392-17CP,6,2017 Jul 31 12:00:00 AM,2017 Aug 07 12:00:00 AM,Completed,Completed,3609 NW 62ND ST,98107,https://services.seattle.gov/portal/customize/LinkToRecord.aspx?altId=005392-17CP,True,False,False,no heat|exposed wiring,,
005890-17CP,6,2017 Aug 16 12:00:00 AM,2017 Aug 22 12:00:00 AM,Completed,Completed,8425 FREMONT AVE N,98103,https://services.seattle.gov/portal/customize/LinkToRecord.aspx?altId=005890-17CP,True,False,False,unsafe,,
005913-17CP,6,2017 Aug 17 12:00:00 AM,2017 Sep 05 12:00:00 AM,Completed,Completed,104 NE 52ND ST,98105,https://services.seattle.gov/portal/customize/LinkToRecord.aspx?altId=005913-17CP,True,False,False,leak|leaks|water damage,,
005983-17CP,6,2017 Aug 21 12:00:00 AM,2017 Aug 23 12:00:00 AM,Completed,Completed,4400 FREMONT AVE N,98103,https://services.seattle.gov/portal/customize/LinkToRecord.aspx?altId=005983-17CP,True,False,False,leak,,
006145-17CP,6,2017 Aug 24 12:00:00 AM,2017 Aug 25 12:00:00 AM,Completed,Completed,1721 NW 58TH ST,98107,https://services.seattle.gov/portal/customize/LinkToRecord.aspx?altId=006145-17CP,True,False,False,leak|mold|black mold,,
006358-17CP,6,2017 Sep 01 12:00:00 AM,2017 Sep 07 12:00:00 AM,Completed,Completed,7011 MARY AVE NW,98117,https://services.seattle.gov/portal/customize/LinkToRecord.aspx?altId=006358-17CP,True,False,False,infestation,,
006836-17CP,6,2017 Sep 20 12:00:00 AM,2017 Sep 25 12:00:00 AM,Completed,Completed,6750 JONES AVE NW,98117,https://services.seattle.gov/portal/customize/LinkToRecord.aspx?altId=006836-17CP,True,False,False,no heat|no hot water,,
006885-17CP,6,2017 Sep 21 12:00:00 AM,2017 Oct 06 12:00:00 AM,Completed,Completed,6714 24TH AVE NW,98117,https://services.seattle.gov/portal/customize/LinkToRecord.aspx?altId=006885-17CP,True,False,False,leak|leaking,,
006893-17CP,6,2017 Sep 22 12:00:00 AM,2017 Sep 25 12:00:00 AM,Completed,Completed,2839 NW 56TH ST,98107,https://services.seattle.gov/portal/customize/LinkToRecord.aspx?altId=006893-17CP,True,False,False,sewage|leak|leaks|mold,,
007025-17CP,6,2017 Sep 28 12:00:00 AM,2017 Oct 12 12:00:00 AM,Completed,Completed,4813 FREMONT AVE N,98103,https://services.seattle.gov/portal/customize/LinkToRecord.aspx?altId=007025-17CP,True,False,False,leak|leaking|mold,,
007342-17CP,6,2017 Oct 11 12:00:00 AM,2017 Nov 01 12:00:00 AM,Completed,Completed,4313 35TH AVE W,98199,https://services.seattle.gov/portal/customize/LinkToRecord.aspx?altId=007342-17CP,True,False,False,leak|leaks|mold,,
007408-17CP,6,2017 Oct 13 12:00:00 AM,2017 Oct 23 12:00:00 AM,Completed,Completed,2840 NW 93RD ST,98117,https://services.seattle.gov/portal/customize/LinkToRecord.aspx?altId=007408-17CP,True,True,False,mold,pota,
007558-17CP,6,2017 Oct 20 12:00:00 AM,2017 Oct 27 12:00:00 AM,Completed,Completed,2014 NW 57TH ST,98107,https://services.seattle.gov/portal/customize/LinkToRecord.aspx?altId=007558-17CP,True,True,False,infestation,pota,
007647-17CP,6,2017 Oct 26 12:00:00 AM,2017 Nov 17 12:00:00 AM,Completed,Closed,2632 NW 56TH ST,98107,https://services.seattle.gov/portal/customize/LinkToRecord.aspx?altId=007647-17CP,False,True,True,,pota,rent increase
007795-17CP,6,2017 Nov 01 12:00:00 AM,2017 Nov 07 12:00:00 AM,Completed,Completed,5814 6TH AVE NW,98107,https://services.seattle.gov/portal/customize/LinkToRecord.aspx?altId=007795-17CP,False,True,False,,threaten,
008251-17CP,6,2017 Nov 27 12:00:00 AM,2017 Dec 19 12:00:00 AM,Completed,Completed,3309 W GOVERNMENT WAY,98199,https://services.seattle.gov/portal/customize/LinkToRecord.aspx?altId=008251-17CP,True,False,False,leak|mold,,
008264-17CP,6,2017 Nov 28 12:00:00 AM,2017 Nov 30 12:00:00 AM,Completed,Completed,6450 24TH AVE NW,98107,https://services.seattle.gov/portal/customize/LinkToRecord.aspx?altId=008264-17CP,True,False,False,leak|leaking,,
008284-17CP,6,2017 Nov 29 12:00:00 AM,2017 Nov 30 12:00:00 AM,Completed,Completed,6316 30TH AVE NW,98107,https://services.seattle.gov/portal/customize/LinkToRecord.aspx?altId=008284-17CP,True,False,False,leak,,
008558-17CP,6,2017 Dec 15 12:00:00 AM,2018 Jan 16 12:00:00 AM,Completed,Completed,2007 NW 61ST ST,98107,https://services.seattle.gov/portal/customize/LinkToRecord.aspx?altId=008558-17CP,True,False,False,collapse,,
008732-17CP,6,2017 Dec 27 12:00:00 AM,,,Completed,4339 29TH AVE W,98199,https://services.seattle.gov/portal/customize/LinkToRecord.aspx?altId=008732-17CP,True,False,False,collapse,,
1039238-TR,6,2017 Jan 11 12:00:00 AM,,,Completed,804 N MOTOR PL,98103,https://services.seattle.gov/portal/customize/LinkToRecord.aspx?altId=1039238-TR,False,True,False,,tenant relocation,
1039291-TR,6,2017 Jan 20 12:00:00 AM,,,Completed,616 N 48TH ST,98103,https://services.seattle.gov/portal/customize/LinkToRecord.aspx?altId=1039291-TR,False,True,False,,tenant relocation,
1039317-TR,6,2017 Jan 24 12:00:00 AM,,,Completed,752 N 73RD ST,98103,https://services.seattle.gov/portal/customize/LinkToRecord.aspx?altId=1039317-TR,False,True,False,,tenant relocation,
1039409-TR,6,2017 Feb 02 12:00:00 AM,2017 Aug 02 12:00:00 AM,Vacant,Completed,4308 EVANSTON AVE N,98103,https://services.seattle.gov/portal/customize/LinkToRecord.aspx?altId=1039409-TR,False,True,False,,tenant relocation|relocation assistance,
1039468-TR,6,2017 Feb 10 12:00:00 AM,2017 May 18 12:00:00 AM,Vacant,Completed,1710 NW 57TH ST,98107,https://services.seattle.gov/portal/customize/LinkToRecord.aspx?altId=1039468-TR,False,True,False,,tenant relocation,
1039656-TR,6,2017 Mar 09 12:00:00 AM,2017 Jul 07 12:00:00 AM,Vacant,Completed,2401 NW 63RD ST,98107,https://services.seattle.gov/portal/customize/LinkToRecord.aspx?altId=1039656-TR,False,True,False,,tenant relocation,
1039731-TR,6,2017 Mar 17 12:00:00 AM,,,Completed,3835 LINDEN AVE N,98103,https://services.seattle.gov/portal/customize/LinkToRecord.aspx?altId=1039731-TR,False,True,False,,tenant relocation,
1039742-TR,6,2017 Mar 17 12:00:00 AM,,,Completed,500 NE 71ST ST,98115,https://services.seattle.gov/portal/customize/LinkToRecord.aspx?altId=1039742-TR,False,True,False,,tenant relocation,
1039745-TR,6,2017 Mar 17 12:00:00 AM,,,Completed,437 NE 73RD ST,98115,https://services.seattle.gov/portal/customize/LinkToRecord.aspx?altId=1039745-TR,False,True,False,,tenant relocation,
1039751-TR,6,2017 Mar 20 12:00:00 AM,,,Completed,1579 NW 90TH ST,98117,https://services.seattle.gov/portal/customize/LinkToRecord.aspx?altId=1039751-TR,False,True,False,,tenant relocation,
1039812-TR,6,2017 Mar 28 12:00:00 AM,2017 May 16 12:00:00 AM,,Completed,2018 NW 62ND ST,98107,https://services.seattle.gov/portal/customize/LinkToRecord.aspx?altId=1039812-TR,False,True,False,,tenant relocation,
1039871-TR,6,2017 Apr 05 12:00:00 AM,,,Completed,6505 PHINNEY AVE N,98103,https://services.seattle.gov/portal/customize/LinkToRecord.aspx?altId=1039871-TR,False,True,False,,tenant relocation,
1039886-TR,6,2017 Apr 06 12:00:00 AM,2017 Oct 16 12:00:00 AM,Vacant,Completed,1547 NW 59TH ST,98107,https://services.seattle.gov/portal/customize/LinkToRecord.aspx?altId=1039886-TR,False,True,False,,tenant relocation,
1040352-TR,6,2017 Jun 08 12:00:00 AM,,,Completed,515 NW 70TH ST,98117,https://services.seattle.gov/portal/customize/LinkToRecord.aspx?altId=1040352-TR,False,True,False,,tenant relocation,
1040374-TR,6,2017 Jun 12 12:00:00 AM,2017 Aug 24 12:00:00 AM,Vacant,Completed,6303 PHINNEY AVE N,98103,https://services.seattle.gov/portal/customize/LinkToRecord.aspx?altId=1040374-TR,False,True,False,,tenant relocation,
1040375-VI,6,2017 Jun 12 12:00:00 AM,2017 Sep 06 12:00:00 AM,Compliance Achieved,Completed,7300 5TH AVE NE,98115,https://services.seattle.gov/portal/customize/LinkToRecord.aspx?altId=1040375-VI,True,False,False,mold,,
1040376-CT,6,2017 Jun 12 12:00:00 AM,2017 Sep 06 12:00:00 AM,Compliance Achieved,Completed,7300 5TH AVE NE,98115,https://services.seattle.gov/portal/customize/LinkToRecord.aspx?altId=1040376-CT,False,False,True,,,code violation
1040378-TR,6,2017 Jun 12 12:00:00 AM,,,Completed,1121 NW 56TH ST,98107,https://services.seattle.gov/portal/customize/LinkToRecord.aspx?altId=1040378-TR,False,True,False,,tenant relocation,
1040415-VI,6,2017 Jun 14 12:00:00 AM,2017 Jun 19 12:00:00 AM,Compliance Achieved,Completed,6736 20TH AVE NW,98117,https://services.seattle.gov/portal/customize/LinkToRecord.aspx?altId=1040415-VI,True,False,False,infestation|rats|rodent,,
1040528-TR,6,2017 Jun 26 12:00:00 AM,,,Completed,761 N 73RD ST,98103,https://services.seattle.gov/portal/customize/LinkToRecord.aspx?altId=1040528-TR,False,True,False,,tenant relocation,
1040586-VI,6,2017 Jul 05 12:00:00 AM,2017 Sep 06 12:00:00 AM,Compliance Achieved,Completed,6755 25TH AVE NW,98117,https://services.seattle.gov/portal/customize/LinkToRecord.aspx?altId=1040586-VI,True,False,False,infestation,,
1040596-VI,6,2017 Jul 06 12:00:00 AM,2017 Nov 13 12:00:00 AM,Compliance Achieved,Completed,1700 N 80TH ST,98103,https://services.seattle.gov/portal/customize/LinkToRecord.aspx?altId=1040596-VI,True,False,False,leak|leaking|mold,,
1040606-TR,6,2017 Jul 09 12:00:00 AM,,,Completed,3025 NW MARKET ST,98107,https://services.seattle.gov/portal/customize/LinkToRecord.aspx?altId=1040606-TR,False,True,False,,tenant relocation,
1040762-TR,6,2017 Jul 20 12:00:00 AM,,,Completed,2444 NW 64TH ST,98107,https://services.seattle.gov/portal/customize/LinkToRecord.aspx?altId=1040762-TR,False,True,False,,tenant relocation,
1040763-TR,6,2017 Jul 20 12:00:00 AM,,,Completed,1319 NW 85TH ST,98117,https://services.seattle.gov/portal/customize/LinkToRecord.aspx?altId=1040763-TR,False,True,False,,tenant relocation,
1040952-TR,6,2017 Aug 14 12:00:00 AM,2018 Mar 27 12:00:00 AM,Vacant,Completed,816 NW 53RD ST,98107,https://services.seattle.gov/portal/customize/LinkToRecord.aspx?altId=1040952-TR,False,True,False,,tenant relocation,
1040956-TR,6,2017 Aug 15 12:00:00 AM,2017 Oct 20 12:00:00 AM,Vacant,Completed,3303 37TH AVE W,98199,https://services.seattle.gov/portal/customize/LinkToRecord.aspx?altId=1040956-TR,False,True,False,,tenant relocation,
1040985-VI,6,2017 Aug 17 12:00:00 AM,,,Completed,3609 NW 62ND ST,98107,https://services.seattle.gov/portal/customize/LinkToRecord.aspx?altId=1040985-VI,True,False,False,no heat|exposed wiring,,
1041015-TR,6,2017 Aug 21 12:00:00 AM,2017 Oct 12 12:00:00 AM,Vacant,Completed,2222 NW 64TH ST,98107,https://services.seattle.gov/portal/customize/LinkToRecord.aspx?altId=1041015-TR,False,True,False,,tenant relocation,
1041017-TR,6,2017 Aug 22 12:00:00 AM,,,Completed,6207 7TH AVE NW,98107,https://services.seattle.gov/portal/customize/LinkToRecord.aspx?altId=1041017-TR,False,True,False,,tenant relocation,
1041021-VI,6,2017 Aug 22 12:00:00 AM,2017 Aug 30 12:00:00 AM,Compliance Achieved,Completed,8425 FREMONT AVE N,98103,https://services.seattle.gov/portal/customize/LinkToRecord.aspx?altId=1041021-VI,True,False,False,unsafe,,
1041031-VI,6,2017 Aug 23 12:00:00 AM,2017 Sep 06 12:00:00 AM,Compliance Achieved,Completed,4400 FREMONT AVE N,98103,https://services.seattle.gov/portal/customize/LinkToRecord.aspx?altId=1041031-VI,True,False,False,leak,,
1041079-TR,6,2017 Aug 28 12:00:00 AM,2018 Jan 16 12:00:00 AM,Vacant,Completed,2133 N 62ND ST,98103,https://services.seattle.gov/portal/customize/LinkToRecord.aspx?altId=1041079-TR,False,True,False,,tenant relocation,
1041342-TR,6,2017 Sep 21 12:00:00 AM,,,Completed,801 NW 63RD ST,98107,https://services.seattle.gov/portal/customize/LinkToRecord.aspx?altId=1041342-TR,False,True,False,,tenant relocation,
1041525-VI,6,2017 Oct 06 12:00:00 AM,,,Completed,6714 24TH AVE NW,98117,https://services.seattle.gov/portal/customize/LinkToRecord.aspx?altId=1041525-VI,True,False,False,leak|leaking,,
1041598-TR,6,2017 Oct 16 12:00:00 AM,,,Completed,2432 NW 56TH ST,98107,https://services.seattle.gov/portal/customize/LinkToRecord.aspx?altId=1041598-TR,False,True,False,,tenant relocation,
1041645-TR,6,2017 Oct 19 12:00:00 AM,,,Completed,2761 NW 80TH ST,98117,https://services.seattle.gov/portal/customize/LinkToRecord.aspx?altId=1041645-TR,False,True,False,,tenant relocation,
1041670-TR,6,2017 Oct 23 12:00:00 AM,,,Completed,1591 NW 90TH ST,98117,https://services.seattle.gov/portal/customize/LinkToRecord.aspx?altId=1041670-TR,False,True,False,,tenant relocation,
1041753-VI,6,2017 Nov 01 12:00:00 AM,,,Completed,4313 35TH AVE W,98199,https://services.seattle.gov/portal/customize/LinkToRecord.aspx?altId=1041753-VI,True,False,False,leak|leaks|mold,,
1041794-VI,6,2017 Nov 07 12:00:00 AM,,,Completed,5814 6TH AVE NW,98107,https://services.seattle.gov/portal/customize/LinkToRecord.aspx?altId=1041794-VI,False,True,False,,threaten,
1041820-TR,6,2017 Nov 09 12:00:00 AM,,,Completed,401 N 43RD ST,98103,https://services.seattle.gov/portal/customize/LinkToRecord.aspx?altId=1041820-TR,False,True,False,,tenant relocation,
1041821-TR,6,2017 Nov 10 12:00:00 AM,,,Completed,3037 NW MARKET ST,98107,https://services.seattle.gov/portal/customize/LinkToRecord.aspx?altId=1041821-TR,False,True,False,,tenant relocation,
1041865-TR,6,2017 Nov 20 12:00:00 AM,,,Completed,5607 3RD AVE NW,98107,https://services.seattle.gov/portal/customize/LinkToRecord.aspx?altId=1041865-TR,False,True,False,,tenant relocation,
1041984-TR,6,2017 Dec 11 12:00:00 AM,,,Completed,1737 NW 61ST ST,98107,https://services.seattle.gov/portal/customize/LinkToRecord.aspx?altId=1041984-TR,False,True,False,,tenant relocation,
1041987-TR,6,2017 Dec 11 12:00:00 AM,2018 Mar 09 12:00:00 AM,Vacant,Completed,2615 NW 60TH ST,98107,https://services.seattle.gov/portal/customize/LinkToRecord.aspx?altId=1041987-TR,False,True,False,,tenant relocation,
1042063-TR,6,2017 Dec 20 12:00:00 AM,2018 Feb 12 12:00:00 AM,Vacant,Completed,6002 3RD AVE NW,98107,https://services.seattle.gov/portal/customize/LinkToRecord.aspx?altId=1042063-TR,False,True,False,,tenant relocation,
003889-18CP,6,2018 May 02 12:00:00 AM,2018 May 02 12:00:00 AM,Completed,Completed,7410 4th AVE NE,,https://services.seattle.gov/portal/customize/LinkToRecord.aspx?altId=003889-18CP,True,False,False,unsafe,,
003890-18CP,6,2018 May 02 12:00:00 AM,2018 May 02 12:00:00 AM,Completed,Completed,7412 4th AVE NE,,https://services.seattle.gov/portal/customize/LinkToRecord.aspx?altId=003890-18CP,True,False,False,unsafe,,
003955-18CP,6,2018 May 03 12:00:00 AM,,,Completed,1416 NW 46TH ST,98107,https://services.seattle.gov/portal/customize/LinkToRecord.aspx?altId=003955-18CP,True,False,False,hazard,,
003995-18CP,6,2018 May 05 12:00:00 AM,,,Closed,5814 22ND AVE NW,98107,https://services.seattle.gov/portal/customize/LinkToRecord.aspx?altId=003995-18CP,True,False,False,mold,,
004055-18CP,6,2018 May 03 12:00:00 AM,,,Closed,3306 W GOVERNMENT WAY,98199,https://services.seattle.gov/portal/customize/LinkToRecord.aspx?altId=004055-18CP,False,True,False,,trao,
004128-18CP,6,2018 May 10 12:00:00 AM,,,Completed,1227 NW 85th ST,,https://services.seattle.gov/portal/customize/LinkToRecord.aspx?altId=004128-18CP,True,False,False,leak|leaking|mold|moisture,,
004142-18CP,6,2018 May 10 12:00:00 AM,,,Closed,5910 LATONA AVE NE,98105,https://services.seattle.gov/portal/customize/LinkToRecord.aspx?altId=004142-18CP,True,False,False,leak|leaking|water damage|mildew|infestation|odor,,
004185-18CP,6,2018 May 11 12:00:00 AM,2018 May 16 12:00:00 AM,Completed,Completed,145 N 84th ST,,https://services.seattle.gov/portal/customize/LinkToRecord.aspx?altId=004185-18CP,False,True,False,,threaten,
1044224-TR,6,2018 May 15 12:00:00 AM,,,Completed,1215 NW 85TH ST,98117,https://services.seattle.gov/portal/customize/LinkToRecord.aspx?altId=1044224-TR,False,True,False,,tenant relocation,
004457-18CP,6,2018 May 18 12:00:00 AM,2018 Jun 25 12:00:00 AM,Completed,Completed,2114 34TH AVE W,98199,https://services.seattle.gov/portal/customize/LinkToRecord.aspx?altId=004457-18CP,True,False,False,garbage,,
1044262-TR,6,2018 May 17 12:00:00 AM,,,Completed,6820 OSWEGO PL NE,98115,https://services.seattle.gov/portal/customize/LinkToRecord.aspx?altId=1044262-TR,False,True,False,,tenant relocation,
1044265-TR,6,2018 May 17 12:00:00 AM,,,Completed,2447 NW 61ST ST,98107,https://services.seattle.gov/portal/customize/LinkToRecord.aspx?altId=1044265-TR,False,True,False,,tenant relocation,
004616-18CP,6,2018 May 22 12:00:00 AM,2018 Jun 01 12:00:00 AM,Completed,Completed,1227 NW 85TH ST,98117,https://services.seattle.gov/portal/customize/LinkToRecord.aspx?altId=004616-18CP,False,True,True,,pota,rent increase|rrio
1044286-TR,6,2018 May 23 12:00:00 AM,2019 Sep 18 12:00:00 AM,Vacant,Completed,6522 24TH AVE NW,98117,https://services.seattle.gov/portal/customize/LinkToRecord.aspx?altId=1044286-TR,False,True,False,,tenant relocation,
1044288-TR,6,2018 May 23 12:00:00 AM,,,Completed,2440 NW 60TH ST,98107,https://services.seattle.gov/portal/customize/LinkToRecord.aspx?altId=1044288-TR,False,True,False,,tenant relocation,
1044290-TR,6,2018 May 23 12:00:00 AM,,,Completed,3306 W GOVERNMENT WAY,98199,https://services.seattle.gov/portal/customize/LinkToRecord.aspx?altId=1044290-TR,False,True,False,,tenant relocation,
004750-18CP,6,2018 May 25 12:00:00 AM,2018 Aug 31 12:00:00 AM,Completed,Completed,8117 Stone AVE N,,https://services.seattle.gov/portal/customize/LinkToRecord.aspx?altId=004750-18CP,True,False,False,sewage|raw sewage,,
005016-18CP,6,2018 Jun 03 12:00:00 AM,,,Closed,6053 3RD AVE NW,98107,https://services.seattle.gov/portal/customize/LinkToRecord.aspx?altId=005016-18CP,True,False,False,structural,,
005198-18CP,6,2018 Jun 06 12:00:00 AM,2018 Jun 14 12:00:00 AM,Completed,Completed,5701 Seaview AVE NW,,https://services.seattle.gov/portal/customize/LinkToRecord.aspx?altId=005198-18CP,True,False,False,mold|rodent,,
1044360-TR,6,2018 Jun 08 12:00:00 AM,,,Completed,7326 13TH AVE NW,98117,https://services.seattle.gov/portal/customize/LinkToRecord.aspx?altId=1044360-TR,False,True,False,,tenant relocation,
1044367-TR,6,2018 Jun 05 12:00:00 AM,,,Completed,1526 NW 61ST ST,98107,https://services.seattle.gov/portal/customize/LinkToRecord.aspx?altId=1044367-TR,False,True,False,,tenant relocation,
005354-18CP,6,2018 Jun 11 12:00:00 AM,2018 Jul 13 12:00:00 AM,Completed,Completed,528 N 76TH ST,98103,https://services.seattle.gov/portal/customize/LinkToRecord.aspx?altId=005354-18CP,True,False,False,mold,,
005589-18CP,6,2018 Jun 18 12:00:00 AM,,,Closed,2428 NW MARKET ST,98107,https://services.seattle.gov/portal/customize/LinkToRecord.aspx?altId=005589-18CP,False,True,False,,threaten,
005622-18CP,6,2018 Jun 19 12:00:00 AM,,,Completed,7115 WOODLAWN AVE NE,98115,https://services.seattle.gov/portal/customize/LinkToRecord.aspx?altId=005622-18CP,True,False,False,leak|leaking,,
1044429-TR,6,2018 Jun 21 12:00:00 AM,,,Completed,3015 NW Market ST,98107,https://services.seattle.gov/portal/customize/LinkToRecord.aspx?altId=1044429-TR,False,True,False,,tenant relocation,
005825-18CP,6,2018 Jun 22 12:00:00 AM,2018 Jul 11 12:00:00 AM,Completed,Completed,4232 EVANSTON AVE N,98103,https://services.seattle.gov/portal/customize/LinkToRecord.aspx?altId=005825-18CP,True,False,False,mold,,
1044516-TR,6,2018 Jul 02 12:00:00 AM,,,Completed,3407 NW 64TH ST,98107,https://services.seattle.gov/portal/customize/LinkToRecord.aspx?altId=1044516-TR,False,True,False,,tenant relocation,
006078-18CP,6,2018 Jul 02 12:00:00 AM,2018 Jul 11 12:00:00 AM,Completed,Completed,709 N 62ND ST,98103,https://services.seattle.gov/portal/customize/LinkToRecord.aspx?altId=006078-18CP,True,False,True,unsafe|exposed wiring,,code violation
006168-18CP,6,2018 Jul 05 12:00:00 AM,,,Completed,6555 5th AVE NE,98115,https://services.seattle.gov/portal/customize/LinkToRecord.aspx?altId=006168-18CP,True,False,False,sewage,,
1044530-VI,6,2018 Jul 05 12:00:00 AM,2018 Dec 06 12:00:00 AM,Compliance Achieved,Completed,6555 5th AVE NE,98115,https://services.seattle.gov/portal/customize/LinkToRecord.aspx?altId=1044530-VI,True,False,False,sewage,,
1044542-TR,6,2018 Jul 09 12:00:00 AM,,,Completed,917 NW 51ST ST,98107,https://services.seattle.gov/portal/customize/LinkToRecord.aspx?altId=1044542-TR,False,True,False,,tenant relocation,
1044556-VI,6,2018 Jul 11 12:00:00 AM,,,Completed,5701 Seaview AVE NW,,https://services.seattle.gov/portal/customize/LinkToRecord.aspx?altId=1044556-VI,True,False,False,mold|rodent,,
1044559-VI,6,2018 Jul 11 12:00:00 AM,2018 Aug 16 12:00:00 AM,Compliance Achieved,Completed,4232 EVANSTON AVE N,98103,https://services.seattle.gov/portal/customize/LinkToRecord.aspx?altId=1044559-VI,True,False,False,mold,,
1044577-TR,6,2018 Jul 12 12:00:00 AM,,,Completed,2637 NW 59TH ST,98107,https://services.seattle.gov/portal/customize/LinkToRecord.aspx?altId=1044577-TR,False,True,False,,trao|tenant relocation,
1044579-TR,6,2018 Jul 10 12:00:00 AM,,,Completed,6210 22ND AVE NW,98107,https://services.seattle.gov/portal/customize/LinkToRecord.aspx?altId=1044579-TR,False,True,False,,tenant relocation,
1044582-TR,6,2018 Jul 13 12:00:00 AM,,,Completed,2049 NW 61ST ST,98107,https://services.seattle.gov/portal/customize/LinkToRecord.aspx?altId=1044582-TR,False,True,False,,tenant relocation,
006510-18CP,6,2018 Jul 15 12:00:00 AM,2019 May 13 12:00:00 AM,Completed,Closed,801 NW 50th ST,,https://services.seattle.gov/portal/customize/LinkToRecord.aspx?altId=006510-18CP,True,False,False,garbage,,
006725-18CP,6,2018 Jul 19 12:00:00 AM,,,Completed,706 NW 62ND ST,98107,https://services.seattle.gov/portal/customize/LinkToRecord.aspx?altId=006725-18CP,False,True,False,,shut off electricity,
006748-18CP,6,2018 Jul 17 12:00:00 AM,,,Completed,6100 26TH AVE NW,98107,https://services.seattle.gov/portal/customize/LinkToRecord.aspx?altId=006748-18CP,True,False,False,mold,,
006758-18CP,6,2018 Jul 19 12:00:00 AM,2018 Aug 02 12:00:00 AM,Completed,Completed,4468 LINDEN AVE N,98103,https://services.seattle.gov/portal/customize/LinkToRecord.aspx?altId=006758-18CP,True,True,False,no heat|no hot water,harass,
1044635-TR,6,2018 Jul 20 12:00:00 AM,,,Completed,6539 4th AVE NE,98115,https://services.seattle.gov/portal/customize/LinkToRecord.aspx?altId=1044635-TR,False,True,False,,tenant relocation,
006782-18CP,6,2018 Jul 22 12:00:00 AM,,,Completed,7313 23RD AVE NW,98117,https://services.seattle.gov/portal/customize/LinkToRecord.aspx?altId=006782-18CP,True,False,False,hazard,,
006906-18CP,6,2018 Jul 25 12:00:00 AM,2018 Aug 27 12:00:00 AM,Completed,Completed,7313 23RD AVE NW,98117,https://services.seattle.gov/portal/customize/LinkToRecord.aspx?altId=006906-18CP,True,False,False,no carbon monoxide,,
007037-18CP,6,2018 Jul 26 12:00:00 AM,,,Completed,6212 PHINNEY AVE N,98103,https://services.seattle.gov/portal/customize/LinkToRecord.aspx?altId=007037-18CP,False,False,True,,,security deposit
007269-18CP,6,2018 Aug 01 12:00:00 AM,,,Closed,8217 AURORA AVE N,98103,https://services.seattle.gov/portal/customize/LinkToRecord.aspx?altId=007269-18CP,True,False,False,hazard,,
007612-18CP,6,2018 Aug 08 12:00:00 AM,,,Closed,345 N 80TH ST,98103,https://services.seattle.gov/portal/customize/LinkToRecord.aspx?altId=007612-18CP,False,True,False,,pota|trao,
007695-18CP,6,2018 Aug 10 12:00:00 AM,2018 Aug 21 12:00:00 AM,Completed,Completed,4468 LINDEN AVE N,98103,https://services.seattle.gov/portal/customize/LinkToRecord.aspx?altId=007695-18CP,True,True,False,no heat|no hot water,harass,
007729-18CP,6,2018 Aug 11 12:00:00 AM,2018 Aug 22 12:00:00 AM,Completed,Completed,701 N 38TH ST,98103,https://services.seattle.gov/portal/customize/LinkToRecord.aspx?altId=007729-18CP,True,False,False,leak|leaks|mold|mildew,,
1044834-VI,6,2018 Aug 21 12:00:00 AM,2019 Feb 20 12:00:00 AM,Compliance Achieved,Completed,4468 LINDEN AVE N,98103,https://services.seattle.gov/portal/customize/LinkToRecord.aspx?altId=1044834-VI,True,True,False,no heat|no hot water,harass,
008259-18CP,6,2018 Aug 28 12:00:00 AM,,,Completed,4468 LINDEN AVE N,98103,https://services.seattle.gov/portal/customize/LinkToRecord.aspx?altId=008259-18CP,False,False,True,,,vacate notice
008318-18CP,6,2018 Aug 30 12:00:00 AM,,,Completed,423 N 50th ST,98103,https://services.seattle.gov/portal/customize/LinkToRecord.aspx?altId=008318-18CP,True,False,False,leak|leaks|exposed wiring,,
1044921-TR,6,2018 Aug 31 12:00:00 AM,,,Completed,215 NW 65TH ST,98117,https://services.seattle.gov/portal/customize/LinkToRecord.aspx?altId=1044921-TR,False,True,False,,tenant relocation,
008400-18CP,6,2018 Sep 04 12:00:00 AM,,,Closed,1436 NW 62nd ST,,https://services.seattle.gov/portal/customize/LinkToRecord.aspx?altId=008400-18CP,True,False,False,water damage,,
1044985-VI,6,2018 Sep 12 12:00:00 AM,2018 Aug 27 12:00:00 AM,Completed,Completed,7313 23RD AVE NW,98117,https://services.seattle.gov/portal/customize/LinkToRecord.aspx?altId=1044985-VI,True,False,False,no carbon monoxide,,
1045090-TR,6,2018 Sep 27 12:00:00 AM,,,Completed,3500 W GOVERNMENT WAY,98199,https://services.seattle.gov/portal/customize/LinkToRecord.aspx?altId=1045090-TR,False,True,False,,tenant relocation,
1045099-VI,6,2018 Sep 28 12:00:00 AM,2018 Dec 07 12:00:00 AM,Admin Closure,Completed,1103 NW MARKET ST,98107,https://services.seattle.gov/portal/customize/LinkToRecord.aspx?altId=1045099-VI,True,False,False,no heat,,
009302-18CP,6,2018 Oct 03 12:00:00 AM,2018 Dec 19 12:00:00 AM,Completed,Completed,6736 20TH AVE NW,98117,https://services.seattle.gov/portal/customize/LinkToRecord.aspx?altId=009302-18CP,False,True,False,,pota,
009381-18CP,6,2018 Oct 04 12:00:00 AM,2018 Dec 05 12:00:00 AM,Completed,Closed,1425 NW 61st ST,,https://services.seattle.gov/portal/customize/LinkToRecord.aspx?altId=009381-18CP,True,False,False,leak|flooded|mold,,
1045184-TR,6,2018 Oct 09 12:00:00 AM,,,Completed,6411 14TH AVE NW,98107,https://services.seattle.gov/portal/customize/LinkToRecord.aspx?altId=1045184-TR,False,True,False,,tenant relocation,
1045189-TR,6,2018 Oct 09 12:00:00 AM,,,Completed,8509 16TH AVE NW,98117,https://services.seattle.gov/portal/customize/LinkToRecord.aspx?altId=1045189-TR,False,True,False,,tenant relocation,
1045193-TR,6,2018 Oct 09 12:00:00 AM,,,Completed,106 N 36TH ST,98103,https://services.seattle.gov/portal/customize/LinkToRecord.aspx?altId=1045193-TR,False,True,False,,tenant relocation,
009775-18CP,6,2018 Oct 17 12:00:00 AM,,,Completed,2224 NW 62nd ST,,https://services.seattle.gov/portal/customize/LinkToRecord.aspx?altId=009775-18CP,True,False,False,leak|leaks,,
009778-18CP,6,2018 Oct 17 12:00:00 AM,,,Completed,2218 NW 62ND ST,98107,https://services.seattle.gov/portal/customize/LinkToRecord.aspx?altId=009778-18CP,True,False,False,hazard,,
009783-18CP,6,2018 Oct 18 12:00:00 AM,,,Completed,2224 NW 62nd ST,,https://services.seattle.gov/portal/customize/LinkToRecord.aspx?altId=009783-18CP,True,False,False,leak|leaking,,
1045254-TR,6,2018 Oct 18 12:00:00 AM,2019 Jan 08 12:00:00 AM,Vacant,Issued,1733 NW 61ST ST,98107,https://services.seattle.gov/portal/customize/LinkToRecord.aspx?altId=1045254-TR,False,True,False,,tenant relocation,
009791-18CP,6,2018 Oct 18 12:00:00 AM,,,Completed,2224 NW 62nd ST,,https://services.seattle.gov/portal/customize/LinkToRecord.aspx?altId=009791-18CP,True,False,False,leak,,
1045356-TR,6,2018 Oct 31 12:00:00 AM,,,Closed,7422 EAST GREEN LAKE DR N,98115,https://services.seattle.gov/portal/customize/LinkToRecord.aspx?altId=1045356-TR,False,True,False,,tenant relocation,
010310-18CP,6,2018 Nov 06 12:00:00 AM,,,Completed,7533 EARL AVE NW,98117,https://services.seattle.gov/portal/customize/LinkToRecord.aspx?altId=010310-18CP,True,False,False,mold|infestation|rodent,,
010326-18CP,6,2018 Nov 07 12:00:00 AM,2018 Nov 16 12:00:00 AM,Completed,Completed,4102 LINDEN AVE N,98103,https://services.seattle.gov/portal/customize/LinkToRecord.aspx?altId=010326-18CP,False,True,False,,harass|threaten,
1045411-TR,6,2018 Nov 08 12:00:00 AM,,,Closed,6833 WEEDIN PL NE,98115,https://services.seattle.gov/portal/customize/LinkToRecord.aspx?altId=1045411-TR,False,True,False,,trao,
010418-18CP,6,2018 Nov 13 12:00:00 AM,,,Closed,902 N 77th ST,,https://services.seattle.gov/portal/customize/LinkToRecord.aspx?altId=010418-18CP,False,False,True,,,rrio
010467-18CP,6,2018 Nov 14 12:00:00 AM,2018 Nov 16 12:00:00 AM,Completed,Closed,7801 GREENWOOD AVE N,98103,https://services.seattle.gov/portal/customize/LinkToRecord.aspx?altId=010467-18CP,True,False,False,mold,,
1045469-TR,6,2018 Nov 20 12:00:00 AM,2019 Oct 08 12:00:00 AM,Vacant,Completed,604 NW 77TH ST,98117,https://services.seattle.gov/portal/customize/LinkToRecord.aspx?altId=1045469-TR,False,True,False,,tenant relocation,
010798-18CP,6,2018 Nov 30 12:00:00 AM,,,Closed,6015 24TH AVE NW,98107,https://services.seattle.gov/portal/customize/LinkToRecord.aspx?altId=010798-18CP,True,False,False,no power,,
1045537-VI,6,2018 Dec 05 12:00:00 AM,2018 Dec 19 12:00:00 AM,Compliance Achieved,Completed,144 NE 63RD ST,98115,https://services.seattle.gov/portal/customize/LinkToRecord.aspx?altId=1045537-VI,True,False,False,sewage|hazard,,
010968-18CP,6,2018 Dec 09 12:00:00 AM,2018 Dec 12 12:00:00 AM,Completed,Completed,1537 NW 56TH ST,98107,https://services.seattle.gov/portal/customize/LinkToRecord.aspx?altId=010968-18CP,True,False,False,garbage,,
010969-18CP,6,2018 Dec 09 12:00:00 AM,,,Completed,1537 NW 56th ST,,https://services.seattle.gov/portal/customize/LinkToRecord.aspx?altId=010969-18CP,True,False,False,garbage,,
1045577-TR,6,2018 Dec 11 12:00:00 AM,,,Issued,1544 NW 52ND ST,98107,https://services.seattle.gov/portal/customize/LinkToRecord.aspx?altId=1045577-TR,False,True,False,,tenant relocation,
011142-18CP,6,2018 Dec 16 12:00:00 AM,,,Completed,315 NW 85TH ST,98117,https://services.seattle.gov/portal/customize/LinkToRecord.aspx?altId=011142-18CP,True,False,False,flooded,,
011179-18CP,6,2018 Dec 17 12:00:00 AM,,,Closed,148 NE 64TH ST,98115,https://services.seattle.gov/portal/customize/LinkToRecord.aspx?altId=011179-18CP,True,False,False,hazard,,
011188-18CP,6,2018 Dec 18 12:00:00 AM,,,Completed,315 NW 85TH ST,98117,https://services.seattle.gov/portal/customize/LinkToRecord.aspx?altId=011188-18CP,True,False,False,flooding|mold,,
1045619-TR,6,2018 Dec 18 12:00:00 AM,2019 Mar 21 12:00:00 AM,Vacant,Completed,2300 W EMERSON ST,98199,https://services.seattle.gov/portal/customize/LinkToRecord.aspx?altId=1045619-TR,False,True,False,,tenant relocation,
1045638-VI,6,2018 Dec 20 12:00:00 AM,2018 Dec 19 12:00:00 AM,Completed,Completed,6736 20TH AVE NW,98117,https://services.seattle.gov/portal/customize/LinkToRecord.aspx?altId=1045638-VI,False,True,False,,pota,
001865-18CP,6,2018 Feb 09 12:00:00 AM,2018 Feb 15 12:00:00 AM,Completed,Completed,2014 NW 57TH ST,98107,https://services.seattle.gov/portal/customize/LinkToRecord.aspx?altId=001865-18CP,True,False,False,infestation,,
002369-18CP,6,2018 Mar 01 12:00:00 AM,,,Completed,308 NE 50TH ST,98105,https://services.seattle.gov/portal/customize/LinkToRecord.aspx?altId=002369-18CP,True,False,False,no hot water,,
002489-18CP,6,2018 Mar 06 12:00:00 AM,2018 Mar 13 12:00:00 AM,Completed,Completed,5433 KIRKWOOD PL N,98103,https://services.seattle.gov/portal/customize/LinkToRecord.aspx?altId=002489-18CP,True,False,False,structural,,
002497-18CP,6,2018 Mar 07 12:00:00 AM,2018 Mar 14 12:00:00 AM,Completed,Completed,329 NE 51ST ST,98105,https://services.seattle.gov/portal/customize/LinkToRecord.aspx?altId=002497-18CP,True,False,False,leak|leaking|mold,,
002513-18CP,6,2018 Mar 07 12:00:00 AM,2018 Apr 25 12:00:00 AM,Completed,Completed,2506 36TH AVE W,98199,https://services.seattle.gov/portal/customize/LinkToRecord.aspx?altId=002513-18CP,True,False,False,leak|leaking|mold,,
002628-18CP,6,2018 Mar 09 12:00:00 AM,2018 Mar 27 12:00:00 AM,Completed,Completed,5910 LATONA AVE NE,98105,https://services.seattle.gov/portal/customize/LinkToRecord.aspx?altId=002628-18CP,True,False,False,leak,,
002633-18CP,6,2018 Mar 09 12:00:00 AM,2018 Mar 14 12:00:00 AM,Completed,Completed,6254 5TH AVE NW,98107,https://services.seattle.gov/portal/customize/LinkToRecord.aspx?altId=002633-18CP,True,False,False,leak,,
002758-18CP,6,2018 Mar 15 12:00:00 AM,2018 Mar 19 12:00:00 AM,Completed,Completed,6750 JONES AVE NW,98117,https://services.seattle.gov/portal/customize/LinkToRecord.aspx?altId=002758-18CP,True,False,False,sewage|infestation|rats|hazard|hazardous,,
002776-18CP,6,2018 Mar 15 12:00:00 AM,2018 Mar 29 12:00:00 AM,Completed,Completed,807 N 40TH ST,98103,https://services.seattle.gov/portal/customize/LinkToRecord.aspx?altId=002776-18CP,True,False,False,leak|leaking|flooded|mold,,
003154-18CP,6,2018 Apr 02 12:00:00 AM,2018 Apr 13 12:00:00 AM,Completed,Completed,4108 PALATINE AVE N,98103,https://services.seattle.gov/portal/customize/LinkToRecord.aspx?altId=003154-18CP,True,False,True,mold|moisture,,rent increase
1042180-TR,6,2018 Jan 17 12:00:00 AM,,,Completed,2442 NW 61ST ST,98107,https://services.seattle.gov/portal/customize/LinkToRecord.aspx?altId=1042180-TR,False,True,False,,tenant relocation,
1042190-TR,6,2018 Jan 19 12:00:00 AM,,,Completed,702 NW 62ND ST,98107,https://services.seattle.gov/portal/customize/LinkToRecord.aspx?altId=1042190-TR,False,True,False,,tenant relocation,
1042295-TR,6,2018 Feb 02 12:00:00 AM,,,Completed,2416 NW 64TH ST,98107,https://services.seattle.gov/portal/customize/LinkToRecord.aspx?altId=1042295-TR,False,True,False,,tenant relocation,
1042299-TR,6,2018 Feb 02 12:00:00 AM,,,Completed,1602 NW 85TH ST,98117,https://services.seattle.gov/portal/customize/LinkToRecord.aspx?altId=1042299-TR,False,True,False,,tenant relocation,
1042300-TR,6,2018 Feb 02 12:00:00 AM,,,Completed,3015 30TH AVE W,98199,https://services.seattle.gov/portal/customize/LinkToRecord.aspx?altId=1042300-TR,False,True,False,,tenant relocation,
1042334-TR,6,2018 Feb 07 12:00:00 AM,,,Issued,1547 NW 63RD ST,98107,https://services.seattle.gov/portal/customize/LinkToRecord.aspx?altId=1042334-TR,False,True,False,,tenant relocation,
1042401-TR,6,2018 Feb 14 12:00:00 AM,2018 Apr 30 12:00:00 AM,Vacant,Completed,105 N 40TH ST,98103,https://services.seattle.gov/portal/customize/LinkToRecord.aspx?altId=1042401-TR,False,True,False,,tenant relocation,
1042539-TR,6,2018 Mar 07 12:00:00 AM,,,Completed,4406 FRANCIS AVE N,98103,https://services.seattle.gov/portal/customize/LinkToRecord.aspx?altId=1042539-TR,False,True,False,,tenant relocation,
1042545-TR,6,2018 Mar 08 12:00:00 AM,,,Completed,806 N 46TH ST,98103,https://services.seattle.gov/portal/customize/LinkToRecord.aspx?altId=1042545-TR,False,True,False,,tenant relocation,
1042547-TR,6,2018 Mar 08 12:00:00 AM,,,Completed,3251 W COMMODORE WAY,98199,https://services.seattle.gov/portal/customize/LinkToRecord.aspx?altId=1042547-TR,False,True,False,,tenant relocation,
1042623-VI,6,2018 Mar 14 12:00:00 AM,2018 May 07 12:00:00 AM,Completed,Completed,329 NE 51ST ST,98105,https://services.seattle.gov/portal/customize/LinkToRecord.aspx?altId=1042623-VI,True,False,False,leak|leaking|mold,,
1042624-VI,6,2018 Mar 14 12:00:00 AM,2018 May 07 12:00:00 AM,Compliance Achieved,Completed,329 NE 51ST ST,98105,https://services.seattle.gov/portal/customize/LinkToRecord.aspx?altId=1042624-VI,True,False,False,leak|leaking|mold,,
1042632-TR,6,2018 Mar 14 12:00:00 AM,,,Completed,604 N 46TH ST,98103,https://services.seattle.gov/portal/customize/LinkToRecord.aspx?altId=1042632-TR,False,True,False,,tenant relocation,
1042639-TR,6,2018 Mar 15 12:00:00 AM,,,Completed,1707 NW 64TH ST,98107,https://services.seattle.gov/portal/customize/LinkToRecord.aspx?altId=1042639-TR,False,True,False,,tenant relocation,
1042654-TR,6,2018 Mar 16 12:00:00 AM,,,Completed,805 NW 51ST ST,98107,https://services.seattle.gov/portal/customize/LinkToRecord.aspx?altId=1042654-TR,False,True,False,,tenant relocation,
1042666-TR,6,2018 Mar 19 12:00:00 AM,,,Completed,2243 NW 62ND ST,98107,https://services.seattle.gov/portal/customize/LinkToRecord.aspx?altId=1042666-TR,False,True,False,,tenant relocation,
1042670-VI,6,2018 Mar 20 12:00:00 AM,,,Completed,6750 JONES AVE NW,98117,https://services.seattle.gov/portal/customize/LinkToRecord.aspx?altId=1042670-VI,True,False,False,sewage|infestation|rats|hazard|hazardous,,
1042671-CT,6,2018 Mar 20 12:00:00 AM,,,Completed,6750 JONES AVE NW,98117,https://services.seattle.gov/portal/customize/LinkToRecord.aspx?altId=1042671-CT,False,False,True,,,code violation
1042687-VI,6,2018 Mar 20 12:00:00 AM,,,Completed,6750 JONES AVE NW,98117,https://services.seattle.gov/portal/customize/LinkToRecord.aspx?altId=1042687-VI,True,False,False,sewage|infestation|rats|hazard|hazardous,,
1042755-TR,6,2018 Mar 27 12:00:00 AM,,,Completed,2441 28TH AVE W,98199,https://services.seattle.gov/portal/customize/LinkToRecord.aspx?altId=1042755-TR,False,True,False,,tenant relocation,
1042905-TR,6,2018 Apr 20 12:00:00 AM,,,Completed,3637 DAYTON AVE N,98103,https://services.seattle.gov/portal/customize/LinkToRecord.aspx?altId=1042905-TR,False,True,False,,tenant relocation,
000366-19CP,6,2019 Jan 10 12:00:00 AM,2019 Jan 23 12:00:00 AM,Completed,Completed,106 NW BOWDOIN PL,98107,https://services.seattle.gov/portal/customize/LinkToRecord.aspx?altId=000366-19CP,True,False,False,leak|roof leak|mold,,
000390-19CP,6,2019 Jan 11 12:00:00 AM,2019 Jan 16 12:00:00 AM,Completed,Completed,3636 FRANCIS AVE N,98103,https://services.seattle.gov/portal/customize/LinkToRecord.aspx?altId=000390-19CP,True,False,False,water damage|flooded|mold,,
1045751-TR,6,2019 Jan 15 12:00:00 AM,,,Closed,106 N 83RD ST,98103,https://services.seattle.gov/portal/customize/LinkToRecord.aspx?altId=1045751-TR,False,True,False,,trao,
000573-19CP,6,2019 Jan 17 12:00:00 AM,2019 Apr 25 12:00:00 AM,Completed,Completed,5398 RUSSELL AVE NW,98107,https://services.seattle.gov/portal/customize/LinkToRecord.aspx?altId=000573-19CP,True,False,False,chemical smell,,
000769-19CP,6,2019 Jan 26 12:00:00 AM,,,Completed,642 NW 50th ST,,https://services.seattle.gov/portal/customize/LinkToRecord.aspx?altId=000769-19CP,True,False,False,no smoke alarm,,
1045832-TR,6,2019 Feb 01 12:00:00 AM,,,Completed,7541 15TH AVE NW,98117,https://services.seattle.gov/portal/customize/LinkToRecord.aspx?altId=1045832-TR,False,True,False,,tenant relocation,
1045853-TR,6,2019 Feb 06 12:00:00 AM,,,Closed,2520 29TH AVE W,98199,https://services.seattle.gov/portal/customize/LinkToRecord.aspx?altId=1045853-TR,False,True,False,,trao,
001033-19CP,6,2019 Feb 07 12:00:00 AM,2019 Feb 12 12:00:00 AM,Completed,Completed,6117 22nd AVE NW,,https://services.seattle.gov/portal/customize/LinkToRecord.aspx?altId=001033-19CP,True,False,False,mold|black mold,,
001060-19CP,6,2019 Feb 08 12:00:00 AM,,,Closed,519 NE 73RD ST,98115,https://services.seattle.gov/portal/customize/LinkToRecord.aspx?altId=001060-19CP,True,False,False,sewage,,
1045884-VI,6,2019 Feb 12 12:00:00 AM,2019 Apr 04 12:00:00 AM,Compliance Achieved,Completed,6117 22nd AVE NW,,https://services.seattle.gov/portal/customize/LinkToRecord.aspx?altId=1045884-VI,True,False,False,mold|black mold,,
1045936-VI,6,2019 Feb 25 12:00:00 AM,2019 Mar 25 12:00:00 AM,Compliance Achieved,Completed,4400 FREMONT AVE N,98103,https://services.seattle.gov/portal/customize/LinkToRecord.aspx?altId=1045936-VI,True,False,False,leak|leaking|roof leak,,
001617-19CP,6,2019 Mar 06 12:00:00 AM,,,Completed,6747 15TH AVE NW,98117,https://services.seattle.gov/portal/customize/LinkToRecord.aspx?altId=001617-19CP,True,False,False,asbestos,,
1046030-TR,6,2019 Feb 14 12:00:00 AM,,,Issued,602 N 42ND ST,98103,https://services.seattle.gov/portal/customize/LinkToRecord.aspx?altId=1046030-TR,False,True,False,,tenant relocation,
001759-19CP,6,2019 Mar 11 12:00:00 AM,,,Completed,2359 N 62ND ST,98103,https://services.seattle.gov/portal/customize/LinkToRecord.aspx?altId=001759-19CP,True,False,False,leak|leaking|rodent,,
001834-19CP,6,2019 Mar 13 12:00:00 AM,2019 Mar 15 12:00:00 AM,Completed,Closed,2826 NW MARKET ST,98107,https://services.seattle.gov/portal/customize/LinkToRecord.aspx?altId=001834-19CP,False,False,True,,,code violation
1046085-TR,6,2019 Mar 18 12:00:00 AM,,,Closed,809 N 47TH ST,98103,https://services.seattle.gov/portal/customize/LinkToRecord.aspx?altId=1046085-TR,False,True,False,,trao,
001998-19CP,6,2019 Mar 19 12:00:00 AM,2019 Apr 01 12:00:00 AM,Completed,Completed,2417 NW 57TH ST,98107,https://services.seattle.gov/portal/customize/LinkToRecord.aspx?altId=001998-19CP,True,False,False,leak|mold|black mold|moisture,,
002047-19CP,6,2019 Mar 20 12:00:00 AM,,,Completed,6615 WOODLAWN AVE N,98103,https://services.seattle.gov/portal/customize/LinkToRecord.aspx?altId=002047-19CP,True,False,False,sewage|leak|leaks|water damage|mold|asbestos,,
1046112-VI,6,2019 Mar 21 12:00:00 AM,,,Compliance Achieved,414 NE RAVENNA BLVD,98115,https://services.seattle.gov/portal/customize/LinkToRecord.aspx?altId=1046112-VI,False,False,True,,,10-day notice|notice to terminate|just cause|just cause eviction
002191-19CP,6,2019 Mar 26 12:00:00 AM,,,Closed,1551 NW 54TH ST,98107,https://services.seattle.gov/portal/customize/LinkToRecord.aspx?altId=002191-19CP,True,False,False,mold,,
1046156-VI,6,2019 Apr 01 12:00:00 AM,2019 Mar 15 12:00:00 AM,Completed,Completed,2826 NW MARKET ST,98107,https://services.seattle.gov/portal/customize/LinkToRecord.aspx?altId=1046156-VI,False,False,True,,,code violation
1046159-TR,6,2019 Apr 01 12:00:00 AM,,,Closed,5415 1ST AVE NE,98105,https://services.seattle.gov/portal/customize/LinkToRecord.aspx?altId=1046159-TR,False,True,False,,trao,
1046217-TR,6,2019 Apr 08 12:00:00 AM,,,Completed,518 N 49TH ST,98103,https://services.seattle.gov/portal/customize/LinkToRecord.aspx?altId=1046217-TR,False,True,False,,tenant relocation,
002796-19CP,6,2019 Apr 15 12:00:00 AM,2019 May 01 12:00:00 AM,Completed,Closed,7361 17TH AVE NW,98117,https://services.seattle.gov/portal/customize/LinkToRecord.aspx?altId=002796-19CP,True,False,False,sewage|lead paint,,
1046347-TR,6,2019 Apr 24 12:00:00 AM,,,Closed,7537 BAGLEY AVE N,98103,https://services.seattle.gov/portal/customize/LinkToRecord.aspx?altId=1046347-TR,False,True,False,,trao,
003384-19CP,6,2019 May 06 12:00:00 AM,,,Closed,4333 PHINNEY AVE N,98103,https://services.seattle.gov/portal/customize/LinkToRecord.aspx?altId=003384-19CP,True,False,False,mold|black mold,,
003506-19CP,6,2019 May 07 12:00:00 AM,2019 May 17 12:00:00 AM,Completed,Completed,6121 36TH AVE NW,98107,https://services.seattle.gov/portal/customize/LinkToRecord.aspx?altId=003506-19CP,True,False,False,rats,,
003614-19CP,6,2019 May 10 12:00:00 AM,2019 May 21 12:00:00 AM,Completed,Closed,6313 22ND AVE NW,98107,https://services.seattle.gov/portal/customize/LinkToRecord.aspx?altId=003614-19CP,True,False,False,leak|no carbon monoxide,,
1046454-TR,6,2019 May 14 12:00:00 AM,,,Closed,4220 LINDEN AVE N,98103,https://services.seattle.gov/portal/customize/LinkToRecord.aspx?altId=1046454-TR,False,True,False,,trao,
1046481-TR,6,2019 May 15 12:00:00 AM,,,Closed,123 N 83RD ST,98103,https://services.seattle.gov/portal/customize/LinkToRecord.aspx?altId=1046481-TR,False,True,False,,tenant relocation,
1046531-TR,6,2019 May 23 12:00:00 AM,,,Issued,3049 NW MARKET ST,98107,https://services.seattle.gov/portal/customize/LinkToRecord.aspx?altId=1046531-TR,False,True,False,,tenant relocation,
004041-19CP,6,2019 May 23 12:00:00 AM,,,Closed,1154 NW 59TH ST,98107,https://services.seattle.gov/portal/customize/LinkToRecord.aspx?altId=004041-19CP,True,False,False,water damage|mold|moisture,,
1046555-VI,6,2019 May 28 12:00:00 AM,2019 Aug 01 12:00:00 AM,Compliance Achieved,Completed,6121 36TH AVE NW,98107,https://services.seattle.gov/portal/customize/LinkToRecord.aspx?altId=1046555-VI,True,False,False,rats,,
1046560-TR,6,2019 May 29 12:00:00 AM,,,Completed,2045 NW 63RD ST,98107,https://services.seattle.gov/portal/customize/LinkToRecord.aspx?altId=1046560-TR,False,True,False,,tenant relocation,
1046567-VI,6,2019 May 29 12:00:00 AM,2019 May 21 12:00:00 AM,Completed,Completed,6313 22ND AVE NW,98107,https://services.seattle.gov/portal/customize/LinkToRecord.aspx?altId=1046567-VI,True,False,False,leak|no carbon monoxide,,
004197-19CP,6,2019 May 24 12:00:00 AM,,,Closed,6418 SEAVIEW AVE NW,98107,https://services.seattle.gov/portal/customize/LinkToRecord.aspx?altId=004197-19CP,True,False,False,leak|leaking|leaks|roof leak,,
004462-19CP,6,2019 Jun 05 12:00:00 AM,2019 Jun 14 12:00:00 AM,Completed,Completed,5002 Meridian AVE N,,https://services.seattle.gov/portal/customize/LinkToRecord.aspx?altId=004462-19CP,True,False,False,sewage|rodent,,
004959-19CP,6,2019 Jun 14 12:00:00 AM,2019 Jul 05 12:00:00 AM,Completed,Completed,3807 AURORA AVE N,98103,https://services.seattle.gov/portal/customize/LinkToRecord.aspx?altId=004959-19CP,True,False,False,mold,,
004961-19CP,6,2019 Jun 17 12:00:00 AM,,,Completed,133 NE 60TH ST,98115,https://services.seattle.gov/portal/customize/LinkToRecord.aspx?altId=004961-19CP,True,False,False,roaches,,
1046806-VI,6,2019 Jun 17 12:00:00 AM,2019 Nov 05 12:00:00 AM,Compliance Achieved,Completed,5002 Meridian AVE N,,https://services.seattle.gov/portal/customize/LinkToRecord.aspx?altId=1046806-VI,True,False,False,sewage|rodent,,
1046877-TR,6,2019 Jun 21 12:00:00 AM,,,Completed,816 N 47TH ST,98103,https://services.seattle.gov/portal/customize/LinkToRecord.aspx?altId=1046877-TR,False,True,False,,tenant relocation,
005276-19CP,6,2019 Jun 24 12:00:00 AM,,,Closed,550 NE RAVENNA BLVD,98115,https://services.seattle.gov/portal/customize/LinkToRecord.aspx?altId=005276-19CP,True,False,False,hazard|fire hazard,,
005616-19CP,6,2019 Jul 01 12:00:00 AM,,,Completed,4108 PALATINE AVE N,,https://services.seattle.gov/portal/customize/LinkToRecord.aspx?altId=005616-19CP,True,False,False,fumes,,
005638-19CP,6,2019 Jul 01 12:00:00 AM,2019 Jul 11 12:00:00 AM,Completed,Completed,6727 7TH AVE NW,98117,https://services.seattle.gov/portal/customize/LinkToRecord.aspx?altId=005638-19CP,False,False,True,,,code violation
1047037-TR,6,2019 Jul 03 12:00:00 AM,,,Completed,3833 23RD AVE W,98199,https://services.seattle.gov/portal/customize/LinkToRecord.aspx?altId=1047037-TR,False,True,False,,tenant relocation,
005982-19CP,6,2019 Jul 08 12:00:00 AM,2019 Jul 19 12:00:00 AM,Completed,Completed,1335 N 79TH ST,,https://services.seattle.gov/portal/customize/LinkToRecord.aspx?altId=005982-19CP,True,True,False,hazard|structural,pota,
1047128-VI,6,2019 Jul 11 12:00:00 AM,2019 Jul 11 12:00:00 AM,Completed,Completed,6727 7TH AVE NW,98117,https://services.seattle.gov/portal/customize/LinkToRecord.aspx?altId=1047128-VI,False,False,True,,,code violation
006077-19CP,6,2019 Jul 11 12:00:00 AM,2019 Jul 18 12:00:00 AM,Completed,Completed,636 NW 49TH ST,98107,https://services.seattle.gov/portal/customize/LinkToRecord.aspx?altId=006077-19CP,True,False,False,hazard|hazardous,,
1047176-VI,6,2019 Jul 16 12:00:00 AM,2019 Jul 05 12:00:00 AM,Completed,Completed,3807 AURORA AVE N,98103,https://services.seattle.gov/portal/customize/LinkToRecord.aspx?altId=1047176-VI,True,False,False,mold,,
006324-19CP,6,2019 Jul 16 12:00:00 AM,,,Completed,701 N 38TH ST,98103,https://services.seattle.gov/portal/customize/LinkToRecord.aspx?altId=006324-19CP,True,False,False,mold|mildew,,
1047232-TR,6,2019 Jul 18 12:00:00 AM,,,Closed,8730 25TH AVE NW,98117,https://services.seattle.gov/portal/customize/LinkToRecord.aspx?altId=1047232-TR,False,True,False,,tenant relocation,
006538-19CP,6,2019 Jul 20 12:00:00 AM,,,Completed,5002 GREEN LAKE WAY N,98103,https://services.seattle.gov/portal/customize/LinkToRecord.aspx?altId=006538-19CP,True,False,False,unsafe|no smoke detector,,
006714-19CP,6,2019 Jul 23 12:00:00 AM,2019 Jul 30 12:00:00 AM,No Access/Unable to Observe,Closed,5415 6TH AVE NW,98107,https://services.seattle.gov/portal/customize/LinkToRecord.aspx?altId=006714-19CP,True,False,False,mold,,
1047463-TR,6,2019 Jul 25 12:00:00 AM,,,Closed,8502 30TH AVE NW,98117,https://services.seattle.gov/portal/customize/LinkToRecord.aspx?altId=1047463-TR,False,True,False,,pota|trao,
1047486-VI,6,2019 Jul 26 12:00:00 AM,2019 Nov 28 12:00:00 AM,Compliance Achieved,Completed,7758 CORLISS AVE N,98103,https://services.seattle.gov/portal/customize/LinkToRecord.aspx?altId=1047486-VI,False,True,False,,pota,
007004-19CP,6,2019 Jul 30 12:00:00 AM,2019 Aug 09 12:00:00 AM,Completed,Completed,2014 NW 57TH ST,98107,https://services.seattle.gov/portal/customize/LinkToRecord.aspx?altId=007004-19CP,True,False,False,no hot water,,
007034-19CP,6,2019 Jul 31 12:00:00 AM,,,Completed,8036 27TH AVE NW,98117,https://services.seattle.gov/portal/customize/LinkToRecord.aspx?altId=007034-19CP,True,False,False,no hot water,,
007248-19CP,6,2019 Aug 05 12:00:00 AM,,,Closed,4108 PALATINE AVE N,98103,https://services.seattle.gov/portal/customize/LinkToRecord.aspx?altId=007248-19CP,True,False,False,fumes,,
007408-19CP,6,2019 Aug 08 12:00:00 AM,,,Closed,545 N 83RD ST,98103,https://services.seattle.gov/portal/customize/LinkToRecord.aspx?altId=007408-19CP,True,False,False,broken window|broken door,,
1048008-TR,6,2019 Aug 27 12:00:00 AM,,,Reviews Completed,5506 5TH AVE NW,98107,https://services.seattle.gov/portal/customize/LinkToRecord.aspx?altId=1048008-TR,False,True,False,,tenant relocation,
1048010-VI,6,2019 Aug 27 12:00:00 AM,2019 Aug 27 12:00:00 AM,Compliance Achieved,Completed,414 NE RAVENNA BLVD,98115,https://services.seattle.gov/portal/customize/LinkToRecord.aspx?altId=1048010-VI,True,False,True,hazard|garbage,,rent increase
008293-19CP,6,2019 Sep 04 12:00:00 AM,,,Closed,2917 NW 85TH ST,98117,https://services.seattle.gov/portal/customize/LinkToRecord.aspx?altId=008293-19CP,False,True,False,,trao|tenant relocation,
009148-19CP,6,2019 Sep 22 12:00:00 AM,,,Closed,1130 NW 54TH ST,,https://services.seattle.gov/portal/customize/LinkToRecord.aspx?altId=009148-19CP,True,False,False,hazard|hazardous,,
009224-19CP,6,2019 Sep 24 12:00:00 AM,,,Completed,1808 N 80TH ST,98103,https://services.seattle.gov/portal/customize/LinkToRecord.aspx?altId=009224-19CP,True,False,False,leak,,
1048596-TR,6,2019 Oct 02 12:00:00 AM,,,Completed,920 NW 54TH ST,98107,https://services.seattle.gov/portal/customize/LinkToRecord.aspx?altId=1048596-TR,False,True,False,,tenant relocation,
1048597-TR,6,2019 Oct 02 12:00:00 AM,,,Completed,1119 NW 57TH ST,98107,https://services.seattle.gov/portal/customize/LinkToRecord.aspx?altId=1048597-TR,False,True,False,,tenant relocation,
009993-19CP,6,2019 Oct 16 12:00:00 AM,,,Completed,1718 NW 85TH ST,98117,https://services.seattle.gov/portal/customize/LinkToRecord.aspx?altId=009993-19CP,True,False,False,hazard|fire hazard,,
010081-19CP,6,2019 Oct 18 12:00:00 AM,,,Closed,1552 NW 58TH ST,98107,https://services.seattle.gov/portal/customize/LinkToRecord.aspx?altId=010081-19CP,True,True,False,unsafe,unsafe construction,
010114-19CP,6,2019 Oct 21 12:00:00 AM,2019 Nov 08 12:00:00 AM,Completed,Completed,518 N 79TH ST,,https://services.seattle.gov/portal/customize/LinkToRecord.aspx?altId=010114-19CP,True,False,False,leak|leaks|hazard|hazardous,,
1048861-VI,6,2019 Oct 25 12:00:00 AM,,,Completed,1103 NW MARKET ST,98107,https://services.seattle.gov/portal/customize/LinkToRecord.aspx?altId=1048861-VI,True,False,False,garbage,,
010381-19CP,6,2019 Oct 30 12:00:00 AM,,,Completed,714 N 64TH ST,98103,https://services.seattle.gov/portal/customize/LinkToRecord.aspx?altId=010381-19CP,True,False,False,mold,,
1049035-TR,6,2019 Nov 15 12:00:00 AM,,,Issued,3922 LINDEN AVE N,98103,https://services.seattle.gov/portal/customize/LinkToRecord.aspx?altId=1049035-TR,False,True,False,,tenant relocation,
011203-19CP,6,2019 Nov 30 12:00:00 AM,2019 Dec 17 12:00:00 AM,Completed,Completed,1525 NW 57TH ST,98107,https://services.seattle.gov/portal/customize/LinkToRecord.aspx?altId=011203-19CP,True,False,True,leak,,rrio
011207-19CP,6,2019 Nov 30 12:00:00 AM,,,Closed,7335 15TH AVE NW,98117,https://services.seattle.gov/portal/customize/LinkToRecord.aspx?altId=011207-19CP,True,False,False,mold,,
011265-19CP,6,2019 Dec 03 12:00:00 AM,,,Completed,3721 27TH PL W,98199,https://services.seattle.gov/portal/customize/LinkToRecord.aspx?altId=011265-19CP,True,False,False,mold|fumes,,
1049284-TR,6,2019 Dec 13 12:00:00 AM,,,Completed,718 N 43RD ST,,https://services.seattle.gov/portal/customize/LinkToRecord.aspx?altId=1049284-TR,False,True,False,,tenant relocation,
011587-19CP,6,2019 Dec 16 12:00:00 AM,,,Closed,925 NW 57TH ST,98107,https://services.seattle.gov/portal/customize/LinkToRecord.aspx?altId=011587-19CP,False,True,False,,forced to move,
1049289-VI,6,2019 Dec 16 12:00:00 AM,2020 Feb 21 12:00:00 AM,Compliance Achieved,Completed,518 N 79TH ST,,https://services.seattle.gov/portal/customize/LinkToRecord.aspx?altId=1049289-VI,True,False,False,leak|leaks|hazard|hazardous,,
011612-19CP,6,2019 Dec 12 12:00:00 AM,,,Completed,7009 6TH AVE NW,98117,https://services.seattle.gov/portal/customize/LinkToRecord.aspx?altId=011612-19CP,True,False,False,mold|rats,,
1049301-VI,6,2019 Dec 18 12:00:00 AM,2019 Dec 17 12:00:00 AM,Completed,Completed,1525 NW 57TH ST,98107,https://services.seattle.gov/portal/customize/LinkToRecord.aspx?altId=1049301-VI,True,False,True,leak,,rrio
1049305-TR,6,2019 Dec 18 12:00:00 AM,,,Completed,1816 NW 89TH ST,98117,https://services.seattle.gov/portal/customize/LinkToRecord.aspx?altId=1049305-TR,False,True,False,,tenant relocation,
011842-19CP,6,2019 Dec 29 12:00:00 AM,,,Completed,7335 15TH AVE NW,98117,https://services.seattle.gov/portal/customize/LinkToRecord.aspx?altId=011842-19CP,True,False,False,mold,,
011874-19CP,6,2019 Dec 31 12:00:00 AM,,,Closed,300 NE 57TH ST,98105,https://services.seattle.gov/portal/customize/LinkToRecord.aspx?altId=011874-19CP,True,False,False,mold|unsanitary|unsanitary conditions,,
011900-19CP,6,2019 Dec 31 12:00:00 AM,,,Closed,4512 PHINNEY AVE N,98103,https://services.seattle.gov/portal/customize/LinkToRecord.aspx?altId=011900-19CP,True,False,False,sewage,,
000119-20CP,6,2020 Jan 02 12:00:00 AM,,,Closed,622 N 60TH ST,98103,https://services.seattle.gov/portal/customize/LinkToRecord.aspx?altId=000119-20CP,True,False,False,lead paint,,
1049390-VI,6,2020 Jan 02 12:00:00 AM,,,Completed,7009 6TH AVE NW,98117,https://services.seattle.gov/portal/customize/LinkToRecord.aspx?altId=1049390-VI,True,False,False,mold|rats,,
000215-20CP,6,2020 Jan 06 12:00:00 AM,,,Completed,4913 EVANSTON AVE N,98103,https://services.seattle.gov/portal/customize/LinkToRecord.aspx?altId=000215-20CP,True,False,False,no heat,,
000216-20CP,6,2020 Jan 06 12:00:00 AM,,,Completed,4905 EVANSTON AVE N,98103,https://services.seattle.gov/portal/customize/LinkToRecord.aspx?altId=000216-20CP,True,False,False,no heat,,
000414-20CP,6,2020 Jan 13 12:00:00 AM,,,Closed,1545 NW Market ST,,https://services.seattle.gov/portal/customize/LinkToRecord.aspx?altId=000414-20CP,True,False,False,structural,,
1049482-VI,6,2020 Jan 15 12:00:00 AM,2020 Jan 15 12:00:00 AM,Completed,Warning,416 N 36TH ST,98103,https://services.seattle.gov/portal/customize/LinkToRecord.aspx?altId=1049482-VI,True,False,False,no heat|no hot water|no running water|leak|leaks|roof leak|mold|rats|unsafe,,
000605-20CP,6,2020 Jan 21 12:00:00 AM,,,Closed,1433 NW 64TH ST,98107,https://services.seattle.gov/portal/customize/LinkToRecord.aspx?altId=000605-20CP,True,False,False,leak|leaking,,
000760-20CP,6,2020 Jan 27 12:00:00 AM,,,Closed,518 N 79TH ST,98103,https://services.seattle.gov/portal/customize/LinkToRecord.aspx?altId=000760-20CP,True,False,False,no heat,,
000836-20CP,6,2020 Jan 29 12:00:00 AM,,,Closed,1545 NW MARKET ST,98107,https://services.seattle.gov/portal/customize/LinkToRecord.aspx?altId=000836-20CP,True,False,False,leak|leaking|pest control,,
000904-20CP,6,2020 Jan 31 12:00:00 AM,,,Closed,801 NW 54TH ST,98107,https://services.seattle.gov/portal/customize/LinkToRecord.aspx?altId=000904-20CP,True,False,False,leak|leaking,,
1049630-TR,6,2020 Feb 04 12:00:00 AM,,,Completed,825 NW 54TH ST,98107,https://services.seattle.gov/portal/customize/LinkToRecord.aspx?altId=1049630-TR,False,True,False,,tenant relocation,
001011-20CP,6,2020 Feb 03 12:00:00 AM,,,Closed,3011 NW 56TH ST,98107,https://services.seattle.gov/portal/customize/LinkToRecord.aspx?altId=001011-20CP,True,False,False,mold|black mold,,
001063-20CP,6,2020 Feb 05 12:00:00 AM,,,Completed,2025 NW 59TH ST,98107,https://services.seattle.gov/portal/customize/LinkToRecord.aspx?altId=001063-20CP,True,False,False,leak,,
001069-20CP,6,2020 Feb 06 12:00:00 AM,,,Closed,3658 DAYTON AVE N,98103,https://services.seattle.gov/portal/customize/LinkToRecord.aspx?altId=001069-20CP,True,False,False,mold,,
001076-20CP,6,2020 Feb 06 12:00:00 AM,,,Closed,518 N 79TH ST,98103,https://services.seattle.gov/portal/customize/LinkToRecord.aspx?altId=001076-20CP,True,False,False,no heat,,
1049715-TR,6,2020 Feb 07 12:00:00 AM,2020 Dec 02 12:00:00 AM,Vacant,Completed,8348 13TH AVE NW,98117,https://services.seattle.gov/portal/customize/LinkToRecord.aspx?altId=1049715-TR,False,True,False,,tenant relocation,
1049720-TR,6,2020 Feb 07 12:00:00 AM,,,Completed,8344 13TH AVE NW,98117,https://services.seattle.gov/portal/customize/LinkToRecord.aspx?altId=1049720-TR,False,True,False,,tenant relocation,
1049726-TR,6,2020 Feb 07 12:00:00 AM,,,Completed,8326 13TH AVE NW,98117,https://services.seattle.gov/portal/customize/LinkToRecord.aspx?altId=1049726-TR,False,True,False,,tenant relocation,
1049728-TR,6,2020 Feb 07 12:00:00 AM,,,Completed,8340 13TH AVE NW,98117,https://services.seattle.gov/portal/customize/LinkToRecord.aspx?altId=1049728-TR,False,True,False,,tenant relocation,
001350-20CP,6,2020 Feb 14 12:00:00 AM,,,Closed,1103 NW MARKET ST,98107,https://services.seattle.gov/portal/customize/LinkToRecord.aspx?altId=001350-20CP,True,False,False,unsanitary,,
001372-20CP,6,2020 Feb 14 12:00:00 AM,,,Completed,1904 N 50th ST,98103,https://services.seattle.gov/portal/customize/LinkToRecord.aspx?altId=001372-20CP,False,False,True,,,rrio
1049803-TR,6,2020 Jan 21 12:00:00 AM,,,Closed,8039 MARY AVE NW,98117,https://services.seattle.gov/portal/customize/LinkToRecord.aspx?altId=1049803-TR,False,True,False,,tenant relocation,
001417-20CP,6,2020 Feb 18 12:00:00 AM,,,Completed,4500 LEARY WAY NW,98107,https://services.seattle.gov/portal/customize/LinkToRecord.aspx?altId=001417-20CP,True,False,False,infestation|rodent|garbage,,
001470-20CP,6,2020 Feb 19 12:00:00 AM,2020 Feb 27 12:00:00 AM,Completed,Completed,3011 NW 56TH ST,98107,https://services.seattle.gov/portal/customize/LinkToRecord.aspx?altId=001470-20CP,True,False,False,mold|black mold,,
001518-20CP,6,2020 Feb 20 12:00:00 AM,,,Closed,3424 NW 66TH ST,98117,https://services.seattle.gov/portal/customize/LinkToRecord.aspx?altId=001518-20CP,True,False,False,asbestos,,
1049876-TR,6,2020 Feb 24 12:00:00 AM,,,Completed,4216 LINDEN AVE N,98103,https://services.seattle.gov/portal/customize/LinkToRecord.aspx?altId=1049876-TR,False,True,False,,tenant relocation,
1049921-VI,6,2020 Feb 27 12:00:00 AM,2020 Feb 27 12:00:00 AM,Completed,Completed,3734 W LAWTON ST,98199,https://services.seattle.gov/portal/customize/LinkToRecord.aspx?altId=1049921-VI,True,False,False,mold|moisture,,
001903-20CP,6,2020 Mar 02 12:00:00 AM,,,Completed,3658 DAYTON AVE N,98103,https://services.seattle.gov/portal/customize/LinkToRecord.aspx?altId=001903-20CP,True,False,False,mold,,
1049964-VI,6,2020 Mar 03 12:00:00 AM,2020 Feb 27 12:00:00 AM,Completed,Completed,3011 NW 56TH ST,98107,https://services.seattle.gov/portal/customize/LinkToRecord.aspx?altId=1049964-VI,True,False,False,mold|black mold,,
1050218-TR,6,2020 Apr 16 12:00:00 AM,,,Closed,2112 N 50TH ST,98103,https://services.seattle.gov/portal/customize/LinkToRecord.aspx?altId=1050218-TR,False,True,False,,trao,
003098-20CP,6,2020 Apr 17 12:00:00 AM,,,Completed,8741 17TH AVE NW,98117,https://services.seattle.gov/portal/customize/LinkToRecord.aspx?altId=003098-20CP,True,False,False,mold|rats,,
003134-20CP,6,2020 Apr 17 12:00:00 AM,,,Closed,1901 N 80TH ST,98103,https://services.seattle.gov/portal/customize/LinkToRecord.aspx?altId=003134-20CP,False,False,True,,,rental registration|rrio
1050239-VI,6,2020 Apr 21 12:00:00 AM,,,Completed,8741 17TH AVE NW,98117,https://services.seattle.gov/portal/customize/LinkToRecord.aspx?altId=1050239-VI,True,False,False,mold|rats,,
003463-20CP,6,2020 Apr 30 12:00:00 AM,,,Closed,3535 NW 60th ST,,https://services.seattle.gov/portal/customize/LinkToRecord.aspx?altId=003463-20CP,False,False,True,,,rental registration|rrio
1050272-TR,6,2020 May 04 12:00:00 AM,,,Closed,346 N 77TH ST,98103,https://services.seattle.gov/portal/customize/LinkToRecord.aspx?altId=1050272-TR,False,True,False,,trao,
003861-20CP,6,2020 May 13 12:00:00 AM,2021 Aug 18 12:00:00 AM,Completed,Completed,1127 N 85TH ST,98103,https://services.seattle.gov/portal/customize/LinkToRecord.aspx?altId=003861-20CP,True,False,False,rodent,,
003886-20CP,6,2020 May 14 12:00:00 AM,,,Closed,4320 36TH AVE W,98199,https://services.seattle.gov/portal/customize/LinkToRecord.aspx?altId=003886-20CP,True,False,False,infestation,,
003931-20CP,6,2020 May 15 12:00:00 AM,,,Closed,7031 3RD AVE NW,98117,https://services.seattle.gov/portal/customize/LinkToRecord.aspx?altId=003931-20CP,True,False,False,hazard,,
004193-20CP,6,2020 May 22 12:00:00 AM,,,Completed,7332 15TH AVE NW,98117,https://services.seattle.gov/portal/customize/LinkToRecord.aspx?altId=004193-20CP,True,False,False,rats,,
1050365-TR,6,2020 May 28 12:00:00 AM,,,Closed,213 NW 46TH ST,98107,https://services.seattle.gov/portal/customize/LinkToRecord.aspx?altId=1050365-TR,False,True,False,,trao,
004419-20CP,6,2020 May 29 12:00:00 AM,,,Completed,6308 24TH AVE NW,98107,https://services.seattle.gov/portal/customize/LinkToRecord.aspx?altId=004419-20CP,True,False,False,unsafe,,
1050370-TR,6,2020 May 29 12:00:00 AM,,,Closed,2821 NW 90TH PL,98117,https://services.seattle.gov/portal/customize/LinkToRecord.aspx?altId=1050370-TR,False,True,False,,trao,
1050429-TR,6,2020 Jun 16 12:00:00 AM,,,Completed,513 NE 72ND ST,98115,https://services.seattle.gov/portal/customize/LinkToRecord.aspx?altId=1050429-TR,False,True,False,,tenant relocation,
1050430-TR,6,2020 Jun 16 12:00:00 AM,,,Completed,7720 16TH AVE NW,98117,https://services.seattle.gov/portal/customize/LinkToRecord.aspx?altId=1050430-TR,False,True,False,,tenant relocation,
1050445-TR,6,2020 Jun 19 12:00:00 AM,,,Closed,849 NW 54TH ST,98107,https://services.seattle.gov/portal/customize/LinkToRecord.aspx?altId=1050445-TR,False,True,False,,trao,
1050455-TR,6,2020 Jun 22 12:00:00 AM,,,Closed,2904 NW 80TH ST,98117,https://services.seattle.gov/portal/customize/LinkToRecord.aspx?altId=1050455-TR,False,True,False,,trao,
005514-20CP,6,2020 Jul 01 12:00:00 AM,,,Closed,3015 NW MARKET ST,98107,https://services.seattle.gov/portal/customize/LinkToRecord.aspx?altId=005514-20CP,True,False,False,exposed wiring,,
005585-20CP,6,2020 Jul 06 12:00:00 AM,,,Closed,824 NW 52ND ST,98107,https://services.seattle.gov/portal/customize/LinkToRecord.aspx?altId=005585-20CP,True,False,False,leak|leaking,,
1050557-TR,6,2020 Jul 09 12:00:00 AM,,,Completed,1763 NW 57TH ST,98107,https://services.seattle.gov/portal/customize/LinkToRecord.aspx?altId=1050557-TR,False,True,False,,tenant relocation,
006275-20CP,6,2020 Jul 24 12:00:00 AM,,,Closed,8217 AURORA AVE N,98103,https://services.seattle.gov/portal/customize/LinkToRecord.aspx?altId=006275-20CP,True,False,False,no smoke detector|no carbon monoxide,,
006448-20CP,6,2020 Jul 29 12:00:00 AM,2020 Jul 31 12:00:00 AM,Completed,Completed,5116 9TH AVE NW,98107,https://services.seattle.gov/portal/customize/LinkToRecord.aspx?altId=006448-20CP,True,False,False,hazard|fire hazard,,
1050685-VI,6,2020 Jul 31 12:00:00 AM,2020 Aug 05 12:00:00 AM,Completed,Completed,5116 9TH AVE NW,98107,https://services.seattle.gov/portal/customize/LinkToRecord.aspx?altId=1050685-VI,True,False,False,hazard|fire hazard,,
006851-20CP,6,2020 Aug 11 12:00:00 AM,,,Closed,7556 EAST GREEN LAKE DR N,98103,https://services.seattle.gov/portal/customize/LinkToRecord.aspx?altId=006851-20CP,True,False,False,leak|leaks|hazard,,
007152-20CP,6,2020 Aug 18 12:00:00 AM,,,Closed,1438 NW 60TH ST,98107,https://services.seattle.gov/portal/customize/LinkToRecord.aspx?altId=007152-20CP,True,False,False,sewage,,
1050762-VI,6,2020 Aug 18 12:00:00 AM,2020 Dec 22 12:00:00 AM,Compliance Achieved,Completed,6416 15TH AVE NW,98107,https://services.seattle.gov/portal/customize/LinkToRecord.aspx?altId=1050762-VI,True,False,False,hazard|broken window,,
1050765-VI,6,2020 Aug 18 12:00:00 AM,2020 Sep 03 12:00:00 AM,Compliance Achieved,Completed,6746 15TH AVE NW,98117,https://services.seattle.gov/portal/customize/LinkToRecord.aspx?altId=1050765-VI,True,False,False,unsafe,,
007211-20CP,6,2020 Aug 19 12:00:00 AM,,,Completed,898 NW 43rd ST,,https://services.seattle.gov/portal/customize/LinkToRecord.aspx?altId=007211-20CP,True,False,False,sewage|leak|leaking,,
1050779-VI,6,2020 Aug 20 12:00:00 AM,,,Initiated,3435 40th AVE W,,https://services.seattle.gov/portal/customize/LinkToRecord.aspx?altId=1050779-VI,True,False,False,rats,,
007349-20CP,6,2020 Aug 21 12:00:00 AM,,,Closed,805 NW 59TH ST,98107,https://services.seattle.gov/portal/customize/LinkToRecord.aspx?altId=007349-20CP,True,False,False,flooding|mold|mildew,,
007376-20CP,6,2020 Aug 22 12:00:00 AM,2020 Oct 13 12:00:00 AM,Completed,Completed,7556 EAST GREEN LAKE DR N,98103,https://services.seattle.gov/portal/customize/LinkToRecord.aspx?altId=007376-20CP,True,False,False,leak|mold|mildew|hazard|fire hazard,,
1050853-TR,6,2020 Sep 01 12:00:00 AM,,,Completed,3623 LINDEN AVE N,98103,https://services.seattle.gov/portal/customize/LinkToRecord.aspx?altId=1050853-TR,False,True,False,,tenant relocation,
007769-20CP,6,2020 Sep 03 12:00:00 AM,2020 Oct 13 12:00:00 AM,Completed,Completed,3601 FREMONT AVE N,98103,https://services.seattle.gov/portal/customize/LinkToRecord.aspx?altId=007769-20CP,True,False,False,infestation|garbage,,
007819-20CP,6,2020 Sep 03 12:00:00 AM,2021 Mar 16 12:00:00 AM,Completed,Completed,2233 NW 58TH ST,98107,https://services.seattle.gov/portal/customize/LinkToRecord.aspx?altId=007819-20CP,True,False,False,strong smell|garbage,,
1050881-VI,6,2020 Sep 08 12:00:00 AM,2020 Sep 11 12:00:00 AM,Completed,Completed,6746 15TH AVE NW,98117,https://services.seattle.gov/portal/customize/LinkToRecord.aspx?altId=1050881-VI,True,False,False,unsafe,,
008135-20CP,6,2020 Sep 15 12:00:00 AM,2021 Mar 30 12:00:00 AM,Completed,Completed,1731 NW 57th ST,,https://services.seattle.gov/portal/customize/LinkToRecord.aspx?altId=008135-20CP,False,True,False,,threaten,
1050935-VI,6,2020 Sep 18 12:00:00 AM,,,Completed,3450 ARAPAHOE PL W,98199,https://services.seattle.gov/portal/customize/LinkToRecord.aspx?altId=1050935-VI,True,False,False,unsafe,,
1050941-VI,6,2020 Sep 18 12:00:00 AM,2023 Aug 16 12:00:00 AM,Admin Closure,Completed,310 N 46TH ST,98103,https://services.seattle.gov/portal/customize/LinkToRecord.aspx?altId=1050941-VI,False,True,False,,unpermitted work,
1050993-VI,6,2020 Sep 25 12:00:00 AM,,,Initiated,7711 15TH AVE NW,98117,https://services.seattle.gov/portal/customize/LinkToRecord.aspx?altId=1050993-VI,True,False,False,mold,,
1050995-VI,6,2020 Sep 25 12:00:00 AM,,,Completed,7711 15TH AVE NW,98117,https://services.seattle.gov/portal/customize/LinkToRecord.aspx?altId=1050995-VI,True,False,False,mold,,
1051085-VI,6,2020 Oct 08 12:00:00 AM,,,Completed,3210 NW 58TH ST,98107,https://services.seattle.gov/portal/customize/LinkToRecord.aspx?altId=1051085-VI,True,False,False,structural,,
1051092-TR,6,2020 Oct 09 12:00:00 AM,,,Closed,7717 DIBBLE AVE NW,98117,https://services.seattle.gov/portal/customize/LinkToRecord.aspx?altId=1051092-TR,False,True,False,,trao,
1051141-TR,6,2020 Oct 19 12:00:00 AM,,,Closed,5415 MERIDIAN AVE N,98103,https://services.seattle.gov/portal/customize/LinkToRecord.aspx?altId=1051141-TR,False,True,False,,trao,
1051147-TR,6,2020 Oct 19 12:00:00 AM,,,Completed,7903 GREENWOOD AVE N,98103,https://services.seattle.gov/portal/customize/LinkToRecord.aspx?altId=1051147-TR,False,True,False,,tenant relocation,
1051148-TR,6,2020 Oct 19 12:00:00 AM,,,Completed,7907 Greenwood AVE N,,https://services.seattle.gov/portal/customize/LinkToRecord.aspx?altId=1051148-TR,False,True,False,,tenant relocation,
1051150-TR,6,2020 Oct 19 12:00:00 AM,,,Issued,7903 GREENWOOD AVE N,98103,https://services.seattle.gov/portal/customize/LinkToRecord.aspx?altId=1051150-TR,False,True,False,,tenant relocation,
1051155-TR,6,2020 Oct 19 12:00:00 AM,,,Closed,2842 36th AVE W,,https://services.seattle.gov/portal/customize/LinkToRecord.aspx?altId=1051155-TR,False,True,False,,trao,
009203-20CP,6,2020 Oct 21 12:00:00 AM,,,Completed,4207 PHINNEY AVE N,98103,https://services.seattle.gov/portal/customize/LinkToRecord.aspx?altId=009203-20CP,False,False,True,,,code violation
009206-20CP,6,2020 Oct 21 12:00:00 AM,2021 May 20 12:00:00 AM,Completed,Completed,5015 3RD AVE NW,98107,https://services.seattle.gov/portal/customize/LinkToRecord.aspx?altId=009206-20CP,True,False,False,flooded|hazard|hazardous|odor,,
009327-20CP,6,2020 Oct 27 12:00:00 AM,2021 Feb 09 12:00:00 AM,Compliance Achieved,Closed,416 N 36TH ST,98103,https://services.seattle.gov/portal/customize/LinkToRecord.aspx?altId=009327-20CP,True,False,False,no heat,,
1051224-VI,6,2020 Oct 28 12:00:00 AM,2021 Feb 09 12:00:00 AM,Compliance Achieved,Completed,416 N 36TH ST,98103,https://services.seattle.gov/portal/customize/LinkToRecord.aspx?altId=1051224-VI,True,False,False,no heat,,
009351-20CP,6,2020 Oct 28 12:00:00 AM,,,Closed,921 NW 63RD ST,98107,https://services.seattle.gov/portal/customize/LinkToRecord.aspx?altId=009351-20CP,True,False,False,water damage,,
009359-20CP,6,2020 Oct 28 12:00:00 AM,,,Closed,1438 NW 60TH ST,,https://services.seattle.gov/portal/customize/LinkToRecord.aspx?altId=009359-20CP,True,False,False,no heat,,
009364-20CP,6,2020 Oct 28 12:00:00 AM,,,Completed,3044 NW 57TH ST,98107,https://services.seattle.gov/portal/customize/LinkToRecord.aspx?altId=009364-20CP,True,False,False,no heat,,
1051242-VI,6,2020 Oct 30 12:00:00 AM,,,Completed,3044 NW 57TH ST,98107,https://services.seattle.gov/portal/customize/LinkToRecord.aspx?altId=1051242-VI,True,False,False,no heat,,
1051265-TR,6,2020 Oct 23 12:00:00 AM,,,Completed,302 NE 50TH ST,98105,https://services.seattle.gov/portal/customize/LinkToRecord.aspx?altId=1051265-TR,False,True,False,,tenant relocation,
1051266-TR,6,2020 Oct 30 12:00:00 AM,,,Issued,847 NW 57TH ST,98107,https://services.seattle.gov/portal/customize/LinkToRecord.aspx?altId=1051266-TR,False,True,False,,tenant relocation,
1051267-TR,6,2020 Nov 02 12:00:00 AM,,,Application Completed,520 N 47TH ST,,https://services.seattle.gov/portal/customize/LinkToRecord.aspx?altId=1051267-TR,False,True,False,,tenant relocation,
009605-20CP,6,2020 Nov 06 12:00:00 AM,,,Completed,513 N 85TH ST,98103,https://services.seattle.gov/portal/customize/LinkToRecord.aspx?altId=009605-20CP,True,False,False,mold|unsafe,,
009741-20CP,6,2020 Nov 13 12:00:00 AM,2020 Dec 30 12:00:00 AM,Completed,Completed,518 N 79TH ST,98103,https://services.seattle.gov/portal/customize/LinkToRecord.aspx?altId=009741-20CP,True,False,False,no heat,,
009785-20CP,6,2020 Nov 16 12:00:00 AM,,,Completed,5640 3RD AVE NW,98107,https://services.seattle.gov/portal/customize/LinkToRecord.aspx?altId=009785-20CP,True,False,False,leak|leaking|mold|hazard|odor,,
009908-20CP,6,2020 Nov 20 12:00:00 AM,2021 Apr 15 12:00:00 AM,Completed,Completed,802 NW 49TH ST,98107,https://services.seattle.gov/portal/customize/LinkToRecord.aspx?altId=009908-20CP,True,False,False,no heat,,
1051382-VI,6,2020 Dec 01 12:00:00 AM,2021 Feb 22 12:00:00 AM,Completed,Completed,3915 GREENWOOD AVE N,98103,https://services.seattle.gov/portal/customize/LinkToRecord.aspx?altId=1051382-VI,True,False,False,fumes,,
1051400-TR,6,2020 Dec 03 12:00:00 AM,,,Closed,7746 31ST AVE NW,98117,https://services.seattle.gov/portal/customize/LinkToRecord.aspx?altId=1051400-TR,False,True,False,,trao,
1051422-TR,6,2020 Dec 08 12:00:00 AM,,,Issued,949 NW MARKET ST,98107,https://services.seattle.gov/portal/customize/LinkToRecord.aspx?altId=1051422-TR,False,True,False,,tenant relocation,
010342-20CP,6,2020 Dec 12 12:00:00 AM,,,Closed,5002 GREEN LAKE WAY N,98103,https://services.seattle.gov/portal/customize/LinkToRecord.aspx?altId=010342-20CP,True,False,False,rats,,
1051479-VI,6,2020 Dec 16 12:00:00 AM,,,Completed,4216 32nd AVE W,,https://services.seattle.gov/portal/customize/LinkToRecord.aspx?altId=1051479-VI,True,False,False,mold|black mold,,
1051495-TR,6,2020 Dec 18 12:00:00 AM,,,Completed,5610 14TH AVE NW,98107,https://services.seattle.gov/portal/customize/LinkToRecord.aspx?altId=1051495-TR,False,True,False,,tenant relocation,
010504-20CP,6,2020 Dec 21 12:00:00 AM,,,Closed,5416 6TH AVE NW,98107,https://services.seattle.gov/portal/customize/LinkToRecord.aspx?altId=010504-20CP,True,False,False,no heat,,
1051522-VI,6,2020 Dec 24 12:00:00 AM,2020 Dec 22 12:00:00 AM,No Access/Unable to Observe,NOV Issued,1412 NW 70TH ST,98117,https://services.seattle.gov/portal/customize/LinkToRecord.aspx?altId=1051522-VI,True,False,False,unsafe|structural,,
1051524-VI,6,2020 Dec 24 12:00:00 AM,2021 Feb 18 12:00:00 AM,Compliance Achieved,Completed,518 N 79TH ST,98103,https://services.seattle.gov/portal/customize/LinkToRecord.aspx?altId=1051524-VI,True,False,False,no heat,,
010630-20CP,6,2020 Dec 27 12:00:00 AM,2021 Mar 17 12:00:00 AM,Completed,Completed,4245 27TH AVE W,98199,https://services.seattle.gov/portal/customize/LinkToRecord.aspx?altId=010630-20CP,True,False,False,leak|leaking|water damage,,
1051537-VI,6,2020 Dec 30 12:00:00 AM,2021 Mar 04 12:00:00 AM,Completed,Completed,811 NW 47TH ST,98107,https://services.seattle.gov/portal/customize/LinkToRecord.aspx?altId=1051537-VI,True,False,False,structural,,
000146-21CP,6,2021 Jan 04 12:00:00 AM,,,Closed,2401 NW 60TH ST,98107,https://services.seattle.gov/portal/customize/LinkToRecord.aspx?altId=000146-21CP,True,False,False,leak|mold,,
000147-21CP,6,2021 Jan 04 12:00:00 AM,,,Completed,701 N 38th ST,,https://services.seattle.gov/portal/customize/LinkToRecord.aspx?altId=000147-21CP,True,False,False,hazard|fire hazard,,
000155-21CP,6,2021 Jan 04 12:00:00 AM,,,Closed,618 NW 58TH ST,98107,https://services.seattle.gov/portal/customize/LinkToRecord.aspx?altId=000155-21CP,True,False,False,rats|vermin|garbage,,
000186-21CP,6,2021 Jan 05 12:00:00 AM,,,Closed,824 NW 52ND ST,98107,https://services.seattle.gov/portal/customize/LinkToRecord.aspx?altId=000186-21CP,True,False,False,leak|mold|structural,,
1051553-TR,6,2021 Jan 06 12:00:00 AM,,,Completed,2130 N 62ND ST,98103,https://services.seattle.gov/portal/customize/LinkToRecord.aspx?altId=1051553-TR,False,True,False,,tenant relocation,
1051586-TR,6,2021 Jan 19 12:00:00 AM,,,Closed,8308 25TH AVE NW,98117,https://services.seattle.gov/portal/customize/LinkToRecord.aspx?altId=1051586-TR,False,True,False,,tenant relocation,
000548-21CP,6,2021 Jan 20 12:00:00 AM,,,Completed,5640 3RD AVE NW,98107,https://services.seattle.gov/portal/customize/LinkToRecord.aspx?altId=000548-21CP,True,False,False,mold,,
1051594-TR,6,2021 Jan 21 12:00:00 AM,,,Closed,4303 DAYTON AVE N,98103,https://services.seattle.gov/portal/customize/LinkToRecord.aspx?altId=1051594-TR,False,True,False,,trao,
000689-21CP,6,2021 Jan 25 12:00:00 AM,,,Completed,416 N 36TH ST,98103,https://services.seattle.gov/portal/customize/LinkToRecord.aspx?altId=000689-21CP,True,False,False,leak|leaking|roof leak|mold,,
1051617-TR,6,2021 Jan 25 12:00:00 AM,,,Closed,8312 11TH AVE NW,98117,https://services.seattle.gov/portal/customize/LinkToRecord.aspx?altId=1051617-TR,False,True,False,,trao,
000966-21CP,6,2021 Feb 03 12:00:00 AM,2021 Mar 08 12:00:00 AM,Completed,Closed,6513 4TH AVE NE,98115,https://services.seattle.gov/portal/customize/LinkToRecord.aspx?altId=000966-21CP,True,False,False,unsafe,,
001018-21CP,6,2021 Feb 05 12:00:00 AM,2021 Mar 01 12:00:00 AM,Completed,Completed,7539 15TH AVE NW,98117,https://services.seattle.gov/portal/customize/LinkToRecord.aspx?altId=001018-21CP,True,False,False,leak|mold|black mold|asbestos,,
1051695-TR,6,2021 Feb 10 12:00:00 AM,2021 May 05 12:00:00 AM,Vacant,Completed,6547 24TH AVE NW,98117,https://services.seattle.gov/portal/customize/LinkToRecord.aspx?altId=1051695-TR,False,True,False,,tenant relocation,
001292-21CP,6,2021 Feb 18 12:00:00 AM,,,Closed,2755 NW 85TH ST,98117,https://services.seattle.gov/portal/customize/LinkToRecord.aspx?altId=001292-21CP,True,False,False,leak|leaking|water damage|asbestos,,
001407-21CP,6,2021 Feb 22 12:00:00 AM,2021 Mar 08 12:00:00 AM,Completed,Completed,2024 NW 59TH ST,98107,https://services.seattle.gov/portal/customize/LinkToRecord.aspx?altId=001407-21CP,True,False,False,mold,,
1051756-VI,6,2021 Feb 25 12:00:00 AM,2021 Oct 26 12:00:00 AM,Compliance Achieved,Completed,720 N ALLEN PL,98103,https://services.seattle.gov/portal/customize/LinkToRecord.aspx?altId=1051756-VI,True,False,False,water damage|mold|structural,,
1051777-VI,6,2021 Mar 01 12:00:00 AM,2021 Feb 25 12:00:00 AM,Completed,Completed,317 NW 41ST ST,98107,https://services.seattle.gov/portal/customize/LinkToRecord.aspx?altId=1051777-VI,True,False,False,mold,,
001689-21CP,6,2021 Mar 04 12:00:00 AM,,,Completed,539 N 73RD ST,98103,https://services.seattle.gov/portal/customize/LinkToRecord.aspx?altId=001689-21CP,True,False,False,sewage,,
1051825-VI,6,2021 Mar 09 12:00:00 AM,2021 Apr 12 12:00:00 AM,Compliance Achieved,Completed,2024 NW 59TH ST,98107,https://services.seattle.gov/portal/customize/LinkToRecord.aspx?altId=1051825-VI,True,False,False,mold,,
001887-21CP,6,2021 Mar 11 12:00:00 AM,2021 May 17 12:00:00 AM,Completed,Completed,2107 28TH AVE W,98199,https://services.seattle.gov/portal/customize/LinkToRecord.aspx?altId=001887-21CP,True,False,False,rats|rodent|garbage,,
1051864-CT,6,2021 Mar 17 12:00:00 AM,2021 Apr 16 12:00:00 AM,Compliance Achieved,Completed,6102 MERIDIAN AVE N,98103,https://services.seattle.gov/portal/customize/LinkToRecord.aspx?altId=1051864-CT,False,False,True,,,code violation
1051868-TR,6,2021 Mar 15 12:00:00 AM,,,Completed,2417 NW 63RD ST,98107,https://services.seattle.gov/portal/customize/LinkToRecord.aspx?altId=1051868-TR,False,True,False,,tenant relocation,
1051870-VI,6,2021 Mar 17 12:00:00 AM,,,Initiated,4245 27TH AVE W,98199,https://services.seattle.gov/portal/customize/LinkToRecord.aspx?altId=1051870-VI,True,False,False,leak|leaking|water damage,,
1051902-TR,6,2021 Mar 25 12:00:00 AM,,,Completed,2043 NW 60TH ST,98107,https://services.seattle.gov/portal/customize/LinkToRecord.aspx?altId=1051902-TR,False,True,False,,tenant relocation,
1051908-TR,6,2021 Mar 26 12:00:00 AM,2021 Jun 08 12:00:00 AM,Vacant,Completed,5001 3RD AVE NW,98107,https://services.seattle.gov/portal/customize/LinkToRecord.aspx?altId=1051908-TR,False,True,False,,tenant relocation,
1051916-TR,6,2021 Mar 30 12:00:00 AM,2021 Apr 02 12:00:00 AM,Vacant,Completed,4437 GREENWOOD AVE N,98103,https://services.seattle.gov/portal/customize/LinkToRecord.aspx?altId=1051916-TR,False,True,False,,tenant relocation,
1051919-TR,6,2021 Mar 30 12:00:00 AM,,,Closed,6538 LATONA AVE NE,98115,https://services.seattle.gov/portal/customize/LinkToRecord.aspx?altId=1051919-TR,False,True,False,,tenant relocation,
1051938-TR,6,2021 Apr 01 12:00:00 AM,,,Completed,903 NW 56TH ST,98107,https://services.seattle.gov/portal/customize/LinkToRecord.aspx?altId=1051938-TR,False,True,False,,tenant relocation,
1051968-TR,6,2021 Apr 06 12:00:00 AM,,,Initiated,3817 FREMONT AVE N,98103,https://services.seattle.gov/portal/customize/LinkToRecord.aspx?altId=1051968-TR,False,True,False,,tenant relocation,
1052009-VI,6,2021 Apr 14 12:00:00 AM,,,Completed,317 NW 41ST ST,98107,https://services.seattle.gov/portal/customize/LinkToRecord.aspx?altId=1052009-VI,True,False,False,mold,,
1052010-VI,6,2021 Apr 15 12:00:00 AM,,,Completed,802 NW 49TH ST,98107,https://services.seattle.gov/portal/customize/LinkToRecord.aspx?altId=1052010-VI,True,False,False,no heat,,
1052024-VI,6,2021 Apr 16 12:00:00 AM,,,Completed,469 NW BOWDOIN PL,98107,https://services.seattle.gov/portal/customize/LinkToRecord.aspx?altId=1052024-VI,True,False,False,odor,,
1052032-TR,6,2021 Apr 09 12:00:00 AM,,,Completed,5545 kenwood PL N,,https://services.seattle.gov/portal/customize/LinkToRecord.aspx?altId=1052032-TR,False,True,False,,tenant relocation,
002870-21CP,6,2021 Apr 20 12:00:00 AM,2021 Apr 26 12:00:00 AM,Completed,Completed,2024 NW 59TH ST,98107,https://services.seattle.gov/portal/customize/LinkToRecord.aspx?altId=002870-21CP,True,False,False,sewage|raw sewage|hazard,,
1052043-TR,6,2021 Apr 21 12:00:00 AM,,,Completed,928 NW 56TH ST,98107,https://services.seattle.gov/portal/customize/LinkToRecord.aspx?altId=1052043-TR,False,True,False,,tenant relocation,
1052062-TR,6,2021 Apr 23 12:00:00 AM,,,Completed,4223 26TH AVE W,98199,https://services.seattle.gov/portal/customize/LinkToRecord.aspx?altId=1052062-TR,False,True,False,,tenant relocation,
003027-21CP,6,2021 Apr 26 12:00:00 AM,,,Closed,7541 27TH AVE NW,98117,https://services.seattle.gov/portal/customize/LinkToRecord.aspx?altId=003027-21CP,True,False,False,no smoke detector|broken window,,
1052085-VI,6,2021 Apr 29 12:00:00 AM,,,Completed,5116 9TH AVE NW,98107,https://services.seattle.gov/portal/customize/LinkToRecord.aspx?altId=1052085-VI,True,False,False,garbage,,
003198-21CP,6,2021 May 03 12:00:00 AM,2021 May 04 12:00:00 AM,Completed,Completed,7541 27TH AVE NW,98117,https://services.seattle.gov/portal/customize/LinkToRecord.aspx?altId=003198-21CP,True,False,False,no smoke detector|broken window,,
003207-21CP,6,2021 May 03 12:00:00 AM,,,Completed,1511 NW 64TH ST,,https://services.seattle.gov/portal/customize/LinkToRecord.aspx?altId=003207-21CP,True,False,False,structural,,
1052119-VI,6,2021 May 05 12:00:00 AM,2021 Aug 24 12:00:00 AM,Compliance Achieved,Completed,7541 27TH AVE NW,98117,https://services.seattle.gov/portal/customize/LinkToRecord.aspx?altId=1052119-VI,True,False,False,no smoke detector|broken window,,
1052162-TR,6,2021 May 12 12:00:00 AM,,,Completed,5203 MERIDIAN AVE N,98103,https://services.seattle.gov/portal/customize/LinkToRecord.aspx?altId=1052162-TR,False,True,False,,tenant relocation,
1052163-TR,6,2021 May 13 12:00:00 AM,,,Completed,2627 NW 59TH ST,98107,https://services.seattle.gov/portal/customize/LinkToRecord.aspx?altId=1052163-TR,False,True,False,,tenant relocation,
003525-21CP,6,2021 May 14 12:00:00 AM,,,Closed,4907 FREMONT AVE N,98103,https://services.seattle.gov/portal/customize/LinkToRecord.aspx?altId=003525-21CP,True,False,False,water damage|hazard|fire hazard,,
1052170-TR,6,2021 May 17 12:00:00 AM,,,Closed,3636 FRANCIS AVE N,98103,https://services.seattle.gov/portal/customize/LinkToRecord.aspx?altId=1052170-TR,False,True,False,,trao,
1052225-TR,6,2021 May 26 12:00:00 AM,,,Issued,2206 NW 64TH ST,98107,https://services.seattle.gov/portal/customize/LinkToRecord.aspx?altId=1052225-TR,False,True,False,,tenant relocation,
004656-21CP,6,2021 Jun 18 12:00:00 AM,2021 Sep 24 12:00:00 AM,Completed,Completed,3224 W GOVERNMENT WAY,98199,https://services.seattle.gov/portal/customize/LinkToRecord.aspx?altId=004656-21CP,True,False,False,unsafe,,
1052323-CT,6,2021 Jun 21 12:00:00 AM,2021 Aug 02 12:00:00 AM,Compliance Achieved,Completed,7401 LINDEN AVE N,98103,https://services.seattle.gov/portal/customize/LinkToRecord.aspx?altId=1052323-CT,True,False,False,roaches,,
1052326-TR,6,2021 Jun 21 12:00:00 AM,,,Completed,1439 NW 60th ST,,https://services.seattle.gov/portal/customize/LinkToRecord.aspx?altId=1052326-TR,False,True,False,,tenant relocation,
1052327-TR,6,2021 Jun 21 12:00:00 AM,,,Completed,6544 LATONA AVE NE,98115,https://services.seattle.gov/portal/customize/LinkToRecord.aspx?altId=1052327-TR,False,True,False,,tenant relocation,
004758-21CP,6,2021 Jun 22 12:00:00 AM,,,Completed,207 N 41ST ST,98103,https://services.seattle.gov/portal/customize/LinkToRecord.aspx?altId=004758-21CP,False,False,True,,,illegal rent
1052342-TR,6,2021 Jun 24 12:00:00 AM,,,Completed,2412 NW 64th ST,,https://services.seattle.gov/portal/customize/LinkToRecord.aspx?altId=1052342-TR,False,True,False,,tenant relocation,
1052350-CT,6,2021 Jun 25 12:00:00 AM,2021 Aug 02 12:00:00 AM,Compliance Achieved,Completed,7301 WINONA AVE N,98103,https://services.seattle.gov/portal/customize/LinkToRecord.aspx?altId=1052350-CT,True,False,False,roaches,,
1052353-TR,6,2021 Jun 25 12:00:00 AM,,,Closed,5705 PHINNEY AVE N,98103,https://services.seattle.gov/portal/customize/LinkToRecord.aspx?altId=1052353-TR,False,True,False,,trao,
1052354-CT,6,2021 Jun 25 12:00:00 AM,2021 Jul 28 12:00:00 AM,Compliance Achieved,Completed,3657 Dayton AVE N,,https://services.seattle.gov/portal/customize/LinkToRecord.aspx?altId=1052354-CT,True,False,False,roaches,,
1052355-TR,6,2021 Jun 25 12:00:00 AM,,,Closed,6711 4TH AVE NW,98117,https://services.seattle.gov/portal/customize/LinkToRecord.aspx?altId=1052355-TR,False,True,False,,trao,
004949-21CP,6,2021 Jun 27 12:00:00 AM,,,Completed,3416 A 34TH AVE W,98199,https://services.seattle.gov/portal/customize/LinkToRecord.aspx?altId=004949-21CP,True,False,False,hazard|collapse,,
1052368-CT,6,2021 Jun 29 12:00:00 AM,2022 Mar 16 12:00:00 AM,Completed,Completed,147 NE 51ST ST,98105,https://services.seattle.gov/portal/customize/LinkToRecord.aspx?altId=1052368-CT,True,False,False,roaches,,
1052371-CT,6,2021 Jun 29 12:00:00 AM,2021 Aug 16 12:00:00 AM,Compliance Achieved,Completed,3609 NW 62ND ST,98107,https://services.seattle.gov/portal/customize/LinkToRecord.aspx?altId=1052371-CT,True,False,False,roaches,,
1052400-TR,6,2021 Jul 01 12:00:00 AM,,,Closed,6210 20TH AVE NW,98107,https://services.seattle.gov/portal/customize/LinkToRecord.aspx?altId=1052400-TR,False,True,False,,trao,
1052401-VI,6,2021 Jul 02 12:00:00 AM,2021 Jul 20 12:00:00 AM,Compliance Achieved,Completed,4047 25TH AVE W,98199,https://services.seattle.gov/portal/customize/LinkToRecord.aspx?altId=1052401-VI,True,False,False,rats|rodent|structural,,
005272-21CP,6,2021 Jul 07 12:00:00 AM,,,Closed,3605 FRANCIS AVE N,98103,https://services.seattle.gov/portal/customize/LinkToRecord.aspx?altId=005272-21CP,True,False,False,leak,,
1052444-VI,6,2021 Jul 13 12:00:00 AM,2021 Oct 11 12:00:00 AM,Completed,Completed,116 NE 63RD ST,98115,https://services.seattle.gov/portal/customize/LinkToRecord.aspx?altId=1052444-VI,True,False,False,structural,,
005558-21CP,6,2021 Jul 14 12:00:00 AM,,,Closed,4332 B 3RD AVE NW,98107,https://services.seattle.gov/portal/customize/LinkToRecord.aspx?altId=005558-21CP,True,False,False,mold|black mold,,
005625-21CP,6,2021 Jul 16 12:00:00 AM,2021 Aug 06 12:00:00 AM,Completed,Completed,8036 27TH AVE NW,98117,https://services.seattle.gov/portal/customize/LinkToRecord.aspx?altId=005625-21CP,True,False,False,infestation,,
005638-21CP,6,2021 Jul 16 12:00:00 AM,,,Closed,8035 INTERLAKE AVE N,98103,https://services.seattle.gov/portal/customize/LinkToRecord.aspx?altId=005638-21CP,False,False,True,,,rrio
1052468-TR,6,2021 Jul 19 12:00:00 AM,,,Completed,4611 FREMONT AVE N,98103,https://services.seattle.gov/portal/customize/LinkToRecord.aspx?altId=1052468-TR,False,True,False,,tenant relocation,
1052483-VI,6,2021 Jul 21 12:00:00 AM,,,Completed,7810 stroud AVE N,,https://services.seattle.gov/portal/customize/LinkToRecord.aspx?altId=1052483-VI,True,False,False,structural,,
1052491-TR,6,2021 Jul 23 12:00:00 AM,,,Reviews In Process,1721 NW 64TH ST,98107,https://services.seattle.gov/portal/customize/LinkToRecord.aspx?altId=1052491-TR,False,True,False,,tenant relocation,
005947-21CP,6,2021 Jul 23 12:00:00 AM,,,Completed,101 N 46TH ST,98103,https://services.seattle.gov/portal/customize/LinkToRecord.aspx?altId=005947-21CP,True,False,False,structural,,
1052528-TR,6,2021 Jul 30 12:00:00 AM,,,Issued,101 N 46TH ST,98103,https://services.seattle.gov/portal/customize/LinkToRecord.aspx?altId=1052528-TR,False,True,False,,tenant relocation,
006232-21CP,6,2021 Aug 03 12:00:00 AM,,,Completed,101 N 46TH ST,98103,https://services.seattle.gov/portal/customize/LinkToRecord.aspx?altId=006232-21CP,True,False,False,structural,,
1052552-VI,6,2021 Aug 04 12:00:00 AM,2021 Aug 03 12:00:00 AM,Completed,EO Vacate Close Issued,1103 NW MARKET ST,98107,https://services.seattle.gov/portal/customize/LinkToRecord.aspx?altId=1052552-VI,True,False,False,garbage,,
006538-21CP,6,2021 Aug 11 12:00:00 AM,,,Closed,311 N 43RD ST,98103,https://services.seattle.gov/portal/customize/LinkToRecord.aspx?altId=006538-21CP,True,False,False,infestation|rodent,,
006587-21CP,6,2021 Aug 12 12:00:00 AM,2021 Aug 06 12:00:00 AM,Completed,Completed,4505 Linden AVE N,98103,https://services.seattle.gov/portal/customize/LinkToRecord.aspx?altId=006587-21CP,True,False,False,leak,,
1052646-CT,6,2021 Aug 17 12:00:00 AM,2021 Sep 20 12:00:00 AM,Compliance Achieved,Completed,4516 EVANSTON AVE N,98103,https://services.seattle.gov/portal/customize/LinkToRecord.aspx?altId=1052646-CT,True,False,False,hazard|hazardous,,
1052653-CT,6,2021 Aug 17 12:00:00 AM,2021 Nov 01 12:00:00 AM,Compliance Achieved,Completed,1156 N 78TH ST,98103,https://services.seattle.gov/portal/customize/LinkToRecord.aspx?altId=1052653-CT,True,False,False,hazard|hazardous,,
1052655-VI,6,2021 Aug 17 12:00:00 AM,2021 Sep 21 12:00:00 AM,Compliance Achieved,Completed,8501 15th AVE NW,,https://services.seattle.gov/portal/customize/LinkToRecord.aspx?altId=1052655-VI,True,False,False,hazard|fire hazard,,
1052660-CT,6,2021 Aug 18 12:00:00 AM,2022 Jan 25 12:00:00 AM,Compliance Achieved,Completed,1108 NW 80TH ST,98117,https://services.seattle.gov/portal/customize/LinkToRecord.aspx?altId=1052660-CT,True,False,False,hazard|hazardous,,
006925-21CP,6,2021 Aug 22 12:00:00 AM,,,Completed,5227 LEARY AVE NW,98107,https://services.seattle.gov/portal/customize/LinkToRecord.aspx?altId=006925-21CP,True,False,True,pest control,,notice to vacate
006955-21CP,6,2021 Aug 16 12:00:00 AM,,,Closed,8541 15TH AVE NW,98117,https://services.seattle.gov/portal/customize/LinkToRecord.aspx?altId=006955-21CP,True,False,False,mold,,
1052707-CT,6,2021 Aug 23 12:00:00 AM,2021 Sep 24 12:00:00 AM,Compliance Achieved,Completed,6202 MERIDIAN AVE N,98103,https://services.seattle.gov/portal/customize/LinkToRecord.aspx?altId=1052707-CT,True,False,False,hazard|hazardous,,
1052711-VI,6,2021 Aug 24 12:00:00 AM,2021 Oct 12 12:00:00 AM,Compliance Achieved,Completed,4505 LINDEN AVE N,98103,https://services.seattle.gov/portal/customize/LinkToRecord.aspx?altId=1052711-VI,True,False,False,sewage|raw sewage|leak,,
1052712-TR,6,2021 Jul 20 12:00:00 AM,,,Completed,7810 STROUD AVE N,98103,https://services.seattle.gov/portal/customize/LinkToRecord.aspx?altId=1052712-TR,False,True,False,,tenant relocation,
1052721-VI,6,2021 Aug 25 12:00:00 AM,2021 Oct 28 12:00:00 AM,Compliance Achieved,Completed,4505 Linden AVE N,98103,https://services.seattle.gov/portal/customize/LinkToRecord.aspx?altId=1052721-VI,True,False,False,leak,,
1052731-TR,6,2021 Aug 26 12:00:00 AM,,,Completed,832 NW 54TH ST,98107,https://services.seattle.gov/portal/customize/LinkToRecord.aspx?altId=1052731-TR,False,True,False,,tenant relocation,
007088-21CP,6,2021 Aug 26 12:00:00 AM,,,Closed,505 NE 70TH ST,98115,https://services.seattle.gov/portal/customize/LinkToRecord.aspx?altId=007088-21CP,True,False,False,roaches,,
1052741-CT,6,2021 Aug 27 12:00:00 AM,2021 Nov 15 12:00:00 AM,Compliance Achieved,Completed,1901 34TH AVE W,98199,https://services.seattle.gov/portal/customize/LinkToRecord.aspx?altId=1052741-CT,True,False,False,hazard|hazardous,,
007184-21CP,6,2021 Aug 30 12:00:00 AM,,,Completed,311 N 43RD ST,98103,https://services.seattle.gov/portal/customize/LinkToRecord.aspx?altId=007184-21CP,True,False,False,rodent|unsafe,,
007345-21CP,6,2021 Sep 03 12:00:00 AM,,,Completed,6341 5TH AVE NE,98115,https://services.seattle.gov/portal/customize/LinkToRecord.aspx?altId=007345-21CP,True,False,False,bedbug,,
1052802-CT,6,2021 Sep 07 12:00:00 AM,2021 Oct 13 12:00:00 AM,Compliance Achieved,Completed,6103 32ND AVE NW,98107,https://services.seattle.gov/portal/customize/LinkToRecord.aspx?altId=1052802-CT,True,False,False,hazard|hazardous,,
1052803-VI,6,2021 Sep 07 12:00:00 AM,2021 Sep 22 12:00:00 AM,Compliance Achieved,Completed,8036 27TH AVE NW,98117,https://services.seattle.gov/portal/customize/LinkToRecord.aspx?altId=1052803-VI,True,False,False,infestation,,
1052818-VI,6,2021 Sep 08 12:00:00 AM,2021 Sep 07 12:00:00 AM,Completed,Under Investigation,3827 29th AVE W,,https://services.seattle.gov/portal/customize/LinkToRecord.aspx?altId=1052818-VI,True,False,False,rodent|vermin,,
1052854-CT,6,2021 Sep 14 12:00:00 AM,2021 Sep 24 12:00:00 AM,Compliance Achieved,Completed,5419 KENSINGTON PL N,98103,https://services.seattle.gov/portal/customize/LinkToRecord.aspx?altId=1052854-CT,True,False,False,hazard|hazardous,,
1052855-TR,6,2021 Sep 14 12:00:00 AM,,,Completed,349 NE 51ST ST,98105,https://services.seattle.gov/portal/customize/LinkToRecord.aspx?altId=1052855-TR,False,True,False,,tenant relocation,
007714-21CP,6,2021 Sep 15 12:00:00 AM,,,Completed,8541 15TH AVE NW,98117,https://services.seattle.gov/portal/customize/LinkToRecord.aspx?altId=007714-21CP,True,False,False,no hot water,,
1052872-VI,6,2021 Sep 17 12:00:00 AM,2021 Sep 17 12:00:00 AM,Completed,NOV Issued,1127 N 85TH ST,98103,https://services.seattle.gov/portal/customize/LinkToRecord.aspx?altId=1052872-VI,True,False,False,rodent,,
007787-21CP,6,2021 Sep 17 12:00:00 AM,,,Completed,906 D NW 56TH ST,98107,https://services.seattle.gov/portal/customize/LinkToRecord.aspx?altId=007787-21CP,True,False,False,garbage,,
007792-21CP,6,2021 Sep 17 12:00:00 AM,,,Closed,3636 FRANCIS AVE N,98103,https://services.seattle.gov/portal/customize/LinkToRecord.aspx?altId=007792-21CP,True,False,False,leak|hazard|fire hazard,,
1052908-VI,6,2021 Sep 24 12:00:00 AM,,,NOV Issued,3224 W GOVERNMENT WAY,98199,https://services.seattle.gov/portal/customize/LinkToRecord.aspx?altId=1052908-VI,True,False,False,unsafe,,
007990-21CP,6,2021 Sep 24 12:00:00 AM,,,Completed,1753 NW 57TH ST,98107,https://services.seattle.gov/portal/customize/LinkToRecord.aspx?altId=007990-21CP,True,False,False,mold|structural,,
007999-21CP,6,2021 Sep 24 12:00:00 AM,,,Completed,1753 NW 57TH ST,98107,https://services.seattle.gov/portal/customize/LinkToRecord.aspx?altId=007999-21CP,True,False,False,mold,,
1052918-TR,6,2021 Sep 27 12:00:00 AM,,,Completed,3435 33RD AVE W,98199,https://services.seattle.gov/portal/customize/LinkToRecord.aspx?altId=1052918-TR,False,True,False,,tenant relocation,
1052923-VI,6,2021 Sep 27 12:00:00 AM,2021 Aug 30 12:00:00 AM,Completed,Completed,133 NE 60TH ST,98115,https://services.seattle.gov/portal/customize/LinkToRecord.aspx?altId=1052923-VI,True,False,False,rats|hazard,,
1052944-CT,6,2021 Sep 29 12:00:00 AM,2021 Oct 27 12:00:00 AM,Compliance Achieved,Completed,8541 DAYTON AVE N,98103,https://services.seattle.gov/portal/customize/LinkToRecord.aspx?altId=1052944-CT,True,False,False,garbage,,
1052966-VI,6,2021 Sep 30 12:00:00 AM,2021 Nov 15 12:00:00 AM,Compliance Achieved,Completed,7714 1ST AVE NE,98115,https://services.seattle.gov/portal/customize/LinkToRecord.aspx?altId=1052966-VI,True,False,False,rats|rodent,,
1052986-VI,6,2021 Oct 01 12:00:00 AM,2021 Sep 29 12:00:00 AM,Completed,EO Vacate Close Issued,3807 AURORA AVE N,98103,https://services.seattle.gov/portal/customize/LinkToRecord.aspx?altId=1052986-VI,True,False,False,garbage,,
008233-21CP,6,2021 Oct 01 12:00:00 AM,,,Completed,1819 N 51ST ST,98103,https://services.seattle.gov/portal/customize/LinkToRecord.aspx?altId=008233-21CP,False,True,True,,pota,tenant rights
1052989-VI,6,2021 Oct 03 12:00:00 AM,2021 Nov 09 12:00:00 AM,Compliance Achieved,Completed,4303 DAYTON AVE N,98103,https://services.seattle.gov/portal/customize/LinkToRecord.aspx?altId=1052989-VI,True,False,False,garbage,,
008288-21CP,6,2021 Oct 19 12:00:00 AM,,,Completed,344 NW 51ST ST,98107,https://services.seattle.gov/portal/customize/LinkToRecord.aspx?altId=008288-21CP,True,False,False,leak|mold|mildew|structural,,
1053000-VI,6,2021 Oct 05 12:00:00 AM,2021 Sep 29 12:00:00 AM,Completed,Completed,5116 9TH AVE NW,98107,https://services.seattle.gov/portal/customize/LinkToRecord.aspx?altId=1053000-VI,True,False,False,unsafe,,
1053037-VI,6,2021 Oct 07 12:00:00 AM,2021 Sep 30 12:00:00 AM,Completed,NOV Issued,3805 AURORA AVE N,98103,https://services.seattle.gov/portal/customize/LinkToRecord.aspx?altId=1053037-VI,True,False,False,garbage,,
1053042-TR,6,2021 Oct 08 12:00:00 AM,,,Closed,6019 MCKINLEY PL N,98103,https://services.seattle.gov/portal/customize/LinkToRecord.aspx?altId=1053042-TR,False,True,False,,trao,
1053054-CT,6,2021 Oct 11 12:00:00 AM,2021 Dec 16 12:00:00 AM,Compliance Achieved,Completed,600 N 63RD ST,98103,https://services.seattle.gov/portal/customize/LinkToRecord.aspx?altId=1053054-CT,True,False,False,hazard|hazardous,,
008590-21CP,6,2021 Oct 13 12:00:00 AM,,,Completed,2233 NW 58TH ST,98107,https://services.seattle.gov/portal/customize/LinkToRecord.aspx?altId=008590-21CP,True,False,False,rodent|unsafe,,
1053100-CT,6,2021 Oct 18 12:00:00 AM,2022 Apr 19 12:00:00 AM,Compliance Achieved,Completed,702 N 65TH ST,98103,https://services.seattle.gov/portal/customize/LinkToRecord.aspx?altId=1053100-CT,True,False,False,hazard|hazardous,,
1053104-CT,6,2021 Oct 18 12:00:00 AM,2022 Mar 10 12:00:00 AM,Compliance Achieved,Completed,3857 25th AVE W,98199,https://services.seattle.gov/portal/customize/LinkToRecord.aspx?altId=1053104-CT,True,False,False,hazard|hazardous,,
1053145-VI,6,2021 Oct 21 12:00:00 AM,2021 Aug 06 12:00:00 AM,Completed,Completed,8036 27TH AVE NW,98117,https://services.seattle.gov/portal/customize/LinkToRecord.aspx?altId=1053145-VI,True,False,False,infestation,,
1053146-VI,6,2021 Oct 21 12:00:00 AM,2021 Aug 06 12:00:00 AM,Completed,Initiated,8036 27TH AVE NW,98117,https://services.seattle.gov/portal/customize/LinkToRecord.aspx?altId=1053146-VI,True,False,False,infestation,,
1053147-VI,6,2021 Oct 21 12:00:00 AM,2021 Oct 27 12:00:00 AM,Compliance Achieved,Completed,8036 27TH AVE NW,98117,https://services.seattle.gov/portal/customize/LinkToRecord.aspx?altId=1053147-VI,True,False,False,infestation,,
008867-21CP,6,2021 Oct 22 12:00:00 AM,,,Closed,7506 LINDEN AVE N,98103,https://services.seattle.gov/portal/customize/LinkToRecord.aspx?altId=008867-21CP,True,False,False,mold,,
008950-21CP,6,2021 Oct 25 12:00:00 AM,,,Closed,5415 6TH AVE NW,98107,https://services.seattle.gov/portal/customize/LinkToRecord.aspx?altId=008950-21CP,True,False,False,rats|no smoke detector,,
1053171-TR,6,2021 Oct 26 12:00:00 AM,,,Completed,912 NW MARKET ST,98107,https://services.seattle.gov/portal/customize/LinkToRecord.aspx?altId=1053171-TR,False,True,False,,tenant relocation,
1053172-TR,6,2021 Oct 26 12:00:00 AM,,,Completed,908 NW MARKET ST,98107,https://services.seattle.gov/portal/customize/LinkToRecord.aspx?altId=1053172-TR,False,True,False,,pota|trao|tenant relocation,
1053175-TR,6,2021 Oct 26 12:00:00 AM,,,Completed,918 NW MARKET ST,98107,https://services.seattle.gov/portal/customize/LinkToRecord.aspx?altId=1053175-TR,False,True,False,,tenant relocation,
1053176-TR,6,2021 Oct 26 12:00:00 AM,,,Completed,922 NW MARKET ST,98107,https://services.seattle.gov/portal/customize/LinkToRecord.aspx?altId=1053176-TR,False,True,False,,tenant relocation,
1053177-TR,6,2021 Oct 26 12:00:00 AM,,,Completed,904 NW MARKET ST,98107,https://services.seattle.gov/portal/customize/LinkToRecord.aspx?altId=1053177-TR,False,True,False,,tenant relocation,
1053178-TR,6,2021 Oct 26 12:00:00 AM,,,Completed,5507 9TH AVE NW,98107,https://services.seattle.gov/portal/customize/LinkToRecord.aspx?altId=1053178-TR,False,True,False,,tenant relocation,
009176-21CP,6,2021 Nov 01 12:00:00 AM,,,Completed,902 N 72ND ST,98103,https://services.seattle.gov/portal/customize/LinkToRecord.aspx?altId=009176-21CP,True,False,False,unsafe,,
1053207-TR,6,2021 Nov 01 12:00:00 AM,,,Completed,8520 16TH AVE NW,98117,https://services.seattle.gov/portal/customize/LinkToRecord.aspx?altId=1053207-TR,False,True,False,,tenant relocation,
009332-21CP,6,2021 Nov 05 12:00:00 AM,,,Completed,807 N 40th ST,,https://services.seattle.gov/portal/customize/LinkToRecord.aspx?altId=009332-21CP,True,False,False,leak|leaking,,
009369-21CP,6,2021 Nov 08 12:00:00 AM,,,Completed,2233 NW 58TH ST,98107,https://services.seattle.gov/portal/customize/LinkToRecord.aspx?altId=009369-21CP,True,False,False,odor|garbage,,
009458-21CP,6,2021 Nov 09 12:00:00 AM,,,Completed,2024 NW 59TH ST,98107,https://services.seattle.gov/portal/customize/LinkToRecord.aspx?altId=009458-21CP,True,False,False,mold|rodent,,
1053289-TR,6,2021 Nov 10 12:00:00 AM,,,Completed,6053 7th AVE NW,,https://services.seattle.gov/portal/customize/LinkToRecord.aspx?altId=1053289-TR,False,True,False,,tenant relocation,
1053291-TR,6,2021 Nov 10 12:00:00 AM,,,Completed,701 NW 62ND ST,98107,https://services.seattle.gov/portal/customize/LinkToRecord.aspx?altId=1053291-TR,False,True,False,,tenant relocation,
009484-21CP,6,2021 Nov 11 12:00:00 AM,,,Closed,505 NE 70TH ST,98115,https://services.seattle.gov/portal/customize/LinkToRecord.aspx?altId=009484-21CP,True,False,False,infestation|roaches,,
009509-21CP,6,2021 Nov 12 12:00:00 AM,,,Completed,1715 NW 58TH ST,98107,https://services.seattle.gov/portal/customize/LinkToRecord.aspx?altId=009509-21CP,True,False,False,leak|mold,,
1053332-TR,6,2021 Oct 22 12:00:00 AM,,,Completed,3620 PHINNEY AVE N,98103,https://services.seattle.gov/portal/customize/LinkToRecord.aspx?altId=1053332-TR,False,True,False,,tenant relocation,
009651-21CP,6,2021 Nov 18 12:00:00 AM,,,Completed,8386 31st AVE NW,,https://services.seattle.gov/portal/customize/LinkToRecord.aspx?altId=009651-21CP,True,False,False,hazard,,
1053337-TR,6,2021 Nov 18 12:00:00 AM,,,Issued,6513 4TH AVE NE,98115,https://services.seattle.gov/portal/customize/LinkToRecord.aspx?altId=1053337-TR,False,True,False,,tenant relocation,
1053340-TR,6,2021 Nov 18 12:00:00 AM,,,Reviews In Process,6504 4TH AVE NE,98115,https://services.seattle.gov/portal/customize/LinkToRecord.aspx?altId=1053340-TR,False,True,False,,tenant relocation,
1053348-TR,6,2021 Nov 11 12:00:00 AM,,,Completed,3037 NW 56TH ST,98107,https://services.seattle.gov/portal/customize/LinkToRecord.aspx?altId=1053348-TR,False,True,False,,tenant relocation,
009741-21CP,6,2021 Nov 22 12:00:00 AM,,,Completed,5401 BAKER AVE NW,98107,https://services.seattle.gov/portal/customize/LinkToRecord.aspx?altId=009741-21CP,True,False,False,hazard,,
009866-21CP,6,2021 Nov 29 12:00:00 AM,,,Completed,2357 N 62ND ST,98103,https://services.seattle.gov/portal/customize/LinkToRecord.aspx?altId=009866-21CP,True,False,False,infestation|rats,,
1053387-TR,6,2021 Nov 29 12:00:00 AM,,,Completed,927 NW 57TH ST,98107,https://services.seattle.gov/portal/customize/LinkToRecord.aspx?altId=1053387-TR,False,True,False,,tenant relocation,
009967-21CP,6,2021 Dec 02 12:00:00 AM,,,Closed,7733 15TH AVE NW,98117,https://services.seattle.gov/portal/customize/LinkToRecord.aspx?altId=009967-21CP,True,False,False,no heat|mold,,
1053421-TR,6,2021 Dec 05 12:00:00 AM,,,Completed,500 NW 60TH ST,98107,https://services.seattle.gov/portal/customize/LinkToRecord.aspx?altId=1053421-TR,False,True,False,,tenant relocation,
1053456-TR,6,2021 Nov 16 12:00:00 AM,,,Completed,925 NW Market ST,,https://services.seattle.gov/portal/customize/LinkToRecord.aspx?altId=1053456-TR,False,True,False,,tenant relocation,
1053457-TR,6,2021 Nov 16 12:00:00 AM,,,Completed,915 NW MARKET ST,98107,https://services.seattle.gov/portal/customize/LinkToRecord.aspx?altId=1053457-TR,False,True,False,,tenant relocation,
1053458-TR,6,2021 Dec 11 12:00:00 AM,,,Completed,907 NW MARKET ST,98107,https://services.seattle.gov/portal/customize/LinkToRecord.aspx?altId=1053458-TR,False,True,False,,tenant relocation,
1053459-TR,6,2021 Nov 16 12:00:00 AM,,,Completed,901 NW MARKET ST,98107,https://services.seattle.gov/portal/customize/LinkToRecord.aspx?altId=1053459-TR,False,True,False,,tenant relocation,
1053469-VI,6,2021 Dec 14 12:00:00 AM,,,Completed,5610 20TH AVE NW,98107,https://services.seattle.gov/portal/customize/LinkToRecord.aspx?altId=1053469-VI,True,False,False,garbage,,
1053481-TR,6,2021 Dec 16 12:00:00 AM,,,Closed,349 NW 50TH ST,98107,https://services.seattle.gov/portal/customize/LinkToRecord.aspx?altId=1053481-TR,False,True,False,,trao,
010497-21CP,6,2021 Dec 20 12:00:00 AM,,,Completed,506 N 45TH ST,98103,https://services.seattle.gov/portal/customize/LinkToRecord.aspx?altId=010497-21CP,False,False,True,,,code violation
010499-21CP,6,2021 Dec 13 12:00:00 AM,,,Closed,6222 4TH AVE NW,98107,https://services.seattle.gov/portal/customize/LinkToRecord.aspx?altId=010499-21CP,True,False,False,leak|infestation|rats,,
1053500-CT,6,2021 Dec 21 12:00:00 AM,2022 Jan 24 12:00:00 AM,Compliance Achieved,Completed,3519 FREMONT PL N,98103,https://services.seattle.gov/portal/customize/LinkToRecord.aspx?altId=1053500-CT,True,False,False,hazard|hazardous,,
1053529-TR,6,2021 Dec 27 12:00:00 AM,,,Completed,1127 NW 60TH ST,98107,https://services.seattle.gov/portal/customize/LinkToRecord.aspx?altId=1053529-TR,False,True,False,,tenant relocation,
000157-22CP,6,2021 Dec 28 12:00:00 AM,,,Open Duplicate,8036 27TH AVE NW,98117,https://services.seattle.gov/portal/customize/LinkToRecord.aspx?altId=000157-22CP,True,False,False,no running water,,
000183-22CP,6,2022 Jan 05 12:00:00 AM,2022 Apr 14 12:00:00 AM,Completed,Completed,1426 NW 61ST ST,98107,https://services.seattle.gov/portal/customize/LinkToRecord.aspx?altId=000183-22CP,True,False,False,leak|leaking,,
1053562-TR,6,2022 Jan 05 12:00:00 AM,,,Completed,7546 30TH AVE NW,98117,https://services.seattle.gov/portal/customize/LinkToRecord.aspx?altId=1053562-TR,False,True,False,,tenant relocation,
000331-22CP,6,2022 Jan 11 12:00:00 AM,,,Completed,6820 OSWEGO PL NE,98115,https://services.seattle.gov/portal/customize/LinkToRecord.aspx?altId=000331-22CP,True,False,False,no heat,,
1053598-CT,6,2022 Jan 13 12:00:00 AM,2022 Mar 29 12:00:00 AM,Compliance Achieved,Completed,5505 GREENWOOD AVE N,98103,https://services.seattle.gov/portal/customize/LinkToRecord.aspx?altId=1053598-CT,True,False,False,hazard|hazardous,,
000539-22CP,6,2022 Jan 19 12:00:00 AM,,,Closed,4318 EVANSTON AVE N,98103,https://services.seattle.gov/portal/customize/LinkToRecord.aspx?altId=000539-22CP,True,False,False,water damage|mold|structural|collapse,,
1053635-VI,6,2022 Jan 25 12:00:00 AM,2022 Jan 18 12:00:00 AM,Completed,Completed,1526 NW 53RD ST,98107,https://services.seattle.gov/portal/customize/LinkToRecord.aspx?altId=1053635-VI,True,False,False,hazard|fire hazard,,
1053665-TR,6,2022 Jan 27 12:00:00 AM,,,Completed,2636 NW 56TH ST,98107,https://services.seattle.gov/portal/customize/LinkToRecord.aspx?altId=1053665-TR,False,True,False,,trao|tenant relocation,
1053666-TR,6,2022 Jan 27 12:00:00 AM,,,Completed,3011 NW 93RD ST,98117,https://services.seattle.gov/portal/customize/LinkToRecord.aspx?altId=1053666-TR,False,True,False,,tenant relocation,
1053683-TR,6,2021 Dec 21 12:00:00 AM,,,Completed,1761 NW 61ST ST,98107,https://services.seattle.gov/portal/customize/LinkToRecord.aspx?altId=1053683-TR,False,True,False,,trao,
1053685-VI,6,2022 Jan 31 12:00:00 AM,2022 Jan 28 12:00:00 AM,Completed,Completed,5116 9TH AVE NW,98107,https://services.seattle.gov/portal/customize/LinkToRecord.aspx?altId=1053685-VI,True,False,False,unsafe|unsanitary,,
001063-22CP,6,2022 Feb 02 12:00:00 AM,,,Completed,6401 20TH AVE NW,98107,https://services.seattle.gov/portal/customize/LinkToRecord.aspx?altId=001063-22CP,True,False,False,hazard|fire hazard,,
001075-22CP,6,2022 Feb 02 12:00:00 AM,,,Completed,342 NW 49TH ST,98107,https://services.seattle.gov/portal/customize/LinkToRecord.aspx?altId=001075-22CP,True,False,False,leak|leaking,,
001076-22CP,6,2022 Feb 02 12:00:00 AM,,,Closed,1815 NW 65TH ST,98117,https://services.seattle.gov/portal/customize/LinkToRecord.aspx?altId=001076-22CP,False,False,True,,,rrio
001117-22CP,6,2022 Feb 03 12:00:00 AM,2022 Feb 28 12:00:00 AM,Completed,Completed,1515 NW 52ND ST,98107,https://services.seattle.gov/portal/customize/LinkToRecord.aspx?altId=001117-22CP,True,False,False,no heat,,
001137-22CP,6,2022 Feb 04 12:00:00 AM,2022 May 05 12:00:00 AM,Completed,Completed,1422 NW 62ND ST,98107,https://services.seattle.gov/portal/customize/LinkToRecord.aspx?altId=001137-22CP,True,False,False,mold,,
1053723-TR,6,2022 Feb 04 12:00:00 AM,,,Closed,2227 NW 63RD ST,98107,https://services.seattle.gov/portal/customize/LinkToRecord.aspx?altId=1053723-TR,False,True,False,,pota|trao,
001208-22CP,6,2022 Feb 07 12:00:00 AM,,,Closed,1815 NW 65TH ST,98117,https://services.seattle.gov/portal/customize/LinkToRecord.aspx?altId=001208-22CP,False,False,True,,,rrio
001271-22CP,6,2022 Feb 09 12:00:00 AM,,,Completed,2205 N 57TH ST,98103,https://services.seattle.gov/portal/customize/LinkToRecord.aspx?altId=001271-22CP,False,False,True,,,rental registration|rrio
1053746-VI,6,2022 Feb 09 12:00:00 AM,,,Initiated,6513 4TH AVE NE,98115,https://services.seattle.gov/portal/customize/LinkToRecord.aspx?altId=1053746-VI,False,True,False,,tenant relocation|relocation assistance,
001370-22CP,6,2022 Feb 13 12:00:00 AM,,,Closed,5621 22ND AVE NW,98107,https://services.seattle.gov/portal/customize/LinkToRecord.aspx?altId=001370-22CP,True,False,False,fumes,,
1053768-VI,6,2022 Feb 14 12:00:00 AM,2022 May 10 12:00:00 AM,Compliance Achieved,Completed,545 N 74TH ST,98103,https://services.seattle.gov/portal/customize/LinkToRecord.aspx?altId=1053768-VI,True,False,True,rats|broken window,,unauthorized entry
1053788-TR,6,2022 Feb 15 12:00:00 AM,,,Completed,506 N 48TH ST,98103,https://services.seattle.gov/portal/customize/LinkToRecord.aspx?altId=1053788-TR,False,True,False,,tenant relocation,
001479-22CP,6,2022 Feb 11 12:00:00 AM,,,Closed,3801 34TH AVE W,98199,https://services.seattle.gov/portal/customize/LinkToRecord.aspx?altId=001479-22CP,True,False,False,unsanitary|unsanitary conditions,,
1053819-VI,6,2022 Feb 17 12:00:00 AM,2022 Mar 31 12:00:00 AM,Compliance Achieved,Completed,6757 5TH AVE NW,98117,https://services.seattle.gov/portal/customize/LinkToRecord.aspx?altId=1053819-VI,True,False,False,unsafe|broken window,,
001641-22CP,6,2022 Feb 23 12:00:00 AM,,,Completed,2363 WEST VIEWMONT WAY W,98199,https://services.seattle.gov/portal/customize/LinkToRecord.aspx?altId=001641-22CP,False,True,False,,threaten,
1053835-VI,6,2022 Feb 24 12:00:00 AM,,,Completed,715 N 81ST ST,98103,https://services.seattle.gov/portal/customize/LinkToRecord.aspx?altId=1053835-VI,True,False,False,unsafe,,
1053840-VI,6,2022 Feb 24 12:00:00 AM,2022 May 27 12:00:00 AM,Compliance Achieved,Completed,6011 20TH AVE NW,98107,https://services.seattle.gov/portal/customize/LinkToRecord.aspx?altId=1053840-VI,True,False,False,hazard,,
1053852-TR,6,2022 Feb 28 12:00:00 AM,,,Completed,720 N ALLEN PL,98103,https://services.seattle.gov/portal/customize/LinkToRecord.aspx?altId=1053852-TR,False,True,False,,tenant relocation,
002038-22CP,6,2022 Mar 04 12:00:00 AM,,,Closed,8036 27TH AVE NW,98117,https://services.seattle.gov/portal/customize/LinkToRecord.aspx?altId=002038-22CP,True,False,False,infestation,,
1053892-TR,6,2022 Mar 08 12:00:00 AM,,,Reviews Completed,938 NW 52ND ST,98107,https://services.seattle.gov/portal/customize/LinkToRecord.aspx?altId=1053892-TR,False,True,False,,trao,
1053929-VI,6,2022 Mar 15 12:00:00 AM,,,Initiated,4257 GREENWOOD AVE N,98103,https://services.seattle.gov/portal/customize/LinkToRecord.aspx?altId=1053929-VI,True,False,False,mold,,
1053939-VI,6,2022 Mar 17 12:00:00 AM,,,NOV Issued,1515 NW 52ND ST,98107,https://services.seattle.gov/portal/customize/LinkToRecord.aspx?altId=1053939-VI,True,False,False,no heat,,
1053946-TR,6,2022 Mar 18 12:00:00 AM,,,Closed,6731 32ND AVE NW,98117,https://services.seattle.gov/portal/customize/LinkToRecord.aspx?altId=1053946-TR,False,True,False,,trao,
1053967-VI,6,2022 Mar 23 12:00:00 AM,2022 Mar 17 12:00:00 AM,Completed,Completed,5111 KEYSTONE PL N,98103,https://services.seattle.gov/portal/customize/LinkToRecord.aspx?altId=1053967-VI,True,False,False,structural|collapse,,
002612-22CP,6,2022 Mar 24 12:00:00 AM,,,Open Duplicate,8036 27TH AVE NW,98117,https://services.seattle.gov/portal/customize/LinkToRecord.aspx?altId=002612-22CP,True,False,False,infestation,,
1054009-TR,6,2022 Mar 30 12:00:00 AM,,,Completed,8306 13TH AVE NW,98117,https://services.seattle.gov/portal/customize/LinkToRecord.aspx?altId=1054009-TR,False,True,False,,tenant relocation,
1054049-VI,6,2022 Apr 08 12:00:00 AM,2022 Apr 14 12:00:00 AM,Completed,Completed,8511 19TH AVE NW,98117,https://services.seattle.gov/portal/customize/LinkToRecord.aspx?altId=1054049-VI,True,False,False,structural,,
1054059-TR,6,2022 Apr 12 12:00:00 AM,,,Completed,3612 FRANCIS AVE N,98103,https://services.seattle.gov/portal/customize/LinkToRecord.aspx?altId=1054059-TR,False,True,False,,tenant relocation,
1054078-VI,6,2022 Apr 14 12:00:00 AM,2022 May 16 12:00:00 AM,Compliance Achieved,Completed,1426 NW 61ST ST,98107,https://services.seattle.gov/portal/customize/LinkToRecord.aspx?altId=1054078-VI,True,False,False,leak|leaking,,
003317-22CP,6,2022 Apr 19 12:00:00 AM,,,Closed,4345 32ND AVE W,98199,https://services.seattle.gov/portal/customize/LinkToRecord.aspx?altId=003317-22CP,True,False,False,leak|leaking|structural|collapse,,
1054115-TR,6,2022 Apr 26 12:00:00 AM,,,Completed,819 NW 54TH ST,98107,https://services.seattle.gov/portal/customize/LinkToRecord.aspx?altId=1054115-TR,False,True,False,,tenant relocation,
003515-22CP,6,2022 Apr 26 12:00:00 AM,,,Closed,806 NW 53RD ST,98107,https://services.seattle.gov/portal/customize/LinkToRecord.aspx?altId=003515-22CP,True,False,False,mold,,
1054137-TR,6,2022 Apr 28 12:00:00 AM,,,Closed,6501 2ND AVE NW,98117,https://services.seattle.gov/portal/customize/LinkToRecord.aspx?altId=1054137-TR,False,True,False,,trao,
003659-22CP,6,2022 Apr 27 12:00:00 AM,,,Closed,1753 NW 56TH ST,98107,https://services.seattle.gov/portal/customize/LinkToRecord.aspx?altId=003659-22CP,True,False,False,roaches,,
003748-22CP,6,2022 May 03 12:00:00 AM,,,Completed,4250 34TH AVE W,98199,https://services.seattle.gov/portal/customize/LinkToRecord.aspx?altId=003748-22CP,True,False,False,fumes,,
1054186-VI,6,2022 May 05 12:00:00 AM,2022 Oct 03 12:00:00 AM,Compliance Achieved,Completed,1422 NW 62ND ST,98107,https://services.seattle.gov/portal/customize/LinkToRecord.aspx?altId=1054186-VI,True,False,False,mold,,
1054195-TR,6,2022 May 06 12:00:00 AM,,,Reviews In Process,8323 12th AVE NW,,https://services.seattle.gov/portal/customize/LinkToRecord.aspx?altId=1054195-TR,False,True,False,,tenant relocation,
1054196-TR,6,2022 May 06 12:00:00 AM,,,Reviews In Process,8333 12TH AVE NW,98117,https://services.seattle.gov/portal/customize/LinkToRecord.aspx?altId=1054196-TR,False,True,False,,tenant relocation,
1054240-VI,6,2022 May 17 12:00:00 AM,2022 Jul 05 12:00:00 AM,Compliance Achieved,Completed,325 NW 85TH ST,98117,https://services.seattle.gov/portal/customize/LinkToRecord.aspx?altId=1054240-VI,True,False,False,garbage,,
1054256-TR,6,2022 May 18 12:00:00 AM,,,Completed,844 NW MARKET ST,98107,https://services.seattle.gov/portal/customize/LinkToRecord.aspx?altId=1054256-TR,False,True,False,,trao,
1054268-TR,6,2022 May 20 12:00:00 AM,,,Reviews Completed,8719 17TH AVE NW,98117,https://services.seattle.gov/portal/customize/LinkToRecord.aspx?altId=1054268-TR,False,True,False,,tenant relocation,
1054270-TR,6,2022 May 15 12:00:00 AM,,,Completed,3610 Linden AVE N,,https://services.seattle.gov/portal/customize/LinkToRecord.aspx?altId=1054270-TR,False,True,False,,tenant relocation,
1054274-VI,6,2022 May 23 12:00:00 AM,,,Completed,3837 C 23RD AVE W,98199,https://services.seattle.gov/portal/customize/LinkToRecord.aspx?altId=1054274-VI,True,False,False,garbage,,
005161-22CP,6,2022 Jun 07 12:00:00 AM,,,Closed,4309 34TH AVE W,98199,https://services.seattle.gov/portal/customize/LinkToRecord.aspx?altId=005161-22CP,False,False,True,,,rent increase
1054358-TR,6,2022 Jun 08 12:00:00 AM,,,Completed,2218 NW 62ND ST,98107,https://services.seattle.gov/portal/customize/LinkToRecord.aspx?altId=1054358-TR,False,True,False,,tenant relocation,
1054367-VI,6,2022 Jun 09 12:00:00 AM,2022 Jun 24 12:00:00 AM,Compliance Achieved,Completed,7506 1ST AVE NE,98115,https://services.seattle.gov/portal/customize/LinkToRecord.aspx?altId=1054367-VI,True,False,False,garbage,,
1054399-TR,6,2022 Jun 17 12:00:00 AM,,,Completed,4209 WILLIAMS AVE W,98199,https://services.seattle.gov/portal/customize/LinkToRecord.aspx?altId=1054399-TR,False,True,False,,tenant relocation,
005885-22CP,6,2022 Jun 22 12:00:00 AM,2022 Jun 24 12:00:00 AM,Completed,Completed,610 NE 68TH ST,98115,https://services.seattle.gov/portal/customize/LinkToRecord.aspx?altId=005885-22CP,True,False,False,sewage|flooded,,
1054408-TR,6,2022 Jun 23 12:00:00 AM,,,Completed,2617 31ST AVE W,98199,https://services.seattle.gov/portal/customize/LinkToRecord.aspx?altId=1054408-TR,False,True,False,,tenant relocation,
006049-22CP,6,2022 Jun 23 12:00:00 AM,,,Completed,351 N 83RD ST,98103,https://services.seattle.gov/portal/customize/LinkToRecord.aspx?altId=006049-22CP,False,True,False,,trao,
006211-22CP,6,2022 Jul 01 12:00:00 AM,,,Closed,1439 NW 52ND ST,98107,https://services.seattle.gov/portal/customize/LinkToRecord.aspx?altId=006211-22CP,True,False,False,no hot water,,
006239-22CP,6,2022 Jul 02 12:00:00 AM,,,Closed,7416 5TH AVE NE,98115,https://services.seattle.gov/portal/customize/LinkToRecord.aspx?altId=006239-22CP,True,False,False,leak|leaking,,
006414-22CP,6,2022 Jul 06 12:00:00 AM,,,Completed,2024 NW 59TH ST,98107,https://services.seattle.gov/portal/customize/LinkToRecord.aspx?altId=006414-22CP,True,False,False,flooding|mold|hazard|fire hazard,,
1054474-VI,6,2022 Jul 08 12:00:00 AM,,,NOV Issued,824 NW 46th ST,,https://services.seattle.gov/portal/customize/LinkToRecord.aspx?altId=1054474-VI,False,False,True,,,code violation
006724-22CP,6,2022 Jul 10 12:00:00 AM,2022 Nov 03 12:00:00 AM,Completed,Completed,6105 A 22ND AVE NW,98107,https://services.seattle.gov/portal/customize/LinkToRecord.aspx?altId=006724-22CP,True,False,False,garbage,,
1054507-TR,6,2022 Jul 19 12:00:00 AM,,,Closed,8314 13TH AVE NW,98117,https://services.seattle.gov/portal/customize/LinkToRecord.aspx?altId=1054507-TR,False,True,False,,trao,
007358-22CP,6,2022 Jul 20 12:00:00 AM,,,Open Duplicate,610 NE 68TH ST,98115,https://services.seattle.gov/portal/customize/LinkToRecord.aspx?altId=007358-22CP,True,False,False,sewage|leak|hazard,,
007424-22CP,6,2022 Jul 21 12:00:00 AM,,,Closed,610 NE 68TH ST,98115,https://services.seattle.gov/portal/customize/LinkToRecord.aspx?altId=007424-22CP,True,False,False,rats,,
007518-22CP,6,2022 Jul 22 12:00:00 AM,2023 Feb 13 12:00:00 AM,Completed,Completed,7922 DENSMORE AVE N,98103,https://services.seattle.gov/portal/customize/LinkToRecord.aspx?altId=007518-22CP,True,False,False,leak|leaking,,
007530-22CP,6,2022 Jul 24 12:00:00 AM,,,Completed,523 N 73RD ST,98103,https://services.seattle.gov/portal/customize/LinkToRecord.aspx?altId=007530-22CP,False,False,True,,,notice to vacate
007635-22CP,6,2022 Jul 22 12:00:00 AM,,,Completed,610 NE 68TH ST,98115,https://services.seattle.gov/portal/customize/LinkToRecord.aspx?altId=007635-22CP,True,False,False,sewage|flooded,,
1054534-TR,6,2022 Jul 27 12:00:00 AM,,,Closed,4415 28TH PL W,98199,https://services.seattle.gov/portal/customize/LinkToRecord.aspx?altId=1054534-TR,False,True,False,,trao,
007781-22CP,6,2022 Jul 29 12:00:00 AM,,,Closed,150 NE 63RD ST,98115,https://services.seattle.gov/portal/customize/LinkToRecord.aspx?altId=007781-22CP,False,False,True,,,rental registration
007804-22CP,6,2022 Jul 31 12:00:00 AM,,,Closed,2603 PERKINS LN W,98199,https://services.seattle.gov/portal/customize/LinkToRecord.aspx?altId=007804-22CP,True,False,False,hazard,,
008058-22CP,6,2022 Aug 04 12:00:00 AM,2022 Nov 16 12:00:00 AM,Completed,Completed,5398 RUSSELL AVE NW,98107,https://services.seattle.gov/portal/customize/LinkToRecord.aspx?altId=008058-22CP,True,False,False,mold,,
008309-22CP,6,2022 Aug 09 12:00:00 AM,,,Completed,125 NE 62nd ST,,https://services.seattle.gov/portal/customize/LinkToRecord.aspx?altId=008309-22CP,True,False,False,unsafe,,
1054600-TR,6,2022 Aug 09 12:00:00 AM,,,Closed,536 N 84TH ST,98103,https://services.seattle.gov/portal/customize/LinkToRecord.aspx?altId=1054600-TR,False,True,False,,pota|trao,
008359-22CP,6,2022 Aug 10 12:00:00 AM,,,Completed,1352 N 78TH ST,98103,https://services.seattle.gov/portal/customize/LinkToRecord.aspx?altId=008359-22CP,False,True,True,,trao,tenant rights
1054606-TR,6,2022 Aug 11 12:00:00 AM,,,Completed,4308 2ND AVE NW,98107,https://services.seattle.gov/portal/customize/LinkToRecord.aspx?altId=1054606-TR,False,True,False,,trao,
008595-22CP,6,2022 Aug 13 12:00:00 AM,,,Closed,505 NE 70th ST,,https://services.seattle.gov/portal/customize/LinkToRecord.aspx?altId=008595-22CP,True,False,False,cockroach|roaches,,
1054640-TR,6,2022 Aug 17 12:00:00 AM,,,Completed,6502 JONES AVE NW,98117,https://services.seattle.gov/portal/customize/LinkToRecord.aspx?altId=1054640-TR,False,True,False,,trao,
1054654-VI,6,2022 Aug 19 12:00:00 AM,2022 Aug 16 12:00:00 AM,Completed,Compliance Achieved,4220 GREENWOOD AVE N,98103,https://services.seattle.gov/portal/customize/LinkToRecord.aspx?altId=1054654-VI,True,False,False,unsafe|broken window,,
009274-22CP,6,2022 Aug 29 12:00:00 AM,,,Closed,507 N 36TH ST,98103,https://services.seattle.gov/portal/customize/LinkToRecord.aspx?altId=009274-22CP,True,False,False,leak|leaking|mold|black mold|unsafe|hazard|exposed wiring|fire hazard,,
009319-22CP,6,2022 Aug 31 12:00:00 AM,,,Completed,2233 NW 58TH ST,98107,https://services.seattle.gov/portal/customize/LinkToRecord.aspx?altId=009319-22CP,False,False,True,,,code violation
009511-22CP,6,2022 Aug 30 12:00:00 AM,2022 Nov 30 12:00:00 AM,Completed,Completed,5204 LEARY AVE NW,98107,https://services.seattle.gov/portal/customize/LinkToRecord.aspx?altId=009511-22CP,True,False,False,hazard|hazardous|garbage,,
009516-22CP,6,2022 Aug 29 12:00:00 AM,2022 Sep 12 12:00:00 AM,Completed,Completed,8105 GREENWOOD AVE N,98103,https://services.seattle.gov/portal/customize/LinkToRecord.aspx?altId=009516-22CP,True,False,False,leak,,
1054728-TR,6,2022 Sep 07 12:00:00 AM,,,Completed,1526 NW 62ND ST,98107,https://services.seattle.gov/portal/customize/LinkToRecord.aspx?altId=1054728-TR,False,True,False,,tenant relocation,
009639-22CP,6,2022 Sep 08 12:00:00 AM,,,Completed,5920 24TH AVE NW,98107,https://services.seattle.gov/portal/customize/LinkToRecord.aspx?altId=009639-22CP,True,True,False,hazard|hazardous|garbage,threaten,
009821-22CP,6,2022 Sep 11 12:00:00 AM,,,Closed,3027 NW 61ST ST,98107,https://services.seattle.gov/portal/customize/LinkToRecord.aspx?altId=009821-22CP,True,False,False,mold|infestation|hazard,,
010016-22CP,6,2022 Sep 14 12:00:00 AM,,,Closed,4401 AURORA AVE N,98103,https://services.seattle.gov/portal/customize/LinkToRecord.aspx?altId=010016-22CP,False,True,False,,pota,
010054-22CP,6,2022 Sep 14 12:00:00 AM,,,Closed,1427 NW 65TH ST,98117,https://services.seattle.gov/portal/customize/LinkToRecord.aspx?altId=010054-22CP,True,False,False,mold|odor,,
010133-22CP,6,2022 Sep 16 12:00:00 AM,2022 Sep 16 12:00:00 AM,Completed,Completed,2616 NW 59TH ST,98107,https://services.seattle.gov/portal/customize/LinkToRecord.aspx?altId=010133-22CP,True,False,False,sewage,,
010310-22CP,6,2022 Sep 21 12:00:00 AM,,,Closed,810 N 59TH ST,98103,https://services.seattle.gov/portal/customize/LinkToRecord.aspx?altId=010310-22CP,True,False,False,structural,,
010319-22CP,6,2022 Sep 21 12:00:00 AM,2023 Feb 02 12:00:00 AM,Completed,Completed,4250 33RD AVE W,98199,https://services.seattle.gov/portal/customize/LinkToRecord.aspx?altId=010319-22CP,True,False,True,leak|leaking|mold|rodent,,rrio
010586-22CP,6,2022 Sep 26 12:00:00 AM,,,Closed,4401 Aurora AVE N,,https://services.seattle.gov/portal/customize/LinkToRecord.aspx?altId=010586-22CP,True,False,False,sewage|unsafe,,
010596-22CP,6,2022 Sep 26 12:00:00 AM,,,Completed,4401 AURORA AVE N,98103,https://services.seattle.gov/portal/customize/LinkToRecord.aspx?altId=010596-22CP,True,False,False,sewage|mold|black mold,,
010610-22CP,6,2022 Sep 26 12:00:00 AM,,,Closed,320 N 85TH ST,98103,https://services.seattle.gov/portal/customize/LinkToRecord.aspx?altId=010610-22CP,True,False,False,odor|garbage,,
1054826-VI,6,2022 Sep 28 12:00:00 AM,2022 Oct 12 12:00:00 AM,Compliance Achieved,Completed,8105 GREENWOOD AVE N,98103,https://services.seattle.gov/portal/customize/LinkToRecord.aspx?altId=1054826-VI,True,False,False,leak,,
010756-22CP,6,2022 Sep 28 12:00:00 AM,,,Closed,8547 PHINNEY AVE N,98103,https://services.seattle.gov/portal/customize/LinkToRecord.aspx?altId=010756-22CP,False,False,True,,,code violation
1054837-VI,6,2022 Sep 29 12:00:00 AM,2022 Oct 19 12:00:00 AM,Compliance Achieved-Virtual,Completed,2616 NW 59TH ST,98107,https://services.seattle.gov/portal/customize/LinkToRecord.aspx?altId=1054837-VI,True,False,False,sewage,,
010938-22CP,6,2022 Oct 03 12:00:00 AM,,,Completed,8311 15TH AVE NW,98117,https://services.seattle.gov/portal/customize/LinkToRecord.aspx?altId=010938-22CP,True,False,False,no hot water|unsanitary,,
1054863-TR,6,2022 Oct 05 12:00:00 AM,,,Completed,346 NE 55TH ST,98105,https://services.seattle.gov/portal/customize/LinkToRecord.aspx?altId=1054863-TR,False,True,False,,tenant relocation,
011111-22CP,6,2022 Oct 06 12:00:00 AM,,,Closed,8105 GREENWOOD AVE N,98103,https://services.seattle.gov/portal/customize/LinkToRecord.aspx?altId=011111-22CP,True,False,False,garbage,,
011135-22CP,6,2022 Oct 07 12:00:00 AM,,,Completed,3441 33RD AVE W,98199,https://services.seattle.gov/portal/customize/LinkToRecord.aspx?altId=011135-22CP,True,False,False,broken window,,
011272-22CP,6,2022 Oct 13 12:00:00 AM,2022 Oct 14 12:00:00 AM,Completed,Completed,7235 WEST GREEN LAKE DR N,98103,https://services.seattle.gov/portal/customize/LinkToRecord.aspx?altId=011272-22CP,True,False,False,sewage|raw sewage,,
011276-22CP,6,2022 Oct 13 12:00:00 AM,,,Completed,8360 11TH AVE NW,98117,https://services.seattle.gov/portal/customize/LinkToRecord.aspx?altId=011276-22CP,True,False,False,sewage,,
011316-22CP,6,2022 Oct 14 12:00:00 AM,,,Closed,505 NE 70TH ST,98115,https://services.seattle.gov/portal/customize/LinkToRecord.aspx?altId=011316-22CP,True,False,False,mold|black mold,,
1054925-VI,6,2022 Oct 14 12:00:00 AM,2022 Oct 18 12:00:00 AM,Compliance Achieved,Completed,7235 WEST GREEN LAKE DR N,98103,https://services.seattle.gov/portal/customize/LinkToRecord.aspx?altId=1054925-VI,True,False,False,sewage|raw sewage,,
1054932-TR,6,2022 Oct 19 12:00:00 AM,,,Completed,848 NW MARKET ST,98107,https://services.seattle.gov/portal/customize/LinkToRecord.aspx?altId=1054932-TR,False,True,False,,tenant relocation,
1054937-VI,6,2022 Oct 19 12:00:00 AM,2023 Mar 28 12:00:00 AM,Completed,Completed,7235 WEST GREEN LAKE DR N,98103,https://services.seattle.gov/portal/customize/LinkToRecord.aspx?altId=1054937-VI,True,False,False,asbestos|lead-based,,
011633-22CP,6,2022 Oct 24 12:00:00 AM,,,Closed,2012 B NW 60TH ST,98107,https://services.seattle.gov/portal/customize/LinkToRecord.aspx?altId=011633-22CP,False,False,True,,,rental registration
011868-22CP,6,2022 Oct 31 12:00:00 AM,2023 Feb 07 12:00:00 AM,Completed,Completed,509 N 85TH ST,98103,https://services.seattle.gov/portal/customize/LinkToRecord.aspx?altId=011868-22CP,True,False,False,hazard|hazardous|exposed wiring,,
1055012-TR,6,2022 Nov 02 12:00:00 AM,,,Completed,6730 ALONZO AVE NW,98117,https://services.seattle.gov/portal/customize/LinkToRecord.aspx?altId=1055012-TR,False,True,False,,tenant relocation,
1055028-TR,6,2022 Feb 02 12:00:00 AM,,,Completed,512 NE 72ND ST,98115,https://services.seattle.gov/portal/customize/LinkToRecord.aspx?altId=1055028-TR,False,True,False,,tenant relocation,
012051-22CP,6,2022 Nov 03 12:00:00 AM,,,Closed,743 N 35TH ST,98103,https://services.seattle.gov/portal/customize/LinkToRecord.aspx?altId=012051-22CP,True,False,False,leak,,
012059-22CP,6,2022 Nov 04 12:00:00 AM,,,Closed,2310 N 50TH ST,98103,https://services.seattle.gov/portal/customize/LinkToRecord.aspx?altId=012059-22CP,True,False,False,leak|leaking|structural,,
1055081-TR,6,2022 Nov 15 12:00:00 AM,,,Issued,4401 AURORA AVE N,98103,https://services.seattle.gov/portal/customize/LinkToRecord.aspx?altId=1055081-TR,False,True,False,,tenant relocation,
1055082-TR,6,2022 Nov 15 12:00:00 AM,,,Initiated,4401 AURORA AVE N,98103,https://services.seattle.gov/portal/customize/LinkToRecord.aspx?altId=1055082-TR,False,True,False,,tenant relocation,
012416-22CP,6,2022 Nov 14 12:00:00 AM,2022 Nov 16 12:00:00 AM,Completed,Completed,3847 23RD AVE W,98199,https://services.seattle.gov/portal/customize/LinkToRecord.aspx?altId=012416-22CP,True,False,False,no heat,,
012434-22CP,6,2022 Nov 16 12:00:00 AM,,,Closed,3605 FRANCIS AVE N,98103,https://services.seattle.gov/portal/customize/LinkToRecord.aspx?altId=012434-22CP,True,False,False,leak|mold|rats|roaches,,
012468-22CP,6,2022 Nov 14 12:00:00 AM,,,Open Duplicate,3635 PHINNEY AVE N,98103,https://services.seattle.gov/portal/customize/LinkToRecord.aspx?altId=012468-22CP,True,False,False,no hot water,,
1055116-TR,6,2022 Nov 21 12:00:00 AM,,,Completed,6000 26TH AVE NW,98107,https://services.seattle.gov/portal/customize/LinkToRecord.aspx?altId=1055116-TR,False,True,False,,tenant relocation,
1055140-VI,6,2022 Nov 29 12:00:00 AM,,,NOV Issued,4345 32ND AVE W,98199,https://services.seattle.gov/portal/customize/LinkToRecord.aspx?altId=1055140-VI,True,True,False,leak|leaking|roof leak|hazard,pota,
1055141-VI,6,2022 Nov 29 12:00:00 AM,2022 Nov 08 12:00:00 AM,Completed,NOV Issued,1503 NW 59TH ST,98107,https://services.seattle.gov/portal/customize/LinkToRecord.aspx?altId=1055141-VI,True,False,False,leak,,
012892-22CP,6,2022 Dec 02 12:00:00 AM,,,Closed,2212 N 80TH ST,98103,https://services.seattle.gov/portal/customize/LinkToRecord.aspx?altId=012892-22CP,True,False,False,leak|flooded|mold,,
012898-22CP,6,2022 Dec 02 12:00:00 AM,,,Closed,4401 AURORA AVE N,98103,https://services.seattle.gov/portal/customize/LinkToRecord.aspx?altId=012898-22CP,True,False,False,sewage,,
013068-22CP,6,2022 Dec 08 12:00:00 AM,,,Closed,8010 25TH AVE NW,98117,https://services.seattle.gov/portal/customize/LinkToRecord.aspx?altId=013068-22CP,True,False,False,leak|collapse,,
013128-22CP,6,2022 Dec 12 12:00:00 AM,,,Completed,9416 24TH AVE NW,98117,https://services.seattle.gov/portal/customize/LinkToRecord.aspx?altId=013128-22CP,True,False,False,water damage|hazard,,
1055213-TR,6,2022 Dec 14 12:00:00 AM,,,Completed,8518 PHINNEY AVE N,98103,https://services.seattle.gov/portal/customize/LinkToRecord.aspx?altId=1055213-TR,False,True,False,,tenant relocation,
1055226-TR,6,2022 Dec 14 12:00:00 AM,,,Completed,1145 NW 56TH ST,98107,https://services.seattle.gov/portal/customize/LinkToRecord.aspx?altId=1055226-TR,False,True,False,,tenant relocation,
013231-22CP,6,2022 Dec 14 12:00:00 AM,2023 Mar 30 12:00:00 AM,Completed,Completed,505 NE 70th ST,,https://services.seattle.gov/portal/customize/LinkToRecord.aspx?altId=013231-22CP,True,False,False,collapse|asbestos,,
1055236-TR,6,2022 Dec 16 12:00:00 AM,,,Completed,7215 LINDEN AVE N,98103,https://services.seattle.gov/portal/customize/LinkToRecord.aspx?altId=1055236-TR,False,True,False,,tenant relocation,
013344-22CP,6,2022 Jul 14 12:00:00 AM,,,Completed,3643 GREENWOOD AVE N,98103,https://services.seattle.gov/portal/customize/LinkToRecord.aspx?altId=013344-22CP,True,False,False,garbage,,
013538-22CP,6,2022 Aug 10 12:00:00 AM,,,Completed,3005 W MANSELL ST,98199,https://services.seattle.gov/portal/customize/LinkToRecord.aspx?altId=013538-22CP,True,False,False,unsafe,,
013696-22CP,6,2022 Dec 23 12:00:00 AM,2022 Dec 28 12:00:00 AM,Completed,Completed,4315 EVANSTON AVE N,98103,https://services.seattle.gov/portal/customize/LinkToRecord.aspx?altId=013696-22CP,True,False,False,no heat,,
1055290-TR,6,2022 Dec 28 12:00:00 AM,,,Completed,1153 NW 58TH ST,98107,https://services.seattle.gov/portal/customize/LinkToRecord.aspx?altId=1055290-TR,False,True,False,,tenant relocation,
1055295-TR,6,2022 Dec 29 12:00:00 AM,,,Completed,523 N 73RD ST,98103,https://services.seattle.gov/portal/customize/LinkToRecord.aspx?altId=1055295-TR,False,True,False,,tenant relocation,
013902-22CP,6,2022 Dec 30 12:00:00 AM,2023 Jan 06 12:00:00 AM,Completed,Completed,408 N 61ST ST,98103,https://services.seattle.gov/portal/customize/LinkToRecord.aspx?altId=013902-22CP,True,False,False,flooded|collapse,,
000209-23CP,6,2023 Jan 05 12:00:00 AM,,,Completed,109 NE 54TH ST,98105,https://services.seattle.gov/portal/customize/LinkToRecord.aspx?altId=000209-23CP,True,False,False,mold|black mold,,
1055318-VI,6,2023 Jan 06 12:00:00 AM,2023 Feb 21 12:00:00 AM,Compliance Achieved,Completed,408 N 61ST ST,98103,https://services.seattle.gov/portal/customize/LinkToRecord.aspx?altId=1055318-VI,True,False,False,flooded|collapse,,
000584-23CP,6,2023 Jan 17 12:00:00 AM,,,Completed,3647 36TH AVE W,98199,https://services.seattle.gov/portal/customize/LinkToRecord.aspx?altId=000584-23CP,False,False,True,,,rrio
1055373-TR,6,2023 Jan 19 12:00:00 AM,,,Completed,6100 KIRKWOOD PL N,98103,https://services.seattle.gov/portal/customize/LinkToRecord.aspx?altId=1055373-TR,False,True,False,,tenant relocation,
000905-23CP,6,2023 Jan 19 12:00:00 AM,,,Completed,349 NE 54TH ST,98105,https://services.seattle.gov/portal/customize/LinkToRecord.aspx?altId=000905-23CP,True,False,False,leak|leaking,,
1055412-VI,6,2023 Jan 27 12:00:00 AM,2023 Apr 14 12:00:00 AM,Compliance Achieved,Completed,1753 NW 57TH ST,98107,https://services.seattle.gov/portal/customize/LinkToRecord.aspx?altId=1055412-VI,True,False,False,sewage|raw sewage|mold,,
000976-23CP,6,2023 Jan 28 12:00:00 AM,,,Closed,320 N 85TH ST,98103,https://services.seattle.gov/portal/customize/LinkToRecord.aspx?altId=000976-23CP,True,False,False,garbage,,
001082-23CP,6,2023 Jan 31 12:00:00 AM,,,Completed,6006 5TH AVE NE,98115,https://services.seattle.gov/portal/customize/LinkToRecord.aspx?altId=001082-23CP,True,False,False,mold|black mold,,
001102-23CP,6,2023 Jan 31 12:00:00 AM,,,Closed,6547 5TH AVE NW,98117,https://services.seattle.gov/portal/customize/LinkToRecord.aspx?altId=001102-23CP,True,False,False,leak|mold,,
1055422-TR,6,2023 Jan 31 12:00:00 AM,,,Completed,2600 NW 58TH ST,98107,https://services.seattle.gov/portal/customize/LinkToRecord.aspx?altId=1055422-TR,False,True,False,,tenant relocation,
001208-23CP,6,2023 Feb 02 12:00:00 AM,,,Completed,1133 N 85TH ST,98103,https://services.seattle.gov/portal/customize/LinkToRecord.aspx?altId=001208-23CP,True,False,False,mold|black mold|rats|mice,,
1055444-TR,6,2023 Feb 07 12:00:00 AM,,,Completed,3912 LINDEN AVE N,98103,https://services.seattle.gov/portal/customize/LinkToRecord.aspx?altId=1055444-TR,False,True,False,,tenant relocation,
1055446-TR,6,2023 Feb 08 12:00:00 AM,,,Issued,813 NW 63RD ST,98107,https://services.seattle.gov/portal/customize/LinkToRecord.aspx?altId=1055446-TR,False,True,False,,tenant relocation,
001392-23CP,6,2023 Feb 08 12:00:00 AM,,,Closed,300 NW 80TH ST,98117,https://services.seattle.gov/portal/customize/LinkToRecord.aspx?altId=001392-23CP,False,False,True,,,code violation
001464-23CP,6,2023 Feb 09 12:00:00 AM,,,Closed,300 NW 80TH ST,98117,https://services.seattle.gov/portal/customize/LinkToRecord.aspx?altId=001464-23CP,False,False,True,,,code violation
001524-23CP,6,2023 Feb 10 12:00:00 AM,2023 Mar 23 12:00:00 AM,Withdrawn,Closed,1721 NW 65TH ST,98117,https://services.seattle.gov/portal/customize/LinkToRecord.aspx?altId=001524-23CP,False,True,False,,pota,
001542-23CP,6,2023 Feb 11 12:00:00 AM,,,Closed,300 NW 80TH ST,98117,https://services.seattle.gov/portal/customize/LinkToRecord.aspx?altId=001542-23CP,False,False,True,,,code violation
001557-23CP,6,2023 Feb 13 12:00:00 AM,,,Closed,300 NW 80th ST,,https://services.seattle.gov/portal/customize/LinkToRecord.aspx?altId=001557-23CP,False,False,True,,,code violation
001893-23CP,6,2023 Feb 22 12:00:00 AM,2023 Mar 02 12:00:00 AM,Completed,Completed,1532 NW 51ST ST,98107,https://services.seattle.gov/portal/customize/LinkToRecord.aspx?altId=001893-23CP,True,False,False,mold,,
002005-23CP,6,2023 Feb 26 12:00:00 AM,,,Completed,4073 GILMAN AVE W,98199,https://services.seattle.gov/portal/customize/LinkToRecord.aspx?altId=002005-23CP,True,False,False,flooding|garbage,,
1055570-VI,6,2023 Mar 02 12:00:00 AM,2023 Mar 30 12:00:00 AM,Completed,Completed,1532 NW 51ST ST,98107,https://services.seattle.gov/portal/customize/LinkToRecord.aspx?altId=1055570-VI,True,False,False,mold,,
1055571-VI,6,2023 Mar 02 12:00:00 AM,2023 Mar 30 12:00:00 AM,Completed,Completed,1532 NW 51ST ST,98107,https://services.seattle.gov/portal/customize/LinkToRecord.aspx?altId=1055571-VI,True,False,False,mold|moisture,,
002249-23CP,6,2023 Mar 04 12:00:00 AM,,,Closed,2629 NW 54TH ST,,https://services.seattle.gov/portal/customize/LinkToRecord.aspx?altId=002249-23CP,False,True,False,,harass,
002377-23CP,6,2023 Mar 07 12:00:00 AM,2023 Mar 15 12:00:00 AM,Completed,Completed,3621 1ST AVE NW,98107,https://services.seattle.gov/portal/customize/LinkToRecord.aspx?altId=002377-23CP,True,False,False,no heat,,
1055607-VI,6,2023 Mar 08 12:00:00 AM,2023 Apr 11 12:00:00 AM,Compliance Achieved,Completed,4250 33RD AVE W,98199,https://services.seattle.gov/portal/customize/LinkToRecord.aspx?altId=1055607-VI,True,False,True,leak|leaking|mold|rodent,,rrio
1055608-VI,6,2023 Mar 08 12:00:00 AM,2023 May 11 12:00:00 AM,Compliance Achieved,Completed,509 N 85TH ST,98103,https://services.seattle.gov/portal/customize/LinkToRecord.aspx?altId=1055608-VI,True,False,False,hazard|hazardous|exposed wiring,,
002895-23CP,6,2023 Mar 21 12:00:00 AM,,,Closed,7030 Mary AVE NW,,https://services.seattle.gov/portal/customize/LinkToRecord.aspx?altId=002895-23CP,True,False,False,unsafe,,
1055727-VI,6,2023 Mar 24 12:00:00 AM,2023 May 24 12:00:00 AM,Compliance Achieved,Completed,3621 1ST AVE NW,98107,https://services.seattle.gov/portal/customize/LinkToRecord.aspx?altId=1055727-VI,True,False,False,no heat,,
003214-23CP,6,2023 Mar 29 12:00:00 AM,,,Closed,412 NW 73RD ST,98117,https://services.seattle.gov/portal/customize/LinkToRecord.aspx?altId=003214-23CP,False,False,True,,,rrio
003219-23CP,6,2023 Mar 03 12:00:00 AM,,,Closed,4914 EVANSTON AVE N,98103,https://services.seattle.gov/portal/customize/LinkToRecord.aspx?altId=003219-23CP,True,False,True,asbestos,,rent increase
003835-23CP,6,2023 Apr 14 12:00:00 AM,,,Closed,2616 NW 59TH ST,98107,https://services.seattle.gov/portal/customize/LinkToRecord.aspx?altId=003835-23CP,True,False,False,mold,,
1055850-TR,6,2023 Apr 17 12:00:00 AM,,,Closed,8337 14TH AVE NW,98117,https://services.seattle.gov/portal/customize/LinkToRecord.aspx?altId=1055850-TR,False,True,False,,trao,
004097-23CP,6,2023 Apr 21 12:00:00 AM,,,Closed,300 NW 80TH ST,,https://services.seattle.gov/portal/customize/LinkToRecord.aspx?altId=004097-23CP,False,False,True,,,rrio
004422-23CP,6,2023 Apr 29 12:00:00 AM,,,Completed,4401 AURORA AVE N,98103,https://services.seattle.gov/portal/customize/LinkToRecord.aspx?altId=004422-23CP,True,False,False,garbage,,
1055959-VI,6,2023 May 08 12:00:00 AM,2023 Aug 14 12:00:00 AM,Compliance Achieved-Virtual,Completed,7922 DENSMORE AVE N,98103,https://services.seattle.gov/portal/customize/LinkToRecord.aspx?altId=1055959-VI,True,False,False,leak|leaking,,
004899-23CP,6,2023 May 11 12:00:00 AM,2023 Jul 06 12:00:00 AM,Completed,Completed,4400 FREMONT AVE N,98103,https://services.seattle.gov/portal/customize/LinkToRecord.aspx?altId=004899-23CP,True,False,False,no hot water,,
1056004-VI,6,2023 May 16 12:00:00 AM,2024 Sep 04 12:00:00 AM,Compliance Achieved-Virtual,Completed,528 N 76TH ST,98103,https://services.seattle.gov/portal/customize/LinkToRecord.aspx?altId=1056004-VI,True,False,False,leak|uninhabitable,,
1056026-TR,6,2023 May 17 12:00:00 AM,,,Closed,1136 NW 57TH ST,98107,https://services.seattle.gov/portal/customize/LinkToRecord.aspx?altId=1056026-TR,False,True,False,,pota|trao,
005224-23CP,6,2023 May 15 12:00:00 AM,,,Completed,1719 NW 63RD ST,98107,https://services.seattle.gov/portal/customize/LinkToRecord.aspx?altId=005224-23CP,True,False,False,broken fridge,,
1056040-TR,6,2023 May 19 12:00:00 AM,,,Completed,4337 30TH AVE W,98199,https://services.seattle.gov/portal/customize/LinkToRecord.aspx?altId=1056040-TR,False,True,False,,tenant relocation,
005299-23CP,6,2023 May 20 12:00:00 AM,,,Closed,6805 WOODLAWN AVE NE,98115,https://services.seattle.gov/portal/customize/LinkToRecord.aspx?altId=005299-23CP,True,False,False,hazard|fire hazard,,
005484-23CP,6,2023 May 25 12:00:00 AM,,,Closed,6727 7TH AVE NW,98117,https://services.seattle.gov/portal/customize/LinkToRecord.aspx?altId=005484-23CP,True,False,False,no hot water,,
005699-23CP,6,2023 May 31 12:00:00 AM,,,Completed,8216 INTERLAKE AVE N,98103,https://services.seattle.gov/portal/customize/LinkToRecord.aspx?altId=005699-23CP,True,False,False,rats,,
1056125-VI,6,2023 Jun 07 12:00:00 AM,2023 Dec 06 12:00:00 AM,Compliance Achieved,Completed,7415 5TH AVE NE,98115,https://services.seattle.gov/portal/customize/LinkToRecord.aspx?altId=1056125-VI,True,False,False,garbage,,
006637-23CP,6,2023 Jun 22 12:00:00 AM,,,Open Duplicate,7922 DENSMORE AVE N,98103,https://services.seattle.gov/portal/customize/LinkToRecord.aspx?altId=006637-23CP,True,False,False,flooded|uninhabitable,,
1056272-TR,6,2022 May 23 12:00:00 AM,,,Initiated,6713 AURORA AVE N,98103,https://services.seattle.gov/portal/customize/LinkToRecord.aspx?altId=1056272-TR,False,True,False,,tenant relocation,
1056316-VI,6,2023 Jun 29 12:00:00 AM,2023 Jun 09 12:00:00 AM,Completed,Completed,5227 Leary AVE NW,,https://services.seattle.gov/portal/customize/LinkToRecord.aspx?altId=1056316-VI,True,False,True,leak|ceiling leak|mold|hazard,,code violation
007196-23CP,6,2023 Jul 02 12:00:00 AM,,,Completed,3818 36TH AVE W,98199,https://services.seattle.gov/portal/customize/LinkToRecord.aspx?altId=007196-23CP,True,False,False,infestation,,
1056334-TR,6,2023 Jul 05 12:00:00 AM,,,Closed,5819 PHINNEY AVE N,98103,https://services.seattle.gov/portal/customize/LinkToRecord.aspx?altId=1056334-TR,False,True,False,,tenant relocation,
007382-23CP,6,2023 Jul 06 12:00:00 AM,,,Closed,1210 NW 70TH ST,98117,https://services.seattle.gov/portal/customize/LinkToRecord.aspx?altId=007382-23CP,True,False,False,rodent,,
1056350-TR,6,2023 Jul 10 12:00:00 AM,,,Issued,5102 GREEN LAKE WAY N,98103,https://services.seattle.gov/portal/customize/LinkToRecord.aspx?altId=1056350-TR,False,True,False,,tenant relocation,
1056357-TR,6,2023 Jul 11 12:00:00 AM,,,Completed,2401 NW MARKET ST,98107,https://services.seattle.gov/portal/customize/LinkToRecord.aspx?altId=1056357-TR,False,True,False,,tenant relocation,
1056395-TR,6,2023 Jul 14 12:00:00 AM,,,Closed,840 NW MARKET ST,98107,https://services.seattle.gov/portal/customize/LinkToRecord.aspx?altId=1056395-TR,False,True,False,,pota|trao,
007929-23CP,6,2023 Jul 17 12:00:00 AM,,,Closed,2411 NW 57TH ST,98107,https://services.seattle.gov/portal/customize/LinkToRecord.aspx?altId=007929-23CP,True,False,False,mold|black mold|toxic mold,,
1056403-TR,6,2023 Jul 17 12:00:00 AM,,,Closed,836 NW MARKET ST,98107,https://services.seattle.gov/portal/customize/LinkToRecord.aspx?altId=1056403-TR,False,True,False,,pota|trao,
008033-23CP,6,2023 Jul 18 12:00:00 AM,2023 Aug 18 12:00:00 AM,Completed,Completed,2445 NW 57TH ST,98107,https://services.seattle.gov/portal/customize/LinkToRecord.aspx?altId=008033-23CP,True,False,False,infestation|bedbug,,
008071-23CP,6,2023 Jul 19 12:00:00 AM,,,Closed,6401 20TH AVE NW,98107,https://services.seattle.gov/portal/customize/LinkToRecord.aspx?altId=008071-23CP,True,False,False,leak|leaks,,
008668-23CP,6,2023 Jul 28 12:00:00 AM,,,Completed,7318 22ND AVE NW,98117,https://services.seattle.gov/portal/customize/LinkToRecord.aspx?altId=008668-23CP,False,True,False,,threaten,
008670-23CP,6,2023 Jul 28 12:00:00 AM,,,Completed,823 NW 60TH ST,98107,https://services.seattle.gov/portal/customize/LinkToRecord.aspx?altId=008670-23CP,True,False,False,rats,,
1056560-VI,6,2023 Aug 09 12:00:00 AM,2025 Mar 04 12:00:00 AM,Compliance Achieved,Completed,4400 FREMONT AVE N,98103,https://services.seattle.gov/portal/customize/LinkToRecord.aspx?altId=1056560-VI,True,False,False,no hot water,,
009405-23CP,6,2023 Aug 09 12:00:00 AM,2023 Sep 06 12:00:00 AM,Completed,Completed,6211 fremont AVE N,,https://services.seattle.gov/portal/customize/LinkToRecord.aspx?altId=009405-23CP,True,False,False,sewage|raw sewage,,
009500-23CP,6,2023 Aug 06 12:00:00 AM,,,Completed,2627 NW 59TH ST,98107,https://services.seattle.gov/portal/customize/LinkToRecord.aspx?altId=009500-23CP,True,False,False,hazard,,
1056593-VI,6,2023 Aug 15 12:00:00 AM,2024 Oct 23 12:00:00 AM,Compliance Achieved,Completed,1711 N 85TH ST,98103,https://services.seattle.gov/portal/customize/LinkToRecord.aspx?altId=1056593-VI,False,True,False,,harass,
1056714-VI,6,2023 Sep 01 12:00:00 AM,2023 Oct 12 12:00:00 AM,Compliance Achieved,Completed,4259 GILMAN AVE W,98199,https://services.seattle.gov/portal/customize/LinkToRecord.aspx?altId=1056714-VI,True,False,False,sewage|mold|black mold|moisture,,
1056739-VI,6,2023 Sep 07 12:00:00 AM,2023 Oct 18 12:00:00 AM,Compliance Achieved,Completed,6211 fremont AVE N,,https://services.seattle.gov/portal/customize/LinkToRecord.aspx?altId=1056739-VI,True,False,False,sewage|raw sewage,,
1056748-VI,6,2023 Sep 08 12:00:00 AM,2023 Sep 27 12:00:00 AM,Compliance Achieved,Completed,2445 NW 57TH ST,98107,https://services.seattle.gov/portal/customize/LinkToRecord.aspx?altId=1056748-VI,True,False,False,infestation|bedbug,,
1056780-TR,6,2023 Sep 13 12:00:00 AM,,,Closed,8322 16TH AVE NW,98117,https://services.seattle.gov/portal/customize/LinkToRecord.aspx?altId=1056780-TR,False,True,False,,trao,
011067-23CP,6,2023 Sep 18 12:00:00 AM,,,Completed,6833 OSWEGO PL NE,98115,https://services.seattle.gov/portal/customize/LinkToRecord.aspx?altId=011067-23CP,False,False,True,,,rent increase
1056800-VI,6,2023 Sep 18 12:00:00 AM,2023 Nov 29 12:00:00 AM,Completed,EO Repair Restore Issued,6108 8TH AVE NW,98107,https://services.seattle.gov/portal/customize/LinkToRecord.aspx?altId=1056800-VI,True,True,False,no hot water,pota|relocation assistance,
1056813-VI,6,2023 Sep 19 12:00:00 AM,2024 Oct 07 12:00:00 AM,Compliance Achieved-Virtual,Completed,6110 8TH AVE NW,98107,https://services.seattle.gov/portal/customize/LinkToRecord.aspx?altId=1056813-VI,True,False,False,leak|leaking,,
011289-23CP,6,2023 Sep 21 12:00:00 AM,,,Closed,1432 NW 63rd ST,,https://services.seattle.gov/portal/customize/LinkToRecord.aspx?altId=011289-23CP,True,False,False,hazard,,
1056829-VI,6,2023 Sep 21 12:00:00 AM,2023 Sep 25 12:00:00 AM,Compliance Achieved,Completed,6108 8TH AVE NW,98107,https://services.seattle.gov/portal/customize/LinkToRecord.aspx?altId=1056829-VI,True,True,False,no hot water,pota|relocation assistance,
1056863-TR,6,2023 Sep 27 12:00:00 AM,,,Closed,333 NW 47TH ST,98107,https://services.seattle.gov/portal/customize/LinkToRecord.aspx?altId=1056863-TR,False,True,False,,pota|trao,
012029-23CP,6,2023 Oct 09 12:00:00 AM,2023 Nov 01 12:00:00 AM,Completed,Closed,4245 27TH AVE W,98199,https://services.seattle.gov/portal/customize/LinkToRecord.aspx?altId=012029-23CP,True,False,False,mold,,
012036-23CP,6,2023 Oct 09 12:00:00 AM,,,Closed,7013 GREENWOOD AVE N,98103,https://services.seattle.gov/portal/customize/LinkToRecord.aspx?altId=012036-23CP,True,False,True,mold|rats|unsafe|hazard|fire hazard,,code violation
012293-23CP,6,2023 Oct 14 12:00:00 AM,,,Completed,2418 NW 58TH ST,98107,https://services.seattle.gov/portal/customize/LinkToRecord.aspx?altId=012293-23CP,True,False,False,no hot water,,
1056997-VI,6,2023 Oct 17 12:00:00 AM,2024 May 20 12:00:00 AM,Compliance Achieved,Completed,4318 EVANSTON AVE N,98103,https://services.seattle.gov/portal/customize/LinkToRecord.aspx?altId=1056997-VI,True,False,False,leak,,
012584-23CP,6,2023 Oct 20 12:00:00 AM,,,Closed,470 NE MAPLE LEAF PL,98115,https://services.seattle.gov/portal/customize/LinkToRecord.aspx?altId=012584-23CP,True,False,False,rats|pest control,,
1057052-VI,6,2023 Oct 24 12:00:00 AM,2023 Oct 24 12:00:00 AM,Completed,NOV Issued,4124 FREMONT AVE N,98103,https://services.seattle.gov/portal/customize/LinkToRecord.aspx?altId=1057052-VI,True,False,False,leak|mold,,
1057105-TR,6,2023 Nov 01 12:00:00 AM,,,Reviews In Process,6106 KIRKWOOD PL N,98103,https://services.seattle.gov/portal/customize/LinkToRecord.aspx?altId=1057105-TR,False,True,False,,tenant relocation,
1057116-VI,6,2023 Nov 02 12:00:00 AM,2024 Jan 05 12:00:00 AM,Compliance Achieved-Virtual,Completed,2330 N 64TH ST,98103,https://services.seattle.gov/portal/customize/LinkToRecord.aspx?altId=1057116-VI,True,False,False,leak,,
013081-23CP,6,2023 Nov 04 12:00:00 AM,2023 Dec 05 12:00:00 AM,Completed,Completed,6900 EAST GREEN LAKE WAY N,98115,https://services.seattle.gov/portal/customize/LinkToRecord.aspx?altId=013081-23CP,True,False,False,rats|mice|unsafe|unsanitary,,
013220-23CP,6,2023 Oct 31 12:00:00 AM,,,Closed,2232 NW 58TH ST,98107,https://services.seattle.gov/portal/customize/LinkToRecord.aspx?altId=013220-23CP,True,False,False,leak,,
013329-23CP,6,2023 Nov 11 12:00:00 AM,,,Closed,300 NW 80th ST,,https://services.seattle.gov/portal/customize/LinkToRecord.aspx?altId=013329-23CP,False,False,True,,,rrio
1057166-TR,6,2023 Nov 13 12:00:00 AM,,,Completed,1111 NW 56TH ST,98107,https://services.seattle.gov/portal/customize/LinkToRecord.aspx?altId=1057166-TR,False,True,False,,tenant relocation,
013354-23CP,6,2023 Nov 09 12:00:00 AM,,,Completed,802 NW 49TH ST,98107,https://services.seattle.gov/portal/customize/LinkToRecord.aspx?altId=013354-23CP,True,False,False,mold|unsafe,,
1057207-TR,6,2023 Nov 20 12:00:00 AM,,,Completed,4615 LINDEN AVE N,98103,https://services.seattle.gov/portal/customize/LinkToRecord.aspx?altId=1057207-TR,False,True,False,,tenant relocation,
013916-23CP,6,2023 Nov 30 12:00:00 AM,,,Completed,7800 EAST GREEN LAKE DR N,98103,https://services.seattle.gov/portal/customize/LinkToRecord.aspx?altId=013916-23CP,True,False,False,infestation,,
014031-23CP,6,2023 Dec 04 12:00:00 AM,,,Completed,1532 NW 51ST ST,98107,https://services.seattle.gov/portal/customize/LinkToRecord.aspx?altId=014031-23CP,True,False,False,mold|mildew|moisture,,
014039-23CP,6,2023 Dec 04 12:00:00 AM,,,Closed,4416 LINDEN AVE N,98103,https://services.seattle.gov/portal/customize/LinkToRecord.aspx?altId=014039-23CP,True,False,False,water damage,,
014165-23CP,6,2023 Dec 06 12:00:00 AM,,,Completed,1519 NW 65TH ST,98117,https://services.seattle.gov/portal/customize/LinkToRecord.aspx?altId=014165-23CP,True,False,False,leak|water damage|roof leak|mold,,
1057342-TR,6,2023 Dec 12 12:00:00 AM,,,Issued,2630 NW 63RD ST,98107,https://services.seattle.gov/portal/customize/LinkToRecord.aspx?altId=1057342-TR,False,True,False,,tenant relocation,
014470-23CP,6,2023 Dec 13 12:00:00 AM,,,Completed,4301 34TH AVE W,98199,https://services.seattle.gov/portal/customize/LinkToRecord.aspx?altId=014470-23CP,True,False,False,leak|leaks|mold,,
1057371-TR,6,2023 Dec 14 12:00:00 AM,,,Completed,7418 2ND AVE NE,98115,https://services.seattle.gov/portal/customize/LinkToRecord.aspx?altId=1057371-TR,False,True,False,,pota|trao|tenant relocation,
1057397-VI,6,2023 Dec 19 12:00:00 AM,2024 Jan 30 12:00:00 AM,Compliance Achieved,Completed,801 NW 54TH ST,98107,https://services.seattle.gov/portal/customize/LinkToRecord.aspx?altId=1057397-VI,True,True,True,no heat|leak|roof leak|mold,pota,tenant rights
1057435-TR,6,2023 Dec 27 12:00:00 AM,,,Initiated,1706 NW 59TH ST,98107,https://services.seattle.gov/portal/customize/LinkToRecord.aspx?altId=1057435-TR,False,True,False,,tenant relocation,
1057466-VI,6,2024 Jan 03 12:00:00 AM,2023 Dec 27 12:00:00 AM,Completed,NOV Issued,2850 NW 56th ST,98107,https://services.seattle.gov/portal/customize/LinkToRecord.aspx?altId=1057466-VI,False,False,True,,,rent increase|rrio
000330-24CP,6,2024 Jan 08 12:00:00 AM,,,Completed,7415 5TH AVE NE,98115,https://services.seattle.gov/portal/customize/LinkToRecord.aspx?altId=000330-24CP,True,False,False,no heat,,
1057495-VI,6,2024 Jan 09 12:00:00 AM,2024 Feb 13 12:00:00 AM,Compliance Achieved,Completed,1115 NW MARKET ST,98107,https://services.seattle.gov/portal/customize/LinkToRecord.aspx?altId=1057495-VI,True,False,False,leak|leaking,,
000568-24CP,6,2024 Jan 16 12:00:00 AM,,,Closed,4245 27TH AVE W,98199,https://services.seattle.gov/portal/customize/LinkToRecord.aspx?altId=000568-24CP,True,False,False,mold,,
000597-24CP,6,2024 Jan 16 12:00:00 AM,,,Closed,4705 AURORA AVE N,98103,https://services.seattle.gov/portal/customize/LinkToRecord.aspx?altId=000597-24CP,True,False,False,unsafe,,
000717-24CP,6,2024 Jan 18 12:00:00 AM,,,Under Investigation,6702 LINDEN AVE N,98103,https://services.seattle.gov/portal/customize/LinkToRecord.aspx?altId=000717-24CP,False,False,True,,,without proper notice
000742-24CP,6,2024 Jan 18 12:00:00 AM,,,Under Investigation,2861 NW 60TH ST,98107,https://services.seattle.gov/portal/customize/LinkToRecord.aspx?altId=000742-24CP,True,True,True,hazard|hazardous,pota,tenant rights
000764-24CP,6,2024 Jan 19 12:00:00 AM,,,Closed,7415 5TH AVE NE,98115,https://services.seattle.gov/portal/customize/LinkToRecord.aspx?altId=000764-24CP,True,False,False,mold,,
1057611-TR,6,2024 Jan 29 12:00:00 AM,,,Initiated,359 NW 76TH ST,98117,https://services.seattle.gov/portal/customize/LinkToRecord.aspx?altId=1057611-TR,False,True,False,,tenant relocation,
001175-24CP,6,2024 Jan 29 12:00:00 AM,,,Closed,715 N 85th ST,,https://services.seattle.gov/portal/customize/LinkToRecord.aspx?altId=001175-24CP,True,False,False,hazard,,
001377-24CP,6,2024 Feb 02 12:00:00 AM,,,Under Investigation,5015 WOODLAWN AVE N,98103,https://services.seattle.gov/portal/customize/LinkToRecord.aspx?altId=001377-24CP,False,False,True,,,code violation
001533-24CP,6,2024 Feb 07 12:00:00 AM,,,Completed,4027 21ST AVE W,98199,https://services.seattle.gov/portal/customize/LinkToRecord.aspx?altId=001533-24CP,True,False,False,unsafe,,
001555-24CP,6,2024 Feb 08 12:00:00 AM,,,Completed,1752 B NW 60TH ST,98107,https://services.seattle.gov/portal/customize/LinkToRecord.aspx?altId=001555-24CP,True,False,False,flooded,,
1057713-TR,6,2024 Feb 09 12:00:00 AM,,,Issued,1138 NW 61ST ST,98107,https://services.seattle.gov/portal/customize/LinkToRecord.aspx?altId=1057713-TR,False,True,False,,trao,
1057762-TR,6,2024 Feb 18 12:00:00 AM,,,Completed,711 N 35TH ST,98103,https://services.seattle.gov/portal/customize/LinkToRecord.aspx?altId=1057762-TR,False,True,False,,pota|trao,
001915-24CP,6,2024 Feb 18 12:00:00 AM,,,Closed,1138 NW 61ST ST,98107,https://services.seattle.gov/portal/customize/LinkToRecord.aspx?altId=001915-24CP,False,True,False,,tenant relocation|relocation assistance,
001932-24CP,6,2024 Feb 16 12:00:00 AM,,,Completed,631 NW 80TH ST,98117,https://services.seattle.gov/portal/customize/LinkToRecord.aspx?altId=001932-24CP,True,False,False,leak|leaking,,
1057782-TR,6,2024 Feb 23 12:00:00 AM,,,Completed,1742 NW 62ND ST,98107,https://services.seattle.gov/portal/customize/LinkToRecord.aspx?altId=1057782-TR,False,True,False,,tenant relocation,
1057788-VI,6,2024 Feb 26 12:00:00 AM,2024 Jul 03 12:00:00 AM,Compliance Achieved,Completed,5700 8TH AVE NW,98107,https://services.seattle.gov/portal/customize/LinkToRecord.aspx?altId=1057788-VI,True,False,False,flooded,,
002226-24CP,6,2024 Feb 27 12:00:00 AM,2024 Mar 27 12:00:00 AM,Completed,Completed,2405 NW 65TH ST,98117,https://services.seattle.gov/portal/customize/LinkToRecord.aspx?altId=002226-24CP,True,False,False,leak|leaking|mold|black mold,,
002532-24CP,6,2024 Mar 06 12:00:00 AM,,,Completed,3201 W COMMODORE WAY,98199,https://services.seattle.gov/portal/customize/LinkToRecord.aspx?altId=002532-24CP,True,False,False,mold|black mold|infestation|pest control|odor,,
002779-24CP,6,2024 Mar 13 12:00:00 AM,,,Completed,3605 FRANCIS AVE N,98103,https://services.seattle.gov/portal/customize/LinkToRecord.aspx?altId=002779-24CP,True,False,False,mold|black mold|rats|roaches,,
1057941-VI,6,2024 Mar 19 12:00:00 AM,2025 Jan 07 12:00:00 AM,Compliance Achieved,Completed,1818 N 50TH ST,98103,https://services.seattle.gov/portal/customize/LinkToRecord.aspx?altId=1057941-VI,False,False,True,,,security deposit
1057955-VI,6,2024 Mar 21 12:00:00 AM,2024 Apr 29 12:00:00 AM,Completed,Completed,6860 EAST GREEN LAKE WAY N,98115,https://services.seattle.gov/portal/customize/LinkToRecord.aspx?altId=1057955-VI,False,True,True,,pota,tenant rights
1057966-TR,6,2024 Mar 22 12:00:00 AM,,,Completed,2340 N 64TH ST,98103,https://services.seattle.gov/portal/customize/LinkToRecord.aspx?altId=1057966-TR,False,True,False,,tenant relocation|relocation assistance,
1058003-VI,6,2024 Mar 28 12:00:00 AM,2025 Jan 15 12:00:00 AM,Compliance Achieved,Completed,2405 NW 65TH ST,98117,https://services.seattle.gov/portal/customize/LinkToRecord.aspx?altId=1058003-VI,True,False,False,leak|leaking|mold|black mold,,
003513-24CP,6,2024 Apr 03 12:00:00 AM,,,Closed,2550 Crestmont PL W,,https://services.seattle.gov/portal/customize/LinkToRecord.aspx?altId=003513-24CP,True,False,False,mold,,
003837-24CP,6,2024 Apr 10 12:00:00 AM,,,Closed,8404 GREENWOOD AVE N,98103,https://services.seattle.gov/portal/customize/LinkToRecord.aspx?altId=003837-24CP,True,False,False,odor,,
003996-24CP,6,2024 Apr 15 12:00:00 AM,2024 May 09 12:00:00 AM,Completed,Completed,4505 LINDEN AVE N,98103,https://services.seattle.gov/portal/customize/LinkToRecord.aspx?altId=003996-24CP,True,False,False,hazard|fire hazard,,
004002-24CP,6,2024 Apr 15 12:00:00 AM,,,Completed,1430 NW 64TH ST,98107,https://services.seattle.gov/portal/customize/LinkToRecord.aspx?altId=004002-24CP,True,False,False,mold,,
1058110-VI,6,2024 Apr 16 12:00:00 AM,2024 Jun 03 12:00:00 AM,Compliance Achieved-Virtual,Completed,1409 NW 51ST ST,98107,https://services.seattle.gov/portal/customize/LinkToRecord.aspx?altId=1058110-VI,True,False,False,leak|leaks|mold|infestation,,
004271-24CP,6,2024 Apr 22 12:00:00 AM,,,Closed,4257 33RD AVE W,98199,https://services.seattle.gov/portal/customize/LinkToRecord.aspx?altId=004271-24CP,False,True,False,,unpermitted work,
004423-24CP,6,2024 Apr 25 12:00:00 AM,,,Completed,1901 N 80TH ST,98103,https://services.seattle.gov/portal/customize/LinkToRecord.aspx?altId=004423-24CP,True,False,True,unsafe,,code violation
1058278-TR,6,2024 Apr 30 12:00:00 AM,,,Completed,6504 PHINNEY AVE N,98103,https://services.seattle.gov/portal/customize/LinkToRecord.aspx?altId=1058278-TR,False,True,False,,tenant relocation,
004696-24CP,6,2024 May 03 12:00:00 AM,,,Closed,341 NE 51ST ST,98105,https://services.seattle.gov/portal/customize/LinkToRecord.aspx?altId=004696-24CP,False,False,True,,,rrio
004827-24CP,6,2024 May 07 12:00:00 AM,,,Completed,4910 EVANSTON AVE N,98103,https://services.seattle.gov/portal/customize/LinkToRecord.aspx?altId=004827-24CP,True,False,False,garbage,,
005014-24CP,6,2024 May 13 12:00:00 AM,,,Closed,1501 NW 56TH ST,98107,https://services.seattle.gov/portal/customize/LinkToRecord.aspx?altId=005014-24CP,False,False,True,,,without proper notice
1058397-VI,6,2024 May 15 12:00:00 AM,2024 Aug 27 12:00:00 AM,Compliance Achieved,Completed,3647 35TH AVE W,98199,https://services.seattle.gov/portal/customize/LinkToRecord.aspx?altId=1058397-VI,True,True,True,no water|leak|mold,pota,tenant rights
005148-24CP,6,2024 May 16 12:00:00 AM,,,Completed,6730 ALONZO AVE NW,98117,https://services.seattle.gov/portal/customize/LinkToRecord.aspx?altId=005148-24CP,True,False,False,unsafe,,
005310-24CP,6,2024 May 10 12:00:00 AM,2024 Jun 06 12:00:00 AM,Completed,Completed,5814 22ND AVE NW,98107,https://services.seattle.gov/portal/customize/LinkToRecord.aspx?altId=005310-24CP,True,False,False,mold,,
1058426-TR,6,2024 May 21 12:00:00 AM,,,Completed,3202 34TH AVE W,98199,https://services.seattle.gov/portal/customize/LinkToRecord.aspx?altId=1058426-TR,False,True,False,,tenant relocation,
1058433-TR,6,2024 May 21 12:00:00 AM,,,Completed,4469 LINDEN AVE N,98103,https://services.seattle.gov/portal/customize/LinkToRecord.aspx?altId=1058433-TR,False,True,False,,tenant relocation,
1058534-TR,6,2024 Jun 05 12:00:00 AM,,,Completed,7542 JONES AVE NW,98117,https://services.seattle.gov/portal/customize/LinkToRecord.aspx?altId=1058534-TR,False,True,False,,tenant relocation,
005914-24CP,6,2024 Jun 05 12:00:00 AM,,,Closed,4250 34TH AVE W,98199,https://services.seattle.gov/portal/customize/LinkToRecord.aspx?altId=005914-24CP,True,False,False,leak|leaking,,
1058541-VI,6,2024 Jun 05 12:00:00 AM,2024 Jun 07 12:00:00 AM,Compliance Achieved-Virtual,Completed,4505 LINDEN AVE N,98103,https://services.seattle.gov/portal/customize/LinkToRecord.aspx?altId=1058541-VI,True,False,False,hazard|fire hazard,,
1058549-TR,6,2024 Jun 06 12:00:00 AM,,,Completed,105 NW 39TH ST,98107,https://services.seattle.gov/portal/customize/LinkToRecord.aspx?altId=1058549-TR,False,True,False,,tenant relocation,
1058644-TR,6,2024 Jun 20 12:00:00 AM,,,Initiated,8324 MARY AVE NW,98117,https://services.seattle.gov/portal/customize/LinkToRecord.aspx?altId=1058644-TR,False,True,False,,tenant relocation,
1058645-TR,6,2024 Jun 20 12:00:00 AM,,,Reviews Completed,4419 FREMONT AVE N,98103,https://services.seattle.gov/portal/customize/LinkToRecord.aspx?altId=1058645-TR,False,True,False,,tenant relocation,
006723-24CP,6,2024 Jun 24 12:00:00 AM,2024 Jul 22 12:00:00 AM,Completed,Completed,303 NW 56TH ST,98107,https://services.seattle.gov/portal/customize/LinkToRecord.aspx?altId=006723-24CP,True,False,False,leak|leaking,,
006724-24CP,6,2024 Jun 24 12:00:00 AM,,,Completed,6900 EAST GREEN LAKE WAY N,98115,https://services.seattle.gov/portal/customize/LinkToRecord.aspx?altId=006724-24CP,True,False,False,hazard|hazardous,,
006792-24CP,6,2024 Jun 25 12:00:00 AM,,,Closed,412 NW 70TH ST,98117,https://services.seattle.gov/portal/customize/LinkToRecord.aspx?altId=006792-24CP,True,False,False,unsafe,,
1058699-TR,6,2024 Jun 26 12:00:00 AM,,,Completed,6515 19TH AVE NW,98117,https://services.seattle.gov/portal/customize/LinkToRecord.aspx?altId=1058699-TR,False,True,False,,tenant relocation,
1058700-TR,6,2024 Jun 26 12:00:00 AM,,,Completed,3648 GREENWOOD AVE N,98103,https://services.seattle.gov/portal/customize/LinkToRecord.aspx?altId=1058700-TR,False,True,False,,tenant relocation,
1058713-VI,6,2024 Jun 27 12:00:00 AM,2025 Feb 06 12:00:00 AM,Compliance Achieved-Virtual,Completed,5814 22ND AVE NW,98107,https://services.seattle.gov/portal/customize/LinkToRecord.aspx?altId=1058713-VI,True,False,False,mold,,
007805-24CP,6,2024 Jul 19 12:00:00 AM,,,Completed,8327 12TH AVE NW,98117,https://services.seattle.gov/portal/customize/LinkToRecord.aspx?altId=007805-24CP,False,True,False,,harass,
007821-24CP,6,2024 Jul 19 12:00:00 AM,,,Closed,6511 2ND AVE NW,98117,https://services.seattle.gov/portal/customize/LinkToRecord.aspx?altId=007821-24CP,True,False,False,unsafe|hazard|hazardous|structural,,
007954-24CP,6,2024 Jul 23 12:00:00 AM,,,Completed,8228 GREEN LAKE DR N,98103,https://services.seattle.gov/portal/customize/LinkToRecord.aspx?altId=007954-24CP,False,False,True,,,pay or vacate|vacate notice
1058948-TR,6,2024 Jul 24 12:00:00 AM,,,Completed,106 N 80TH ST,98103,https://services.seattle.gov/portal/customize/LinkToRecord.aspx?altId=1058948-TR,False,True,False,,tenant relocation,
1058954-VI,6,2024 Jul 25 12:00:00 AM,2024 Nov 20 12:00:00 AM,Compliance Achieved,Completed,303 NW 56TH ST,98107,https://services.seattle.gov/portal/customize/LinkToRecord.aspx?altId=1058954-VI,True,False,False,leak|leaking,,
1058996-TR,6,2024 Jul 30 12:00:00 AM,,,Closed,6109 PHINNEY AVE N,98103,https://services.seattle.gov/portal/customize/LinkToRecord.aspx?altId=1058996-TR,False,True,False,,tenant relocation,
008677-24CP,6,2024 Aug 08 12:00:00 AM,,,Completed,5219 WALLINGFORD AVE N,98103,https://services.seattle.gov/portal/customize/LinkToRecord.aspx?altId=008677-24CP,True,False,False,asbestos,,
009198-24CP,6,2024 Aug 16 12:00:00 AM,2024 Oct 03 12:00:00 AM,Completed,Completed,2710 W MANOR PL,98199,https://services.seattle.gov/portal/customize/LinkToRecord.aspx?altId=009198-24CP,True,False,False,leak|water damage,,
009321-24CP,6,2024 Aug 21 12:00:00 AM,,,Closed,115 N 79TH ST,98103,https://services.seattle.gov/portal/customize/LinkToRecord.aspx?altId=009321-24CP,True,False,False,garbage,,
009403-24CP,6,2024 Aug 23 12:00:00 AM,2024 Oct 30 12:00:00 AM,Completed,Completed,1840 N 52ND ST,98103,https://services.seattle.gov/portal/customize/LinkToRecord.aspx?altId=009403-24CP,True,False,False,leak|leaks|flooding,,
1059261-TR,6,2024 Aug 28 12:00:00 AM,,,Completed,2647 NW 63RD ST,98107,https://services.seattle.gov/portal/customize/LinkToRecord.aspx?altId=1059261-TR,False,True,False,,tenant relocation,
009610-24CP,6,2024 Aug 29 12:00:00 AM,,,Completed,1526 NW 53RD ST,98107,https://services.seattle.gov/portal/customize/LinkToRecord.aspx?altId=009610-24CP,True,False,False,fumes,,
1059350-TR,6,2024 Sep 11 12:00:00 AM,,,Issued,2542 30TH AVE W,98199,https://services.seattle.gov/portal/customize/LinkToRecord.aspx?altId=1059350-TR,False,True,False,,tenant relocation,
1059354-TR,6,2024 Sep 12 12:00:00 AM,,,Completed,2536 30TH AVE W,98199,https://services.seattle.gov/portal/customize/LinkToRecord.aspx?altId=1059354-TR,False,True,False,,tenant relocation,
1059357-TR,6,2024 Sep 12 12:00:00 AM,,,Issued,2530 30TH AVE W,98199,https://services.seattle.gov/portal/customize/LinkToRecord.aspx?altId=1059357-TR,False,True,False,,tenant relocation,
010374-24CP,6,2024 Sep 16 12:00:00 AM,2024 Oct 04 12:00:00 AM,Completed,Completed,1116 NW 54TH ST,98107,https://services.seattle.gov/portal/customize/LinkToRecord.aspx?altId=010374-24CP,True,False,False,mold|black mold,,
010504-24CP,6,2024 Sep 18 12:00:00 AM,,,Completed,8249 CORLISS AVE N,98103,https://services.seattle.gov/portal/customize/LinkToRecord.aspx?altId=010504-24CP,True,False,False,sewage|odor,,
010576-24CP,6,2024 Sep 20 12:00:00 AM,2024 Sep 20 12:00:00 AM,Completed,Completed,7750 15TH AVE NW,98117,https://services.seattle.gov/portal/customize/LinkToRecord.aspx?altId=010576-24CP,True,False,False,leak,,
1059431-TR,6,2024 Sep 24 12:00:00 AM,,,Completed,3407 NW MARKET ST,98107,https://services.seattle.gov/portal/customize/LinkToRecord.aspx?altId=1059431-TR,False,True,False,,tenant relocation,
010883-24CP,6,2024 Sep 12 12:00:00 AM,,,Completed,901 NW MARKET ST,98107,https://services.seattle.gov/portal/customize/LinkToRecord.aspx?altId=010883-24CP,True,False,False,garbage,,
010911-24CP,6,2024 Sep 26 12:00:00 AM,,,Completed,206 N 36TH ST,98103,https://services.seattle.gov/portal/customize/LinkToRecord.aspx?altId=010911-24CP,True,False,False,rats|garbage,,
010962-24CP,6,2024 Sep 29 12:00:00 AM,,,Closed,106 N 36TH ST,98103,https://services.seattle.gov/portal/customize/LinkToRecord.aspx?altId=010962-24CP,True,False,False,leak|leaking|hazard|garbage,,
010981-24CP,6,2024 Sep 30 12:00:00 AM,,,Closed,322 N 81ST ST,98103,https://services.seattle.gov/portal/customize/LinkToRecord.aspx?altId=010981-24CP,True,False,False,infestation,,
010994-24CP,6,2024 Sep 30 12:00:00 AM,,,Closed,7050 CLEOPATRA PL NW,98117,https://services.seattle.gov/portal/customize/LinkToRecord.aspx?altId=010994-24CP,True,False,False,hazard|structural|fire hazard,,
1059503-VI,6,2024 Oct 06 12:00:00 AM,,,Initiated,1116 NW 54th ST,,https://services.seattle.gov/portal/customize/LinkToRecord.aspx?altId=1059503-VI,True,False,False,mold|black mold,,
011377-24CP,6,2024 Oct 07 12:00:00 AM,,,Closed,825 N 48TH ST,98103,https://services.seattle.gov/portal/customize/LinkToRecord.aspx?altId=011377-24CP,False,False,True,,,3 day notice
1059513-VI,6,2024 Oct 08 12:00:00 AM,2025 Jan 29 12:00:00 AM,Compliance Achieved,Completed,2710 W MANOR PL,98199,https://services.seattle.gov/portal/customize/LinkToRecord.aspx?altId=1059513-VI,True,False,False,leak|water damage,,
1059564-TR,6,2024 Oct 11 12:00:00 AM,,,Issued,2626 NW 59TH ST,98107,https://services.seattle.gov/portal/customize/LinkToRecord.aspx?altId=1059564-TR,False,True,False,,tenant relocation,
011673-24CP,6,2024 Oct 15 12:00:00 AM,2024 Oct 30 12:00:00 AM,Completed,Completed,5744 EAST GREEN LAKE WAY N,98103,https://services.seattle.gov/portal/customize/LinkToRecord.aspx?altId=011673-24CP,True,False,False,leak,,
011958-24CP,6,2024 Oct 21 12:00:00 AM,,,Closed,3636 EVANSTON AVE N,98103,https://services.seattle.gov/portal/customize/LinkToRecord.aspx?altId=011958-24CP,False,False,True,,,3 day notice
012074-24CP,6,2024 Oct 23 12:00:00 AM,2024 Nov 13 12:00:00 AM,Completed,Completed,1702 NW 56TH ST,98107,https://services.seattle.gov/portal/customize/LinkToRecord.aspx?altId=012074-24CP,True,False,False,no hot water,,
1059698-VI,6,2024 Oct 30 12:00:00 AM,2024 Dec 04 12:00:00 AM,Compliance Achieved,Completed,5744 EAST GREEN LAKE WAY N,98103,https://services.seattle.gov/portal/customize/LinkToRecord.aspx?altId=1059698-VI,True,False,False,leak,,
1059743-VI,6,2024 Nov 06 12:00:00 AM,2025 Aug 27 12:00:00 AM,Compliance Achieved,Completed,1840 N 52ND ST,98103,https://services.seattle.gov/portal/customize/LinkToRecord.aspx?altId=1059743-VI,True,False,False,leak|leaks|flooding,,
012760-24CP,6,2024 Nov 12 12:00:00 AM,,,Under Investigation,3401 W GOVERNMENT WAY,98199,https://services.seattle.gov/portal/customize/LinkToRecord.aspx?altId=012760-24CP,True,False,False,infestation|bed bug,,
012779-24CP,6,2024 Nov 13 12:00:00 AM,2024 Dec 12 12:00:00 AM,Completed,Completed,2220 NW MARKET ST,98107,https://services.seattle.gov/portal/customize/LinkToRecord.aspx?altId=012779-24CP,True,False,False,hazard|hazardous,,
1059791-TR,6,2024 Nov 13 12:00:00 AM,,,Completed,2844 35TH AVE W,98199,https://services.seattle.gov/portal/customize/LinkToRecord.aspx?altId=1059791-TR,False,True,False,,tenant relocation,
013128-24CP,6,2024 Nov 20 12:00:00 AM,,,Closed,505 NE 70TH ST,98115,https://services.seattle.gov/portal/customize/LinkToRecord.aspx?altId=013128-24CP,True,False,False,mold|black mold,,
1059864-TR,6,2024 Nov 22 12:00:00 AM,,,Completed,5828 5TH AVE NW,98107,https://services.seattle.gov/portal/customize/LinkToRecord.aspx?altId=1059864-TR,False,True,False,,tenant relocation,
013213-24CP,6,2024 Nov 23 12:00:00 AM,,,Closed,6909 WEEDIN PL NE,98115,https://services.seattle.gov/portal/customize/LinkToRecord.aspx?altId=013213-24CP,True,False,False,mold,,
013357-24CP,6,2024 Nov 30 12:00:00 AM,,,Closed,618 NW 58TH ST,98107,https://services.seattle.gov/portal/customize/LinkToRecord.aspx?altId=013357-24CP,True,False,False,sewer backup|flooding|infestation|garbage,,
013710-24CP,6,2024 Dec 09 12:00:00 AM,,,Completed,6721 24TH AVE NW,98117,https://services.seattle.gov/portal/customize/LinkToRecord.aspx?altId=013710-24CP,True,False,False,mold,,
013715-24CP,6,2024 Dec 09 12:00:00 AM,,,Completed,5227 LEARY AVE NW,98107,https://services.seattle.gov/portal/customize/LinkToRecord.aspx?altId=013715-24CP,True,False,False,leak,,
013716-24CP,6,2024 Dec 09 12:00:00 AM,,,Completed,5227 LEARY AVE NW,98107,https://services.seattle.gov/portal/customize/LinkToRecord.aspx?altId=013716-24CP,True,False,False,leak,,
013981-24CP,6,2024 Dec 15 12:00:00 AM,,,Closed,6559 15TH AVE NW,98117,https://services.seattle.gov/portal/customize/LinkToRecord.aspx?altId=013981-24CP,True,False,False,water damage|mold|toxic mold|uninhabitable|hazard|structural,,
014060-24CP,6,2024 Dec 18 12:00:00 AM,,,Completed,2630 D NW 58TH ST,98107,https://services.seattle.gov/portal/customize/LinkToRecord.aspx?altId=014060-24CP,True,False,False,mold,,
1059990-TR,6,2024 Dec 18 12:00:00 AM,,,Completed,3847 23RD AVE W,98199,https://services.seattle.gov/portal/customize/LinkToRecord.aspx?altId=1059990-TR,False,True,False,,tenant relocation,
014416-24CP,6,2024 Dec 30 12:00:00 AM,2025 Jan 15 12:00:00 AM,Completed,Closed,509 N 85TH ST,98103,https://services.seattle.gov/portal/customize/LinkToRecord.aspx?altId=014416-24CP,True,False,False,water damage,,
000351-25CP,6,2025 Jan 08 12:00:00 AM,,,Completed,5415 6TH AVE NW,98107,https://services.seattle.gov/portal/customize/LinkToRecord.aspx?altId=000351-25CP,True,False,False,no heat|leak,,
000668-25CP,6,2025 Jan 09 12:00:00 AM,,,Completed,1144 NW LEARY WAY,98107,https://services.seattle.gov/portal/customize/LinkToRecord.aspx?altId=000668-25CP,True,False,False,garbage,,
1060142-TR,6,2025 Jan 17 12:00:00 AM,,,Completed,307 NW 52ND ST,98107,https://services.seattle.gov/portal/customize/LinkToRecord.aspx?altId=1060142-TR,False,True,False,,tenant relocation,
000907-25CP,6,2025 Jan 22 12:00:00 AM,,,Closed,5555 14TH AVE NW,98107,https://services.seattle.gov/portal/customize/LinkToRecord.aspx?altId=000907-25CP,False,False,True,,,3 day notice
1060189-TR,6,2025 Jan 24 12:00:00 AM,,,Completed,8037 WALLINGFORD AVE N,98103,https://services.seattle.gov/portal/customize/LinkToRecord.aspx?altId=1060189-TR,False,True,False,,tenant relocation,
001131-25CP,6,2025 Jan 27 12:00:00 AM,,,Completed,2006 N 78TH ST,98103,https://services.seattle.gov/portal/customize/LinkToRecord.aspx?altId=001131-25CP,True,False,False,broken stove,,
001197-25CP,6,2025 Jan 28 12:00:00 AM,2025 Jan 29 12:00:00 AM,Completed,Completed,4400 FREMONT AVE N,98103,https://services.seattle.gov/portal/customize/LinkToRecord.aspx?altId=001197-25CP,True,False,False,no heat|leak|mold,,
1060197-TR,6,2025 Jan 28 12:00:00 AM,,,Completed,5311 PHINNEY AVE N,98103,https://services.seattle.gov/portal/customize/LinkToRecord.aspx?altId=1060197-TR,False,True,False,,tenant relocation,
1060200-VI,6,2025 Jan 29 12:00:00 AM,2025 Mar 19 12:00:00 AM,Compliance Achieved,Completed,4400 FREMONT AVE N,98103,https://services.seattle.gov/portal/customize/LinkToRecord.aspx?altId=1060200-VI,True,False,False,no heat|leak|mold,,
001372-25CP,6,2025 Feb 03 12:00:00 AM,,,Completed,6206 14TH AVE NW,98107,https://services.seattle.gov/portal/customize/LinkToRecord.aspx?altId=001372-25CP,True,False,False,flooded,,
001386-25CP,6,2025 Feb 03 12:00:00 AM,,,Completed,6039 5TH AVE NW,98107,https://services.seattle.gov/portal/customize/LinkToRecord.aspx?altId=001386-25CP,True,False,False,leak|mold,,
001557-25CP,6,2025 Feb 10 12:00:00 AM,2025 Feb 09 12:00:00 AM,Completed,Under Investigation,924 NW 54TH ST,98107,https://services.seattle.gov/portal/customize/LinkToRecord.aspx?altId=001557-25CP,True,False,False,structural,,
1060270-VI,6,2025 Feb 11 12:00:00 AM,2025 Mar 19 12:00:00 AM,Compliance Achieved,Completed,4400 FREMONT AVE N,98103,https://services.seattle.gov/portal/customize/LinkToRecord.aspx?altId=1060270-VI,True,False,False,no heat|leak|mold,,
001617-25CP,6,2025 Feb 07 12:00:00 AM,,,Closed,1711 N 85TH ST,98103,https://services.seattle.gov/portal/customize/LinkToRecord.aspx?altId=001617-25CP,True,False,False,no hot water,,
1060277-TR,6,2025 Feb 12 12:00:00 AM,,,Completed,8321 14TH AVE NW,98117,https://services.seattle.gov/portal/customize/LinkToRecord.aspx?altId=1060277-TR,False,True,False,,tenant relocation,
002021-25CP,6,2025 Feb 23 12:00:00 AM,,,Closed,2233 NW 58TH ST,98107,https://services.seattle.gov/portal/customize/LinkToRecord.aspx?altId=002021-25CP,False,True,False,,threaten,
002032-25CP,6,2025 Feb 24 12:00:00 AM,,,Closed,2130 N 50TH ST,98103,https://services.seattle.gov/portal/customize/LinkToRecord.aspx?altId=002032-25CP,True,False,False,leak,,
1060344-TR,6,2025 Feb 24 12:00:00 AM,,,Completed,6232 WOODLAWN AVE N,98103,https://services.seattle.gov/portal/customize/LinkToRecord.aspx?altId=1060344-TR,False,True,False,,tenant relocation,
1060345-TR,6,2025 Feb 24 12:00:00 AM,,,Issued,2610 NW 62ND ST,98107,https://services.seattle.gov/portal/customize/LinkToRecord.aspx?altId=1060345-TR,False,True,False,,tenant relocation,
002360-25CP,6,2025 Mar 03 12:00:00 AM,,,Closed,7750 15TH AVE NW,98117,https://services.seattle.gov/portal/customize/LinkToRecord.aspx?altId=002360-25CP,True,False,False,leak|leaking|mold,,
1060421-TR,6,2025 Mar 05 12:00:00 AM,,,Completed,2118 N 63RD ST,98103,https://services.seattle.gov/portal/customize/LinkToRecord.aspx?altId=1060421-TR,False,True,False,,tenant relocation,
1060427-TR,6,2025 Mar 05 12:00:00 AM,,,Completed,727 N 48TH ST,98103,https://services.seattle.gov/portal/customize/LinkToRecord.aspx?altId=1060427-TR,False,True,False,,tenant relocation,
1060451-TR,6,2025 Mar 10 12:00:00 AM,,,Issued,460 NE MAPLE LEAF PL,98115,https://services.seattle.gov/portal/customize/LinkToRecord.aspx?altId=1060451-TR,False,True,False,,tenant relocation,
1060461-TR,6,2025 Mar 12 12:00:00 AM,,,Completed,7332 25TH AVE NW,98117,https://services.seattle.gov/portal/customize/LinkToRecord.aspx?altId=1060461-TR,False,True,False,,tenant relocation,
003221-25CP,6,2025 Mar 24 12:00:00 AM,,,Completed,949 N 80TH ST,98103,https://services.seattle.gov/portal/customize/LinkToRecord.aspx?altId=003221-25CP,True,False,False,odor,,
1060562-TR,6,2025 Mar 25 12:00:00 AM,,,Issued,1139 NW MARKET ST,98107,https://services.seattle.gov/portal/customize/LinkToRecord.aspx?altId=1060562-TR,False,True,False,,tenant relocation,
003364-25CP,6,2025 Mar 26 12:00:00 AM,2025 Apr 29 12:00:00 AM,Completed,Completed,6561 PHINNEY AVE N,98103,https://services.seattle.gov/portal/customize/LinkToRecord.aspx?altId=003364-25CP,True,False,False,hazard,,
003746-25CP,6,2025 Apr 03 12:00:00 AM,,,Completed,2233 NW 59TH ST,98107,https://services.seattle.gov/portal/customize/LinkToRecord.aspx?altId=003746-25CP,True,False,False,rodent,,
1060650-TR,6,2025 Apr 03 12:00:00 AM,,,Issued,4307 35TH AVE W,98199,https://services.seattle.gov/portal/customize/LinkToRecord.aspx?altId=1060650-TR,False,True,False,,tenant relocation,
004608-25CP,6,2025 Apr 17 12:00:00 AM,2025 May 07 12:00:00 AM,Completed,Completed,701 N 38TH ST,98103,https://services.seattle.gov/portal/customize/LinkToRecord.aspx?altId=004608-25CP,False,True,False,,threaten,
004613-25CP,6,2025 Apr 22 12:00:00 AM,2025 May 13 12:00:00 AM,Completed,Completed,3220 W GOVERNMENT WAY,98199,https://services.seattle.gov/portal/customize/LinkToRecord.aspx?altId=004613-25CP,True,False,False,mold,,
004828-25CP,6,2025 Apr 27 12:00:00 AM,,,Closed,334 NE 51ST ST,98105,https://services.seattle.gov/portal/customize/LinkToRecord.aspx?altId=004828-25CP,True,False,True,mold,,housing code violation|code violation
005101-25CP,6,2025 May 02 12:00:00 AM,,,Completed,7013 Greenwood AVE N,,https://services.seattle.gov/portal/customize/LinkToRecord.aspx?altId=005101-25CP,False,False,True,,,rrio
1060833-TR,6,2025 May 02 12:00:00 AM,,,Completed,1422 NW 62ND ST,98107,https://services.seattle.gov/portal/customize/LinkToRecord.aspx?altId=1060833-TR,False,True,False,,tenant relocation,
1060836-TR,6,2025 May 02 12:00:00 AM,,,Reviews Completed,4513 FREMONT AVE N,98103,https://services.seattle.gov/portal/customize/LinkToRecord.aspx?altId=1060836-TR,False,True,False,,tenant relocation,
005148-25CP,6,2025 May 03 12:00:00 AM,,,Completed,2233 NW 58th ST,,https://services.seattle.gov/portal/customize/LinkToRecord.aspx?altId=005148-25CP,True,False,False,garbage,,
005264-25CP,6,2025 May 06 12:00:00 AM,2025 Jun 10 12:00:00 AM,Completed,Completed,4318 EVANSTON AVE N,98103,https://services.seattle.gov/portal/customize/LinkToRecord.aspx?altId=005264-25CP,True,False,False,leak|mold,,
005273-25CP,6,2025 May 06 12:00:00 AM,,,Completed,1116 NW 54TH ST,98107,https://services.seattle.gov/portal/customize/LinkToRecord.aspx?altId=005273-25CP,True,False,False,flooded,,
1060875-TR,6,2025 May 08 12:00:00 AM,,,Completed,7420 LATONA AVE NE,98115,https://services.seattle.gov/portal/customize/LinkToRecord.aspx?altId=1060875-TR,False,True,False,,tenant relocation,
1060879-VI,6,2025 May 08 12:00:00 AM,2025 Jun 17 12:00:00 AM,Compliance Achieved-Virtual,Completed,701 N 38TH ST,98103,https://services.seattle.gov/portal/customize/LinkToRecord.aspx?altId=1060879-VI,False,True,False,,threaten,
005446-25CP,6,2025 Apr 30 12:00:00 AM,,,Completed,7546 16TH AVE NW,98117,https://services.seattle.gov/portal/customize/LinkToRecord.aspx?altId=005446-25CP,True,False,False,garbage,,
005484-25CP,6,2025 May 11 12:00:00 AM,,,Closed,5412 6TH AVE NW,98107,https://services.seattle.gov/portal/customize/LinkToRecord.aspx?altId=005484-25CP,False,False,True,,,code violation
005609-25CP,6,2025 May 13 12:00:00 AM,,,Completed,3008 30TH AVE W,98199,https://services.seattle.gov/portal/customize/LinkToRecord.aspx?altId=005609-25CP,True,False,False,mold|infestation|pest control,,
1060913-VI,6,2025 May 14 12:00:00 AM,2025 Jun 17 12:00:00 AM,Compliance Achieved,Completed,3220 W GOVERNMENT WAY,98199,https://services.seattle.gov/portal/customize/LinkToRecord.aspx?altId=1060913-VI,True,False,False,mold,,
005680-25CP,6,2025 May 15 12:00:00 AM,,,Completed,7400 32ND AVE NW,98117,https://services.seattle.gov/portal/customize/LinkToRecord.aspx?altId=005680-25CP,True,False,False,hazard|fire hazard,,
005823-25CP,6,2025 May 19 12:00:00 AM,,,Closed,5621 22ND AVE NW,98107,https://services.seattle.gov/portal/customize/LinkToRecord.aspx?altId=005823-25CP,True,False,False,sewage,,
005865-25CP,6,2025 May 20 12:00:00 AM,2025 Jun 18 12:00:00 AM,Completed,Completed,720 N 80th ST,,https://services.seattle.gov/portal/customize/LinkToRecord.aspx?altId=005865-25CP,True,False,False,leak|water damage|flooded|mold|black mold,,
005891-25CP,6,2025 May 20 12:00:00 AM,,,Closed,7013 GREENWOOD AVE N,98103,https://services.seattle.gov/portal/customize/LinkToRecord.aspx?altId=005891-25CP,False,False,True,,,illegal rent
005941-25CP,6,2025 May 21 12:00:00 AM,,,Completed,5650 24TH AVE NW,98107,https://services.seattle.gov/portal/customize/LinkToRecord.aspx?altId=005941-25CP,True,False,False,mold,,
005985-25CP,6,2025 May 22 12:00:00 AM,2025 Jun 11 12:00:00 AM,Completed,Completed,3309 W GOVERNMENT WAY,98199,https://services.seattle.gov/portal/customize/LinkToRecord.aspx?altId=005985-25CP,False,False,True,,,utility billing|code violation
006349-25CP,6,2025 May 30 12:00:00 AM,,,Completed,6860 EAST GREEN LAKE WAY N,98115,https://services.seattle.gov/portal/customize/LinkToRecord.aspx?altId=006349-25CP,False,False,True,,,3 day notice
006365-25CP,6,2025 May 31 12:00:00 AM,2025 Jun 18 12:00:00 AM,Completed,Completed,5711 24TH AVE NW,98107,https://services.seattle.gov/portal/customize/LinkToRecord.aspx?altId=006365-25CP,True,False,False,no hot water,,
006383-25CP,6,2025 May 31 12:00:00 AM,,,Completed,7013 GREENWOOD AVE N,98103,https://services.seattle.gov/portal/customize/LinkToRecord.aspx?altId=006383-25CP,True,False,False,lead paint,,
006447-25CP,6,2025 Jun 02 12:00:00 AM,2025 Jun 30 12:00:00 AM,Completed,Completed,7619 AURORA AVE N,98103,https://services.seattle.gov/portal/customize/LinkToRecord.aspx?altId=006447-25CP,True,False,False,rats|structural,,
1061043-TR,6,2025 Jun 02 12:00:00 AM,,,Completed,4412 EVANSTON AVE N,98103,https://services.seattle.gov/portal/customize/LinkToRecord.aspx?altId=1061043-TR,False,True,False,,tenant relocation,
006741-25CP,6,2025 May 29 12:00:00 AM,2025 Jun 16 12:00:00 AM,Completed,Completed,3519 FREMONT PL N,98103,https://services.seattle.gov/portal/customize/LinkToRecord.aspx?altId=006741-25CP,True,False,False,mold|black mold,,
006931-25CP,6,2025 May 27 12:00:00 AM,,,Open Duplicate,7619 AURORA AVE N,98103,https://services.seattle.gov/portal/customize/LinkToRecord.aspx?altId=006931-25CP,False,True,False,,threaten,
006952-25CP,6,2025 Jun 10 12:00:00 AM,,,Closed,7345 15th AVE NW,,https://services.seattle.gov/portal/customize/LinkToRecord.aspx?altId=006952-25CP,True,False,False,hazard|fire hazard,,
1061116-VI,6,2025 Jun 11 12:00:00 AM,2025 Aug 05 12:00:00 AM,Compliance Achieved,Completed,3309 W GOVERNMENT WAY,98199,https://services.seattle.gov/portal/customize/LinkToRecord.aspx?altId=1061116-VI,False,False,True,,,utility billing|code violation
007028-25CP,6,2025 Jun 11 12:00:00 AM,,,Completed,3837 AURORA AVE N,98103,https://services.seattle.gov/portal/customize/LinkToRecord.aspx?altId=007028-25CP,True,False,False,uninhabitable,,
007067-25CP,6,2025 Jun 12 12:00:00 AM,2025 Aug 12 12:00:00 AM,Completed,Completed,109 NE 54TH ST,98105,https://services.seattle.gov/portal/customize/LinkToRecord.aspx?altId=007067-25CP,True,False,False,rodent,,
1061143-VI,6,2025 Jun 16 12:00:00 AM,2025 Jul 15 12:00:00 AM,Compliance Achieved,Completed,3519 FREMONT PL N,98103,https://services.seattle.gov/portal/customize/LinkToRecord.aspx?altId=1061143-VI,True,False,False,mold|black mold,,
1061178-VI,6,2025 Jun 24 12:00:00 AM,2025 Oct 08 12:00:00 AM,Compliance Achieved,Completed,720 N 80th ST,,https://services.seattle.gov/portal/customize/LinkToRecord.aspx?altId=1061178-VI,True,False,False,leak|water damage|flooded|mold|black mold,,
1061234-VI,6,2025 Jul 01 12:00:00 AM,2025 Sep 03 12:00:00 AM,Compliance Achieved,Completed,7619 AURORA AVE N,98103,https://services.seattle.gov/portal/customize/LinkToRecord.aspx?altId=1061234-VI,True,False,False,rats|structural,,
008087-25CP,6,2025 Jul 02 12:00:00 AM,,,Closed,433 NE RAVENNA BLVD,,https://services.seattle.gov/portal/customize/LinkToRecord.aspx?altId=008087-25CP,True,False,False,unsafe,,
1061259-TR,6,2025 Jul 02 12:00:00 AM,,,Reviews Completed,6744 JONES AVE NW,98117,https://services.seattle.gov/portal/customize/LinkToRecord.aspx?altId=1061259-TR,False,True,False,,tenant relocation,
008143-25CP,6,2025 Jul 03 12:00:00 AM,,,Completed,5650 24TH AVE NW,98107,https://services.seattle.gov/portal/customize/LinkToRecord.aspx?altId=008143-25CP,True,False,False,mold,,
008269-25CP,6,2025 Jul 07 12:00:00 AM,,,Completed,2418 NW 58TH ST,98107,https://services.seattle.gov/portal/customize/LinkToRecord.aspx?altId=008269-25CP,True,False,False,hazard,,
008438-25CP,6,2025 Jul 09 12:00:00 AM,,,Completed,4251 AURORA AVE N,98103,https://services.seattle.gov/portal/customize/LinkToRecord.aspx?altId=008438-25CP,True,False,False,cockroach|roaches,,
009014-25CP,6,2025 Jul 17 12:00:00 AM,,,Closed,5214 GREEN LAKE WAY N,98103,https://services.seattle.gov/portal/customize/LinkToRecord.aspx?altId=009014-25CP,True,False,False,garbage,,
009126-25CP,6,2025 Jul 21 12:00:00 AM,,,Completed,333 NE 59TH ST,98105,https://services.seattle.gov/portal/customize/LinkToRecord.aspx?altId=009126-25CP,True,False,False,mold|black mold,,
1061380-TR,6,2025 Jul 23 12:00:00 AM,,,Completed,849 NW MARKET ST,98107,https://services.seattle.gov/portal/customize/LinkToRecord.aspx?altId=1061380-TR,False,True,False,,tenant relocation,
009649-25CP,6,2025 Jul 29 12:00:00 AM,2025 Oct 08 12:00:00 AM,Completed,Completed,2410 NW 57TH ST,98107,https://services.seattle.gov/portal/customize/LinkToRecord.aspx?altId=009649-25CP,True,False,False,infestation|rats|unsafe|hazard|unsanitary,,
009672-25CP,6,2025 Jul 29 12:00:00 AM,,,Closed,7315 jones AVE NW,,https://services.seattle.gov/portal/customize/LinkToRecord.aspx?altId=009672-25CP,True,False,False,rodent,,
009711-25CP,6,2025 Jul 30 12:00:00 AM,,,Closed,5650 24TH AVE NW,98107,https://services.seattle.gov/portal/customize/LinkToRecord.aspx?altId=009711-25CP,True,False,False,mold,,
010120-25CP,6,2025 Aug 06 12:00:00 AM,,,Completed,2251 NW 59TH ST,98107,https://services.seattle.gov/portal/customize/LinkToRecord.aspx?altId=010120-25CP,True,False,False,mold|bedbug,,
1061498-TR,6,2025 Aug 08 12:00:00 AM,,,Reviews Completed,504 N 76TH ST,98103,https://services.seattle.gov/portal/customize/LinkToRecord.aspx?altId=1061498-TR,False,True,False,,tenant relocation,
1061499-TR,6,2025 Aug 08 12:00:00 AM,,,Reviews Completed,6527 32ND AVE NW,98117,https://services.seattle.gov/portal/customize/LinkToRecord.aspx?altId=1061499-TR,False,True,False,,tenant relocation,
1061522-VI,6,2025 Aug 12 12:00:00 AM,2025 Sep 24 12:00:00 AM,Compliance Achieved,Completed,109 NE 54TH ST,98105,https://services.seattle.gov/portal/customize/LinkToRecord.aspx?altId=1061522-VI,True,False,False,rodent,,
010600-25CP,6,2025 Aug 14 12:00:00 AM,,,Completed,733 N 84TH ST,98103,https://services.seattle.gov/portal/customize/LinkToRecord.aspx?altId=010600-25CP,True,False,False,hazard,,
1061555-TR,6,2025 Aug 14 12:00:00 AM,,,Initiated,123 N 48TH ST,98103,https://services.seattle.gov/portal/customize/LinkToRecord.aspx?altId=1061555-TR,False,True,False,,tenant relocation,
010680-25CP,6,2025 Aug 15 12:00:00 AM,,,Closed,2031 NW 59TH ST,98107,https://services.seattle.gov/portal/customize/LinkToRecord.aspx?altId=010680-25CP,True,False,False,sewage|leak,,
010699-25CP,6,2025 Aug 16 12:00:00 AM,,,Closed,5439 Kirkwood PL N,,https://services.seattle.gov/portal/customize/LinkToRecord.aspx?altId=010699-25CP,True,False,False,garbage,,
010710-25CP,6,2025 Aug 17 12:00:00 AM,,,Completed,7929 GREEN LAKE DR N,98103,https://services.seattle.gov/portal/customize/LinkToRecord.aspx?altId=010710-25CP,False,False,True,,,security deposit
010716-25CP,6,2025 Aug 17 12:00:00 AM,2025 Nov 19 12:00:00 AM,Completed,Completed,918 N 75th ST,,https://services.seattle.gov/portal/customize/LinkToRecord.aspx?altId=010716-25CP,True,False,True,hazard,,rrio
010848-25CP,6,2025 Aug 20 12:00:00 AM,,,Closed,4316 FREMONT AVE N,98103,https://services.seattle.gov/portal/customize/LinkToRecord.aspx?altId=010848-25CP,True,False,False,broken door,,
011117-25CP,6,2025 Aug 27 12:00:00 AM,,,Closed,328 NW 75th ST,,https://services.seattle.gov/portal/customize/LinkToRecord.aspx?altId=011117-25CP,True,False,False,mold|infestation|rodent,,
011159-25CP,6,2025 Aug 28 12:00:00 AM,,,Completed,7017 GREENWOOD AVE N,98103,https://services.seattle.gov/portal/customize/LinkToRecord.aspx?altId=011159-25CP,False,True,False,,harass,
1061652-TR,6,2025 Sep 03 12:00:00 AM,,,Reviews In Process,5555 14TH AVE NW,98107,https://services.seattle.gov/portal/customize/LinkToRecord.aspx?altId=1061652-TR,False,True,False,,tenant relocation,
011370-25CP,6,2025 Sep 04 12:00:00 AM,,,Closed,6860 EAST GREEN LAKE WAY N,98115,https://services.seattle.gov/portal/customize/LinkToRecord.aspx?altId=011370-25CP,False,False,True,,,3 day notice
011483-25CP,6,2025 Sep 08 12:00:00 AM,2025 Oct 01 12:00:00 AM,Completed,Completed,7323 20TH AVE NW,98117,https://services.seattle.gov/portal/customize/LinkToRecord.aspx?altId=011483-25CP,True,False,False,leak|leaks,,
011503-25CP,6,2025 Sep 08 12:00:00 AM,,,Completed,6100 26th AVE NW,,https://services.seattle.gov/portal/customize/LinkToRecord.aspx?altId=011503-25CP,True,False,False,infestation|rats,,
1061767-TR,6,2025 Sep 22 12:00:00 AM,,,Application Completed,7500 24TH AVE NW,98117,https://services.seattle.gov/portal/customize/LinkToRecord.aspx?altId=1061767-TR,False,True,False,,tenant relocation,
012186-25CP,6,2025 Sep 24 12:00:00 AM,,,Under Investigation,1343 N 79TH ST,98103,https://services.seattle.gov/portal/customize/LinkToRecord.aspx?altId=012186-25CP,True,False,False,flooded,,
012331-25CP,6,2025 Sep 29 12:00:00 AM,,,Open Duplicate,3768 W COMMODORE WAY,98199,https://services.seattle.gov/portal/customize/LinkToRecord.aspx?altId=012331-25CP,True,False,False,odor,,
012603-25CP,6,2025 Oct 03 12:00:00 AM,,,Under Investigation,4461 LINDEN AVE N,98103,https://services.seattle.gov/portal/customize/LinkToRecord.aspx?altId=012603-25CP,True,False,False,moisture,,
012887-25CP,6,2025 Oct 09 12:00:00 AM,,,Under Investigation,800 NW 62ND ST,,https://services.seattle.gov/portal/customize/LinkToRecord.aspx?altId=012887-25CP,True,False,False,mold,,
1061870-VI,6,2025 Oct 14 12:00:00 AM,2025 Oct 01 12:00:00 AM,Completed,NOV Issued,7323 20TH AVE NW,98117,https://services.seattle.gov/portal/customize/LinkToRecord.aspx?altId=1061870-VI,True,False,False,leak|leaks,,
013478-25CP,6,2025 Oct 08 12:00:00 AM,,,Open Duplicate,800 NW 62ND ST,,https://services.seattle.gov/portal/customize/LinkToRecord.aspx?altId=013478-25CP,True,False,False,mold,,
013727-25CP,6,2025 Oct 28 12:00:00 AM,,,Completed,8117 STONE AVE N,98103,https://services.seattle.gov/portal/customize/LinkToRecord.aspx?altId=013727-25CP,False,False,True,,,rent increase
013767-25CP,6,2025 Oct 29 12:00:00 AM,,,Closed,5701 SEAVIEW AVE NW,98107,https://services.seattle.gov/portal/customize/LinkToRecord.aspx?altId=013767-25CP,False,False,True,,,notice to vacate
013934-25CP,6,2025 Nov 03 12:00:00 AM,,,Closed,3220 W GOVERNMENT WAY,98199,https://services.seattle.gov/portal/customize/LinkToRecord.aspx?altId=013934-25CP,True,False,False,mold,,
014114-25CP,6,2025 Nov 06 12:00:00 AM,,,Closed,7526 24TH AVE NW,98117,https://services.seattle.gov/portal/customize/LinkToRecord.aspx?altId=014114-25CP,True,False,False,no hot water,,
014271-25CP,6,2025 Nov 09 12:00:00 AM,,,Completed,460 NE maple leaf PL,,https://services.seattle.gov/portal/customize/LinkToRecord.aspx?altId=014271-25CP,False,False,True,,,illegal entry
014345-25CP,6,2025 Nov 11 12:00:00 AM,,,Closed,1432 NW 63RD ST,98107,https://services.seattle.gov/portal/customize/LinkToRecord.aspx?altId=014345-25CP,True,False,False,rats,,
014381-25CP,6,2025 Nov 12 12:00:00 AM,,,Under Investigation,6504 5TH AVE NE,98115,https://services.seattle.gov/portal/customize/LinkToRecord.aspx?altId=014381-25CP,True,True,False,mold,trao,
014419-25CP,6,2025 Nov 12 12:00:00 AM,,,Closed,3614 LEARY WAY NW,98107,https://services.seattle.gov/portal/customize/LinkToRecord.aspx?altId=014419-25CP,False,False,True,,,rrio
014420-25CP,6,2025 Nov 12 12:00:00 AM,,,Closed,3615 2ND AVE NW,98107,https://services.seattle.gov/portal/customize/LinkToRecord.aspx?altId=014420-25CP,False,False,True,,,rrio
014421-25CP,6,2025 Nov 12 12:00:00 AM,,,Closed,3617 2ND AVE NW,98107,https://services.seattle.gov/portal/customize/LinkToRecord.aspx?altId=014421-25CP,False,False,True,,,rrio
014423-25CP,6,2025 Nov 13 12:00:00 AM,,,Completed,5301 LEARY AVE NW,98107,https://services.seattle.gov/portal/customize/LinkToRecord.aspx?altId=014423-25CP,True,False,False,hazard|fire hazard,,
014569-25CP,6,2025 Nov 16 12:00:00 AM,,,Closed,6056 SEAVIEW AVE NW,98107,https://services.seattle.gov/portal/customize/LinkToRecord.aspx?altId=014569-25CP,True,False,False,leak,,
1062056-TR,6,2025 Nov 17 12:00:00 AM,,,Application Completed,3629 34TH AVE W,98199,https://services.seattle.gov/portal/customize/LinkToRecord.aspx?altId=1062056-TR,False,True,False,,tenant relocation,
014766-25CP,6,2025 Oct 21 12:00:00 AM,,,Completed,8010 1ST AVE NE,98115,https://services.seattle.gov/portal/customize/LinkToRecord.aspx?altId=014766-25CP,True,False,False,hazard,,
014827-25CP,6,2025 Nov 21 12:00:00 AM,,,Under Investigation,7533 1ST AVE NE,98115,https://services.seattle.gov/portal/customize/LinkToRecord.aspx?altId=014827-25CP,True,False,False,mold|no ventilation,,
015299-25CP,6,2025 Dec 05 12:00:00 AM,,,Closed,1116 N 84TH ST,98103,https://services.seattle.gov/portal/customize/LinkToRecord.aspx?altId=015299-25CP,False,False,True,,,3 day notice
015610-25CP,6,2025 Dec 14 12:00:00 AM,,,Under Investigation,6200 24TH AVE NW,98107,https://services.seattle.gov/portal/customize/LinkToRecord.aspx?altId=015610-25CP,True,False,False,leak|leaks|mold,,
015721-25CP,6,2025 Dec 17 12:00:00 AM,,,Closed,6301 15TH AVE NW,98107,https://services.seattle.gov/portal/customize/LinkToRecord.aspx?altId=015721-25CP,True,False,False,leak|leaking,,
015723-25CP,6,2025 Dec 17 12:00:00 AM,,,Closed,460 NE MAPLE LEAF PL,98115,https://services.seattle.gov/portal/customize/LinkToRecord.aspx?altId=015723-25CP,False,True,True,,harass,20-day notice|notice to vacate|eviction notice|illegal eviction|code violation
1062226-TR,6,2025 Dec 18 12:00:00 AM,,,Initiated,4210 4TH AVE NW,98107,https://services.seattle.gov/portal/customize/LinkToRecord.aspx?altId=1062226-TR,False,True,False,,tenant relocation,
015841-25CP,6,2025 Dec 20 12:00:00 AM,,,Initiated,4316 Fremont AVE N,,https://services.seattle.gov/portal/customize/LinkToRecord.aspx?altId=015841-25CP,True,False,False,unsanitary,,
015859-25CP,6,2025 Dec 22 12:00:00 AM,,,Under Investigation,3802 LINDEN AVE N,98103,https://services.seattle.gov/portal/customize/LinkToRecord.aspx?altId=015859-25CP,True,False,False,leak,,
016009-25CP,6,2025 Dec 25 12:00:00 AM,,,Completed,3232 NW 54th ST,,https://services.seattle.gov/portal/customize/LinkToRecord.aspx?altId=016009-25CP,True,False,False,hazard,,
