address_norm,example_raw_address,DISTRICT,elevator_complaint_count,first_elevator_complaint_date,last_elevator_complaint_date,sfd_elevator_rescue_count,first_rescue_date,last_rescue_date,sfd_rescue_at_address_flag,conveyance_active_record_count,conveyance_active_flag,conveyance_active_record_numbers,conveyance_active_record_types,conveyance_active_property_project_names,conveyance_active_statuses,conveyance_active_first_created_date,conveyance_active_last_created_date,conveyance_no_cert_record_count,conveyance_no_cert_flag,conveyance_no_cert_record_numbers,conveyance_no_cert_record_types,conveyance_no_cert_property_project_names,conveyance_no_cert_statuses,conveyance_no_cert_first_created_date,conveyance_no_cert_last_created_date,has_both_complaint_and_rescue_flag,days_first_complaint_to_first_rescue
100 MELROSE AVE E,100 MELROSE AVE E,3.0,2,2019-07-11,2019-08-10,3,2022-03-09,2025-02-10,True,0,False,,,,,,,2,True,EQP-CY-04104 | EQP-CY-01382,Conveyance Equipment Certification,"1-P - Cabled Elevator, City # 3187 | 2-P - Cabled Elevator, City # 3188",Operating Without Certificate,1989-08-17,1990-10-26,True,972.0
100 TAYLOR AVE N,100 TAYLOR AVE N,7.0,1,2025-06-10,2025-06-10,5,2021-11-25,2025-03-27,True,2,True,EQP-CY-07101 | EQP-CY-07100,Conveyance Equipment Certification,"2-A - Cabled Elevator, City # 9602 | 1-A - Cabled Elevator, City # 9600",Active,2009-06-22,2009-06-22,0,False,,,,,,,True,-1293.0
1000 8TH AVE,1000 8TH AVE,7.0,2,2016-04-18,2025-03-09,2,2024-03-13,2025-06-01,True,6,True,EQP-CY-02867 | EQP-CY-02866 | EQP-CY-02865 | EQP-CY-02864 | EQP-CY-02863 | EQP-CY-02862,Conveyance Equipment Certification,"2-3 - Cabled Elevator, City # 616 | 2-2 - Cabled Elevator, City # 615 | 2-1 - Cabled Elevator, City # 614 | 1-3 - Cabled Elevator, City # 613 | 1-2 - Cabled Elevator, City # 612 | 1-1 - Cabled Elevator, City # 611",Active,1990-02-02,1990-02-02,0,False,,,,,,,True,2886.0
1000 UNION ST,1000 UNION ST,3.0,1,2022-07-26,2022-07-26,2,2021-04-12,2021-07-22,True,1,True,EQP-CY-01416,Conveyance Equipment Certification,"1-P - Cabled Elevator, City # 2728",Active,1989-08-17,1989-08-17,0,False,,,,,,,True,-470.0
101 W OLYMPIC PL,101 W OLYMPIC PL,7.0,1,2025-07-03,2025-07-03,4,2020-11-01,2025-12-25,True,2,True,EQP-CY-01899 | EQP-CY-01898,Conveyance Equipment Certification,"2-P - Cabled Elevator, City # 1430 | 1-P - Cabled Elevator, City # 1429",Active,1989-10-27,1989-10-27,0,False,,,,,,,True,-1705.0
1011 E TERRACE ST,1011 E TERRACE ST,2.0,1,2025-07-16,2025-07-16,2,2021-12-22,2023-07-28,True,0,False,,,,,,,2,True,EQP-CY-05450 | EQP-CY-05449,Conveyance Equipment Certification,"2 - Hydraulic Elevator, City # 7222 | 1 - Hydraulic Elevator, City # 7221",Operating Without Certificate,2000-01-31,2000-01-31,True,-1302.0
1011 WESTERN AVE,1011 WESTERN AVE,7.0,1,2024-01-29,2024-01-29,2,2024-03-13,2025-07-24,True,4,True,EQP-CY-03384 | EQP-CY-03383 | EQP-CY-03382 | EQP-CY-03381,Conveyance Equipment Certification,"4-P - Cabled Elevator, City # 4714 | 3-P - Cabled Elevator, City # 4713 | 2-P - Cabled Elevator, City # 4712 | 1-P - Cabled Elevator, City # 4711",Active,1990-04-05,1990-04-05,0,False,,,,,,,True,44.0
1017 BOREN AVE,1017 BOREN AVE,3.0,1,2022-09-16,2022-09-16,1,2023-12-30,2023-12-30,True,0,False,,,,,,,1,True,EQP-CY-03259,Conveyance Equipment Certification,"1-P - Cabled Elevator, City # 1856",Operating Without Certificate,1990-04-05,1990-04-05,True,470.0
1019 TERRY AVE,1019 TERRY AVE,3.0,5,2023-03-06,2025-04-07,4,2023-07-21,2026-01-24,True,1,True,EQP-CY-01414,Conveyance Equipment Certification,"1-P - Cabled Elevator, City # 2813",Active,1989-08-17,1989-08-17,0,False,,,,,,,True,137.0
1020 SENECA ST,1020 SENECA ST,3.0,1,2024-12-18,2024-12-18,2,2020-12-28,2025-08-25,True,1,True,EQP-CY-03329,Conveyance Equipment Certification,"1-P - Cabled Elevator, City # 1818",Active,1990-04-05,1990-04-05,0,False,,,,,,,True,-1451.0
1020 UNIVERSITY ST,1020 UNIVERSITY ST,3.0,9,2018-05-15,2025-08-20,2,2021-03-24,2023-07-05,True,1,True,EQP-CY-03085,Conveyance Equipment Certification,"1-P - Hydraulic Elevator, City # 2633",Active,1990-03-05,1990-03-05,0,False,,,,,,,True,1044.0
10215 LAKE CITY WAY NE,10215 LAKE CITY WAY NE,5.0,3,2021-12-08,2023-06-28,2,2021-10-24,2023-11-02,True,0,False,,,,,,,2,True,EQP-CY-04362 | EQP-CY-04361,Conveyance Equipment Certification,"2-P - Hydraulic Elevator, City # 5858 | #1-P - Hydraulic Elevator, City # 5857",Operating Without Certificate,1991-10-29,1991-10-29,True,-45.0
103 12TH AVE,103 12TH AVE,2.0,1,2025-02-25,2025-02-25,2,2021-03-03,2022-05-20,True,2,True,EQP-CY-08309 | EQP-CY-08308,Conveyance Equipment Certification,"2-P - Cabled Elevator, City # 11500 | 1-P - Cabled Elevator, City # 11499",Active,2015-10-20,2015-10-20,0,False,,,,,,,True,-1455.0
10306 HOLMAN RD N,10306 HOLMAN RD N,5.0,2,2024-02-11,2024-03-21,2,2023-05-25,2024-08-01,True,1,True,EQP-CY-01011,Conveyance Equipment Certification,"1-P - Hydraulic Elevator, City # 5484",Active,1989-06-20,1989-06-20,0,False,,,,,,,True,-262.0
10306 MERIDIAN AVE N,10306 MERIDIAN AVE N,5.0,2,2025-07-02,2025-07-07,3,2024-10-25,2026-01-08,True,2,True,EQP-CY-00656 | EQP-CY-00655,Conveyance Equipment Certification,"1-P - Cabled Elevator, City # 3296 | 2-P - Cabled Elevator, City # 3295",Active,1989-04-03,1989-04-03,0,False,,,,,,,True,-250.0
107 1ST AVE N,107 1ST AVE N,7.0,2,2019-05-08,2021-12-03,1,2025-04-29,2025-04-29,True,1,True,EQP-CY-03119,Conveyance Equipment Certification,"1-P - Cabled Elevator, City # 705",Active,1990-04-04,1990-04-04,0,False,,,,,,,True,2183.0
107 CHERRY ST,107 CHERRY ST,1.0,4,2017-10-17,2023-04-15,8,2020-09-21,2023-05-09,True,2,True,EQP-CY-00370 | EQP-CY-00369,Conveyance Equipment Certification,"2-P - Cabled Elevator, City # 894 | 1-P - Cabled Elevator, City # 893",Active,1989-02-24,1989-02-24,0,False,,,,,,,True,1070.0
10700 MERIDIAN AVE N,10700 MERIDIAN AVE N,5.0,1,2025-04-02,2025-04-02,3,2021-03-31,2025-12-02,True,2,True,EQP-CY-03037 | EQP-CY-03036,Conveyance Equipment Certification,"2-P-S - Cabled Elevator, City # 3760 | 1-P-N - Cabled Elevator, City # 3759",Active,1990-03-05,1990-03-05,0,False,,,,,,,True,-1463.0
10711 8TH AVE NE,10711 8TH AVE NE,5.0,1,2024-08-09,2024-08-09,0,,,False,0,False,,,,,,,2,True,EQP-CY-09780 | EQP-CY-09779,Conveyance Equipment Certification,"2-P - Cabled Elevator, City # 12691 | 1-P - Cabled Elevator, City # 12690",Operating Without Certificate,2019-04-16,2019-04-16,False,
10721 MERIDIAN AVE N,10721 MERIDIAN AVE N,5.0,2,2024-11-27,2024-12-12,0,,,False,4,True,EQP-CY-02452 | EQP-CY-02451 | EQP-CY-02362 | EQP-CY-02361,Conveyance Equipment Certification,"BLDG E - Hydraulic Elevator, City # 5099 | BLDG F - Hydraulic Elevator, City # 5098 | BLDG C - Hydraulic Elevator, City # 5526 | BLDG D - Hydraulic Elevator, City # 5525",Active,1989-12-04,1989-12-05,0,False,,,,,,,False,
109 23RD AVE E,109 23RD AVE E,3.0,5,2019-06-05,2019-12-04,5,2021-03-11,2025-07-14,True,1,True,EQP-CY-00883,Conveyance Equipment Certification,"1-P - Hydraulic Elevator, City # 3162",Active,1989-06-14,1989-06-14,0,False,,,,,,,True,645.0
109 DEXTER AVE N,109 DEXTER AVE N,7.0,5,2022-01-10,2025-07-24,1,2022-06-27,2022-06-27,True,1,True,EQP-CY-06823,Conveyance Equipment Certification,"1-P - Hydraulic Elevator, City # 9360",Active,2008-04-25,2008-04-25,0,False,,,,,,,True,168.0
109 JOHN ST,109 JOHN ST,7.0,4,2024-09-25,2025-06-25,1,2024-08-29,2024-08-29,True,0,False,,,,,,,0,False,,,,,,,True,-27.0
1100 MINOR AVE,1100 MINOR AVE,3.0,3,2019-03-05,2022-02-17,5,2021-08-10,2025-10-13,True,2,True,EQP-CY-05120 | EQP-CY-05119,Conveyance Equipment Certification,"2 - Hydraulic Elevator, City # 6794 | 1 - Hydraulic Elevator, City # 6793",Active,1998-05-29,1998-05-29,0,False,,,,,,,True,889.0
1100 NE 47TH ST,1100 NE 47TH ST,4.0,1,2017-07-13,2017-07-13,12,2020-01-26,2025-11-02,True,0,False,,,,,,,1,True,EQP-CY-05881,Conveyance Equipment Certification,"1 - Hydraulic Elevator, City # 7564",Operating Without Certificate,2001-10-09,2001-10-09,True,927.0
1102 8TH AVE,1102 8TH AVE,7.0,14,2018-06-25,2025-08-06,16,2021-05-16,2023-10-09,True,2,True,EQP-CY-03202 | EQP-CY-03200,Conveyance Equipment Certification,"3-P - Cabled Elevator, City # 736 | 1-P - Cabled Elevator, City # 734",Active,1990-04-04,1990-04-04,1,True,EQP-CY-03201,Conveyance Equipment Certification,"2-P - Cabled Elevator, City # 735",Operating Without Certificate,1990-04-04,1990-04-04,True,1056.0
11038 LAKE CITY WAY NE,11038 LAKE CITY WAY NE,5.0,1,2025-08-04,2025-08-04,0,,,False,0,False,,,,,,,1,True,EQP-CY-05016,Conveyance Equipment Certification,"1 - Hydraulic Elevator, City # 6639",Operating Without Certificate,1997-08-28,1997-08-28,False,
1106 PIKE ST,1106 Pike ST,3.0,1,2024-01-18,2024-01-18,6,2023-07-21,2025-02-01,True,1,True,EQP-CY-05399,Conveyance Equipment Certification,"1 - Hydraulic Elevator, City # 7286",Active,1999-11-15,1999-11-15,0,False,,,,,,,True,-181.0
111 CEDAR ST,111 CEDAR ST,7.0,3,2018-09-05,2025-08-28,7,2021-05-20,2025-12-09,True,2,True,EQP-CY-07382 | EQP-CY-07381,Conveyance Equipment Certification,"2-P - Cabled Elevator, City # 9896 | 1-P - Cabled Elevator, City # 9895",Active,2010-07-13,2010-07-13,0,False,,,,,,,True,988.0
111 FAIRVIEW AVE N,111 FAIRVIEW AVE N,7.0,1,2022-12-09,2022-12-09,0,,,False,0,False,,,,,,,0,False,,,,,,,False,
111 TERRY AVE N,111 TERRY AVE N,7.0,2,2022-04-17,2025-08-11,9,2020-06-01,2026-01-24,True,4,True,EQP-CY-09583 | EQP-CY-09582 | EQP-CY-09581 | EQP-CY-09580,Conveyance Equipment Certification,"D - Cabled Elevator, City # 12330 | C - Cabled Elevator, City # 12329 | B - Cabled Elevator, City # 12328 | A - Cabled Elevator, City # 12327",Active,2018-08-16,2018-08-16,0,False,,,,,,,True,-685.0
111 YALE AVE N,111 YALE AVE N,7.0,2,2019-12-02,2024-12-04,2,2023-01-13,2023-09-10,True,2,True,EQP-CY-05515 | EQP-CY-05514,Conveyance Equipment Certification,"B - Hydraulic Elevator, City # 7351 | A - Hydraulic Elevator, City # 7350",Active,2000-05-15,2000-05-15,0,False,,,,,,,True,1138.0
1110 8TH AVE,1110 8TH AVE,7.0,3,2023-01-11,2025-06-04,1,2024-03-24,2024-03-24,True,0,False,,,,,,,0,False,,,,,,,True,438.0
1113 E JOHN ST,1113 E JOHN ST,3.0,1,2018-04-24,2018-04-24,1,2024-01-12,2024-01-12,True,0,False,,,,,,,1,True,EQP-CY-08325,Conveyance Equipment Certification,"1-P - Cabled Elevator, City # 11705",Operating Without Certificate,2015-11-10,2015-11-10,True,2089.0
1120 8TH AVE,1120 8TH AVE,7.0,1,2025-12-16,2025-12-16,0,,,False,2,True,EQP-CY-01166 | EQP-CY-01165,Conveyance Equipment Certification,"2-P - Cabled Elevator, City # 3379 | 1-P - Cabled Elevator, City # 3378",Active,1989-07-03,1989-07-03,0,False,,,,,,,False,
1120 NE 43RD ST,1120 NE 43RD ST,4.0,1,2021-10-09,2021-10-09,0,,,False,0,False,,,,,,,1,True,EQP-CY-02977,Conveyance Equipment Certification,"1-P - Hydraulic Elevator, City # 2241",Operating Without Certificate,1990-03-02,1990-03-02,False,
11201 ROOSEVELT WAY NE,11201 ROOSEVELT WAY NE,5.0,1,2025-11-16,2025-11-16,2,2025-12-06,2026-01-07,True,3,True,EQP-CY-11008 | EQP-CY-11007 | EQP-CY-11006,Conveyance Equipment Certification,"C - Cabled Elevator, City # 14723 | B - Cabled Elevator, City # 14716 | A - Cabled Elevator, City # 14715",Active,2024-12-04,2024-12-04,0,False,,,,,,,True,20.0
1125 E OLIVE ST,1125 E OLIVE ST,3.0,1,2024-12-27,2024-12-27,5,2020-09-16,2024-11-04,True,2,True,EQP-CY-05958 | EQP-CY-05957,Conveyance Equipment Certification,"2 - Hydraulic Elevator, City # 7902 | 1 - Hydraulic Elevator, City # 7901",Active,2002-04-25,2002-04-25,0,False,,,,,,,True,-1563.0
11255 GREENWOOD AVE N,11255 GREENWOOD AVE N,5.0,1,2019-08-13,2019-08-13,1,2024-08-18,2024-08-18,True,1,True,EQP-CY-02606,Conveyance Equipment Certification,"1-P - Hydraulic Elevator, City # 3673",Active,1990-01-02,1990-01-02,0,False,,,,,,,True,1832.0
1133 24TH AVE,1133 24TH AVE,3.0,2,2024-10-23,2024-11-21,1,2025-07-10,2025-07-10,True,0,False,,,,,,,0,False,,,,,,,True,260.0
115 PREFONTAINE PL S,115 PREFONTAINE PL S,1.0,1,2017-07-21,2017-07-21,6,2020-04-16,2025-10-15,True,1,True,EQP-CY-06266,Conveyance Equipment Certification,"1 - Cabled Elevator, City # 8299",Active,2004-06-17,2004-06-17,0,False,,,,,,,True,1000.0
117 18TH AVE,117 18TH AVE,3.0,4,2023-11-01,2023-11-02,2,2023-10-14,2023-10-31,True,1,True,EQP-CY-03731,Conveyance Equipment Certification,"P - Hydraulic Elevator, City # 3597",Active,1990-06-12,1990-06-12,0,False,,,,,,,True,-18.0
1170 HARRISON ST,1170 HARRISON ST,7.0,4,2024-01-23,2024-08-07,0,,,False,1,True,EQP-CY-05586,Conveyance Equipment Certification,"1-P - Hydraulic Elevator, City # 7548",Active,2000-11-22,2000-11-22,0,False,,,,,,,False,
11745 15TH AVE NE,11745 15TH AVE NE,5.0,1,2015-12-02,2015-12-02,1,2025-07-25,2025-07-25,True,1,True,EQP-CY-00302,Conveyance Equipment Certification,"1-P - Hydraulic Elevator, City # 3266",Active,1989-01-20,1989-01-20,0,False,,,,,,,True,3523.0
119 19TH AVE,119 19TH AVE,3.0,2,2019-08-23,2019-09-20,0,,,False,0,False,,,,,,,0,False,,,,,,,False,
120 10TH AVE E,120 10TH AVE E,3.0,3,2024-10-28,2025-10-26,7,2021-09-26,2025-07-23,True,1,True,EQP-CY-08965,Conveyance Equipment Certification,"1-P - Cabled Elevator, City # 12331",Active,2018-03-14,2018-03-14,0,False,,,,,,,True,-1128.0
120 6TH AVE S,120 6TH AVE S,2.0,4,2018-03-21,2023-04-20,0,,,False,2,True,EQP-CY-06509 | EQP-CY-06510,Conveyance Equipment Certification,"1 - Hydraulic Elevator, City # 8668 | 2 - Hydraulic Elevator, City # 8695",Active,2006-07-25,2006-07-25,0,False,,,,,,,False,
120 HARVARD AVE E,120 HARVARD AVE E,3.0,1,2020-08-18,2020-08-18,0,,,False,1,True,EQP-CY-08057,Conveyance Equipment Certification,"1 - Cabled Elevator, City # 11320",Active,2014-09-24,2014-09-24,0,False,,,,,,,False,
120 REPUBLICAN ST,120 REPUBLICAN ST,7.0,1,2021-06-02,2021-06-02,1,2020-06-30,2020-06-30,True,0,False,,,,,,,0,False,,,,,,,True,-337.0
120 SW 114TH ST,120 SW 114TH ST,,2,2025-11-14,2025-11-17,0,,,False,0,False,,,,,,,0,False,,,,,,,False,
1200 BOYLSTON AVE,1200 BOYLSTON AVE,3.0,1,2018-03-21,2018-03-21,0,,,False,1,True,EQP-CY-00516,Conveyance Equipment Certification,"1-P - Cabled Elevator, City # 2473",Active,1989-03-16,1989-03-16,0,False,,,,,,,False,
1200 WESTERN AVE,1200 WESTERN AVE,7.0,1,2022-04-06,2022-04-06,1,2023-07-05,2023-07-05,True,1,True,EQP-CY-04737,Conveyance Equipment Certification,"1-P - Cabled Elevator, City # 6455",Active,1994-12-23,1994-12-23,2,True,EQP-CY-04739 | EQP-CY-04738,Conveyance Equipment Certification,"3-P - Cabled Elevator, City # 6457 | 2-P - Cabled Elevator, City # 6456",Operating Without Certificate,1994-12-23,1994-12-23,True,455.0
12000 15TH AVE NE,12000 15TH AVE NE,5.0,1,2025-10-29,2025-10-29,0,,,False,0,False,,,,,,,1,True,EQP-CY-05475,Conveyance Equipment Certification,"1 - Hydraulic Elevator, City # 7279",Operating Without Certificate,2000-02-03,2000-02-03,False,
1207 NW 92ND ST,1207 NW 92ND ST,5.0,1,2016-01-27,2016-01-27,0,,,False,1,True,EQP-CY-02252,Conveyance Equipment Certification,"1-P - Hydraulic Elevator, City # 3821",Active,1989-11-29,1989-11-29,0,False,,,,,,,False,
1207 S JACKSON ST,1207 S JACKSON ST,2.0,1,2021-12-21,2021-12-21,2,2019-12-13,2020-11-16,True,0,False,,,,,,,0,False,,,,,,,True,-739.0
1212 QUEEN ANNE AVE N,1212 QUEEN ANNE AVE N,7.0,1,2017-03-21,2017-03-21,2,2021-08-14,2023-08-13,True,2,True,EQP-CY-03433 | EQP-CY-03432,Conveyance Equipment Certification,"2-P - Cabled Elevator, City # 3338 | 1-P - Cabled Elevator, City # 3337",Active,1990-05-10,1990-05-10,0,False,,,,,,,True,1607.0
1214 BOYLSTON AVE,1214 BOYLSTON AVE,3.0,1,2020-02-12,2020-02-12,0,,,False,1,True,EQP-CY-05108,Conveyance Equipment Certification,"1 - Hydraulic Elevator, City # 6796",Active,1998-05-29,1998-05-29,0,False,,,,,,,False,
1215 DEXTER AVE N,1215 DEXTER AVE N,7.0,1,2015-11-02,2015-11-02,2,2021-10-27,2025-01-28,True,0,False,,,,,,,4,True,EQP-CY-06133 | EQP-CY-06132 | EQP-CY-06131 | EQP-CY-06130,Conveyance Equipment Certification,"4NE - Hydraulic Elevator, City # 8229 | 3NW - Hydraulic Elevator, City # 8228 | 2SW - Hydraulic Elevator, City # 8227 | 1SE - Hydraulic Elevator, City # 8226",Operating Without Certificate,2003-11-20,2003-11-20,True,2186.0
1215 SENECA ST,1215 SENECA ST,3.0,1,2023-05-15,2023-05-15,7,2022-09-30,2025-11-08,True,0,False,,,,,,,2,True,EQP-CY-03331 | EQP-CY-03330,Conveyance Equipment Certification,"2-P - Hydraulic Elevator, City # 5283 | 1-P - Cabled Elevator, City # 2770",Operating Without Certificate,1990-04-05,1990-04-05,True,-227.0
1220 1ST AVE,1220 1ST AVE,7.0,1,2024-11-30,2024-11-30,0,,,False,0,False,,,,,,,0,False,,,,,,,False,
1225 10TH AVE,1225 10TH AVE,3.0,1,2024-01-11,2024-01-11,2,2022-12-03,2025-03-23,True,1,True,EQP-CY-10323,Conveyance Equipment Certification,"1 - Cabled Elevator, City # 13557",Active,2021-07-21,2021-07-21,0,False,,,,,,,True,-404.0
123 18TH AVE E,123 18TH AVE E,3.0,3,2025-06-20,2025-07-08,0,,,False,0,False,,,,,,,1,True,EQP-CY-08589,Conveyance Equipment Certification,"1-P - Cabled Elevator, City # 11950",Operating Without Certificate,2016-11-17,2016-11-17,False,
123 2ND AVE N,123 2ND AVE N,7.0,3,2022-04-21,2022-07-11,0,,,False,1,True,EQP-CY-07096,Conveyance Equipment Certification,"1-P - Cabled Elevator, City # 8999",Active,2009-06-19,2009-06-19,1,True,EQP-CY-07097,Conveyance Equipment Certification,"2-P - Cabled Elevator, City # 9000",Operating Without Certificate,2009-06-19,2009-06-19,False,
12317 15TH AVE NE,12317 15TH AVE NE,5.0,1,2024-08-19,2024-08-19,6,2021-07-28,2025-12-15,True,0,False,,,,,,,1,True,EQP-CY-05995,Conveyance Equipment Certification,"1 - Hydraulic Elevator, City # 7970",Operating Without Certificate,2002-08-05,2002-08-05,True,-1118.0
12329 ROOSEVELT WAY NE,12329 ROOSEVELT WAY NE,5.0,1,2024-12-20,2024-12-20,0,,,False,1,True,EQP-CY-04817,Conveyance Equipment Certification,"1-P - Hydraulic Elevator, City # 6523",Active,1995-10-27,1995-10-27,0,False,,,,,,,False,
124 N 103RD ST,124 N 103RD ST,5.0,1,2020-05-18,2020-05-18,1,2020-05-07,2020-05-07,True,1,True,EQP-CY-04091,Conveyance Equipment Certification,"1-P - Hydraulic Elevator, City # 5709",Active,1990-10-25,1990-10-25,0,False,,,,,,,True,-11.0
1240 N MIDVALE PL,1240 N MIDVALE PL,4.0,1,2023-03-21,2023-03-21,0,,,False,1,True,EQP-CY-08675,Conveyance Equipment Certification,"1-P - Cabled Elevator, City # 11987",Active,2017-03-08,2017-03-08,0,False,,,,,,,False,
12517 33RD AVE NE,12517 33RD AVE NE,5.0,1,2024-08-09,2024-08-09,0,,,False,1,True,EQP-CY-08108,Conveyance Equipment Certification,"1 - Hydraulic Elevator, City # 11439",Active,2015-01-23,2015-01-23,0,False,,,,,,,False,
12528 35TH AVE NE,12528 35TH AVE NE,5.0,1,2017-11-17,2017-11-17,0,,,False,0,False,,,,,,,0,False,,,,,,,False,
12544 15TH AVE NE,12544 15TH AVE NE,5.0,1,2024-04-14,2024-04-14,0,,,False,1,True,EQP-CY-09547,Conveyance Equipment Certification,"1-P - Hydraulic Elevator, City # 12002",Active,2018-07-31,2018-07-31,0,False,,,,,,,False,
127 BROADWAY E,127 BROADWAY E,3.0,2,2024-05-28,2024-07-23,0,,,False,0,False,,,,,,,1,True,EQP-CY-08230,Conveyance Equipment Certification,"1 - Cabled Elevator, City # 11501",Operating Without Certificate,2015-07-17,2015-07-17,False,
12702 15TH AVE NE,12702 15TH AVE NE,5.0,1,2017-07-11,2017-07-11,1,2024-05-28,2024-05-28,True,2,True,EQP-CY-08494 | EQP-CY-02227,Conveyance Equipment Certification,"1-P - Cabled Elevator, City # 11885 | 2-P - Hydraulic Elevator, City # 4783",Active,1989-11-29,2016-06-30,0,False,,,,,,,True,2513.0
12718 LAKE CITY WAY NE,12718 LAKE CITY WAY NE,5.0,1,2023-03-06,2023-03-06,2,2020-10-03,2023-09-13,True,0,False,,,,,,,0,False,,,,,,,True,-884.0
12724 LAKE CITY WAY NE,12724 LAKE CITY WAY NE,5.0,4,2017-10-16,2025-10-23,0,,,False,3,True,EQP-CY-05937 | EQP-CY-05936 | EQP-CY-05935,Conveyance Equipment Certification,"3-B - Hydraulic Elevator, City # 7756 | 2-C - Hydraulic Elevator, City # 7755 | 1-A - Hydraulic Elevator, City # 7754",Active,2001-12-20,2001-12-20,0,False,,,,,,,False,
12725 33RD AVE NE,12725 33RD AVE NE,5.0,1,2019-06-17,2019-06-17,2,2023-06-24,2024-08-21,True,0,False,,,,,,,0,False,,,,,,,True,1468.0
12728 28TH AVE NE,12728 28TH AVE NE,5.0,1,2023-09-21,2023-09-21,0,,,False,1,True,EQP-CY-00227,Conveyance Equipment Certification,"1P - Hydraulic Elevator, City # 7233",Active,2000-08-29,2000-08-29,0,False,,,,,,,False,
12748 GREENWOOD AVE N,12748 GREENWOOD AVE N,5.0,2,2025-04-15,2025-04-15,7,2022-09-21,2023-02-20,True,1,True,EQP-CY-01875,Conveyance Equipment Certification,"1-P - Hydraulic Elevator, City # 2893",Active,1989-10-27,1989-10-27,0,False,,,,,,,True,-937.0
130 BOREN AVE N,130 BOREN AVE N,7.0,3,2023-02-14,2023-02-28,1,2022-07-26,2022-07-26,True,0,False,,,,,,,0,False,,,,,,,True,-203.0
130 HARVARD AVE E,130 HARVARD AVE E,3.0,1,2021-07-27,2021-07-27,4,2022-07-10,2025-11-12,True,2,True,EQP-CY-06579 | EQP-CY-06578,Conveyance Equipment Certification,"P-2 - Hydraulic Elevator, City # 8776 | 1-P - Hydraulic Elevator, City # 8775",Active,2006-11-14,2006-11-14,0,False,,,,,,,True,348.0
13000 LINDEN AVE N,13000 LINDEN AVE N,5.0,8,2015-03-26,2023-10-16,5,2023-10-07,2026-01-16,True,3,True,EQP-CY-06658 | EQP-CY-06657 | EQP-CY-06656,Conveyance Equipment Certification,"3-NE - Hydraulic Elevator, City # 8834 | 2-N - Hydraulic Elevator, City # 8833 | 1-S - Hydraulic Elevator, City # 8832",Active,2007-04-02,2007-04-02,0,False,,,,,,,True,3117.0
1301 1ST AVE,1301 1ST AVE,7.0,2,2023-07-12,2024-02-13,6,2021-04-09,2025-08-08,True,6,True,EQP-CY-05638 | EQP-CY-05637 | EQP-CY-05636 | EQP-CY-05635 | EQP-CY-05634 | EQP-CY-05633,Conveyance Equipment Certification,"13 - Cabled Elevator, City # 7389 | 12 - Cabled Elevator, City # 7388 | 11 - Roped Hydraulic Elevator, City # 7352 | 10 - Cabled Elevator, City # 7395 | 9 - Cabled Elevator, City # 7400 | 8 - Cabled Elevator, City # 7399",Active,2000-12-27,2000-12-27,0,False,,,,,,,True,-824.0
13030 LINDEN AVE N,13030 LINDEN AVE N,5.0,2,2017-10-20,2018-11-16,2,2022-09-15,2024-04-22,True,2,True,EQP-CY-06717 | EQP-CY-06716,Conveyance Equipment Certification,"2-E - Hydraulic Elevator, City # 8888 | 1-W - Hydraulic Elevator, City # 8887",Active,2007-08-02,2007-08-02,0,False,,,,,,,True,1791.0
1305 NE 43RD ST,1305 NE 43RD ST,4.0,18,2019-02-21,2024-12-11,3,2020-10-18,2024-05-18,True,2,True,EQP-CY-02979 | EQP-CY-02978,Conveyance Equipment Certification,"P-2 - Cabled Elevator, City # 627 | P-1 - Cabled Elevator, City # 626",Active,1990-03-02,1990-03-02,0,False,,,,,,,True,605.0
1310 MINOR AVE,1310 MINOR AVE,3.0,1,2016-04-20,2016-04-20,2,2023-01-19,2024-04-23,True,2,True,EQP-CY-03040 | EQP-CY-03039,Conveyance Equipment Certification,"2-P - Hydraulic Elevator, City # 5609 | 1-P - Hydraulic Elevator, City # 5608",Active,1990-03-05,1990-03-05,0,False,,,,,,,True,2465.0
1314 SPRING ST,1314 SPRING ST,3.0,2,2022-04-26,2022-09-01,0,,,False,1,True,EQP-CY-03073,Conveyance Equipment Certification,"1-P - Hydraulic Elevator, City # 5191",Active,1990-03-05,1990-03-05,0,False,,,,,,,False,
1317 BOREN AVE,1317 BOREN AVE,3.0,1,2023-03-17,2023-03-17,4,2022-01-14,2022-08-01,True,1,True,EQP-CY-01777,Conveyance Equipment Certification,"1-P - Cabled Elevator, City # 722",Active,1989-10-27,1989-10-27,0,False,,,,,,,True,-427.0
1321 E JOHN ST,1321 E JOHN ST,3.0,4,2025-07-28,2025-10-05,3,2021-07-01,2025-09-27,True,0,False,,,,,,,1,True,EQP-CY-07999,Conveyance Equipment Certification,"1 - Cabled Elevator, City # 11299",Operating Without Certificate,2014-07-15,2014-07-15,True,-1488.0
13280 LINDEN AVE N,13280 LINDEN AVE N,5.0,2,2024-09-17,2024-10-16,5,2021-07-26,2024-11-19,True,0,False,,,,,,,2,True,EQP-CY-09022 | EQP-CY-09021,Conveyance Equipment Certification,"1-P - Cabled Elevator, City # 12394 | 2-P - Cabled Elevator, City # 12395",Operating Without Certificate,2018-04-19,2018-04-19,True,-1149.0
1331 TERRY AVE,1331 TERRY AVE,3.0,3,2018-04-18,2024-01-29,0,,,False,1,True,EQP-CY-02672,Conveyance Equipment Certification,"1-P - Hydraulic Elevator, City # 2947",Active,1990-01-03,1990-01-03,0,False,,,,,,,False,
13315 GREENWOOD AVE N,13315 GREENWOOD AVE N,5.0,2,2021-05-04,2021-06-01,0,,,False,1,True,EQP-CY-00289,Conveyance Equipment Certification,"2P (Bldg B) - Hydraulic Elevator, City # 3278",Active,1989-01-18,1989-01-18,0,False,,,,,,,False,
13725 32ND AVE NE,13725 32ND AVE NE,5.0,1,2025-01-24,2025-01-24,3,2021-08-11,2025-05-14,True,4,True,EQP-CY-03974 | EQP-CY-03973 | EQP-CY-03972 | EQP-CY-03971,Conveyance Equipment Certification,"4-P - Hydraulic Elevator, City # 5680 | 3-P - Hydraulic Elevator, City # 5679 | 2-P - Hydraulic Elevator, City # 5678 | 1-P - Hydraulic Elevator, City # 5677",Active,1990-08-20,1990-08-20,0,False,,,,,,,True,-1262.0
13730 LAKE CITY WAY NE,13730 LAKE CITY WAY NE,5.0,1,2019-01-08,2019-01-08,1,2025-01-20,2025-01-20,True,2,True,EQP-CY-08828 | EQP-CY-08827,Conveyance Equipment Certification,"B - Cabled Elevator, City # 12061 | A - Cabled Elevator, City # 12062",Active,2017-09-19,2017-09-19,0,False,,,,,,,True,2204.0
13751 32ND AVE NE,13751 32ND AVE NE,5.0,3,2021-07-05,2025-04-28,0,,,False,2,True,EQP-CY-00543 | EQP-CY-00542,Conveyance Equipment Certification,"2-P - Hydraulic Elevator, City # 4307 | 1-P - Hydraulic Elevator, City # 4306",Active,1989-03-21,1989-03-21,0,False,,,,,,,False,
1400 BOREN AVE,1400 Boren AVE,3.0,6,2019-09-23,2023-10-27,0,,,False,0,False,,,,,,,1,True,EQP-CY-03831,Conveyance Equipment Certification,"1-P - Hydraulic Elevator, City # 1643",Operating Without Certificate,1990-07-18,1990-07-18,False,
1400 MADISON ST,1400 Madison ST,3.0,9,2024-02-23,2025-05-21,18,2023-08-14,2025-11-28,True,5,True,EQP-CY-10918 | EQP-CY-10917 | EQP-CY-10916 | EQP-CY-10915 | EQP-CY-10914,Conveyance Equipment Certification,"5-P - Hydraulic Elevator, City # 14300 | 4-P - Cabled Elevator, City # 14176 | 3-P - Cabled Elevator, City # 14175 | 2-P - Cabled Elevator, City # 14054 | 1-P - Cabled Elevator, City # 14053",Active,2024-05-16,2024-05-16,0,False,,,,,,,True,-193.0
14002 LINDEN AVE N,14002 LINDEN AVE N,5.0,1,2024-03-08,2024-03-08,3,2022-08-12,2025-12-05,True,2,True,EQP-CY-07846 | EQP-CY-07845,Conveyance Equipment Certification,"2-PE - Cabled Elevator, City # 11179 | 1-PW - Cabled Elevator, City # 11178",Active,2013-10-30,2013-10-30,0,False,,,,,,,True,-574.0
1401 5TH AVE N,1401 5TH AVE N,7.0,2,2025-02-05,2025-02-07,0,,,False,1,True,EQP-CY-00942,Conveyance Equipment Certification,"1 - Hydraulic Elevator, City # 2691",Active,1989-06-20,1989-06-20,0,False,,,,,,,False,
1401 BROADWAY,1401 BROADWAY,3.0,1,2023-09-21,2023-09-21,2,2021-06-30,2025-03-03,True,1,True,EQP-CY-04990,Conveyance Equipment Certification,"1 - Hydraulic Elevator, City # 6606",Active,1997-04-18,1997-04-18,2,True,EQP-CY-04992 | EQP-CY-04991,Conveyance Equipment Certification,"3 - Hydraulic Elevator, City # 6608 | 2 - Hydraulic Elevator, City # 6607",Operating Without Certificate,1997-04-18,1997-04-18,True,-813.0
1401 E MADISON ST,1401 E MADISON ST,3.0,1,2020-11-17,2020-11-17,4,2020-12-19,2025-09-26,True,0,False,,,,,,,2,True,EQP-CY-10084 | EQP-CY-10083,Conveyance Equipment Certification,"2 - Cabled Elevator, City # 12915 | 1 - Cabled Elevator, City # 12914",Operating Without Certificate,2020-04-03,2020-04-03,True,32.0
14027 LAKE CITY WAY NE,14027 LAKE CITY WAY NE,5.0,1,2023-04-05,2023-04-05,10,2020-10-10,2025-11-26,True,7,True,EQP-CY-07959 | EQP-CY-07958 | EQP-CY-07957 | EQP-CY-07956 | EQP-CY-07955 | EQP-CY-07954 | EQP-CY-07953,Conveyance Equipment Certification,"5B - Cabled Elevator, City # 10477 | 5A - Cabled Elevator, City # 10476 | 1 - Cabled Elevator, City # 10471 | 3 - Cabled Elevator, City # 10473 | 2 - Cabled Elevator, City # 10472 | 4B - Cabled Elevator, City # 10475 | 4A - Cabled Elevator, City # 10474",Active,2014-05-22,2014-05-22,1,True,EQP-CY-07960,Conveyance Equipment Certification,"1 - Accessibility Lift (vertical included), City # 11265",Operating Without Certificate,2014-05-22,2014-05-22,True,-907.0
1404 BOYLSTON AVE,1404 Boylston AVE,3.0,2,2025-12-14,2025-12-21,5,2021-10-23,2025-05-09,True,1,True,EQP-CY-08859,Conveyance Equipment Certification,"1-P - Cabled Elevator, City # 12263",Active,2017-10-18,2017-10-18,0,False,,,,,,,True,-1513.0
14040 15TH AVE NE,14040 15TH AVE NE,5.0,1,2025-07-18,2025-07-18,2,2024-10-20,2024-11-21,True,0,False,,,,,,,0,False,,,,,,,True,-271.0
1406 E REPUBLICAN ST,1406 E REPUBLICAN ST,3.0,1,2022-05-23,2022-05-23,9,2020-05-24,2022-06-25,True,0,False,,,,,,,1,True,EQP-CY-08084,Conveyance Equipment Certification,"1P - Cabled Elevator, City # 11414",Operating Without Certificate,2014-11-26,2014-11-26,True,-729.0
1406 WESTERN AVE,1406 WESTERN AVE,7.0,4,2023-10-15,2024-01-05,2,2021-06-24,2023-05-17,True,0,False,,,,,,,0,False,,,,,,,True,-843.0
14100 LINDEN AVE N,14100 LINDEN AVE N,5.0,4,2017-12-01,2023-11-29,15,2021-06-13,2026-01-30,True,0,False,,,,,,,0,False,,,,,,,True,1290.0
1411 4TH AVE,1411 4TH AVE,7.0,1,2018-05-22,2018-05-22,0,,,False,4,True,EQP-CY-04042 | EQP-CY-04041 | EQP-CY-04040 | EQP-CY-00940,Conveyance Equipment Certification,"3-P - Cabled Elevator, City # 567 | 2-P - Cabled Elevator, City # 566 | 1-P - Cabled Elevator, City # 565 | 6-P - Hydraulic Elevator, City # 3739",Active,1989-06-20,1990-09-20,1,True,EQP-CY-04043,Conveyance Equipment Certification,"4-P - Cabled Elevator, City # 568",Operating Without Certificate,1990-09-20,1990-09-20,False,
14115 AURORA AVE N,14115 AURORA AVE N,5.0,1,2025-03-31,2025-03-31,17,2021-12-17,2025-05-26,True,2,True,EQP-CY-05897 | EQP-CY-00073,Conveyance Equipment Certification,"1P - Hydraulic Elevator, City # 7698 | 2P - Hydraulic Elevator, City # 7699",Active,2001-10-25,2001-10-25,0,False,,,,,,,True,-1200.0
1412 SUMMIT AVE,1412 SUMMIT AVE,3.0,1,2022-11-09,2022-11-09,3,2022-05-04,2024-08-17,True,1,True,EQP-CY-01814,Conveyance Equipment Certification,"1-P - Cabled Elevator, City # 1223",Active,1989-10-27,1989-10-27,0,False,,,,,,,True,-189.0
1413 3RD AVE,1413 3rd AVE,7.0,3,2020-07-31,2024-01-09,5,2022-03-04,2024-07-04,True,1,True,EQP-CY-04895,Conveyance Equipment Certification,"1-P - Hydraulic Elevator, City # 6626",Active,1996-07-29,1996-07-29,0,False,,,,,,,True,581.0
1414 10TH AVE,1414 10TH AVE,3.0,2,2023-10-02,2023-11-17,6,2021-08-08,2025-10-26,True,4,True,EQP-CY-08235 | EQP-CY-08234 | EQP-CY-08233 | EQP-CY-08232,Conveyance Equipment Certification,"4P - Cabled Elevator, City # 11394 | 3P - Cabled Elevator, City # 11393 | 2P - Cabled Elevator, City # 11392 | 1P - Cabled Elevator, City # 11391",Active,2015-07-17,2015-07-17,0,False,,,,,,,True,-785.0
1414 E YESLER WAY,1414 E YESLER WAY,3.0,2,2017-09-29,2019-02-15,1,2023-07-03,2023-07-03,True,1,True,EQP-CY-08914,Conveyance Equipment Certification,"1 P - Cabled Elevator, City # 12199",Active,2018-01-25,2018-01-25,0,False,,,,,,,True,2103.0
1414 NE 42ND ST,1414 NE 42ND ST,4.0,1,2023-12-08,2023-12-08,1,2026-01-29,2026-01-29,True,0,False,,,,,,,2,True,EQP-CY-07211 | EQP-CY-07210,Conveyance Equipment Certification,"2-P - Cabled Elevator, City # 9714 | 1-P - Cabled Elevator, City # 9713",Operating Without Certificate,2009-12-03,2009-12-03,True,783.0
1415 1ST AVE,1415 1ST AVE,7.0,1,2024-01-04,2024-01-04,2,2023-07-17,2025-02-06,True,0,False,,,,,,,0,False,,,,,,,True,-171.0
1420 E HOWELL ST,1420 E HOWELL ST,3.0,2,2025-11-16,2025-12-23,0,,,False,0,False,,,,,,,1,True,EQP-CY-08792,Conveyance Equipment Certification,"1-P - Cabled Elevator, City # 12280",Operating Without Certificate,2017-08-15,2017-08-15,False,
1420 TERRY AVE,1420 TERRY AVE,3.0,7,2023-11-02,2023-12-04,10,2022-10-20,2025-07-05,True,2,True,EQP-CY-00009 | EQP-CY-00008,Conveyance Equipment Certification,"2 - Cabled Elevator, City # 7943 | 1 - Cabled Elevator, City # 7942",Active,2002-12-17,2002-12-17,0,False,,,,,,,True,-378.0
14200 LINDEN AVE N,14200 LINDEN AVE N,5.0,3,2019-10-24,2021-05-19,7,2021-08-13,2025-07-16,True,0,False,,,,,,,5,True,EQP-CY-07206 | EQP-CY-07181 | EQP-CY-07161 | EQP-CY-07160 | EQP-CY-07159,Conveyance Equipment Certification,"5-PBD - Cabled Elevator, City # 9720 | 4-PBC - Cabled Elevator, City # 9719 | 3-PBB - Cabled Elevator, City # 9718 | 2-PBA - Cabled Elevator, City # 9717 | 1-PNW - Cabled Elevator, City # 9616",Operating Without Certificate,2009-09-14,2009-11-20,True,659.0
1422 BOYLSTON AVE,1422 BOYLSTON AVE,3.0,1,2015-10-26,2015-10-26,0,,,False,0,False,,,,,,,0,False,,,,,,,False,
1423 NW MARKET ST,1423 NW MARKET ST,6.0,1,2025-10-16,2025-10-16,0,,,False,1,True,EQP-CY-05650,Conveyance Equipment Certification,"1 - Hydraulic Elevator, City # 7463",Active,2001-01-08,2001-01-08,0,False,,,,,,,False,
1425 SPRING ST,1425 SPRING ST,3.0,1,2023-02-14,2023-02-14,3,2020-08-22,2022-06-30,True,0,False,,,,,,,0,False,,,,,,,True,-906.0
1430 2ND AVE,1430 2nd AVE,7.0,2,2023-08-30,2024-10-27,16,2020-01-17,2025-10-23,True,6,True,EQP-CY-08950 | EQP-CY-08949 | EQP-CY-08948 | EQP-CY-08947 | EQP-CY-08946 | EQP-CY-08945,Conveyance Equipment Certification,"E - Cabled Elevator, City # 12318 | F - Cabled Elevator, City # 12319 | D - Cabled Elevator, City # 12230 | C - Cabled Elevator, City # 12229 | B - Cabled Elevator, City # 12228 | A - Cabled Elevator, City # 12227",Active,2018-02-16,2018-02-16,0,False,,,,,,,True,-1321.0
1432 NW 61ST ST,1432 NW 61ST ST,6.0,1,2024-12-10,2024-12-10,0,,,False,1,True,EQP-CY-03229,Conveyance Equipment Certification,"1-P - Hydraulic Elevator, City # 3348",Active,1990-04-04,1990-04-04,0,False,,,,,,,False,
1501 17TH AVE,1501 17TH AVE,3.0,2,2018-07-26,2021-12-23,2,2023-09-25,2025-01-25,True,2,True,EQP-CY-00876 | EQP-CY-00875,Conveyance Equipment Certification,"1-P - Cabled Elevator, City # 3430 | 2-P - Cabled Elevator, City # 3429",Active,1989-06-14,1989-06-14,0,False,,,,,,,True,1887.0
1504 AURORA AVE N,1504 Aurora AVE N,7.0,1,2023-11-27,2023-11-27,3,2021-07-04,2023-11-23,True,1,True,EQP-CY-04093,Conveyance Equipment Certification,"1-P - Hydraulic Elevator, City # 5673",Active,1990-10-25,1990-10-25,0,False,,,,,,,True,-876.0
1507 WESTERN AVE,1507 WESTERN AVE,7.0,3,2024-07-22,2024-12-17,0,,,False,0,False,,,,,,,1,True,EQP-CY-03461,Conveyance Equipment Certification,"1-P - Cabled Elevator, City # 3914",Operating Without Certificate,1990-05-10,1990-05-10,False,
151 JOHN ST,151 JOHN ST,7.0,2,2015-06-03,2024-08-18,6,2020-08-25,2025-03-07,True,1,True,EQP-CY-07631,Conveyance Equipment Certification,"1-P - Cabled Elevator, City # 10309",Active,2012-09-24,2012-09-24,0,False,,,,,,,True,1910.0
1512 SUMMIT AVE,1512 SUMMIT AVE,3.0,1,2021-04-25,2021-04-25,0,,,False,1,True,EQP-CY-00125,Conveyance Equipment Certification,"1-P - Cabled Elevator, City # 2340",Active,1989-01-11,1989-01-11,0,False,,,,,,,False,
1514 BELLEVUE AVE,1514 BELLEVUE AVE,3.0,1,2024-04-27,2024-04-27,1,2023-07-16,2023-07-16,True,1,True,EQP-CY-00529,Conveyance Equipment Certification,"1 - Cabled Elevator, City # 2176",Active,1989-03-17,1989-03-17,0,False,,,,,,,True,-286.0
1515 13TH AVE,1515 13TH AVE,3.0,1,2025-11-18,2025-11-18,2,2022-02-25,2025-06-28,True,2,True,EQP-CY-01596 | EQP-CY-01595,Conveyance Equipment Certification,"2-PE - Hydraulic Elevator, City # 5315 | 1-PW - Hydraulic Elevator, City # 5314",Active,1989-09-13,1989-09-13,0,False,,,,,,,True,-1362.0
1520 EASTLAKE AVE E,1520 EASTLAKE AVE E,3.0,11,2016-05-16,2024-07-24,3,2023-06-10,2025-04-22,True,0,False,,,,,,,0,False,,,,,,,True,2581.0
1523 E MADISON ST,1523 E MADISON ST,3.0,1,2025-11-11,2025-11-11,4,2021-02-20,2025-08-17,True,1,True,EQP-CY-08368,Conveyance Equipment Certification,"1 - Cabled Elevator, City # 11719",Active,2016-02-18,2016-02-18,0,False,,,,,,,True,-1725.0
1525 9TH AVE,1525 9TH AVE,7.0,2,2016-03-23,2024-01-23,0,,,False,4,True,EQP-CY-08128 | EQP-CY-08127 | EQP-CY-08126 | EQP-CY-08125,Conveyance Equipment Certification,"D - Cabled Elevator, City # 11199 | C - Cabled Elevator, City # 11198 | B - Cabled Elevator, City # 11197 | A - Cabled Elevator, City # 11196",Active,2015-03-12,2015-03-12,0,False,,,,,,,False,
1525 HARVARD AVE,1525 HARVARD AVE,3.0,5,2025-01-31,2025-02-10,5,2021-05-08,2025-10-25,True,2,True,EQP-CY-08252 | EQP-CY-08251,Conveyance Equipment Certification,"2 - Cabled Elevator, City # 11627 | 1 - Cabled Elevator, City # 11626",Active,2015-07-23,2015-07-23,0,False,,,,,,,True,-1364.0
1526 AURORA AVE N,1526 AURORA AVE N,7.0,1,2023-01-20,2023-01-20,0,,,False,1,True,EQP-CY-02711,Conveyance Equipment Certification,"1-P - Hydraulic Elevator, City # 4308",Active,1990-01-31,1990-01-31,0,False,,,,,,,False,
1529 QUEEN ANNE AVE N,1529 Queen Anne AVE N,7.0,1,2023-11-12,2023-11-12,1,2021-03-30,2021-03-30,True,1,True,EQP-CY-06453,Conveyance Equipment Certification,"1 - Hydraulic Elevator, City # 8662",Active,2006-02-14,2006-02-14,0,False,,,,,,,True,-957.0
1530 12TH AVE,1530 12TH AVE,3.0,1,2022-02-20,2022-02-20,0,,,False,1,True,EQP-CY-07267,Conveyance Equipment Certification,"1-P - Hydraulic Elevator, City # 9744",Active,2009-12-16,2009-12-16,0,False,,,,,,,False,
1530 BELMONT AVE,1530 BELMONT AVE,3.0,5,2022-11-17,2024-12-16,4,2021-06-09,2025-04-25,True,4,True,EQP-CY-08301 | EQP-CY-08300 | EQP-CY-08299 | EQP-CY-08298,Conveyance Equipment Certification,"1-P - Cabled Elevator, City # 11621 | 4-P - Hydraulic Elevator, City # 11655 | 3-P - Cabled Elevator, City # 11623 | 2-P - Cabled Elevator, City # 11622",Active,2015-10-20,2015-10-20,0,False,,,,,,,True,-526.0
1537 NW 56TH ST,1537 NW 56TH ST,6.0,1,2024-07-10,2024-07-10,4,2020-09-07,2022-10-30,True,2,True,EQP-CY-08645 | EQP-CY-08644,Conveyance Equipment Certification,"2 - Cabled Elevator, City # 12030 | 1 - Cabled Elevator, City # 12029",Active,2017-01-11,2017-01-11,0,False,,,,,,,True,-1402.0
1545 NW 57TH ST,1545 NW 57TH ST,6.0,1,2021-10-07,2021-10-07,0,,,False,2,True,EQP-CY-06299 | EQP-CY-06298,Conveyance Equipment Certification,"2 - Hydraulic Elevator, City # 8276 | 1 - Hydraulic Elevator, City # 8275",Active,2004-09-22,2004-09-22,0,False,,,,,,,False,
1545 NW MARKET ST,1545 NW MARKET ST,6.0,5,2020-01-13,2023-01-23,10,2019-12-15,2026-01-28,True,4,True,EQP-CY-06977 | EQP-CY-06976 | EQP-CY-06975 | EQP-CY-06974,Conveyance Equipment Certification,"N2 - Cabled Elevator, City # 9450 | N1 - Cabled Elevator, City # 9457 | S2 - Cabled Elevator, City # 9459 | S1 - Cabled Elevator, City # 9458",Active,2009-01-22,2009-01-22,0,False,,,,,,,True,-29.0
155 17TH AVE,155 17TH AVE,3.0,1,2024-06-28,2024-06-28,0,,,False,0,False,,,,,,,0,False,,,,,,,False,
1562 E OLIVE WAY,1562 E OLIVE WAY,3.0,1,2025-08-02,2025-08-02,0,,,False,0,False,,,,,,,1,True,EQP-CY-01803,Conveyance Equipment Certification,"1-P - Cabled Elevator, City # 1556",Operating Without Certificate,1989-10-27,1989-10-27,False,
1600 2ND AVE,1600 2ND AVE,7.0,5,2018-08-05,2025-10-02,14,2023-08-09,2025-06-20,True,0,False,,,,,,,5,True,EQP-CY-08803 | EQP-CY-08802 | EQP-CY-08801 | EQP-CY-08800 | EQP-CY-08799,Conveyance Equipment Certification,"5-P - Cabled Elevator, City # 11878 | 4-P - Cabled Elevator, City # 11877 | 3-P - Cabled Elevator, City # 11876 | 2-P - Cabled Elevator, City # 11875 | 1-P - Cabled Elevator, City # 11874",Operating Without Certificate,2017-08-31,2017-08-31,True,1830.0
1600 7TH AVE,1600 7th AVE,7.0,1,2025-09-02,2025-09-02,3,2022-10-12,2023-07-26,True,17,True,EQP-CY-03809 | EQP-CY-03808 | EQP-CY-03807 | EQP-CY-03806 | EQP-CY-03805 | EQP-CY-03804 | EQP-CY-03803 | EQP-CY-03802 | EQP-CY-03801 | EQP-CY-03800 | EQP-CY-03799 | EQP-CY-03798 | EQP-CY-03797 | EQP-CY-03796 | EQP-CY-03795 | EQP-CY-03794 | EQP-CY-03793,Conveyance Equipment Certification,"17 - Cabled Elevator, City # 3655 | P - Cabled Elevator, City # 3654 | O - Cabled Elevator, City # 3653 | N - Cabled Elevator, City # 3652 | M - Cabled Elevator, City # 3651 | L - Cabled Elevator, City # 3650 | K - Cabled Elevator, City # 3649 | J - Cabled Elevator, City # 3648 | I - Cabled Elevator, City # 3647 | H - Cabled Elevator, City # 3646 | G - Cabled Elevator, City # 3645 | F - Cabled Elevator, City # 3644 | E - Cabled Elevator, City # 3643 | D - Cabled Elevator, City # 3642 | C - Cabled Elevator, City # 3641 | B - Cabled Elevator, City # 3640 | A - Cabled Elevator, City # 3639",Active,1990-07-17,1990-07-17,1,True,EQP-CY-08335,Conveyance Equipment Certification,"1-ML - Material Lift, City # 11711",Operating Without Certificate,2015-12-10,2015-12-10,True,-1056.0
1601 5TH AVE,1601 5TH AVE,7.0,1,2023-06-26,2023-06-26,3,2021-06-27,2022-08-16,True,12,True,EQP-CY-02855 | EQP-CY-02854 | EQP-CY-02853 | EQP-CY-02852 | EQP-CY-02851 | EQP-CY-02850 | EQP-CY-02849 | EQP-CY-02848 | EQP-CY-02847 | EQP-CY-02846 | EQP-CY-02845 | EQP-CY-02844,Conveyance Equipment Certification,"16 - Hydraulic Elevator, City # 5435 | 4-LO - Cabled Elevator, City # 5382 | 3-LO - Cabled Elevator, City # 5381 | 2-LO - Cabled Elevator, City # 5380 | 1-LO - Cabled Elevator, City # 5379 | 9 -SRV - Cabled Elevator, City # 5377 | 8 - HI - Cabled Elevator, City # 5376 | 7 - HI - Cabled Elevator, City # 5375 | 6 - HI - Cabled Elevator, City # 5374 | 5 - HI - Cabled Elevator, City # 5373 | 12-GRG - Hydraulic Elevator, City # 5346 | 11-GRG - Hydraulic Elevator, City # 5345",Active,1990-02-02,1990-02-02,0,False,,,,,,,True,-729.0
1610 16TH AVE,1610 16TH AVE,3.0,1,2016-06-17,2016-06-17,7,2021-04-02,2024-09-25,True,0,False,,,,,,,0,False,,,,,,,True,1750.0
1615 19TH AVE,1615 19TH AVE,3.0,2,2023-02-01,2023-02-22,1,2021-06-04,2021-06-04,True,0,False,,,,,,,2,True,EQP-CY-00011 | EQP-CY-00007,Conveyance Equipment Certification,"B1 - Cabled Elevator, City # 8063 | A1 - Hydraulic Elevator, City # 7985",Operating Without Certificate,2002-12-16,2002-12-18,True,-607.0
1617 YALE AVE,1617 YALE AVE,3.0,4,2022-02-23,2022-11-11,1,2021-03-20,2021-03-20,True,1,True,EQP-CY-03476,Conveyance Equipment Certification,"1-P - Cabled Elevator, City # 617",Active,1990-05-10,1990-05-10,0,False,,,,,,,True,-340.0
1619 3RD AVE,1619 3RD AVE,7.0,4,2024-10-30,2025-05-12,6,2022-06-09,2023-04-08,True,0,False,,,,,,,3,True,EQP-CY-01737 | EQP-CY-01736 | EQP-CY-01735,Conveyance Equipment Certification,"3-P - Cabled Elevator, City # 2457 | 2-P - Cabled Elevator, City # 2456 | 1-P - Cabled Elevator, City # 2455",Operating Without Certificate,1989-10-26,1989-10-26,True,-874.0
1619 E JOHN ST,1619 E John ST,3.0,4,2015-07-15,2024-12-05,5,2019-12-14,2025-01-22,True,1,True,EQP-CY-10002,Conveyance Equipment Certification,"P1 - Roped Hydraulic Elevator, City # 12903",Active,2019-12-06,2019-12-06,0,False,,,,,,,True,1613.0
1624 BOREN AVE,1624 BOREN AVE,7.0,4,2020-03-02,2024-01-30,3,2021-05-23,2023-09-11,True,0,False,,,,,,,1,True,EQP-CY-00533,Conveyance Equipment Certification,"1-P - Cabled Elevator, City # 795",Operating Without Certificate,1989-03-17,1989-03-17,True,447.0
16255 NE 87TH ST,16255 NE 87th ST,,1,2024-11-10,2024-11-10,0,,,False,0,False,,,,,,,0,False,,,,,,,False,
1629 HARVARD AVE,1629 HARVARD AVE,3.0,4,2023-06-24,2023-09-20,16,2022-02-14,2024-07-21,True,1,True,EQP-CY-01650,Conveyance Equipment Certification,"1-P - Cabled Elevator, City # 618",Active,1989-09-14,1989-09-14,0,False,,,,,,,True,-495.0
1629 N 45TH ST,1629 N 45TH ST,4.0,1,2021-06-26,2021-06-26,0,,,False,1,True,EQP-CY-02557,Conveyance Equipment Certification,"1-P - Hydraulic Elevator, City # 4987",Active,1990-01-02,1990-01-02,0,False,,,,,,,False,
1660 12TH AVE,1660 12TH AVE,3.0,2,2023-09-05,2023-10-03,2,2022-05-22,2022-11-14,True,2,True,EQP-CY-08065 | EQP-CY-08064,Conveyance Equipment Certification,"2-P - Cabled Elevator, City # 11327 | 1-P - Cabled Elevator, City # 11326",Active,2014-10-03,2014-10-03,0,False,,,,,,,True,-471.0
1701 DEXTER AVE N,1701 DEXTER AVE N,7.0,1,2021-12-20,2021-12-20,11,2021-08-06,2025-10-26,True,0,False,,,,,,,1,True,EQP-CY-08506,Conveyance Equipment Certification,"1-P - Cabled Elevator, City # 11789",Operating Without Certificate,2016-07-21,2016-07-21,True,-136.0
1701 NW 56TH ST,1701 NW 56TH ST,6.0,1,2023-08-14,2023-08-14,3,2023-12-17,2024-02-15,True,2,True,EQP-CY-09553 | EQP-CY-09552,Conveyance Equipment Certification,"2-P - Cabled Elevator, City # 12435 | 1-P - Cabled Elevator, City # 12430",Active,2018-08-02,2018-08-02,0,False,,,,,,,True,125.0
171 12TH AVE,171 12TH AVE,2.0,1,2025-12-08,2025-12-08,6,2023-05-23,2025-08-27,True,0,False,,,,,,,3,True,EQP-CY-10499 | EQP-CY-10498 | EQP-CY-10497,Conveyance Equipment Certification,"3 - Hydraulic Elevator, City # 14044 | 2 - Cabled Elevator, City # 14017 | 1 - Cabled Elevator, City # 14016",Operating Without Certificate,2022-06-30,2022-06-30,True,-930.0
1711 12TH AVE,1711 12TH AVE,3.0,1,2024-06-03,2024-06-03,1,2025-02-05,2025-02-05,True,1,True,EQP-CY-07856,Conveyance Equipment Certification,"1 - Cabled Elevator, City # 11129",Active,2013-11-27,2013-11-27,0,False,,,,,,,True,247.0
1715 NW 59TH ST,1715 NW 59TH ST,6.0,2,2025-07-03,2025-07-10,5,2024-04-06,2025-07-01,True,0,False,,,,,,,1,True,EQP-CY-02990,Conveyance Equipment Certification,"1-P - Hydraulic Elevator, City # 4843",Operating Without Certificate,1990-03-02,1990-03-02,True,-453.0
1717 22ND AVE,1717 22ND AVE,3.0,1,2023-07-08,2023-07-08,6,2021-07-04,2025-06-18,True,1,True,EQP-CY-08519,Conveyance Equipment Certification,"2-P - Cabled Elevator, City # 11830",Active,2016-08-17,2016-08-17,1,True,EQP-CY-08520,Conveyance Equipment Certification,"1-P - Cabled Elevator, City # 11829",Operating Without Certificate,2016-08-17,2016-08-17,True,-734.0
1718 MELROSE AVE,1718 MELROSE AVE,3.0,6,2024-08-14,2025-06-29,6,2021-12-24,2025-01-09,True,1,True,EQP-CY-01527,Conveyance Equipment Certification,"1-P - Hydraulic Elevator, City # 5511",Active,1989-09-04,1989-09-04,0,False,,,,,,,True,-964.0
1722 19TH AVE,1722 19TH AVE,3.0,1,2025-08-07,2025-08-07,3,2024-04-08,2026-01-20,True,1,True,EQP-CY-10792,Conveyance Equipment Certification,"1-P - Cabled Elevator, City # 14603",Active,2023-11-09,2023-11-09,0,False,,,,,,,True,-486.0
1727 HARBOR AVE SW,1727 HARBOR AVE SW,1.0,2,2017-02-01,2017-02-09,1,2025-08-19,2025-08-19,True,0,False,,,,,,,2,True,EQP-CY-01882 | EQP-CY-01881,Conveyance Equipment Certification,"2-P - Hydraulic Elevator, City # 3477 | 1-P - Hydraulic Elevator, City # 3448",Operating Without Certificate,1989-10-27,1989-10-27,True,3121.0
1727 SUMMIT AVE,1727 SUMMIT AVE,3.0,30,2015-09-16,2025-11-17,0,,,False,1,True,EQP-CY-03734,Conveyance Equipment Certification,"1-P - Hydraulic Elevator, City # 2465",Active,1990-07-17,1990-07-17,0,False,,,,,,,False,
1730 22ND AVE,1730 22ND AVE,3.0,1,2017-10-26,2017-10-26,1,2026-01-20,2026-01-20,True,0,False,,,,,,,0,False,,,,,,,True,3008.0
1730 N NORTHLAKE WAY,1730 N NORTHLAKE WAY,4.0,1,2019-03-04,2019-03-04,0,,,False,0,False,,,,,,,0,False,,,,,,,False,
1736 BELMONT AVE,1736 BELMONT AVE,3.0,2,2025-11-06,2025-12-12,4,2021-10-13,2024-10-23,True,1,True,EQP-CY-03822,Conveyance Equipment Certification,"1-P - Cabled Elevator, City # 1634",Active,1990-07-18,1990-07-18,1,True,EQP-CY-03823,Conveyance Equipment Certification,"2-P - Cabled Elevator, City # 1635",Operating Without Certificate,1990-07-18,1990-07-18,True,-1485.0
1741 BELMONT AVE,1741 Belmont AVE,3.0,1,2025-09-20,2025-09-20,1,2021-03-29,2021-03-29,True,0,False,,,,,,,1,True,EQP-CY-01776,Conveyance Equipment Certification,"1-P - Cabled Elevator, City # 713",Operating Without Certificate,1989-10-27,1989-10-27,True,-1636.0
1760 NW 56TH ST,1760 NW 56TH ST,6.0,3,2015-09-17,2025-04-01,2,2022-03-26,2024-08-12,True,2,True,EQP-CY-08353 | EQP-CY-08352,Conveyance Equipment Certification,"2-P - Cabled Elevator, City # 11639 | 1-P - Cabled Elevator, City # 11638",Active,2016-01-15,2016-01-15,0,False,,,,,,,True,2382.0
1801 FAIRVIEW AVE E,1801 FAIRVIEW AVE E,3.0,1,2023-12-20,2023-12-20,0,,,False,0,False,,,,,,,1,True,EQP-CY-03655,Conveyance Equipment Certification,"1-P - Hydraulic Elevator, City # 4799",Operating Without Certificate,1990-06-12,1990-06-12,False,
1806 23RD AVE,1806 23RD AVE,3.0,1,2021-10-15,2021-10-15,1,2024-10-19,2024-10-19,True,0,False,,,,,,,1,True,EQP-CY-08079,Conveyance Equipment Certification,"1-P - Hydraulic Elevator, City # 11256",Operating Without Certificate,2014-10-31,2014-10-31,True,1100.0
1808 BELLEVUE AVE,1808 BELLEVUE AVE,3.0,3,2015-09-02,2024-01-08,0,,,False,1,True,EQP-CY-04506,Conveyance Equipment Certification,"1-P - Cabled Elevator, City # 5980",Active,1993-02-23,1993-02-23,0,False,,,,,,,False,
1811 EASTLAKE AVE,1811 EASTLAKE AVE,7.0,3,2022-08-19,2025-07-21,13,2021-06-15,2025-07-24,True,1,True,EQP-CY-06442,Conveyance Equipment Certification,"Cabled Elevator, City # 8578",Active,2006-02-01,2006-02-01,0,False,,,,,,,True,-430.0
1814 12TH AVE S,1814 12TH AVE S,2.0,1,2025-04-04,2025-04-04,0,,,False,1,True,EQP-CY-08153,Conveyance Equipment Certification,"1P - Hydraulic Elevator, City # 11374",Active,2015-04-20,2015-04-20,0,False,,,,,,,False,
1819 23RD AVE,1819 23RD AVE,3.0,4,2024-01-24,2024-02-12,10,2021-10-05,2026-01-20,True,5,True,EQP-CY-06335 | EQP-CY-06334 | EQP-CY-06333 | EQP-CY-06332 | EQP-CY-06331,Conveyance Equipment Certification,"5 - Cabled Elevator, City # 8479 | 4 - Cabled Elevator, City # 8478 | 3 - Cabled Elevator, City # 8477 | 2 - Cabled Elevator, City # 8476 | 1 - Cabled Elevator, City # 8475",Active,2004-12-21,2004-12-21,1,True,EQP-CY-06367,Conveyance Equipment Certification,"HL - Accessibility Lift (vertical included), City # 8527",Operating Without Certificate,2005-04-08,2005-04-08,True,-841.0
1820 MINOR AVE,1820 MINOR AVE,7.0,2,2022-02-05,2023-11-01,1,2022-04-13,2022-04-13,True,3,True,EQP-CY-04586 | EQP-CY-04585 | EQP-CY-04584,Conveyance Equipment Certification,"3-P - Hydraulic Elevator, City # 6366 | 2-P - Hydraulic Elevator, City # 6365 | 1-P - Hydraulic Elevator, City # 6364",Active,1993-11-22,1993-11-22,0,False,,,,,,,True,67.0
1823 E MADISON ST,1823 E MADISON ST,3.0,12,2023-07-22,2025-12-03,4,2020-02-03,2025-12-18,True,0,False,,,,,,,0,False,,,,,,,True,-1265.0
1823 TERRY AVE,1823 TERRY AVE,7.0,3,2023-05-19,2024-06-28,6,2023-09-28,2025-12-10,True,4,True,EQP-CY-07230 | EQP-CY-07229 | EQP-CY-07228 | EQP-CY-07227,Conveyance Equipment Certification,"4-P - Hydraulic Elevator, City # 9603 | 3-P - Cabled Elevator, City # 9630 | 2-P - Cabled Elevator, City # 9629 | 1-P - Cabled Elevator, City # 9628",Active,2009-12-09,2009-12-09,1,True,EQP-CY-07563,Conveyance Equipment Certification,"1 - Accessibility Lift (vertical included), City # 10578",Operating Without Certificate,2012-02-29,2012-02-29,True,132.0
1831 8TH AVE,1831 8TH AVE,7.0,1,2021-09-13,2021-09-13,12,2021-05-06,2025-12-30,True,2,True,EQP-CY-05982 | EQP-CY-05981,Conveyance Equipment Certification,"2 - Hydraulic Elevator, City # 7945 | 1 - Hydraulic Elevator, City # 7944",Active,2002-06-12,2002-06-12,0,False,,,,,,,True,-130.0
1833 13TH AVE,1833 13TH AVE,3.0,3,2019-12-12,2021-07-20,0,,,False,0,False,,,,,,,1,True,EQP-CY-02942,Conveyance Equipment Certification,"1-P - Cabled Elevator, City # 667",Operating Without Certificate,1990-03-02,1990-03-02,False,
1911 22ND AVE S,1911 22ND AVE S,2.0,2,2025-02-11,2025-04-16,50,2022-03-09,2026-01-22,True,1,True,EQP-CY-10174,Conveyance Equipment Certification,"2-P - Cabled Elevator, City # 13420",Active,2020-10-14,2020-10-14,3,True,EQP-CY-10489 | EQP-CY-10488 | EQP-CY-10173,Conveyance Equipment Certification,"4-P - Cabled Elevator, City # 13666 | 3-P - Cabled Elevator, City # 13665 | 1-P - Cabled Elevator, City # 13419",Operating Without Certificate,2020-10-14,2022-06-30,True,-1070.0
1916 E MADISON ST,1916 E MADISON ST,3.0,2,2016-04-26,2024-09-21,2,2021-11-06,2022-11-08,True,1,True,EQP-CY-05131,Conveyance Equipment Certification,"1 - Hydraulic Elevator, City # 6797",Active,1998-07-02,1998-07-02,0,False,,,,,,,True,2020.0
1919 QUEEN ANNE AVE N,1919 QUEEN ANNE AVE N,7.0,1,2025-04-01,2025-04-01,2,2025-03-02,2025-11-04,True,1,True,EQP-CY-07679,Conveyance Equipment Certification,"1-P - Cabled Elevator, City # 10305",Active,2012-12-12,2012-12-12,0,False,,,,,,,True,-30.0
1920 QUEEN ANNE AVE N,1920 QUEEN ANNE AVE N,7.0,1,2025-10-01,2025-10-01,2,2021-04-26,2021-05-25,True,0,False,,,,,,,0,False,,,,,,,True,-1619.0
1922 9TH AVE,1922 9TH AVE,7.0,6,2020-01-03,2022-10-10,7,2022-09-07,2025-07-11,True,0,False,,,,,,,1,True,EQP-CY-05909,Conveyance Equipment Certification,"1 - Hydraulic Elevator, City # 7701",Operating Without Certificate,2001-12-05,2001-12-05,True,978.0
1950 1ST AVE S,1950 1ST AVE S,1.0,1,2024-01-26,2024-01-26,0,,,False,0,False,,,,,,,1,True,EQP-CY-06950,Conveyance Equipment Certification,"1-HL - Accessibility Lift (vertical included), City # 9584",Operating Without Certificate,2008-11-25,2008-11-25,False,
2004 DEXTER AVE N,2004 DEXTER AVE N,7.0,1,2022-09-08,2022-09-08,0,,,False,0,False,,,,,,,0,False,,,,,,,False,
201 YESLER WAY,201 YESLER WAY,1.0,11,2017-08-28,2025-09-02,1,2025-11-21,2025-11-21,True,2,True,EQP-CY-06762 | EQP-CY-06761,Conveyance Equipment Certification,"2-P - Cabled Elevator, City # 8837 | 1-P - Cabled Elevator, City # 8836",Active,2007-10-26,2007-10-26,0,False,,,,,,,True,3007.0
2011 5TH AVE,2011 5TH AVE,7.0,7,2022-02-25,2022-12-13,0,,,False,1,True,EQP-CY-00598,Conveyance Equipment Certification,"2-P - Cabled Elevator, City # 2671",Active,1989-03-22,1989-03-22,0,False,,,,,,,False,
2014 FAIRVIEW AVE,2014 FAIRVIEW AVE,7.0,3,2023-10-29,2024-01-25,25,2022-08-04,2025-11-16,True,4,True,EQP-CY-10549 | EQP-CY-10548 | EQP-CY-10547 | EQP-CY-10546,Conveyance Equipment Certification,"4 - Cabled Elevator, City # 13540 | 3 - Cabled Elevator, City # 13539 | 2 - Cabled Elevator, City # 13538 | 1 - Cabled Elevator, City # 13537",Active,2022-10-19,2022-10-19,0,False,,,,,,,True,-451.0
2015 2ND AVE,2015 2nd AVE,7.0,1,2023-09-18,2023-09-18,29,2021-05-01,2026-01-03,True,4,True,EQP-CY-08742 | EQP-CY-08741 | EQP-CY-08740 | EQP-CY-08739,Conveyance Equipment Certification,"4-P - Cabled Elevator, City # 12142 | 3-P - Cabled Elevator, City # 11893 | 2-P - Cabled Elevator, City # 11892 | 1-P - Cabled Elevator, City # 11891",Active,2017-05-24,2017-05-24,0,False,,,,,,,True,-870.0
2024 3RD AVE,2024 3RD AVE,7.0,3,2019-01-07,2025-02-21,51,2021-04-20,2025-06-22,True,1,True,EQP-CY-06128,Conveyance Equipment Certification,"2-P - Cabled Elevator, City # 8199",Active,2003-11-20,2003-11-20,2,True,EQP-CY-06134 | EQP-CY-06129,Conveyance Equipment Certification,"1-VPL - Accessibility Lift (vertical included), City # 8280 | 1-P - Cabled Elevator, City # 8200",Operating Without Certificate,2003-11-20,2003-12-04,True,834.0
2030 8TH AVE,2030 8TH AVE,7.0,9,2025-07-28,2025-12-11,1,2025-11-16,2025-11-16,True,3,True,EQP-CY-08220 | EQP-CY-08219 | EQP-CY-08218,Conveyance Equipment Certification,"A - Cabled Elevator, City # 11351 | C - Cabled Elevator, City # 11353 | B - Cabled Elevator, City # 11352",Active,2015-07-17,2015-07-17,1,True,EQP-CY-08221,Conveyance Equipment Certification,"D - Cabled Elevator, City # 11354",Operating Without Certificate,2015-07-17,2015-07-17,True,111.0
204 3RD AVE S,204 3RD AVE S,1.0,1,2018-10-04,2018-10-04,13,2021-03-09,2025-12-13,True,1,True,EQP-CY-04642,Conveyance Equipment Certification,"1-P - Hydraulic Elevator, City # 6407",Active,1994-04-21,1994-04-21,0,False,,,,,,,True,887.0
2040 13TH AVE W,2040 13TH AVE W,7.0,1,2022-09-15,2022-09-15,0,,,False,1,True,EQP-CY-03813,Conveyance Equipment Certification,"1-P - Hydraulic Elevator, City # 5528",Active,1990-07-18,1990-07-18,0,False,,,,,,,False,
2041 NW 57TH ST,2041 NW 57TH ST,6.0,1,2024-06-03,2024-06-03,3,2020-01-21,2023-08-09,True,0,False,,,,,,,2,True,EQP-CY-07784 | EQP-CY-07783,Conveyance Equipment Certification,"EL-1S - Cabled Elevator, City # 10465 | EL-1N - Cabled Elevator, City # 10455",Operating Without Certificate,2013-07-10,2013-07-10,True,-1595.0
206 BELL ST,206 BELL ST,7.0,1,2025-06-06,2025-06-06,0,,,False,2,True,EQP-CY-07778 | EQP-CY-07777,Conveyance Equipment Certification,"2-P - Cabled Elevator, City # 10429 | 1-P - Cabled Elevator, City # 10428",Active,2013-07-10,2013-07-10,0,False,,,,,,,False,
209 12TH AVE S,209 12TH AVE S,2.0,2,2025-10-16,2025-10-30,21,2022-08-01,2026-01-01,True,4,True,EQP-CY-10472 | EQP-CY-10471 | EQP-CY-10470 | EQP-CY-10469,Conveyance Equipment Certification,"2B - Cabled Elevator, City # 13916 | 2A - Cabled Elevator, City # 13915 | 1B - Cabled Elevator, City # 13914 | 1A - Cabled Elevator, City # 13913",Active,2022-06-22,2022-06-22,0,False,,,,,,,True,-1172.0
2100 ALASKAN WAY,2100 ALASKAN WAY,7.0,1,2025-09-10,2025-09-10,8,2020-01-29,2025-10-11,True,7,True,EQP-CY-00067 | EQP-CY-00066 | EQP-CY-00065 | EQP-CY-00064 | EQP-CY-00063 | EQP-CY-00062 | EQP-CY-00061,Conveyance Equipment Certification,"7-P - Hydraulic Elevator, City # 8066 | 6-P - Cabled Elevator, City # 8136 | 5-P - Cabled Elevator, City # 8135 | 4-P - Cabled Elevator, City # 8134 | 3-P - Cabled Elevator, City # 8133 | 2-P - Cabled Elevator, City # 8132 | 1-P - Cabled Elevator, City # 8131",Active,2003-05-14,2003-05-14,0,False,,,,,,,True,-2051.0
2101 4TH AVE,2101 4TH AVE,7.0,2,2024-06-24,2025-04-30,1,2022-11-09,2022-11-09,True,10,True,EQP-CY-03567 | EQP-CY-03566 | EQP-CY-03565 | EQP-CY-03564 | EQP-CY-03563 | EQP-CY-03562 | EQP-CY-03561 | EQP-CY-03560 | EQP-CY-03559 | EQP-CY-03558,Conveyance Equipment Certification,"9-P - Hydraulic Elevator, City # 3909 | 8-P - Cabled Elevator, City # 3908 | 7-P - Cabled Elevator, City # 3907 | 6-P - Cabled Elevator, City # 3906 | P-5 - Cabled Elevator, City # 3905 | 4-P - Cabled Elevator, City # 3904 | 3-P - Cabled Elevator, City # 3903 | 2-P - Cabled Elevator, City # 3902 | 1-P - Cabled Elevator, City # 3901 | 10-P - Cabled Elevator, City # 3900",Active,1990-05-10,1990-05-10,0,False,,,,,,,True,-593.0
2105 5TH AVE,2105 5TH AVE,7.0,11,2025-04-07,2025-05-08,6,2022-09-20,2024-11-21,True,3,True,EQP-CY-07850 | EQP-CY-07837 | EQP-CY-07836,Conveyance Equipment Certification,"1-HL - Accessibility Lift (vertical included), City # 11166 | 2-P - Cabled Elevator, City # 10425 | 1-P - Cabled Elevator, City # 10424",Active,2013-10-30,2013-11-12,0,False,,,,,,,True,-930.0
2112 E DENNY WAY,2112 E DENNY WAY,3.0,1,2019-08-21,2019-08-21,3,2021-06-11,2023-10-17,True,1,True,EQP-CY-09852,Conveyance Equipment Certification,"1-P - Cabled Elevator, City # 12724",Active,2019-07-12,2019-07-12,0,False,,,,,,,True,660.0
212 ALASKAN WAY S,212 ALASKAN WAY S,1.0,4,2022-09-03,2024-12-24,6,2022-06-17,2023-05-16,True,0,False,,,,,,,2,True,EQP-CY-06214 | EQP-CY-06213,Conveyance Equipment Certification,"Accessibility Lift (vertical included), City # 8444 | 1P - Hydraulic Elevator, City # 8441",Operating Without Certificate,2004-05-12,2004-05-12,True,-78.0
2121 26TH AVE S,2121 26TH AVE S,2.0,2,2020-05-01,2020-12-14,6,2021-12-25,2025-07-28,True,3,True,EQP-CY-00123 | EQP-CY-00122 | EQP-CY-00121,Conveyance Equipment Certification,"3-P - Hydraulic Elevator, City # 3559 | 2-P - Cabled Elevator, City # 3182 | 1-P - Cabled Elevator, City # 3181",Active,1989-01-11,1989-01-11,0,False,,,,,,,True,603.0
2121 6TH AVE,2121 6TH AVE,7.0,1,2022-02-22,2022-02-22,7,2021-08-15,2025-06-28,True,7,True,EQP-CY-07827 | EQP-CY-07824 | EQP-CY-07823 | EQP-CY-07822 | EQP-CY-07821 | EQP-CY-07820 | EQP-CY-07819,Conveyance Equipment Certification,"HL-1 - Accessibility Lift (vertical included), City # 10449 | 6-P - Cabled Elevator, City # 10330 | 5-P - Cabled Elevator, City # 10329 | 4-P - Cabled Elevator, City # 10328 | 3-P - Cabled Elevator, City # 10327 | 2-P - Cabled Elevator, City # 10326 | 1-P - Cabled Elevator, City # 10325",Active,2013-10-04,2013-10-04,2,True,EQP-CY-07826 | EQP-CY-07825,Conveyance Equipment Certification,"ML-1 - Material Lift, City # 10448 | 7-P - Hydraulic Elevator, City # 10358",Operating Without Certificate,2013-10-04,2013-10-04,True,-191.0
2132 2ND AVE,2132 2ND AVE,7.0,7,2018-12-20,2025-02-19,3,2021-11-04,2024-09-06,True,0,False,,,,,,,1,True,EQP-CY-03501,Conveyance Equipment Certification,"1-P - Cabled Elevator, City # 719",Operating Without Certificate,1990-05-10,1990-05-10,True,1050.0
215 1ST AVE W,215 1ST AVE W,7.0,2,2025-02-03,2025-02-24,6,2021-07-03,2025-06-22,True,2,True,EQP-CY-05928 | EQP-CY-05927,Conveyance Equipment Certification,"2 - Hydraulic Elevator, City # 7758 | 1 - Hydraulic Elevator, City # 7757",Active,2002-02-04,2002-02-04,0,False,,,,,,,True,-1311.0
219 HARVARD AVE E,219 Harvard AVE E,3.0,1,2019-10-11,2019-10-11,0,,,False,1,True,EQP-CY-01649,Conveyance Equipment Certification,"1-P - Hydraulic Elevator, City # 2624",Active,1989-09-14,1989-09-14,0,False,,,,,,,False,
220 10TH AVE,220 10TH AVE,2.0,1,2022-10-11,2022-10-11,2,2021-11-27,2022-06-22,True,0,False,,,,,,,1,True,EQP-CY-07835,Conveyance Equipment Certification,"1 - Cabled Elevator, City # 11122",Operating Without Certificate,2013-10-30,2013-10-30,True,-318.0
2200 6TH AVE,2200 6TH AVE,7.0,1,2019-07-29,2019-07-29,1,2024-11-02,2024-11-02,True,5,True,EQP-CY-03601 | EQP-CY-03600 | EQP-CY-03599 | EQP-CY-03598 | EQP-CY-03597,Conveyance Equipment Certification,"5-P - Cabled Elevator, City # 3084 | 1-P - Cabled Elevator, City # 3040 | 4-P - Cabled Elevator, City # 3039 | 3-P - Cabled Elevator, City # 3038 | 2-P - Cabled Elevator, City # 3037",Active,1990-05-11,1990-05-11,0,False,,,,,,,True,1923.0
2202 8TH AVE,2202 8TH AVE,7.0,3,2023-02-14,2023-10-13,6,2021-04-18,2025-10-30,True,4,True,EQP-CY-09564 | EQP-CY-09563 | EQP-CY-09562 | EQP-CY-09561,Conveyance Equipment Certification,"D - Cabled Elevator, City # 12375 | C - Cabled Elevator, City # 12374 | B - Cabled Elevator, City # 12373 | A - Cabled Elevator, City # 12372",Active,2018-08-10,2018-08-10,0,False,,,,,,,True,-667.0
2205 2ND AVE,2205 2ND AVE,7.0,1,2024-04-01,2024-04-01,1,2023-12-20,2023-12-20,True,2,True,EQP-CY-00714 | EQP-CY-00713,Conveyance Equipment Certification,"1-P - Cabled Elevator, City # 2074 | 2-P - Cabled Elevator, City # 1356",Active,1989-04-14,1989-04-14,0,False,,,,,,,True,-103.0
2208 NW MARKET ST,2208 NW MARKET ST,6.0,1,2019-03-07,2019-03-07,3,2023-09-18,2025-07-29,True,1,True,EQP-CY-03311,Conveyance Equipment Certification,"1-P - Cabled Elevator, City # 711",Active,1990-04-05,1990-04-05,0,False,,,,,,,True,1656.0
2209 1ST AVE,2209 1ST AVE,7.0,1,2024-08-02,2024-08-02,3,2021-06-25,2022-01-05,True,1,True,EQP-CY-07374,Conveyance Equipment Certification,"1-P - Hydraulic Elevator, City # 9899",Active,2010-07-06,2010-07-06,0,False,,,,,,,True,-1134.0
221 13TH AVE E,221 13TH AVE E,3.0,3,2025-07-11,2025-07-18,0,,,False,1,True,EQP-CY-02943,Conveyance Equipment Certification,"1-P - Cabled Elevator, City # 2689",Active,1990-03-02,1990-03-02,0,False,,,,,,,False,
2212 S JACKSON ST,2212 S JACKSON ST,3.0,1,2025-04-22,2025-04-22,7,2020-07-02,2026-01-18,True,1,True,EQP-CY-10141,Conveyance Equipment Certification,"2 - Cabled Elevator, City # 13315",Active,2020-06-26,2020-06-26,1,True,EQP-CY-10140,Conveyance Equipment Certification,"1 - Cabled Elevator, City # 13314",Operating Without Certificate,2020-06-26,2020-06-26,True,-1755.0
2222 ALKI AVE SW,2222 ALKI AVE SW,1.0,1,2023-07-24,2023-07-24,0,,,False,1,True,EQP-CY-01626,Conveyance Equipment Certification,"1-P - Hydraulic Elevator, City # 2383",Active,1989-09-13,1989-09-13,0,False,,,,,,,False,
223 YESLER WAY,223 YESLER WAY,1.0,9,2015-10-29,2024-07-24,27,2020-07-25,2026-01-20,True,2,True,EQP-CY-01431 | EQP-CY-01430,Conveyance Equipment Certification,"2-P - Cabled Elevator, City # 3434 | 1-P - Cabled Elevator, City # 3433",Active,1989-08-17,1989-08-17,0,False,,,,,,,True,1731.0
2233 NW 58TH ST,2233 NW 58th ST,6.0,1,2025-05-03,2025-05-03,5,2022-02-10,2024-08-02,True,0,False,,,,,,,3,True,EQP-CY-07373 | EQP-CY-07372 | EQP-CY-07371,Conveyance Equipment Certification,"3-P - Cabled Elevator, City # 9773 | 1-P - Cabled Elevator, City # 9771 | 2-P - Cabled Elevator, City # 9772",Operating Without Certificate,2010-07-06,2010-07-06,True,-1178.0
225 CEDAR ST,225 CEDAR ST,7.0,5,2022-11-14,2023-01-12,2,2022-07-28,2024-05-30,True,3,True,EQP-CY-08052 | EQP-CY-08051 | EQP-CY-08050,Conveyance Equipment Certification,"3 - Cabled Elevator, City # 11219 | 2 - Cabled Elevator, City # 11218 | 1 - Cabled Elevator, City # 11217",Active,2014-09-17,2014-09-17,0,False,,,,,,,True,-109.0
225 HARVARD AVE E,225 Harvard AVE E,3.0,1,2024-02-14,2024-02-14,1,2024-01-20,2024-01-20,True,1,True,EQP-CY-10483,Conveyance Equipment Certification,"1-P - Cabled Elevator, City # 13610",Active,2022-06-29,2022-06-29,0,False,,,,,,,True,-25.0
2250 NW 59TH ST,2250 NW 59TH ST,6.0,4,2024-06-15,2024-07-02,4,2021-02-18,2023-02-02,True,0,False,,,,,,,1,True,EQP-CY-02993,Conveyance Equipment Certification,"1-P - Hydraulic Elevator, City # 3117",Operating Without Certificate,1990-03-02,1990-03-02,True,-1213.0
2251 NW 59TH ST,2251 NW 59TH ST,6.0,1,2024-07-06,2024-07-06,0,,,False,1,True,EQP-CY-00541,Conveyance Equipment Certification,"1-P - Hydraulic Elevator, City # 3733",Active,1989-03-17,1989-03-17,0,False,,,,,,,False,
230 8TH AVE N,230 8TH AVE N,7.0,1,2025-05-27,2025-05-27,3,2021-11-01,2024-07-08,True,1,True,EQP-CY-06421,Conveyance Equipment Certification,"1 - Hydraulic Elevator, City # 8591",Active,2005-11-17,2005-11-17,0,False,,,,,,,True,-1303.0
2301 FAIRVIEW AVE E,2301 FAIRVIEW AVE E,,1,2016-09-29,2016-09-29,0,,,False,0,False,,,,,,,2,True,EQP-CY-00767 | EQP-CY-00766,Conveyance Equipment Certification,"2-P - Hydraulic Elevator, City # 3277 | 1-P - Hydraulic Elevator, City # 3276",Operating Without Certificate,1989-06-07,1989-06-07,False,
2302 E DENNY WAY,2302 E DENNY WAY,3.0,4,2022-09-06,2024-12-02,1,2023-04-16,2023-04-16,True,0,False,,,,,,,1,True,EQP-CY-08738,Conveyance Equipment Certification,"1-P - Cabled Elevator, City # 12086",Operating Without Certificate,2017-05-19,2017-05-19,True,222.0
2312 3RD AVE,2312 3RD AVE,7.0,2,2023-06-01,2025-09-07,9,2023-01-28,2025-05-10,True,1,True,EQP-CY-06972,Conveyance Equipment Certification,"2-P - Cabled Elevator, City # 9358",Active,2009-01-22,2009-01-22,1,True,EQP-CY-06971,Conveyance Equipment Certification,"1-P - Cabled Elevator, City # 9357",Operating Without Certificate,2009-01-22,2009-01-22,True,-124.0
2315 NE 65TH ST,2315 NE 65TH ST,4.0,1,2019-06-12,2019-06-12,0,,,False,2,True,EQP-CY-02468 | EQP-CY-01623,Conveyance Equipment Certification,"2-P - Cabled Elevator, City # 2915 | 1-P - Hydraulic Elevator, City # 5599",Active,1989-09-13,1989-12-05,0,False,,,,,,,False,
235 13TH AVE E,235 13TH AVE E,3.0,1,2024-08-09,2024-08-09,3,2024-08-07,2025-09-27,True,1,True,EQP-CY-03726,Conveyance Equipment Certification,"1-P - Hydraulic Elevator, City # 4969",Active,1990-06-12,1990-06-12,0,False,,,,,,,True,-2.0
235 BELLEVUE AVE E,235 BELLEVUE AVE E,3.0,1,2018-06-07,2018-06-07,0,,,False,0,False,,,,,,,1,True,EQP-CY-01229,Conveyance Equipment Certification,"1-P - Hydraulic Elevator, City # 2384",Operating Without Certificate,1989-07-18,1989-07-18,False,
2400 4TH AVE,2400 4TH AVE,7.0,1,2020-04-07,2020-04-07,11,2021-03-28,2025-12-22,True,4,True,EQP-CY-05330 | EQP-CY-05329 | EQP-CY-05328 | EQP-CY-05327,Conveyance Equipment Certification,"4 - Hydraulic Elevator, City # 6864 | 3 - Hydraulic Elevator, City # 6863 | 2 - Hydraulic Elevator, City # 6862 | 1 - Hydraulic Elevator, City # 6861",Active,1999-05-24,1999-05-24,0,False,,,,,,,True,355.0
2400 ELLIOTT AVE,2400 ELLIOTT AVE,7.0,1,2020-07-16,2020-07-16,2,2021-02-28,2022-11-04,True,2,True,EQP-CY-04300 | EQP-CY-04299,Conveyance Equipment Certification,"2-P - Hydraulic Elevator, City # 5790 | 1-P - Hydraulic Elevator, City # 5789",Active,1991-07-29,1991-07-29,0,False,,,,,,,True,227.0
2401 NE BLAKELEY ST,2401 NE BLAKELEY ST,4.0,2,2018-03-07,2018-03-14,6,2021-02-14,2026-01-08,True,2,True,EQP-CY-03011 | EQP-CY-03010,Conveyance Equipment Certification,"#2-P - Hydraulic Elevator, City # 4787 | #1-P - Hydraulic Elevator, City # 4786",Active,1990-03-05,1990-03-05,0,False,,,,,,,True,1075.0
2410 BOYER AVE E,2410 BOYER AVE E,3.0,2,2016-03-16,2016-03-21,0,,,False,1,True,EQP-CY-00738,Conveyance Equipment Certification,"1-P - Hydraulic Elevator, City # 2870",Active,1989-06-07,1989-06-07,0,False,,,,,,,False,
2410 W MANOR PL,2410 W MANOR PL,7.0,1,2020-04-17,2020-04-17,1,2022-07-31,2022-07-31,True,0,False,,,,,,,1,True,EQP-CY-01208,Conveyance Equipment Certification,"1-P - Hydraulic Elevator, City # 3699",Operating Without Certificate,1989-07-06,1989-07-06,True,835.0
2415 WESTERN AVE,2415 WESTERN AVE,7.0,1,2023-04-26,2023-04-26,1,2025-01-01,2025-01-01,True,0,False,,,,,,,2,True,EQP-CY-04469 | EQP-CY-04468,Conveyance Equipment Certification,"2-P - Hydraulic Elevator, City # 5969 | 1-P - Hydraulic Elevator, City # 5968",Operating Without Certificate,1992-09-28,1992-09-28,True,616.0
2421 NW MARKET ST,2421 NW MARKET ST,6.0,1,2022-10-28,2022-10-28,4,2023-06-06,2023-10-26,True,3,True,EQP-CY-10561 | EQP-CY-10538 | EQP-CY-10537,Conveyance Equipment Certification,"1-ML - Material Lift, City # 14245 | 2P - Cabled Elevator, City # 13696 | 1 - Cabled Elevator, City # 13695",Active,2022-10-18,2022-10-20,0,False,,,,,,,True,221.0
2483 BIRCH AVE N,2483 Birch AVE N,7.0,1,2025-07-14,2025-07-14,3,2024-11-27,2025-07-17,True,2,True,EQP-CY-06909 | EQP-CY-06908,Conveyance Equipment Certification,"2-P - Cabled Elevator, City # 8914 | 1-P - Cabled Elevator, City # 8913",Active,2008-10-02,2008-10-02,0,False,,,,,,,True,-229.0
25 W ROY ST,25 W ROY ST,7.0,2,2024-09-19,2025-12-08,4,2022-03-01,2022-11-20,True,1,True,EQP-CY-03326,Conveyance Equipment Certification,"1-P - Cabled Elevator, City # 1883",Active,1990-04-05,1990-04-05,0,False,,,,,,,True,-933.0
2500 SW TRENTON ST,2500 SW TRENTON ST,1.0,4,2021-10-28,2024-01-31,2,2021-08-08,2023-05-07,True,1,True,EQP-CY-00809,Conveyance Equipment Certification,"1 - Hydraulic Elevator, City # 5280",Active,1989-06-09,1989-06-09,0,False,,,,,,,True,-81.0
2515 4TH AVE,2515 4TH AVE,7.0,3,2018-01-17,2019-10-10,3,2022-03-28,2026-01-16,True,3,True,EQP-CY-04259 | EQP-CY-04258 | EQP-CY-04257,Conveyance Equipment Certification,"3-P - Cabled Elevator, City # 5695 | 2-P - Cabled Elevator, City # 5694 | 1-P - Cabled Elevator, City # 5693",Active,1991-03-25,1991-03-25,0,False,,,,,,,True,1531.0
2519 1ST AVE,2519 1ST AVE,7.0,1,2025-01-02,2025-01-02,1,2021-09-13,2021-09-13,True,2,True,EQP-CY-00916 | EQP-CY-00915,Conveyance Equipment Certification,"2-P - Cabled Elevator, City # 4448 | 1-P - Cabled Elevator, City # 4447",Active,1989-06-20,1989-06-20,0,False,,,,,,,True,-1207.0
2550 3RD AVE,2550 3RD AVE,7.0,1,2019-01-16,2019-01-16,4,2022-05-19,2023-03-04,True,0,False,,,,,,,2,True,EQP-CY-05575 | EQP-CY-05574,Conveyance Equipment Certification,"2-P - Hydraulic Elevator, City # 7404 | 1-P - Hydraulic Elevator, City # 7403",Operating Without Certificate,2000-10-11,2000-10-11,True,1219.0
2557 14TH AVE W,2557 14TH AVE W,7.0,1,2025-01-03,2025-01-03,0,,,False,0,False,,,,,,,1,True,EQP-CY-04301,Conveyance Equipment Certification,"1-P - Hydraulic Elevator, City # 5573",Operating Without Certificate,1991-07-29,1991-07-29,False,
2601 17TH AVE S,2601 17th AVE S,2.0,1,2018-05-25,2018-05-25,0,,,False,0,False,,,,,,,0,False,,,,,,,False,
2602 16TH AVE S,2602 16TH AVE S,2.0,1,2022-02-10,2022-02-10,2,2024-06-24,2025-08-26,True,1,True,EQP-CY-08546,Conveyance Equipment Certification,"2-P - Hydraulic Elevator, City # 11872",Active,2016-09-19,2016-09-19,2,True,EQP-CY-08545 | EQP-CY-08544,Conveyance Equipment Certification,"1-P - Cabled Elevator, City # 11871 | 3-P - Cabled Elevator, City # 11873",Operating Without Certificate,2016-09-19,2016-09-19,True,865.0
2614 4TH AVE,2614 4TH AVE,7.0,1,2025-08-01,2025-08-01,7,2022-04-18,2025-10-13,True,2,True,EQP-CY-01580 | EQP-CY-01579,Conveyance Equipment Certification,"1-P - Cabled Elevator, City # 3815 | 2-P - Cabled Elevator, City # 3816",Active,1989-09-13,1989-09-13,0,False,,,,,,,True,-1201.0
2641 42ND AVE SW,2641 42ND AVE SW,1.0,1,2021-05-21,2021-05-21,2,2023-12-16,2025-09-28,True,2,True,EQP-CY-07560 | EQP-CY-07559,Conveyance Equipment Certification,"2 - Cabled Elevator, City # 10222 | 1 - Cabled Elevator, City # 10221",Active,2012-02-16,2012-02-16,0,False,,,,,,,True,939.0
2651 NW 56TH ST,2651 NW 56TH ST,6.0,2,2023-06-17,2024-03-15,1,2021-09-22,2021-09-22,True,0,False,,,,,,,1,True,EQP-CY-08539,Conveyance Equipment Certification,"LULA-1 - Cabled Elevator, City # 11988",Operating Without Certificate,2016-09-19,2016-09-19,True,-633.0
2710 BEACON AVE S,2710 BEACON AVE S,2.0,1,2024-06-13,2024-06-13,2,2024-10-28,2025-04-26,True,0,False,,,,,,,0,False,,,,,,,True,137.0
2720 3RD AVE,2720 3RD AVE,7.0,2,2024-08-29,2025-10-04,4,2024-08-15,2025-08-01,True,2,True,EQP-CY-06766 | EQP-CY-06765,Conveyance Equipment Certification,"3 - Accessibility Lift (vertical included), City # 8889 | 1 - Cabled Elevator, City # 8939",Active,2007-11-19,2007-11-19,1,True,EQP-CY-06767,Conveyance Equipment Certification,"2 - Cabled Elevator, City # 8940",Operating Without Certificate,2007-11-19,2007-11-19,True,-14.0
2801 WESTERN AVE,2801 WESTERN AVE,7.0,2,2024-04-24,2024-04-28,24,2021-11-23,2026-01-11,True,7,True,EQP-CY-05972 | EQP-CY-05971 | EQP-CY-05970 | EQP-CY-05969 | EQP-CY-05968 | EQP-CY-05967 | EQP-CY-05966,Conveyance Equipment Certification,"7-P - Hydraulic Elevator, City # 7797 | 6-P - Cabled Elevator, City # 7796 | 5-P - Cabled Elevator, City # 7795 | 4-P - Cabled Elevator, City # 7794 | 3-P - Cabled Elevator, City # 7793 | 2-P - Cabled Elevator, City # 7792 | 1-P - Cabled Elevator, City # 7791",Active,2002-05-22,2002-05-22,0,False,,,,,,,True,-883.0
2807 S MCCLELLAN ST,2807 S MCCLELLAN ST,2.0,4,2023-10-07,2024-04-27,1,2025-05-09,2025-05-09,True,0,False,,,,,,,0,False,,,,,,,True,580.0
2815 BOYLSTON AVE E,2815 BOYLSTON AVE E,3.0,4,2023-03-16,2025-10-10,1,2023-10-27,2023-10-27,True,0,False,,,,,,,1,True,EQP-CY-00534,Conveyance Equipment Certification,"1-P - Hydraulic Elevator, City # 896",Operating Without Certificate,1989-03-17,1989-03-17,True,225.0
2820 EASTLAKE AVE E,2820 EASTLAKE AVE E,3.0,4,2020-03-11,2025-04-22,1,2021-05-21,2021-05-21,True,0,False,,,,,,,2,True,EQP-CY-08480 | EQP-CY-08430,Conveyance Equipment Certification,"VPL-1 - Accessibility Lift (vertical included), City # 11859 | 1-P - Cabled Elevator, City # 11749",Operating Without Certificate,2016-04-04,2016-06-23,True,436.0
2820 NE 127TH ST,2820 NE 127TH ST,5.0,9,2025-05-23,2025-07-03,8,2021-12-17,2025-05-25,True,0,False,,,,,,,0,False,,,,,,,True,-1253.0
2840 EASTLAKE AVE E,2840 EASTLAKE AVE E,3.0,3,2025-07-24,2025-07-29,1,2025-08-22,2025-08-22,True,0,False,,,,,,,1,True,EQP-CY-01236,Conveyance Equipment Certification,"1-P - Hydraulic Elevator, City # 2379",Operating Without Certificate,1989-07-18,1989-07-18,True,29.0
2900 1ST AVE,2900 1ST AVE,7.0,2,2022-08-07,2022-12-06,5,2022-09-11,2023-02-16,True,1,True,EQP-CY-03736,Conveyance Equipment Certification,"2-P - Hydraulic Elevator, City # 4898",Active,1990-07-17,1990-07-17,3,True,EQP-CY-08186 | EQP-CY-03737 | EQP-CY-03735,Conveyance Equipment Certification,"4-P - Hydraulic Elevator, City # 11455 | 3-P - Hydraulic Elevator, City # 4899 | 1-P - Hydraulic Elevator, City # 4897",Operating Without Certificate,1990-07-17,2015-06-04,True,35.0
2901 NE BLAKELEY ST,2901 NE BLAKELEY ST,4.0,4,2023-08-30,2023-11-10,0,,,False,1,True,EQP-CY-06362,Conveyance Equipment Certification,"Accessibility Lift (vertical included), City # 8557",Active,2005-03-21,2005-03-21,4,True,EQP-CY-06391 | EQP-CY-06264 | EQP-CY-06263 | EQP-CY-00159,Conveyance Equipment Certification,"#1-AL - Accessibility Lift (vertical included), City # 8588 | #1-P West - Hydraulic Elevator, City # 7979 | #2-P - Hydraulic Elevator, City # 7980 | #3-P East - Hydraulic Elevator, City # 7979",Operating Without Certificate,2002-10-25,2005-06-21,False,
2915 RAINIER AVE S,2915 RAINIER AVE S,2.0,2,2023-07-19,2023-07-19,1,2023-01-16,2023-01-16,True,1,True,EQP-CY-07984,Conveyance Equipment Certification,"1-P - Cabled Elevator, City # 11323",Active,2014-06-25,2014-06-25,0,False,,,,,,,True,-184.0
301 N 104TH ST,301 N 104TH ST,5.0,2,2015-06-15,2015-06-26,1,2022-11-09,2022-11-09,True,0,False,,,,,,,1,True,EQP-CY-07538,Conveyance Equipment Certification,"1 - Cabled Elevator, City # 10193",Operating Without Certificate,2011-10-18,2011-10-18,True,2704.0
3010 1ST AVE,3010 1st AVE,7.0,4,2022-12-26,2023-09-04,1,2024-10-15,2024-10-15,True,0,False,,,,,,,1,True,EQP-CY-10235,Conveyance Equipment Certification,"1-P - Cabled Elevator, City # 13524",Operating Without Certificate,2021-02-23,2021-02-23,True,659.0
302 NE NORTHGATE WAY,302 NE NORTHGATE WAY,5.0,1,2021-03-12,2021-03-12,61,2020-02-06,2026-01-24,True,6,True,EQP-CY-05631 | EQP-CY-05630 | EQP-CY-05629 | EQP-CY-05628 | EQP-CY-05607 | EQP-CY-05605,Conveyance Equipment Certification,"2-P - Roped Hydraulic Elevator, City # 7587 | 1-P - Roped Hydraulic Elevator, City # 7586 | 5-UP - Escalator, City # 297 | 6-DOWN - Escalator, City # 296 | 4-F - Roped Hydraulic Elevator, City # 7408 | 3-F - Roped Hydraulic Elevator, City # 7407",Active,2000-12-19,2000-12-26,0,False,,,,,,,True,-400.0
3021 SW BRADFORD ST,3021 SW BRADFORD ST,1.0,5,2020-12-03,2025-01-14,2,2024-02-29,2024-12-03,True,2,True,EQP-CY-04445 | EQP-CY-04444,Conveyance Equipment Certification,"2-P/S - Hydraulic Elevator, City # 5912 | 1-P/N - Hydraulic Elevator, City # 5911",Active,1992-08-24,1992-08-24,0,False,,,,,,,True,1183.0
303 10TH AVE,303 10th AVE,2.0,1,2019-01-22,2019-01-22,0,,,False,1,True,EQP-CY-05291,Conveyance Equipment Certification,"1 - Hydraulic Elevator, City # 6879",Active,1998-12-31,1998-12-31,0,False,,,,,,,False,
3031 NE 137TH ST,3031 NE 137TH ST,5.0,1,2017-05-01,2017-05-01,2,2023-09-17,2023-10-04,True,1,True,EQP-CY-00254,Conveyance Equipment Certification,"1-P - Hydraulic Elevator, City # 2779",Active,1989-01-13,1989-01-13,0,False,,,,,,,True,2330.0
3032 NE 140TH ST,3032 NE 140TH ST,5.0,2,2017-03-31,2017-04-05,1,2024-03-21,2024-03-21,True,0,False,,,,,,,1,True,EQP-CY-00605,Conveyance Equipment Certification,"1-P - Hydraulic Elevator, City # 3194",Operating Without Certificate,1989-03-23,1989-03-23,True,2547.0
3045 20TH AVE W,3045 20TH AVE W,7.0,1,2023-08-18,2023-08-18,0,,,False,1,True,EQP-CY-00878,Conveyance Equipment Certification,"1 - Hydraulic Elevator, City # 5307",Active,1989-06-14,1989-06-14,0,False,,,,,,,False,
306 6TH AVE S,306 6th AVE S,2.0,3,2024-09-10,2025-11-26,2,2021-05-24,2024-12-31,True,0,False,,,,,,,1,True,EQP-CY-04714,Conveyance Equipment Certification,"1-P - Hydraulic Elevator, City # 6447",Operating Without Certificate,1994-10-20,1994-10-20,True,-1205.0
306 BLANCHARD ST,306 BLANCHARD ST,7.0,5,2021-08-14,2025-07-15,4,2021-04-29,2024-09-25,True,2,True,EQP-CY-03258 | EQP-CY-03257,Conveyance Equipment Certification,"P-1 - Cabled Elevator, City # 1869 | P-2 - Cabled Elevator, City # 1868",Active,1990-04-05,1990-04-05,0,False,,,,,,,True,-107.0
308 4TH AVE S,308 4TH AVE S,2.0,11,2019-02-16,2023-08-14,52,2021-03-07,2025-08-12,True,1,True,EQP-CY-03939,Conveyance Equipment Certification,"1-P - Cabled Elevator, City # 2835",Active,1990-08-20,1990-08-20,3,True,EQP-CY-07794 | EQP-CY-03941 | EQP-CY-03940,Conveyance Equipment Certification,"1-HL - Accessibility Lift (vertical included), City # 11161 | 3-F - Cabled Elevator, City # 2634 | 2-P - Cabled Elevator, City # 2836",Operating Without Certificate,1990-08-20,2013-08-09,True,750.0
309 E HARRISON ST,309 E Harrison ST,3.0,1,2025-01-20,2025-01-20,0,,,False,1,True,EQP-CY-03281,Conveyance Equipment Certification,"P - Cabled Elevator, City # 720",Active,1990-04-05,1990-04-05,0,False,,,,,,,False,
3100 AIRPORT WAY S,3100 AIRPORT WAY S,1.0,1,2019-07-30,2019-07-30,4,2022-01-15,2024-07-28,True,0,False,,,,,,,3,True,EQP-CY-06858 | EQP-CY-02317 | EQP-CY-02316,Conveyance Equipment Certification,"1-P - Cabled Elevator, City # 8747 | 4-P - Cabled Elevator, City # 2382 | 3-F - Cabled Elevator, City # 1237",Operating Without Certificate,1989-12-04,2008-06-10,True,900.0
3104 WESTERN AVE,3104 WESTERN AVE,7.0,1,2022-03-11,2022-03-11,2,2025-02-03,2025-03-13,True,3,True,EQP-CY-06864 | EQP-CY-06863 | EQP-CY-06862,Conveyance Equipment Certification,"1-P - Cabled Elevator, City # 8972 | 2-P - Cabled Elevator, City # 8973 | 3-P - Hydraulic Elevator, City # 8949",Active,2008-07-07,2008-07-07,0,False,,,,,,,True,1060.0
312 2ND AVE W,312 2ND AVE W,7.0,1,2019-07-17,2019-07-17,2,2022-06-03,2025-01-14,True,2,True,EQP-CY-04705 | EQP-CY-04704,Conveyance Equipment Certification,"2-P - Cabled Elevator, City # 6372 | 1-P - Cabled Elevator, City # 6371",Active,1994-09-26,1994-09-26,0,False,,,,,,,True,1052.0
315 1ST AVE N,315 1st AVE N,7.0,1,2022-05-06,2022-05-06,4,2021-04-16,2024-01-14,True,4,True,EQP-CY-08206 | EQP-CY-08205 | EQP-CY-08204 | EQP-CY-08203,Conveyance Equipment Certification,"4P - Cabled Elevator, City # 11429 | 3P - Cabled Elevator, City # 11428 | 2P - Cabled Elevator, City # 11427 | 1P - Cabled Elevator, City # 11426",Active,2015-06-10,2015-06-10,0,False,,,,,,,True,-385.0
315 SENECA ST,315 SENECA ST,7.0,1,2016-07-06,2016-07-06,0,,,False,1,True,EQP-CY-04250,Conveyance Equipment Certification,"1-P - Cabled Elevator, City # 1775",Active,1991-03-25,1991-03-25,0,False,,,,,,,False,
317 MARION ST,317 MARION ST,7.0,1,2019-02-28,2019-02-28,8,2020-11-05,2023-12-23,True,2,True,EQP-CY-04816 | EQP-CY-04815,Conveyance Equipment Certification,"2-P - Hydraulic Elevator, City # 6515 | 1-P - Hydraulic Elevator, City # 6514",Active,1995-10-27,1995-10-27,0,False,,,,,,,True,616.0
317 NW 41ST ST,317 NW 41ST ST,6.0,1,2023-10-18,2023-10-18,1,2026-01-10,2026-01-10,True,0,False,,,,,,,1,True,EQP-CY-07762,Conveyance Equipment Certification,"1-P - Hydraulic Elevator, City # 10405",Operating Without Certificate,2013-05-17,2013-05-17,True,815.0
318 1ST AVE S,318 1ST AVE S,1.0,1,2019-08-13,2019-08-13,3,2024-04-29,2025-12-27,True,0,False,,,,,,,0,False,,,,,,,True,1721.0
320 QUEEN ANNE AVE N,320 QUEEN ANNE AVE N,7.0,1,2024-10-11,2024-10-11,20,2022-02-06,2024-10-10,True,1,True,EQP-CY-10288,Conveyance Equipment Certification,"P1 - Cabled Elevator, City # 13552",Active,2021-05-14,2021-05-14,0,False,,,,,,,True,-978.0
320 W REPUBLICAN ST,320 W REPUBLICAN ST,7.0,6,2022-07-19,2025-01-07,0,,,False,0,False,,,,,,,1,True,EQP-CY-03055,Conveyance Equipment Certification,"P - Hydraulic Elevator, City # 2427",Operating Without Certificate,1990-03-05,1990-03-05,False,
320 W ROY ST,320 W ROY ST,7.0,2,2019-04-15,2019-04-16,2,2023-04-03,2023-11-25,True,1,True,EQP-CY-01688,Conveyance Equipment Certification,"1-P - Hydraulic Elevator, City # 4877",Active,1989-09-14,1989-09-14,0,False,,,,,,,True,1449.0
321 10TH AVE S,321 10TH AVE S,2.0,2,2025-12-09,2025-12-28,2,2022-03-13,2023-03-15,True,0,False,,,,,,,0,False,,,,,,,True,-1367.0
321 E THOMAS ST,321 E THOMAS ST,3.0,2,2024-12-09,2025-10-13,3,2024-12-05,2025-01-14,True,1,True,EQP-CY-06370,Conveyance Equipment Certification,"Hydraulic Elevator, City # 8550",Active,2005-04-21,2005-04-21,0,False,,,,,,,True,-4.0
323 BELLEVUE AVE E,323 BELLEVUE AVE E,3.0,1,2022-05-03,2022-05-03,0,,,False,1,True,EQP-CY-10139,Conveyance Equipment Certification,"1-P - Cabled Elevator, City # 13338",Active,2020-06-17,2020-06-17,0,False,,,,,,,False,
3230 16TH AVE W,3230 16TH AVE W,7.0,1,2022-07-08,2022-07-08,0,,,False,3,True,EQP-CY-09606 | EQP-CY-09605 | EQP-CY-09604,Conveyance Equipment Certification,"3-P - Cabled Elevator, City # 12398 | 2-P - Cabled Elevator, City # 12397 | 1-P - Cabled Elevator, City # 12396",Active,2018-10-10,2018-10-10,0,False,,,,,,,False,
3236 SW AVALON WAY,3236 SW Avalon WAY,1.0,1,2018-05-21,2018-05-21,2,2023-09-27,2024-12-14,True,1,True,EQP-CY-04280,Conveyance Equipment Certification,"1-P - Hydraulic Elevator, City # 5878",Active,1991-06-26,1991-06-26,0,False,,,,,,,True,1955.0
3300 NE 125TH ST,3300 NE 125TH ST,5.0,12,2023-01-23,2025-10-10,10,2022-03-12,2025-02-15,True,0,False,,,,,,,2,True,EQP-CY-10390 | EQP-CY-10389,Conveyance Equipment Certification,"2P - Cabled Elevator, City # 13359 | 1P - Cabled Elevator, City # 13358",Operating Without Certificate,2022-03-09,2022-03-09,True,-317.0
3309 BEACON AVE S,3309 BEACON AVE S,2.0,1,2024-11-29,2024-11-29,0,,,False,0,False,,,,,,,1,True,EQP-CY-09824,Conveyance Equipment Certification,"1-P - Hydraulic Elevator, City # 12825",Operating Without Certificate,2019-06-18,2019-06-18,False,
337 NE THORNTON PL,337 NE THORNTON PL,5.0,1,2024-01-18,2024-01-18,2,2024-07-13,2025-07-05,True,0,False,,,,,,,0,False,,,,,,,True,177.0
3421 SW ROXBURY ST,3421 SW ROXBURY ST,1.0,1,2022-07-29,2022-07-29,5,2022-03-10,2024-09-26,True,1,True,EQP-CY-03435,Conveyance Equipment Certification,"P - Hydraulic Elevator, City # 4207",Active,1990-05-10,1990-05-10,0,False,,,,,,,True,-141.0
3490 SW GRAHAM ST,3490 SW GRAHAM ST,1.0,1,2020-03-21,2020-03-21,0,,,False,0,False,,,,,,,0,False,,,,,,,False,
3501 RAINIER AVE S,3501 RAINIER AVE S,2.0,1,2021-07-26,2021-07-26,14,2021-03-28,2025-11-26,True,0,False,,,,,,,2,True,EQP-CY-08985 | EQP-CY-08984,Conveyance Equipment Certification,"N - Cabled Elevator, City # 12391 | S - Cabled Elevator, City # 12392",Operating Without Certificate,2018-03-28,2018-03-28,True,-120.0
3512 S JUNEAU ST,3512 S JUNEAU ST,2.0,3,2024-08-21,2025-10-29,5,2021-04-02,2025-08-16,True,0,False,,,,,,,1,True,EQP-CY-06380,Conveyance Equipment Certification,"1 - Cabled Elevator, City # 8560",Operating Without Certificate,2005-05-11,2005-05-11,True,-1237.0
3606 WOODLAND PARK AVE N,3606 WOODLAND PARK AVE N,4.0,1,2025-12-02,2025-12-02,0,,,False,1,True,EQP-CY-07676,Conveyance Equipment Certification,"1-P - Hydraulic Elevator, City # 10361",Active,2012-12-12,2012-12-12,0,False,,,,,,,False,
3610 33RD AVE S,3610 33RD AVE S,2.0,11,2020-08-17,2025-08-04,3,2024-01-25,2025-05-09,True,0,False,,,,,,,1,True,EQP-CY-07993,Conveyance Equipment Certification,"1 - Hydraulic Elevator, City # 11348",Operating Without Certificate,2014-07-15,2014-07-15,True,1256.0
3621 33RD AVE S,3621 33RD AVE S,2.0,19,2019-08-21,2025-01-28,21,2022-08-08,2025-12-28,True,1,True,EQP-CY-06322,Conveyance Equipment Certification,"2 - Hydraulic Elevator, City # 8455",Active,2004-12-14,2004-12-14,1,True,EQP-CY-06321,Conveyance Equipment Certification,"1 - Hydraulic Elevator, City # 8454",Operating Without Certificate,2004-12-14,2004-12-14,True,1083.0
3635 WOODLAND PARK AVE N,3635 WOODLAND PARK AVE N,4.0,1,2020-06-19,2020-06-19,3,2021-12-30,2024-08-31,True,1,True,EQP-CY-08033,Conveyance Equipment Certification,"1 - Cabled Elevator, City # 11305",Active,2014-09-12,2014-09-12,1,True,EQP-CY-08034,Conveyance Equipment Certification,"2 - Cabled Elevator, City # 11306",Operating Without Certificate,2014-09-12,2014-09-12,True,559.0
3642 33RD AVE S,3642 33RD AVE S,2.0,6,2015-02-18,2025-12-29,33,2021-06-22,2025-11-17,True,0,False,,,,,,,0,False,,,,,,,True,2316.0
3651 34TH AVE S,3651 34TH AVE S,2.0,4,2021-08-18,2024-05-14,15,2022-04-22,2025-11-20,True,3,True,EQP-CY-06417 | EQP-CY-06416 | EQP-CY-06415,Conveyance Equipment Certification,"3-DAKO - Cabled Elevator, City # 8587 | 2-DAKO - Cabled Elevator, City # 8586 | 1-DAKO - Cabled Elevator, City # 8585",Active,2005-10-19,2005-10-19,0,False,,,,,,,True,247.0
3711 26TH PL W,3711 26TH PL W,7.0,1,2017-03-01,2017-03-01,0,,,False,1,True,EQP-CY-01342,Conveyance Equipment Certification,"1-P - Hydraulic Elevator, City # 3106",Active,1989-08-17,1989-08-17,0,False,,,,,,,False,
3716 NE 75TH ST,3716 NE 75TH ST,4.0,1,2025-04-07,2025-04-07,8,2020-01-25,2025-08-28,True,2,True,EQP-CY-02997 | EQP-CY-02995,Conveyance Equipment Certification,"BLDG C - Hydraulic Elevator, City # 4338 | BLDG B - Hydraulic Elevator, City # 4336",Active,1990-03-02,1990-03-02,1,True,EQP-CY-02996,Conveyance Equipment Certification,"BLDG A - Hydraulic Elevator, City # 4337",Operating Without Certificate,1990-03-02,1990-03-02,True,-1899.0
3801 34TH AVE W,3801 34TH AVE W,6.0,1,2017-01-10,2017-01-10,2,2025-11-07,2025-11-12,True,1,True,EQP-CY-00983,Conveyance Equipment Certification,"1-P - Hydraulic Elevator, City # 4792",Active,1989-06-20,1989-06-20,0,False,,,,,,,True,3223.0
3801 STONE WAY N,3801 STONE WAY N,4.0,1,2019-12-05,2019-12-05,6,2019-12-28,2025-03-01,True,4,True,EQP-CY-08469 | EQP-CY-08468 | EQP-CY-08467 | EQP-CY-08466,Conveyance Equipment Certification,"4 - Cabled Elevator, City # 11654 | 3 - Cabled Elevator, City # 11653 | 2 - Cabled Elevator, City # 11652 | 1 - Cabled Elevator, City # 11651",Active,2016-05-25,2016-05-25,0,False,,,,,,,True,23.0
3803 S WARSAW ST,3803 S WARSAW ST,2.0,1,2025-12-02,2025-12-02,6,2025-08-19,2026-01-23,True,1,True,EQP-CY-11103,Conveyance Equipment Certification,"1-P - Cabled Elevator, City # 14901",Active,2025-04-17,2025-04-17,0,False,,,,,,,True,-105.0
3829 CALIFORNIA AVE SW,3829 CALIFORNIA AVE SW,1.0,1,2019-01-04,2019-01-04,0,,,False,1,True,EQP-CY-08836,Conveyance Equipment Certification,"1 - Hydraulic Elevator, City # 12060",Active,2017-10-13,2017-10-13,0,False,,,,,,,False,
3911 CALIFORNIA AVE SW,3911 CALIFORNIA AVE SW,1.0,1,2023-06-27,2023-06-27,0,,,False,0,False,,,,,,,0,False,,,,,,,False,
3919 PASADENA PL NE,3919 PASADENA PL NE,4.0,1,2021-11-15,2021-11-15,0,,,False,0,False,,,,,,,0,False,,,,,,,False,
400 MAYNARD AVE S,400 MAYNARD AVE S,2.0,1,2022-04-08,2022-04-08,1,2022-10-17,2022-10-17,True,1,True,EQP-CY-01885,Conveyance Equipment Certification,"1-P - Hydraulic Elevator, City # 4341",Active,1989-10-27,1989-10-27,0,False,,,,,,,True,192.0
400 SPRING ST,400 SPRING ST,7.0,1,2022-03-23,2022-03-23,5,2021-11-10,2024-09-26,True,2,True,EQP-CY-03998 | EQP-CY-03997,Conveyance Equipment Certification,"2-P - Cabled Elevator, City # 729 | 1-P - Cabled Elevator, City # 728",Active,1990-08-20,1990-08-20,0,False,,,,,,,True,-133.0
401 E MERCER ST,401 E MERCER ST,3.0,1,2019-07-09,2019-07-09,0,,,False,1,True,EQP-CY-01245,Conveyance Equipment Certification,"1-P - Hydraulic Elevator, City # 2396",Active,1989-07-18,1989-07-18,0,False,,,,,,,False,
404 E HOWELL ST,404 E HOWELL ST,3.0,1,2023-02-10,2023-02-10,1,2022-01-05,2022-01-05,True,1,True,EQP-CY-01785,Conveyance Equipment Certification,"1-P - Cabled Elevator, City # 1672",Active,1989-10-27,1989-10-27,0,False,,,,,,,True,-401.0
404 TERRY AVE,404 TERRY AVE,2.0,1,2025-07-15,2025-07-15,19,2021-05-15,2025-05-26,True,1,True,EQP-CY-00220,Conveyance Equipment Certification,"1 - Hydraulic Elevator, City # 7339",Active,2000-08-08,2000-08-08,0,False,,,,,,,True,-1522.0
4047 8TH AVE NE,4047 8TH AVE NE,4.0,1,2022-11-02,2022-11-02,0,,,False,0,False,,,,,,,1,True,EQP-CY-07165,Conveyance Equipment Certification,"1-HL - Accessibility Lift (vertical included), City # 9748",Operating Without Certificate,2009-09-22,2009-09-22,False,
409 W MERCER ST,409 W MERCER ST,7.0,3,2025-03-09,2025-04-22,0,,,False,0,False,,,,,,,1,True,EQP-CY-02787,Conveyance Equipment Certification,"1-P - Hydraulic Elevator, City # 5176",Operating Without Certificate,1990-02-02,1990-02-02,False,
41 DRAVUS ST,41 dravus ST,7.0,1,2023-11-01,2023-11-01,0,,,False,1,True,EQP-CY-04326,Conveyance Equipment Certification,"1-P - Hydraulic Elevator, City # 5868",Active,1991-09-30,1991-09-30,0,False,,,,,,,False,
4106 12TH AVE NE,4106 12TH AVE NE,4.0,2,2024-06-05,2025-02-24,2,2022-09-03,2023-09-15,True,0,False,,,,,,,1,True,EQP-CY-08071,Conveyance Equipment Certification,"1 - Cabled Elevator, City # 11365",Operating Without Certificate,2014-10-10,2014-10-10,True,-641.0
411 10TH AVE,411 10TH AVE,2.0,2,2015-08-11,2015-09-03,4,2021-12-28,2024-10-13,True,1,True,EQP-CY-04970,Conveyance Equipment Certification,"Hydraulic Elevator, City # 6662",Active,1997-01-28,1997-01-28,0,False,,,,,,,True,2331.0
411 W REPUBLICAN ST,411 W REPUBLICAN ST,7.0,2,2019-04-30,2019-05-15,0,,,False,1,True,EQP-CY-03056,Conveyance Equipment Certification,"1 - Hydraulic Elevator, City # 2991",Active,1990-03-05,1990-03-05,0,False,,,,,,,False,
412 BROADWAY,412 BROADWAY,2.0,1,2023-01-27,2023-01-27,0,,,False,2,True,EQP-CY-07685 | EQP-CY-07684,Conveyance Equipment Certification,"1 - Cabled Elevator, City # 10333 | 1 - Cabled Elevator, City # 10332",Active,2012-12-19,2012-12-19,0,False,,,,,,,False,
4123 12TH AVE NE,4123 12th AVE NE,4.0,1,2024-06-26,2024-06-26,1,2023-04-01,2023-04-01,True,0,False,,,,,,,1,True,EQP-CY-08054,Conveyance Equipment Certification,"1 - Cabled Elevator, City # 11364",Operating Without Certificate,2014-09-19,2014-09-19,True,-452.0
4126 12TH AVE NE,4126 12TH AVE NE,4.0,1,2024-11-19,2024-11-19,18,2022-11-04,2025-12-18,True,3,True,EQP-CY-10602 | EQP-CY-10601 | EQP-CY-10600,Conveyance Equipment Certification,"3P - Cabled Elevator, City # 13987 | 2-P - Cabled Elevator, City # 13986 | 1P - Cabled Elevator, City # 13985",Active,2023-01-13,2023-01-13,0,False,,,,,,,True,-746.0
414 NE RAVENNA BLVD,414 NE Ravenna BLVD,6.0,1,2018-06-20,2018-06-20,2,2019-12-14,2020-02-18,True,1,True,EQP-CY-08676,Conveyance Equipment Certification,"1-P - Hydraulic Elevator, City # 11496",Active,2017-03-08,2017-03-08,0,False,,,,,,,True,542.0
415 10TH AVE,415 10th AVE,2.0,3,2022-08-25,2025-12-24,39,2021-03-05,2026-01-01,True,0,False,,,,,,,0,False,,,,,,,True,-538.0
418 BELLEVUE AVE E,418 BELLEVUE AVE E,3.0,1,2023-07-18,2023-07-18,0,,,False,0,False,,,,,,,1,True,EQP-CY-07814,Conveyance Equipment Certification,"1 - Cabled Elevator, City # 10496",Operating Without Certificate,2013-10-03,2013-10-03,False,
418 E LORETTA PL,418 E LORETTA PL,3.0,11,2015-04-10,2025-03-10,5,2020-08-08,2024-08-02,True,0,False,,,,,,,2,True,EQP-CY-03298 | EQP-CY-03297,Conveyance Equipment Certification,"2 - Cabled Elevator, City # 1228 | 1 - Cabled Elevator, City # 1227",Operating Without Certificate,1990-04-05,1990-04-05,True,1947.0
420 BLANCHARD ST,420 BLANCHARD ST,7.0,6,2018-01-02,2025-12-01,1,2020-11-01,2020-11-01,True,0,False,,,,,,,1,True,EQP-CY-00372,Conveyance Equipment Certification,"1-P - Cabled Elevator, City # 780",Operating Without Certificate,1989-02-24,1989-02-24,True,1034.0
420 BOYLSTON AVE E,420 BOYLSTON AVE E,3.0,1,2024-08-07,2024-08-07,8,2022-01-26,2024-06-30,True,1,True,EQP-CY-10368,Conveyance Equipment Certification,"1-P - Cabled Elevator, City # 14006",Active,2021-12-06,2021-12-06,0,False,,,,,,,True,-924.0
420 PONTIUS AVE N,420 PONTIUS AVE N,7.0,2,2020-02-21,2025-10-29,3,2022-03-12,2022-08-06,True,0,False,,,,,,,0,False,,,,,,,True,750.0
421 W ROY ST,421 W ROY ST,7.0,1,2023-04-25,2023-04-25,0,,,False,0,False,,,,,,,1,True,EQP-CY-02660,Conveyance Equipment Certification,"1-P - Cabled Elevator, City # 662",Operating Without Certificate,1990-01-03,1990-01-03,False,
4214 11TH AVE NE,4214 11TH AVE NE,4.0,2,2023-03-13,2023-04-13,0,,,False,1,True,EQP-CY-00864,Conveyance Equipment Certification,"1-P - Hydraulic Elevator, City # 2607",Active,1989-06-14,1989-06-14,0,False,,,,,,,False,
4219 S OTHELLO ST,4219 S OTHELLO ST,2.0,2,2017-04-04,2021-07-07,3,2022-09-17,2025-10-01,True,5,True,EQP-CY-07464 | EQP-CY-07463 | EQP-CY-07462 | EQP-CY-07461 | EQP-CY-07460,Conveyance Equipment Certification,"5 - Cabled Elevator, City # 10144 | 4 - Cabled Elevator, City # 10143 | 3 - Cabled Elevator, City # 10142 | 2 - Cabled Elevator, City # 10141 | 1 - Cabled Elevator, City # 10140",Active,2011-04-05,2011-04-05,0,False,,,,,,,True,1992.0
4220 12TH AVE NE,4220 12TH AVE NE,4.0,2,2024-09-26,2024-09-30,4,2025-05-18,2025-10-18,True,0,False,,,,,,,6,True,EQP-CY-10790 | EQP-CY-10789 | EQP-CY-10788 | EQP-CY-10787 | EQP-CY-10786 | EQP-CY-10785,Conveyance Equipment Certification,"S3 - Cabled Elevator, City # 14347 | S2 - Cabled Elevator, City # 14346 | S1 - Cabled Elevator, City # 14345 | N3 - Cabled Elevator, City # 14350 | N2 - Cabled Elevator, City # 14349 | N1 - Cabled Elevator, City # 14348",Operating Without Certificate,2023-10-17,2023-10-17,True,234.0
4233 7TH AVE NE,4233 7th AVE NE,4.0,3,2019-08-16,2022-04-29,17,2021-04-09,2025-09-26,True,1,True,EQP-CY-03604,Conveyance Equipment Certification,"1-P - Hydraulic Elevator, City # 4659",Active,1990-05-11,1990-05-11,0,False,,,,,,,True,602.0
424 MINOR AVE N,424 MINOR AVE N,7.0,2,2019-08-16,2025-08-29,6,2023-01-03,2025-09-05,True,0,False,,,,,,,1,True,EQP-CY-07365,Conveyance Equipment Certification,"1-P - Hydraulic Elevator, City # 9857",Operating Without Certificate,2010-06-25,2010-06-25,True,1236.0
4248 CHILBERG AVE SW,4248 CHILBERG AVE SW,1.0,1,2023-12-04,2023-12-04,0,,,False,1,True,EQP-CY-01859,Conveyance Equipment Certification,"P - Hydraulic Elevator, City # 5250",Active,1989-10-27,1989-10-27,0,False,,,,,,,False,
4251 AURORA AVE N,4251 AURORA AVE N,6.0,2,2023-08-10,2025-07-09,7,2021-08-31,2026-01-15,True,1,True,EQP-CY-07918,Conveyance Equipment Certification,"1P - Hydraulic Elevator, City # 10498",Active,2014-03-18,2014-03-18,0,False,,,,,,,True,-709.0
4301 SW COLLEGE ST,4301 SW COLLEGE ST,1.0,1,2019-09-13,2019-09-13,0,,,False,1,True,EQP-CY-01861,Conveyance Equipment Certification,"1-P - Hydraulic Elevator, City # 5348",Active,1989-10-27,1989-10-27,0,False,,,,,,,False,
431 14TH AVE E,431 14TH AVE E,3.0,1,2025-04-09,2025-04-09,0,,,False,0,False,,,,,,,0,False,,,,,,,False,
431 BOYLSTON AVE E,431 BOYLSTON AVE E,3.0,2,2020-06-15,2020-06-25,0,,,False,1,True,EQP-CY-08083,Conveyance Equipment Certification,"1-P - Cabled Elevator, City # 11401",Active,2014-11-25,2014-11-25,0,False,,,,,,,False,
4316 FREMONT AVE N,4316 FREMONT AVE N,6.0,2,2025-01-23,2025-01-24,8,2024-07-20,2026-01-02,True,1,True,EQP-CY-10803,Conveyance Equipment Certification,"1-P - Cabled Elevator, City # 14423",Active,2023-11-16,2023-11-16,0,False,,,,,,,True,-187.0
433 BELMONT AVE E,433 BELMONT AVE E,3.0,1,2019-08-16,2019-08-16,1,2024-10-26,2024-10-26,True,1,True,EQP-CY-01633,Conveyance Equipment Certification,"1-P - Hydraulic Elevator, City # 2480",Active,1989-09-13,1989-09-13,0,False,,,,,,,True,1898.0
4408 DELRIDGE WAY SW,4408 DELRIDGE WAY SW,1.0,2,2021-07-06,2021-12-13,1,2020-02-09,2020-02-09,True,1,True,EQP-CY-06467,Conveyance Equipment Certification,"2 - Accessibility Lift (vertical included), City # 8688",Active,2006-03-21,2006-03-21,1,True,EQP-CY-06466,Conveyance Equipment Certification,"1 - Hydraulic Elevator, City # 8682",Operating Without Certificate,2006-03-21,2006-03-21,True,-513.0
442 S MAIN ST,442 S MAIN ST,2.0,2,2018-12-21,2025-12-22,17,2020-01-17,2025-07-27,True,2,True,EQP-CY-08382 | EQP-CY-08381,Conveyance Equipment Certification,"E-2 - Cabled Elevator, City # 11765 | E-1 - Cabled Elevator, City # 11764",Active,2016-03-10,2016-03-10,0,False,,,,,,,True,392.0
4505 42ND AVE SW,4505 42ND AVE SW,1.0,1,2023-09-06,2023-09-06,3,2023-05-05,2024-09-29,True,1,True,EQP-CY-08878,Conveyance Equipment Certification,"1-P - Cabled Elevator, City # 12275",Active,2017-11-14,2017-11-14,0,False,,,,,,,True,-124.0
4511 35TH AVE SW,4511 35TH AVE SW,1.0,2,2025-11-06,2025-11-19,4,2021-10-09,2025-12-26,True,0,False,,,,,,,1,True,EQP-CY-00677,Conveyance Equipment Certification,"1-P - Hydraulic Elevator, City # 2697",Operating Without Certificate,1989-04-06,1989-04-06,True,-1489.0
4515 BROOKLYN AVE NE,4515 BROOKLYN AVE NE,4.0,1,2023-11-07,2023-11-07,23,2023-06-01,2025-11-25,True,0,False,,,,,,,3,True,EQP-CY-10641 | EQP-CY-10640 | EQP-CY-10639,Conveyance Equipment Certification,"3-P - Cabled Elevator, City # 14058 | 2-P - Cabled Elevator, City # 14057 | 1-P - Cabled Elevator, City # 14056",Operating Without Certificate,2023-01-31,2023-01-31,True,-159.0
4520 44TH AVE SW,4520 44TH AVE SW,1.0,1,2023-05-12,2023-05-12,0,,,False,0,False,,,,,,,0,False,,,,,,,False,
4528 44TH AVE SW,4528 44TH AVE SW,1.0,1,2019-07-20,2019-07-20,3,2023-07-22,2024-11-19,True,0,False,,,,,,,1,True,EQP-CY-08902,Conveyance Equipment Certification,"1P - Cabled Elevator, City # 12106",Operating Without Certificate,2017-12-26,2017-12-26,True,1463.0
4528 8TH AVE NE,4528 8TH AVE NE,4.0,1,2021-11-23,2021-11-23,0,,,False,1,True,EQP-CY-04883,Conveyance Equipment Certification,"#1-P - Hydraulic Elevator, City # 6572",Active,1996-06-24,1996-06-24,0,False,,,,,,,False,
4529 44TH AVE SW,4529 44TH AVE SW,1.0,2,2019-01-09,2019-03-20,0,,,False,0,False,,,,,,,1,True,EQP-CY-00908,Conveyance Equipment Certification,"1 - Hydraulic Elevator, City # 2960",Operating Without Certificate,1989-06-14,1989-06-14,False,
4532 42ND AVE SW,4532 42ND AVE SW,1.0,2,2025-12-04,2025-12-13,1,2022-11-18,2022-11-18,True,1,True,EQP-CY-09816,Conveyance Equipment Certification,"1-P - Cabled Elevator, City # 12759",Active,2019-06-07,2019-06-07,0,False,,,,,,,True,-1112.0
4540 42ND AVE SW,4540 42ND AVE SW,1.0,2,2019-06-28,2023-07-18,4,2021-05-13,2025-03-06,True,0,False,,,,,,,0,False,,,,,,,True,685.0
4545 42ND AVE SW,4545 42ND AVE SW,1.0,9,2015-12-18,2023-07-27,21,2021-05-12,2025-12-24,True,2,True,EQP-CY-02705 | EQP-CY-02704,Conveyance Equipment Certification,"2-P - Cabled Elevator, City # 4381 | 1-P - Cabled Elevator, City # 3894",Active,1990-01-31,1990-01-31,0,False,,,,,,,True,1972.0
4550 38TH AVE SW,4550 38TH AVE SW,1.0,1,2022-07-11,2022-07-11,2,2025-04-24,2025-04-25,True,2,True,EQP-CY-07454 | EQP-CY-07453,Conveyance Equipment Certification,"2 - Cabled Elevator, City # 10150 | 1 - Cabled Elevator, City # 10149",Active,2011-03-10,2011-03-10,0,False,,,,,,,True,1018.0
4550 42ND AVE SW,4550 42nd AVE SW,1.0,1,2025-09-09,2025-09-09,5,2021-06-11,2025-12-20,True,0,False,,,,,,,0,False,,,,,,,True,-1551.0
4611 35TH AVE SW,4611 35th AVE SW,1.0,1,2025-12-14,2025-12-14,4,2023-05-22,2026-01-24,True,2,True,EQP-CY-06179 | EQP-CY-06178,Conveyance Equipment Certification,"2 - Hydraulic Elevator, City # 8077 | 1 - Hydraulic Elevator, City # 8076",Active,2003-10-21,2003-10-21,0,False,,,,,,,True,-937.0
4628 S HOLLY ST,4628 S HOLLY ST,2.0,1,2025-01-17,2025-01-17,2,2020-05-17,2020-11-20,True,0,False,,,,,,,1,True,EQP-CY-00691,Conveyance Equipment Certification,"1-P - Hydraulic Elevator, City # 4776",Operating Without Certificate,1989-04-07,1989-04-07,True,-1706.0
4649 SUNNYSIDE AVE N,4649 SUNNYSIDE AVE N,4.0,1,2023-12-07,2023-12-07,0,,,False,1,True,EQP-CY-04428,Conveyance Equipment Certification,"1-P - Hydraulic Elevator, City # 5958",Active,1992-06-22,1992-06-22,0,False,,,,,,,False,
4700 12TH AVE NE,4700 12TH AVE NE,4.0,4,2023-08-17,2024-03-26,6,2022-06-01,2024-11-11,True,2,True,EQP-CY-01594 | EQP-CY-01593,Conveyance Equipment Certification,"1-P - Cabled Elevator, City # 3443 | 2-P - Cabled Elevator, City # 3442",Active,1989-09-13,1989-09-13,0,False,,,,,,,True,-442.0
4701 41ST AVE SW,4701 41ST AVE SW,1.0,1,2025-10-28,2025-10-28,0,,,False,0,False,,,,,,,0,False,,,,,,,False,
4710 40TH AVE SW,4710 40TH AVE SW,1.0,1,2024-11-13,2024-11-13,5,2020-10-08,2025-05-11,True,0,False,,,,,,,0,False,,,,,,,True,-1497.0
4710 UNIVERSITY WAY NE,4710 UNIVERSITY WAY NE,4.0,6,2024-01-08,2024-08-27,4,2022-03-03,2024-08-09,True,1,True,EQP-CY-03088,Conveyance Equipment Certification,"3-F - Cabled Elevator, City # 1655",Active,1990-03-05,1990-03-05,0,False,,,,,,,True,-676.0
4717 BROOKLYN AVE NE,4717 BROOKLYN AVE NE,4.0,2,2024-04-11,2024-06-07,18,2021-06-09,2025-10-30,True,2,True,EQP-CY-08279 | EQP-CY-08278,Conveyance Equipment Certification,"2-P - Cabled Elevator, City # 11642 | 1-P - Cabled Elevator, City # 11641",Active,2015-09-21,2015-09-21,0,False,,,,,,,True,-1037.0
4719 15TH AVE NE,4719 15TH AVE NE,4.0,1,2024-01-22,2024-01-22,0,,,False,1,True,EQP-CY-05487,Conveyance Equipment Certification,"1 - Hydraulic Elevator, City # 7255",Active,2000-03-17,2000-03-17,0,False,,,,,,,False,
4730 UNIVERSITY WAY NE,4730 UNIVERSITY WAY NE,4.0,1,2023-06-14,2023-06-14,7,2020-07-27,2025-10-31,True,1,True,EQP-CY-06822,Conveyance Equipment Certification,"2-P - Cabled Elevator, City # 9307",Active,2008-04-22,2008-04-22,1,True,EQP-CY-06821,Conveyance Equipment Certification,"1-P - Cabled Elevator, City # 9306",Operating Without Certificate,2008-04-22,2008-04-22,True,-1052.0
4737 ROOSEVELT WAY NE,4737 ROOSEVELT WAY NE,4.0,1,2017-02-13,2017-02-13,13,2020-07-31,2025-08-04,True,0,False,,,,,,,1,True,EQP-CY-08528,Conveyance Equipment Certification,"1-P - Cabled Elevator, City # 11883",Operating Without Certificate,2016-08-23,2016-08-23,True,1264.0
4740 32ND AVE S,4740 32ND AVE S,2.0,1,2023-07-06,2023-07-06,0,,,False,0,False,,,,,,,0,False,,,,,,,False,
4750 ROOSEVELT WAY NE,4750 Roosevelt WAY NE,4.0,1,2023-08-16,2023-08-16,14,2020-07-14,2025-10-31,True,0,False,,,,,,,1,True,EQP-CY-08705,Conveyance Equipment Certification,"1 - Cabled Elevator, City # 11823",Operating Without Certificate,2017-04-20,2017-04-20,True,-1128.0
4755 FAUNTLEROY WAY SW,4755 FAUNTLEROY WAY SW,1.0,1,2019-09-16,2019-09-16,3,2024-08-18,2025-04-17,True,8,True,EQP-CY-10073 | EQP-CY-08912 | EQP-CY-08911 | EQP-CY-08910 | EQP-CY-08909 | EQP-CY-08908 | EQP-CY-08907 | EQP-CY-08906,Conveyance Equipment Certification,"7-P - Cabled Elevator, City # 12179 | 2-P - Cabled Elevator, City # 12181 | 1-P - Cabled Elevator, City # 12180 | 5-P - Cabled Elevator, City # 12031 | 8-P - Cabled Elevator, City # 12032 | 6-P - Cabled Elevator, City # 12255 | 10-P - Cabled Elevator, City # 11952 | 9-P - Cabled Elevator, City # 11951",Active,2018-01-04,2020-02-13,3,True,EQP-CY-10074 | EQP-CY-10072 | EQP-CY-10071,Conveyance Equipment Certification,"11-P - Hydraulic Elevator, City # 12183 | 3-P - Cabled Elevator, City # 12133 | 4-P - Cabled Elevator, City # 12134",Operating Without Certificate,2020-02-13,2020-02-13,True,1798.0
4759 15TH AVE NE,4759 15TH AVE NE,4.0,1,2025-06-03,2025-06-03,2,2023-11-15,2024-02-25,True,0,False,,,,,,,0,False,,,,,,,True,-566.0
4801 FAUNTLEROY WAY SW,4801 FAUNTLEROY WAY SW,1.0,1,2020-06-29,2020-06-29,2,2020-08-15,2024-11-20,True,1,True,EQP-CY-09559,Conveyance Equipment Certification,"1-P - Cabled Elevator, City # 12341",Active,2018-08-09,2018-08-09,0,False,,,,,,,True,47.0
4840 CALIFORNIA AVE SW,4840 CALIFORNIA AVE SW,1.0,4,2019-03-19,2020-05-30,0,,,False,1,True,EQP-CY-01643,Conveyance Equipment Certification,"1-P - Hydraulic Elevator, City # 2310",Active,1989-09-14,1989-09-14,0,False,,,,,,,False,
4850 CALIFORNIA AVE SW,4850 CALIFORNIA AVE SW,1.0,2,2025-11-14,2025-11-17,4,2022-05-22,2025-03-18,True,1,True,EQP-CY-01085,Conveyance Equipment Certification,"1-P - Hydraulic Elevator, City # 5589",Active,1989-06-27,1989-06-27,0,False,,,,,,,True,-1272.0
4901 PHINNEY AVE N,4901 PHINNEY AVE N,6.0,1,2016-04-05,2016-04-05,0,,,False,1,True,EQP-CY-02635,Conveyance Equipment Certification,"1-P - Hydraulic Elevator, City # 2979",Active,1990-01-03,1990-01-03,0,False,,,,,,,False,
50 LENORA ST,50 lenora ST,7.0,1,2023-05-19,2023-05-19,0,,,False,0,False,,,,,,,0,False,,,,,,,False,
50 UNIVERSITY ST,50 UNIVERSITY ST,7.0,2,2024-04-02,2024-05-07,11,2020-02-01,2024-07-07,True,3,True,EQP-CY-08647 | EQP-CY-08648 | EQP-CY-08646,Conveyance Equipment Certification,"2-P - Cabled Elevator, City # 11905 | VPL-1 - Accessibility Lift (vertical included), City # 12140 | 1-P - Cabled Elevator, City # 11904",Active,2017-01-24,2017-01-24,0,False,,,,,,,True,-1522.0
500 13TH AVE E,500 13TH AVE E,3.0,1,2018-01-04,2018-01-04,0,,,False,2,True,EQP-CY-03728 | EQP-CY-03727,Conveyance Equipment Certification,"2-P - Hydraulic Elevator, City # 4997 | 1-P - Hydraulic Elevator, City # 4996",Active,1990-06-12,1990-06-12,0,False,,,,,,,False,
501 NE RAVENNA BLVD,501 NE RAVENNA BLVD,6.0,1,2017-03-24,2017-03-24,1,2023-08-18,2023-08-18,True,1,True,EQP-CY-03054,Conveyance Equipment Certification,"1-P - Hydraulic Elevator, City # 5032",Active,1990-03-05,1990-03-05,0,False,,,,,,,True,2338.0
5016 CALIFORNIA AVE SW,5016 CALIFORNIA AVE SW,1.0,1,2016-06-01,2016-06-01,0,,,False,1,True,EQP-CY-06135,Conveyance Equipment Certification,"1 - Hydraulic Elevator, City # 8054",Active,2003-12-17,2003-12-17,0,False,,,,,,,False,
5019 ROOSEVELT WAY NE,5019 ROOSEVELT WAY NE,4.0,1,2018-01-24,2018-01-24,1,2021-08-03,2021-08-03,True,1,True,EQP-CY-08470,Conveyance Equipment Certification,"1-P - Cabled Elevator, City # 11850",Active,2016-06-02,2016-06-02,0,False,,,,,,,True,1287.0
5025 25TH AVE NE,5025 25th AVE NE,4.0,1,2022-10-22,2022-10-22,0,,,False,1,True,EQP-CY-03613,Conveyance Equipment Certification,"P - Hydraulic Elevator, City # 5053",Active,1990-05-11,1990-05-11,0,False,,,,,,,False,
5033 37TH AVE S,5033 37TH AVE S,2.0,1,2018-01-25,2018-01-25,0,,,False,1,True,EQP-CY-10061,Conveyance Equipment Certification,"1-P - Hydraulic Elevator, City # 12987",Active,2020-02-04,2020-02-04,0,False,,,,,,,False,
504 5TH AVE S,504 5TH AVE S,2.0,1,2025-03-02,2025-03-02,1,2024-04-01,2024-04-01,True,2,True,EQP-CY-08534 | EQP-CY-08502,Conveyance Equipment Certification,"2-P - Cabled Elevator, City # 11696 | 1P - Cabled Elevator, City # 11695",Active,2016-07-19,2016-08-31,1,True,EQP-CY-08543,Conveyance Equipment Certification,"VLP-1 - Accessibility Lift (vertical included), City # 11994",Operating Without Certificate,2016-09-19,2016-09-19,True,-335.0
506 E HOWELL ST,506 E HOWELL ST,3.0,1,2023-05-30,2023-05-30,1,2024-06-19,2024-06-19,True,1,True,EQP-CY-04433,Conveyance Equipment Certification,"1-P - Hydraulic Elevator, City # 5961",Active,1992-07-22,1992-07-22,0,False,,,,,,,True,386.0
507 NE NORTHGATE WAY,507 NE NORTHGATE WAY,5.0,4,2021-01-19,2025-06-25,2,2022-10-12,2025-08-01,True,0,False,,,,,,,5,True,EQP-CY-07025 | EQP-CY-07024 | EQP-CY-07023 | EQP-CY-07022 | EQP-CY-07021,Conveyance Equipment Certification,"6-P - Hydraulic Elevator, City # 9535 | 5-P - Hydraulic Elevator, City # 9534 | 4-P - Hydraulic Elevator, City # 9533 | 3-P - Hydraulic Elevator, City # 9532 | 2-P - Hydraulic Elevator, City # 9531",Operating Without Certificate,2009-03-27,2009-03-27,True,631.0
510 4TH AVE W,510 4TH AVE W,7.0,1,2019-12-27,2019-12-27,3,2024-07-28,2025-01-28,True,1,True,EQP-CY-04238,Conveyance Equipment Certification,"1-P - Hydraulic Elevator, City # 5788",Active,1991-02-26,1991-02-26,0,False,,,,,,,True,1675.0
510 MINOR AVE N,510 MINOR AVE N,7.0,2,2019-12-30,2020-11-25,1,2022-09-18,2022-09-18,True,0,False,,,,,,,1,True,EQP-CY-05068,Conveyance Equipment Certification,"1 - Hydraulic Elevator, City # 6734",Operating Without Certificate,1997-12-22,1997-12-22,True,993.0
512 MINOR AVE N,512 MINOR AVE N,7.0,2,2020-11-24,2023-11-05,0,,,False,0,False,,,,,,,0,False,,,,,,,False,
515 HARVARD AVE E,515 HARVARD AVE E,3.0,2,2025-02-04,2025-12-11,4,2022-01-19,2025-06-28,True,0,False,,,,,,,0,False,,,,,,,True,-1112.0
517 3RD AVE,517 3RD AVE,1.0,1,2018-07-13,2018-07-13,0,,,False,0,False,,,,,,,0,False,,,,,,,False,
519 W ROY ST,519 W ROY ST,7.0,1,2021-03-09,2021-03-09,4,2023-04-08,2025-07-27,True,1,True,EQP-CY-02661,Conveyance Equipment Certification,"1-P - Cabled Elevator, City # 1496",Active,1990-01-03,1990-01-03,0,False,,,,,,,True,760.0
5200 ROOSEVELT WAY NE,5200 ROOSEVELT WAY NE,4.0,1,2024-01-17,2024-01-17,0,,,False,0,False,,,,,,,1,True,EQP-CY-06078,Conveyance Equipment Certification,"1 - Hydraulic Elevator, City # 8168",Operating Without Certificate,2003-08-20,2003-08-20,False,
5200 UNIVERSITY WAY NE,5200 UNIVERSITY WAY NE,4.0,1,2021-07-25,2021-07-25,1,2021-07-12,2021-07-12,True,1,True,EQP-CY-03090,Conveyance Equipment Certification,"1-P - Hydraulic Elevator, City # 3611",Active,1990-03-05,1990-03-05,0,False,,,,,,,True,-13.0
5222 UNIVERSITY WAY NE,5222 UNIVERSITY WAY NE,4.0,1,2025-02-23,2025-02-23,0,,,False,0,False,,,,,,,1,True,EQP-CY-02676,Conveyance Equipment Certification,"1-P - Hydraulic Elevator, City # 3841",Operating Without Certificate,1990-01-03,1990-01-03,False,
523 BROADWAY E,523 BROADWAY E,3.0,2,2019-11-01,2023-07-25,22,2020-10-28,2026-01-13,True,6,True,EQP-CY-07351 | EQP-CY-07350 | EQP-CY-07349 | EQP-CY-07348 | EQP-CY-07347 | EQP-CY-07346,Conveyance Equipment Certification,"4-P - Cabled Elevator, City # 9817 | 3-P - Cabled Elevator, City # 9816 | 2-P - Cabled Elevator, City # 9815 | 1-P - Cabled Elevator, City # 9814 | 6-P - Hydraulic Elevator, City # 9755 | 5-P - Hydraulic Elevator, City # 9754",Active,2010-05-18,2010-05-18,0,False,,,,,,,True,362.0
523 PINE ST,523 PINE ST,7.0,1,2025-12-24,2025-12-24,2,2021-03-05,2025-03-22,True,3,True,EQP-CY-01390 | EQP-CY-01389 | EQP-CY-01388,Conveyance Equipment Certification,"3-F - Cabled Elevator, City # 2182 | 1-P - Cabled Elevator, City # 2181 | 2-P - Cabled Elevator, City # 2180",Active,1989-08-17,1989-08-17,0,False,,,,,,,True,-1755.0
5233 15TH AVE NE,5233 15TH AVE NE,4.0,1,2025-12-04,2025-12-04,1,2023-07-01,2023-07-01,True,0,False,,,,,,,1,True,EQP-CY-02224,Conveyance Equipment Certification,"1-P - Hydraulic Elevator, City # 2767",Operating Without Certificate,1989-11-29,1989-11-29,True,-887.0
524 5TH AVE W,524 5th AVE W,7.0,2,2025-01-28,2025-08-24,0,,,False,0,False,,,,,,,1,True,EQP-CY-02921,Conveyance Equipment Certification,"P - Hydraulic Elevator, City # 2919",Operating Without Certificate,1990-03-02,1990-03-02,False,
525 14TH AVE E,525 14TH AVE E,3.0,2,2017-12-22,2018-02-12,2,2024-11-29,2025-04-05,True,2,True,EQP-CY-00867 | EQP-CY-00866,Conveyance Equipment Certification,"2-P - Cabled Elevator, City # 3376 | 1-P - Cabled Elevator, City # 3375",Active,1989-06-14,1989-06-14,0,False,,,,,,,True,2534.0
525 NE NORTHGATE WAY,525 NE NORTHGATE WAY,5.0,3,2022-12-18,2025-06-05,9,2020-01-14,2025-07-26,True,0,False,,,,,,,4,True,EQP-CY-08063 | EQP-CY-08062 | EQP-CY-08061 | EQP-CY-08060,Conveyance Equipment Certification,"4 - Cabled Elevator, City # 11297 | 3 - Cabled Elevator, City # 11296 | 2 - Cabled Elevator, City # 11295 | 1 - Cabled Elevator, City # 11294",Operating Without Certificate,2014-09-30,2014-09-30,True,-1069.0
5253 15TH AVE NE,5253 15TH AVE NE,4.0,2,2020-04-01,2020-05-04,0,,,False,1,True,EQP-CY-09976,Conveyance Equipment Certification,"1-P - Cabled Elevator, City # 12948",Active,2019-10-14,2019-10-14,0,False,,,,,,,False,
526 19TH AVE E,526 19TH AVE E,3.0,2,2022-04-21,2023-11-15,0,,,False,1,True,EQP-CY-07857,Conveyance Equipment Certification,"1 - Hydraulic Elevator, City # 11190",Active,2013-11-27,2013-11-27,0,False,,,,,,,False,
533 HARVARD AVE E,533 HARVARD AVE E,3.0,4,2015-10-05,2017-12-06,0,,,False,1,True,EQP-CY-01883,Conveyance Equipment Certification,"1-P - Hydraulic Elevator, City # 2818",Active,1989-10-27,1989-10-27,0,False,,,,,,,False,
5398 RUSSELL AVE NW,5398 RUSSELL AVE NW,6.0,1,2019-01-17,2019-01-17,6,2023-05-06,2025-12-09,True,0,False,,,,,,,0,False,,,,,,,True,1570.0
5444 DELRIDGE WAY SW,5444 DELRIDGE WAY SW,1.0,3,2019-05-20,2025-12-08,2,2020-09-26,2021-07-03,True,1,True,EQP-CY-07855,Conveyance Equipment Certification,"1 - Hydraulic Elevator, City # 10497",Active,2013-11-27,2013-11-27,0,False,,,,,,,True,495.0
55 S ATLANTIC ST,55 S ATLANTIC ST,1.0,9,2023-01-01,2025-07-18,2,2022-11-19,2023-02-24,True,0,False,,,,,,,2,True,EQP-CY-03252 | EQP-CY-03251,Conveyance Equipment Certification,"1-F - Cabled Elevator, City # 1482 | 2-F - Cabled Elevator, City # 1483",Operating Without Certificate,1990-04-05,1990-04-05,True,-43.0
5528 15TH AVE NE,5528 15th AVE NE,4.0,1,2019-10-26,2019-10-26,0,,,False,0,False,,,,,,,0,False,,,,,,,False,
5621 22ND AVE NW,5621 22nd AVE NW,6.0,1,2025-11-24,2025-11-24,12,2021-04-26,2025-06-21,True,0,False,,,,,,,0,False,,,,,,,True,-1673.0
5625 15TH AVE NE,5625 15th AVE NE,4.0,1,2023-06-24,2023-06-24,0,,,False,1,True,EQP-CY-00363,Conveyance Equipment Certification,"1-P - Hydraulic Elevator, City # 2781",Active,1989-02-21,1989-02-21,0,False,,,,,,,False,
566 PROSPECT ST,566 PROSPECT ST,7.0,1,2020-07-27,2020-07-27,0,,,False,0,False,,,,,,,1,True,EQP-CY-01587,Conveyance Equipment Certification,"1 - Hydraulic Elevator, City # 5575",Operating Without Certificate,1989-09-13,1989-09-13,False,
5941 CALIFORNIA AVE SW,5941 CALIFORNIA AVE SW,1.0,1,2020-07-15,2020-07-15,0,,,False,0,False,,,,,,,1,True,EQP-CY-00394,Conveyance Equipment Certification,"1-P - Hydraulic Elevator, City # 5506",Operating Without Certificate,1989-03-02,1989-03-02,False,
600 5TH AVE W,600 5TH AVE W,7.0,1,2019-06-03,2019-06-03,4,2021-07-20,2025-07-17,True,1,True,EQP-CY-02922,Conveyance Equipment Certification,"P - Hydraulic Elevator, City # 5050",Active,1990-03-02,1990-03-02,0,False,,,,,,,True,778.0
600 7TH AVE,600 7TH AVE,7.0,2,2021-01-21,2021-03-10,10,2024-03-09,2025-05-28,True,2,True,EQP-CY-04375 | EQP-CY-04374,Conveyance Equipment Certification,"2-P - Hydraulic Elevator, City # 5862 | 1-P - Hydraulic Elevator, City # 5861",Active,1991-11-20,1991-11-20,0,False,,,,,,,True,1143.0
600 9TH AVE,600 9TH AVE,3.0,3,2018-10-12,2023-06-22,1,2025-07-04,2025-07-04,True,0,False,,,,,,,1,True,EQP-CY-01336,Conveyance Equipment Certification,"1-P - Cabled Elevator, City # 2484",Operating Without Certificate,1989-08-17,1989-08-17,True,2457.0
600 E HOWELL ST,600 E HOWELL ST,3.0,3,2023-11-07,2024-02-02,11,2021-06-20,2025-01-21,True,0,False,,,,,,,0,False,,,,,,,True,-870.0
600 ELLIOTT AVE W,600 ELLIOTT AVE W,7.0,2,2025-06-18,2025-06-27,1,2023-06-04,2023-06-04,True,2,True,EQP-CY-08015 | EQP-CY-08014,Conveyance Equipment Certification,"2 - Cabled Elevator, City # 11233 | 1 - Cabled Elevator, City # 11232",Active,2014-08-14,2014-08-14,0,False,,,,,,,True,-745.0
600 W OLYMPIC PL,600 W OLYMPIC PL,7.0,1,2021-11-22,2021-11-22,5,2020-03-28,2024-07-28,True,0,False,,,,,,,2,True,EQP-CY-01904 | EQP-CY-01903,Conveyance Equipment Certification,"2-P - Cabled Elevator, City # 881 | 1-P - Cabled Elevator, City # 880",Operating Without Certificate,1989-10-27,1989-10-27,True,-604.0
601 S WASHINGTON ST,601 S WASHINGTON ST,2.0,2,2017-09-08,2017-09-12,1,2025-09-07,2025-09-07,True,2,True,EQP-CY-04373 | EQP-CY-04372,Conveyance Equipment Certification,"2-P - Hydraulic Elevator, City # 5872 | 1-P - Hydraulic Elevator, City # 5871",Active,1991-11-20,1991-11-20,0,False,,,,,,,True,2921.0
602 TERRY AVE N,602 Terry AVE N,7.0,1,2025-10-03,2025-10-03,2,2023-05-20,2025-12-02,True,0,False,,,,,,,0,False,,,,,,,True,-867.0
604 GALER ST,604 GALER ST,7.0,1,2021-10-18,2021-10-18,0,,,False,0,False,,,,,,,0,False,,,,,,,False,
6040 CALIFORNIA,6040 California,,1,2025-03-11,2025-03-11,0,,,False,0,False,,,,,,,0,False,,,,,,,False,
6040 CALIFORNIA AVE SW,6040 California AVE SW,1.0,1,2025-06-26,2025-06-26,0,,,False,1,True,EQP-CY-04431,Conveyance Equipment Certification,"1-P - Hydraulic Elevator, City # 5962",Active,1992-07-22,1992-07-22,0,False,,,,,,,False,
606 12TH AVE S,606 12TH AVE S,2.0,1,2020-06-09,2020-06-09,2,2022-10-29,2023-05-06,True,0,False,,,,,,,1,True,EQP-CY-04807,Conveyance Equipment Certification,"1-P - Hydraulic Elevator, City # 6542",Operating Without Certificate,1995-10-27,1995-10-27,True,872.0
607 3RD AVE,607 3RD AVE,1.0,1,2024-06-24,2024-06-24,72,2021-02-22,2025-12-03,True,1,True,EQP-CY-03742,Conveyance Equipment Certification,"2-P - Cabled Elevator, City # 638",Active,1990-07-17,1990-07-17,0,False,,,,,,,True,-1218.0
607 E HARRISON ST,607 E HARRISON ST,3.0,2,2021-05-17,2022-02-02,5,2022-02-28,2022-03-31,True,1,True,EQP-CY-04227,Conveyance Equipment Certification,"1-P - Hydraulic Elevator, City # 5764",Active,1991-02-26,1991-02-26,0,False,,,,,,,True,287.0
609 YESLER WAY,609 YESLER WAY,2.0,4,2018-03-01,2024-10-29,0,,,False,0,False,,,,,,,0,False,,,,,,,False,
610 HARVARD AVE E,610 HARVARD AVE E,3.0,3,2025-04-11,2025-07-08,1,2021-06-28,2021-06-28,True,1,True,EQP-CY-00631,Conveyance Equipment Certification,"2-P - Cabled Elevator, City # 3146",Active,1989-03-30,1989-03-30,0,False,,,,,,,True,-1383.0
615 E PIKE ST,615 E PIKE ST,3.0,1,2023-07-14,2023-07-14,2,2021-06-11,2023-07-01,True,1,True,EQP-CY-05290,Conveyance Equipment Certification,"1 - Hydraulic Elevator, City # 6859",Active,1998-12-31,1998-12-31,0,False,,,,,,,True,-763.0
62 CEDAR ST,62 CEDAR ST,7.0,2,2020-06-15,2022-03-28,2,2020-03-16,2022-08-09,True,1,True,EQP-CY-07808,Conveyance Equipment Certification,"1 - Cabled Elevator, City # 10494",Active,2013-10-03,2013-10-03,1,True,EQP-CY-07809,Conveyance Equipment Certification,"2 - Cabled Elevator, City # 10495",Operating Without Certificate,2013-10-03,2013-10-03,True,-91.0
620 18TH AVE E,620 18TH AVE E,3.0,1,2023-07-23,2023-07-23,2,2026-01-06,2026-01-10,True,1,True,EQP-CY-02543,Conveyance Equipment Certification,"1-P - Hydraulic Elevator, City # 2469",Active,1990-01-02,1990-01-02,0,False,,,,,,,True,898.0
620 GALER ST,620 GALER ST,7.0,1,2025-12-04,2025-12-04,1,2025-03-29,2025-03-29,True,0,False,,,,,,,0,False,,,,,,,True,-250.0
620 W OLYMPIC PL,620 W OLYMPIC PL,7.0,1,2025-08-03,2025-08-03,0,,,False,1,True,EQP-CY-00781,Conveyance Equipment Certification,"1-P - Cabled Elevator, City # 2039",Active,1989-06-09,1989-06-09,0,False,,,,,,,False,
624 YALE AVE N,624 YALE AVE N,7.0,1,2023-02-18,2023-02-18,1,2025-09-07,2025-09-07,True,2,True,EQP-CY-08962 | EQP-CY-08961,Conveyance Equipment Certification,"3-P - Cabled Elevator, City # 12305 | 4-P - Cabled Elevator, City # 12306",Active,2018-03-08,2018-03-08,2,True,EQP-CY-08960 | EQP-CY-08959,Conveyance Equipment Certification,"2-P - Cabled Elevator, City # 12298 | 1-P - Cabled Elevator, City # 12297",Operating Without Certificate,2018-03-08,2018-03-08,True,932.0
6420 CALIFORNIA AVE SW,6420 CALIFORNIA AVE SW,1.0,2,2025-11-28,2025-12-02,12,2021-08-03,2025-11-22,True,2,True,EQP-CY-03267 | EQP-CY-03266,Conveyance Equipment Certification,"2-P - Cabled Elevator, City # 3109 | 1-P - Cabled Elevator, City # 3108",Active,1990-04-05,1990-04-05,0,False,,,,,,,True,-1578.0
65 S WASHINGTON ST,65 S WASHINGTON ST,1.0,11,2017-12-01,2025-05-20,2,2022-04-21,2026-01-18,True,1,True,EQP-CY-06381,Conveyance Equipment Certification,"1 - Hydraulic Elevator, City # 8556",Active,2005-05-11,2005-05-11,0,False,,,,,,,True,1602.0
6512 35TH AVE SW,6512 35TH AVE SW,1.0,4,2024-03-14,2024-05-30,0,,,False,0,False,,,,,,,0,False,,,,,,,False,
6520 35TH AVE SW,6520 35TH AVE SW,1.0,4,2018-05-22,2024-02-07,9,2021-02-21,2025-10-28,True,1,True,EQP-CY-01478,Conveyance Equipment Certification,"1-P - Hydraulic Elevator, City # 3731",Active,1989-09-04,1989-09-04,0,False,,,,,,,True,1006.0
6545 RAVENNA AVE NE,6545 RAVENNA AVE NE,4.0,2,2020-02-24,2021-09-30,2,2021-12-16,2021-12-19,True,0,False,,,,,,,1,True,EQP-CY-01251,Conveyance Equipment Certification,"1-P - Hydraulic Elevator, City # 5042",Operating Without Certificate,1989-07-18,1989-07-18,True,661.0
6620 ROOSEVELT WAY NE,6620 ROOSEVELT WAY NE,4.0,2,2023-04-08,2025-10-01,15,2022-10-16,2025-11-29,True,6,True,EQP-CY-10608 | EQP-CY-10607 | EQP-CY-10606 | EQP-CY-10605 | EQP-CY-10604 | EQP-CY-10603,Conveyance Equipment Certification,"6P - Hydraulic Elevator, City # 14003 | 5-P - Hydraulic Elevator, City # 14002 | 4P - Cabled Elevator, City # 14001 | 3P - Cabled Elevator, City # 14000 | 2P - Cabled Elevator, City # 13999 | 1P - Cabled Elevator, City # 13998",Active,2023-01-13,2023-01-13,0,False,,,,,,,True,-174.0
668 S LANE ST,668 S LANE ST,2.0,1,2020-12-07,2020-12-07,4,2020-06-25,2024-04-30,True,1,True,EQP-CY-05965,Conveyance Equipment Certification,"1 - Cabled Elevator, City # 7966",Active,2002-05-14,2002-05-14,0,False,,,,,,,True,-165.0
6726 GREENWOOD AVE N,6726 GREENWOOD AVE N,6.0,1,2023-05-30,2023-05-30,3,2021-04-09,2025-04-06,True,0,False,,,,,,,1,True,EQP-CY-09887,Conveyance Equipment Certification,"1-P - Cabled Elevator, City # 12925",Operating Without Certificate,2019-09-13,2019-09-13,True,-781.0
6860 E GREENLAKE WAY N,6860 E Greenlake WAY N,,1,2024-03-08,2024-03-08,0,,,False,0,False,,,,,,,0,False,,,,,,,False,
6860 EAST GREEN LAKE WAY N,6860 EAST GREEN LAKE WAY N,6.0,3,2024-03-11,2025-11-20,1,2024-07-28,2024-07-28,True,1,True,EQP-CY-10722,Conveyance Equipment Certification,"1-P - Cabled Elevator, City # 14251",Active,2023-05-25,2023-05-25,0,False,,,,,,,True,139.0
6900 GREEN LAKE,6900 GREEN LAKE,,1,2019-02-25,2019-02-25,0,,,False,0,False,,,,,,,0,False,,,,,,,False,
6901 A M L KING JR WAY S,6901 A M L KING JR WAY S,2.0,1,2024-01-15,2024-01-15,0,,,False,0,False,,,,,,,0,False,,,,,,,False,
6901 M L KING JR WAY S,6901 M L KING JR WAY S,2.0,6,2024-01-10,2024-07-17,9,2022-06-04,2023-07-04,True,0,False,,,,,,,2,True,EQP-CY-10413 | EQP-CY-10412,Conveyance Equipment Certification,"2-P - Cabled Elevator, City # 13970 | 1-P - Cabled Elevator, City # 13969",Operating Without Certificate,2022-03-16,2022-03-16,True,-585.0
6940 M L KING JR WAY S,6940 M L KING JR WAY S,2.0,1,2019-12-05,2019-12-05,7,2020-02-01,2022-05-26,True,2,True,EQP-CY-08691 | EQP-CY-08687,Conveyance Equipment Certification,"A - Hydraulic Elevator, City # 12064 | B - Hydraulic Elevator, City # 12063",Active,2017-03-30,2017-04-04,0,False,,,,,,,True,58.0
701 GALER ST,701 GALER ST,7.0,1,2025-04-01,2025-04-01,1,2024-12-05,2024-12-05,True,2,True,EQP-CY-04533 | EQP-CY-04532,Conveyance Equipment Certification,"2-S - Hydraulic Elevator, City # 6302 | 1-N - Hydraulic Elevator, City # 6301",Active,1993-05-24,1993-05-24,0,False,,,,,,,True,-117.0
7016 15TH AVE NW,7016 15TH AVE NW,6.0,1,2023-06-16,2023-06-16,0,,,False,2,True,EQP-CY-08775 | EQP-CY-08774,Conveyance Equipment Certification,"2-P - Cabled Elevator, City # 12147 | 1-P - Cabled Elevator, City # 12146",Active,2017-07-25,2017-07-25,0,False,,,,,,,False,
703 N 105TH ST,703 N 105TH ST,5.0,2,2023-07-29,2024-04-29,0,,,False,1,True,EQP-CY-02450,Conveyance Equipment Certification,"1-P - Hydraulic Elevator, City # 4788",Active,1989-12-05,1989-12-05,0,False,,,,,,,False,
704 SPRING ST,704 SPRING ST,7.0,9,2024-04-08,2024-09-09,2,2024-06-15,2024-09-09,True,0,False,,,,,,,0,False,,,,,,,True,68.0
705 S WELLER ST,705 S WELLER ST,2.0,8,2020-12-25,2024-08-30,8,2021-09-21,2023-07-31,True,1,True,EQP-CY-06531,Conveyance Equipment Certification,"1 - Hydraulic Elevator, City # 8814",Active,2006-09-22,2006-09-22,0,False,,,,,,,True,270.0
707 TERRY AVE,707 Terry AVE,3.0,2,2024-10-17,2025-12-13,6,2024-08-10,2026-01-01,True,7,True,EQP-CY-11194 | EQP-CY-11193 | EQP-CY-11192 | EQP-CY-11191 | EQP-CY-11190 | EQP-CY-11188 | EQP-CY-11186,Conveyance Equipment Certification,"L - Cabled Elevator, City # 13949 | K - Cabled Elevator, City # 13948 | G - Cabled Elevator, City # 13404 | F - Cabled Elevator, City # 13403 | E - Cabled Elevator, City # 13402 | C - Cabled Elevator, City # 13400 | A - Cabled Elevator, City # 13398",Active,2025-12-10,2025-12-10,0,False,,,,,,,True,-68.0
708 N 35TH ST,708 N 35TH ST,6.0,3,2025-02-03,2025-04-29,2,2020-06-27,2022-04-21,True,1,True,EQP-CY-02971,Conveyance Equipment Certification,"1-P - Hydraulic Elevator, City # 3659",Active,1990-03-02,1990-03-02,0,False,,,,,,,True,-1682.0
710 CHERRY ST,710 Cherry ST,7.0,1,2023-03-24,2023-03-24,18,2020-03-02,2025-03-10,True,0,False,,,,,,,2,True,EQP-CY-08814 | EQP-CY-08813,Conveyance Equipment Certification,"2-P - Cabled Elevator, City # 12244 | 1-P - Cabled Elevator, City # 12243",Operating Without Certificate,2017-09-13,2017-09-13,True,-1117.0
7100 CALIFORNIA AVE SW,7100 CALIFORNIA AVE SW,1.0,1,2024-01-18,2024-01-18,0,,,False,1,True,EQP-CY-01644,Conveyance Equipment Certification,"1-P - Hydraulic Elevator, City # 3309",Active,1989-09-14,1989-09-14,0,False,,,,,,,False,
7101 62ND AVE NE,7101 62ND AVE NE,4.0,1,2023-10-31,2023-10-31,1,2021-11-05,2021-11-05,True,0,False,,,,,,,3,True,EQP-CY-09863 | EQP-CY-09862 | EQP-CY-09802,Conveyance Equipment Certification,"P3 - Hydraulic Elevator, City # 12765 | P2 - Hydraulic Elevator, City # 12764 | P-1 - Hydraulic Elevator, City # 12763",Operating Without Certificate,2019-05-21,2019-07-31,True,-725.0
720 LAKESIDE AVE S,720 LAKESIDE AVE S,3.0,7,2019-05-20,2020-01-08,0,,,False,1,True,EQP-CY-03663,Conveyance Equipment Certification,"1-P - Hydraulic Elevator, City # 2267",Active,1990-06-12,1990-06-12,0,False,,,,,,,False,
7325 RAINIER AVE S,7325 RAINIER AVE S,2.0,1,2023-10-25,2023-10-25,0,,,False,0,False,,,,,,,1,True,EQP-CY-00390,Conveyance Equipment Certification,"1-P - Hydraulic Elevator, City # 2642",Operating Without Certificate,1989-03-02,1989-03-02,False,
736 BELLEVUE PL E,736 BELLEVUE PL E,3.0,2,2023-06-20,2025-09-16,1,2024-06-07,2024-06-07,True,1,True,EQP-CY-10287,Conveyance Equipment Certification,"1P - Cabled Elevator, City # 13343",Active,2021-05-14,2021-05-14,0,False,,,,,,,True,353.0
747 N 135TH ST,747 N 135TH ST,5.0,1,2025-03-24,2025-03-24,2,2024-08-11,2025-01-11,True,3,True,EQP-CY-00269 | EQP-CY-00268 | EQP-CY-00266,Conveyance Equipment Certification,"4-P - Hydraulic Elevator, City # 4549 | 3-F - Hydraulic Elevator, City # 2708 | 1-P - Cabled Elevator, City # 2706",Active,1989-01-17,1989-01-17,1,True,EQP-CY-00267,Conveyance Equipment Certification,"2-P - Cabled Elevator, City # 2707",Operating Without Certificate,1989-01-17,1989-01-17,True,-225.0
75 VINE ST,75 VINE ST,7.0,3,2024-05-28,2025-04-15,3,2022-02-28,2023-07-19,True,2,True,EQP-CY-08198 | EQP-CY-08197,Conveyance Equipment Certification,"2-P - Cabled Elevator, City # 11486 | 1-P - Cabled Elevator, City # 11485",Active,2015-06-10,2015-06-10,0,False,,,,,,,True,-820.0
7524 35TH AVE SW,7524 35TH AVE SW,1.0,3,2022-09-08,2025-06-12,2,2021-03-01,2021-03-10,True,1,True,EQP-CY-01479,Conveyance Equipment Certification,"1 - Hydraulic Elevator, City # 5612",Active,1989-09-04,1989-09-04,0,False,,,,,,,True,-556.0
7700 RAINIER AVE S,7700 RAINIER AVE S,2.0,1,2024-05-02,2024-05-02,7,2022-06-20,2025-07-01,True,0,False,,,,,,,2,True,EQP-CY-07817 | EQP-CY-07816,Conveyance Equipment Certification,"2 - Hydraulic Elevator, City # 10500 | 1 - Hydraulic Elevator, City # 10499",Operating Without Certificate,2013-10-03,2013-10-03,True,-682.0
80 S MAIN ST,80 S MAIN ST,1.0,2,2024-02-19,2024-09-10,13,2019-12-14,2023-05-04,True,1,True,EQP-CY-08464,Conveyance Equipment Certification,"1-P - Cabled Elevator, City # 11750",Active,2016-05-25,2016-05-25,0,False,,,,,,,True,-1528.0
800 E DENNY WAY,800 E DENNY WAY,3.0,1,2024-05-31,2024-05-31,3,2024-03-28,2025-08-10,True,2,True,EQP-CY-10862 | EQP-CY-10861,Conveyance Equipment Certification,"2-P - Cabled Elevator, City # 14127 | 1-P - Cabled Elevator, City # 14126",Active,2024-03-07,2024-03-07,0,False,,,,,,,True,-64.0
800 JEFFERSON ST,800 JEFFERSON ST,2.0,5,2016-04-26,2021-10-31,14,2020-01-27,2026-01-17,True,2,True,EQP-CY-02338 | EQP-CY-02337,Conveyance Equipment Certification,"2-P - Cabled Elevator, City # 2949 | 1-P - Cabled Elevator, City # 2948",Active,1989-12-04,1989-12-04,1,True,EQP-CY-07530,Conveyance Equipment Certification,"3 - Hydraulic Elevator, City # 10197",Operating Without Certificate,2011-10-05,2011-10-05,True,1371.0
800 SENECA ST,800 SENECA ST,7.0,12,2016-10-31,2025-07-27,21,2020-01-19,2026-01-19,True,3,True,EQP-CY-08148 | EQP-CY-08147 | EQP-CY-08144,Conveyance Equipment Certification,"C - Cabled Elevator, City # 11363 | B - Cabled Elevator, City # 11362 | A - Cabled Elevator, City # 11361",Active,2015-04-08,2015-04-09,0,False,,,,,,,True,1175.0
801 9TH AVE,801 9TH AVE,3.0,1,2022-02-14,2022-02-14,3,2023-12-09,2025-03-27,True,1,True,EQP-CY-07048,Conveyance Equipment Certification,"1-P - Hydraulic Elevator, City # 9583",Active,2009-04-08,2009-04-08,0,False,,,,,,,True,663.0
801 PINE ST,801 PINE ST,7.0,1,2023-08-24,2023-08-24,1,2021-08-28,2021-08-28,True,3,True,EQP-CY-10851 | EQP-CY-03322 | EQP-CY-03321,Conveyance Equipment Certification,"1-HL - Accessibility Lift (vertical included), City # 14518 | 2-P - Cabled Elevator, City # 3317 | 1-P - Cabled Elevator, City # 3316",Active,1990-04-05,2024-02-14,0,False,,,,,,,True,-726.0
801 SPRING ST,801 SPRING ST,7.0,9,2018-11-13,2025-12-20,1,2020-01-26,2020-01-26,True,0,False,,,,,,,0,False,,,,,,,True,439.0
809 OLIVE WAY,809 OLIVE WAY,7.0,3,2023-05-05,2024-05-18,12,2021-02-26,2024-04-28,True,4,True,EQP-CY-07879 | EQP-CY-07151 | EQP-CY-07150 | EQP-CY-07149,Conveyance Equipment Certification,"1-HL - Accessibility Lift (vertical included), City # 11254 | 3-P - Cabled Elevator, City # 9483 | 2-P - Cabled Elevator, City # 9482 | 1-P - Cabled Elevator, City # 9481",Active,2009-08-18,2014-01-10,0,False,,,,,,,True,-798.0
8105 GREENWOOD AVE N,8105 GREENWOOD AVE N,6.0,1,2025-02-25,2025-02-25,4,2022-04-17,2025-07-31,True,1,True,EQP-CY-10591,Conveyance Equipment Certification,"1P - Cabled Elevator, City # 13902",Active,2023-01-11,2023-01-11,0,False,,,,,,,True,-1045.0
811 N 130TH ST,811 N 130TH ST,5.0,1,2023-01-30,2023-01-30,0,,,False,1,True,EQP-CY-01980,Conveyance Equipment Certification,"1-P - Hydraulic Elevator, City # 3669",Active,1989-10-27,1989-10-27,0,False,,,,,,,False,
823 MADISON ST,823 MADISON ST,7.0,2,2019-11-15,2019-11-22,10,2020-04-22,2022-03-04,True,0,False,,,,,,,0,False,,,,,,,True,159.0
828 NE 66TH ST,828 NE 66TH ST,4.0,3,2023-11-05,2024-05-24,1,2024-01-15,2024-01-15,True,0,False,,,,,,,0,False,,,,,,,True,71.0
84 UNION ST,84 UNION ST,7.0,1,2024-05-31,2024-05-31,3,2022-12-11,2024-01-07,True,0,False,,,,,,,1,True,EQP-CY-07081,Conveyance Equipment Certification,"1-P - Cabled Elevator, City # 9377",Operating Without Certificate,2009-06-09,2009-06-09,True,-537.0
843 HIAWATHA PL S,843 HIAWATHA PL S,3.0,18,2024-10-23,2025-12-09,8,2025-03-05,2026-01-14,True,1,True,EQP-CY-06808,Conveyance Equipment Certification,"1-P - Cabled Elevator, City # 9350",Active,2008-03-18,2008-03-18,0,False,,,,,,,True,133.0
848 NE 67TH ST,848 NE 67TH ST,4.0,1,2017-04-10,2017-04-10,0,,,False,0,False,,,,,,,0,False,,,,,,,False,
85 PIKE ST,85 PIKE ST,7.0,2,2022-11-21,2022-11-29,3,2020-06-17,2025-05-28,True,3,True,EQP-CY-06540 | EQP-CY-02369 | EQP-CY-00797,Conveyance Equipment Certification,"2-P - Roped Hydraulic Elevator, City # 8721 | 1-P - Cabled Elevator, City # 3754 | 1-DW - Material Lift, City # 4185",Active,1989-06-09,2006-10-13,0,False,,,,,,,True,-887.0
8500 20TH AVE NE,8500 20TH AVE NE,4.0,2,2020-04-23,2024-03-15,1,2023-03-26,2023-03-26,True,2,True,EQP-CY-09656 | EQP-CY-09655,Conveyance Equipment Certification,"2-P - Cabled Elevator, City # 12479 | 1-P - Cabled Elevator, City # 12478",Active,2018-11-02,2018-11-02,0,False,,,,,,,True,1067.0
8551 GREENWOOD AVE N,8551 GREENWOOD AVE N,6.0,1,2025-02-21,2025-02-21,5,2021-06-19,2025-08-30,True,1,True,EQP-CY-05626,Conveyance Equipment Certification,"P1 (Tower A) - Hydraulic Elevator, City # 7452",Active,2000-12-22,2000-12-22,1,True,EQP-CY-05627,Conveyance Equipment Certification,"P2 (Tower B) - Hydraulic Elevator, City # 7453",Operating Without Certificate,2000-12-22,2000-12-22,True,-1343.0
8606 35TH AVE NE,8606 35TH AVE NE,4.0,3,2015-08-12,2023-11-03,2,2023-10-29,2024-01-08,True,1,True,EQP-CY-07601,Conveyance Equipment Certification,"1-P - Cabled Elevator, City # 10275",Active,2012-06-18,2012-06-18,0,False,,,,,,,True,3000.0
8610 AURORA AVE N,8610 AURORA AVE N,5.0,1,2025-07-24,2025-07-24,4,2024-02-26,2025-05-09,True,2,True,EQP-CY-10806 | EQP-CY-10805,Conveyance Equipment Certification,"1-P - Cabled Elevator, City # 14443 | 2-P - Cabled Elevator, City # 14444",Active,2023-11-28,2023-11-28,0,False,,,,,,,True,-514.0
8630 RAINIER AVE S,8630 RAINIER AVE S,2.0,7,2015-10-22,2025-03-11,0,,,False,0,False,,,,,,,1,True,EQP-CY-03996,Conveyance Equipment Certification,"1-P - Hydraulic Elevator, City # 2485",Operating Without Certificate,1990-08-20,1990-08-20,False,
8720 PHINNEY AVE N,8720 PHINNEY AVE N,5.0,1,2023-03-15,2023-03-15,0,,,False,1,True,EQP-CY-03318,Conveyance Equipment Certification,"1-P - Hydraulic Elevator, City # 5030",Active,1990-04-05,1990-04-05,0,False,,,,,,,False,
8842 NESBIT AVE N,8842 NESBIT AVE N,5.0,1,2020-12-03,2020-12-03,0,,,False,0,False,,,,,,,0,False,,,,,,,False,
888 WESTERN AVE,888 WESTERN AVE,7.0,2,2024-01-30,2024-05-01,15,2021-05-07,2025-12-20,True,4,True,EQP-CY-07689 | EQP-CY-07688 | EQP-CY-07687 | EQP-CY-07686,Conveyance Equipment Certification,"4 - Hydraulic Elevator, City # 10360 | 3 - Cabled Elevator, City # 10304 | 2 - Cabled Elevator, City # 10303 | 1 - Cabled Elevator, City # 10302",Active,2012-12-19,2012-12-19,0,False,,,,,,,True,-998.0
8935 160TH AVE NE,8935 160th AVE NE,,1,2025-07-15,2025-07-15,0,,,False,0,False,,,,,,,0,False,,,,,,,False,
900 SW HOLDEN ST,900 SW HOLDEN ST,1.0,6,2018-02-07,2024-09-11,2,2022-01-03,2022-10-08,True,0,False,,,,,,,1,True,EQP-CY-02334,Conveyance Equipment Certification,"1-P - Hydraulic Elevator, City # 2993",Operating Without Certificate,1989-12-04,1989-12-04,True,1426.0
9000 20TH AVE SW,9000 20TH AVE SW,1.0,3,2017-02-06,2017-03-01,7,2021-12-08,2025-10-17,True,0,False,,,,,,,1,True,EQP-CY-00879,Conveyance Equipment Certification,"1-P - Hydraulic Elevator, City # 3059",Operating Without Certificate,1989-06-14,1989-06-14,True,1766.0
9021 17TH AVE SW,9021 17TH AVE SW,1.0,1,2023-01-12,2023-01-12,0,,,False,0,False,,,,,,,1,True,EQP-CY-10405,Conveyance Equipment Certification,"1-P - Hydraulic Elevator, City # 13413",Operating Without Certificate,2022-03-16,2022-03-16,False,
9021 35TH AVE SW,9021 35TH AVE SW,1.0,1,2025-04-01,2025-04-01,3,2022-12-21,2025-11-23,True,1,True,EQP-CY-01968,Conveyance Equipment Certification,"1-P - Hydraulic Elevator, City # 5450",Active,1989-10-27,1989-10-27,0,False,,,,,,,True,-832.0
903 UNION ST,903 UNION ST,3.0,7,2017-10-05,2025-05-04,11,2021-01-22,2025-06-13,True,2,True,EQP-CY-03084 | EQP-CY-03083,Conveyance Equipment Certification,"2-P - Cabled Elevator, City # 1762 | 1-P - Cabled Elevator, City # 1761",Active,1990-03-05,1990-03-05,0,False,,,,,,,True,1205.0
9049 20TH AVE SW,9049 20TH AVE SW,1.0,1,2023-07-24,2023-07-24,1,2025-07-24,2025-07-24,True,1,True,EQP-CY-10161,Conveyance Equipment Certification,"1-P - Hydraulic Elevator, City # 12998",Active,2020-10-06,2020-10-06,0,False,,,,,,,True,731.0
9051 20TH AVE SW,9051 20TH AVE SW,1.0,2,2025-04-14,2025-12-23,0,,,False,1,True,EQP-CY-09030,Conveyance Equipment Certification,"1 P - Hydraulic Elevator, City # 11860",Active,2018-04-20,2018-04-20,0,False,,,,,,,False,
906 DEXTER AVE N,906 DEXTER AVE N,7.0,3,2023-05-06,2025-09-08,6,2021-11-23,2025-10-20,True,3,True,EQP-CY-06586 | EQP-CY-06585 | EQP-CY-06584,Conveyance Equipment Certification,"1-P - Cabled Elevator, City # 8717 | 3-P - Cabled Elevator, City # 8739 | 2-P - Cabled Elevator, City # 8738",Active,2006-11-22,2006-11-22,0,False,,,,,,,True,-529.0
909 5TH AVE,909 5TH AVE,7.0,1,2023-08-14,2023-08-14,3,2024-02-07,2025-07-05,True,3,True,EQP-CY-06897 | EQP-CY-06896 | EQP-CY-06895,Conveyance Equipment Certification,"3-P - Cabled Elevator, City # 8959 | 2-P - Cabled Elevator, City # 8891 | 1-P - Cabled Elevator, City # 8890",Active,2008-09-02,2008-09-02,0,False,,,,,,,True,177.0
910 8TH AVE,910 8TH AVE,7.0,7,2020-01-12,2024-09-04,9,2021-05-25,2025-02-25,True,0,False,,,,,,,0,False,,,,,,,True,499.0
910 MARION ST,910 MARION ST,3.0,3,2022-03-08,2024-03-06,0,,,False,3,True,EQP-CY-02352 | EQP-CY-02351 | EQP-CY-02350,Conveyance Equipment Certification,"2-P-N - Cabled Elevator, City # 4633 | 1-P-S - Cabled Elevator, City # 4632 | 3-P - Hydraulic Elevator, City # 4573",Active,1989-12-04,1989-12-04,0,False,,,,,,,False,
913 S JACKSON ST,913 S JACKSON ST,2.0,1,2024-11-19,2024-11-19,142,2020-02-10,2025-06-21,True,0,False,,,,,,,2,True,EQP-CY-09790 | EQP-CY-09789,Conveyance Equipment Certification,"2-P - Cabled Elevator, City # 12644 | 1-P - Cabled Elevator, City # 12643",Operating Without Certificate,2019-04-26,2019-04-26,True,-1744.0
914 E HARRISON ST,914 E HARRISON ST,3.0,2,2023-11-01,2023-11-15,3,2021-08-17,2025-05-12,True,1,True,EQP-CY-00116,Conveyance Equipment Certification,"1-P - Hydraulic Elevator, City # 4682",Active,1989-01-11,1989-01-11,0,False,,,,,,,True,-806.0
915 E HARRISON ST,915 E HARRISON ST,3.0,2,2021-10-13,2021-11-03,0,,,False,1,True,EQP-CY-03733,Conveyance Equipment Certification,"1-P - Cabled Elevator, City # 811",Active,1990-07-17,1990-07-17,0,False,,,,,,,False,
916 N 143RD ST,916 N 143RD ST,5.0,1,2025-06-22,2025-06-22,40,2023-11-17,2025-12-28,True,2,True,EQP-CY-10794 | EQP-CY-10793,Conveyance Equipment Certification,"2-P - Cabled Elevator, City # 14472 | 1-P - Cabled Elevator, City # 14471",Active,2023-11-09,2023-11-09,0,False,,,,,,,True,-583.0
919 STEWART ST,919 STEWART ST,7.0,1,2025-09-30,2025-09-30,11,2019-12-15,2025-11-16,True,0,False,,,,,,,0,False,,,,,,,True,-2116.0
920 N 34TH ST,920 N 34TH ST,4.0,1,2018-06-17,2018-06-17,0,,,False,2,True,EQP-CY-04130 | EQP-CY-04129,Conveyance Equipment Certification,"2-P - Cabled Elevator, City # 5715 | 1-P - Hydraulic Elevator, City # 5714",Active,1990-11-27,1990-11-27,0,False,,,,,,,False,
9200 2ND AVE SW,9200 2ND AVE SW,1.0,5,2017-09-29,2025-04-18,4,2021-10-17,2024-11-19,True,3,True,EQP-CY-07279 | EQP-CY-07231 | EQP-CY-07224,Conveyance Equipment Certification,"C - Hydraulic Elevator, City # 9752 | D - Hydraulic Elevator, City # 9743 | B - Hydraulic Elevator, City # 9634",Active,2009-12-09,2010-01-13,2,True,EQP-CY-07226 | EQP-CY-07225,Conveyance Equipment Certification,"2A - Hydraulic Elevator, City # 9659 | 1A - Hydraulic Elevator, City # 9658",Operating Without Certificate,2009-12-09,2009-12-09,True,1479.0
9220 2ND AVE SW,9220 2ND AVE SW,1.0,1,2020-11-17,2020-11-17,0,,,False,0,False,,,,,,,0,False,,,,,,,False,
9230 2ND AVE SW,9230 2ND AVE SW,1.0,4,2020-11-06,2022-12-13,0,,,False,0,False,,,,,,,0,False,,,,,,,False,
924 N 143RD ST,924 N 143RD ST,5.0,3,2025-01-15,2025-02-25,18,2022-12-26,2026-01-29,True,2,True,EQP-CY-10529 | EQP-CY-10528,Conveyance Equipment Certification,"2P - Cabled Elevator, City # 14099 | 1P - Cabled Elevator, City # 14098",Active,2022-10-18,2022-10-18,0,False,,,,,,,True,-751.0
9240 2ND AVE SW,9240 2ND AVE SW,1.0,7,2019-10-11,2021-08-12,1,2021-10-26,2021-10-26,True,0,False,,,,,,,0,False,,,,,,,True,746.0
937 N 96TH ST,937 N 96th ST,5.0,4,2021-11-19,2025-04-23,35,2020-06-05,2025-10-25,True,2,True,EQP-CY-09787 | EQP-CY-09786,Conveyance Equipment Certification,"2-P - Cabled Elevator, City # 12686 | 1-P - Cabled Elevator, City # 12685",Active,2019-04-26,2019-04-26,0,False,,,,,,,True,-532.0
94 BAY ST,94 BAY ST,7.0,2,2025-03-21,2025-03-26,8,2020-02-22,2024-12-18,True,1,True,EQP-CY-00028,Conveyance Equipment Certification,"Hydraulic Elevator, City # 8067",Active,2003-02-24,2003-02-24,0,False,,,,,,,True,-1854.0
9400 RAINIER AVE S,9400 Rainier AVE S,2.0,4,2025-05-11,2025-08-03,25,2022-05-03,2025-12-02,True,1,True,EQP-CY-10506,Conveyance Equipment Certification,"2 - Cabled Elevator, City # 13616",Active,2022-07-13,2022-07-13,1,True,EQP-CY-10505,Conveyance Equipment Certification,"1 - Cabled Elevator, City # 13615",Operating Without Certificate,2022-07-13,2022-07-13,True,-1104.0
9400 ROOSEVELT WAY NE,9400 ROOSEVELT WAY NE,5.0,4,2025-04-21,2025-06-12,0,,,False,0,False,,,,,,,1,True,EQP-CY-04563,Conveyance Equipment Certification,"1-P - Hydraulic Elevator, City # 6325",Operating Without Certificate,1993-08-19,1993-08-19,False,
9722 8TH AVE NW,9722 8TH AVE NW,5.0,1,2021-01-12,2021-01-12,0,,,False,1,True,EQP-CY-04240,Conveyance Equipment Certification,"1-P - Hydraulic Elevator, City # 5830",Active,1991-02-26,1991-02-26,0,False,,,,,,,False,
9818 5TH AVE NE,9818 5TH AVE NE,5.0,1,2024-03-15,2024-03-15,0,,,False,1,True,EQP-CY-04270,Conveyance Equipment Certification,"1-P - Hydraulic Elevator, City # 5805",Active,1991-04-19,1991-04-19,0,False,,,,,,,False,
999 HIAWATHA PL S,999 HIAWATHA PL S,3.0,3,2022-03-02,2024-06-18,2,2022-06-21,2022-06-21,True,2,True,EQP-CY-07871 | EQP-CY-07870,Conveyance Equipment Certification,"1-P - Hydraulic Elevator, City # 10462 | 2-P - Hydraulic Elevator, City # 10461",Active,2013-12-11,2013-12-11,0,False,,,,,,,True,111.0
